Godot Engine v4.7.2.stable.official.ed1daf0bf - https://godotengine.org

ERROR: Condition "_sock == -1" is true. Returning: FAILED
   at: _inet_open (drivers/unix/net_socket_unix.cpp:288)
ERROR: Condition "err != OK" is true. Returning: ERR_CANT_CREATE
   at: listen (core/io/tcp_server.cpp:56)
Unable to open Android 'build-tools' directory.
[   0% ] [90m[1mfirst_scan_filesystem[22m | Started Project initialization (5 steps)[39m[0m
[   0% ] [90m[1mfirst_scan_filesystem[22m | Scanning file structure...[39m[0m
[  16% ] [90m[1mfirst_scan_filesystem[22m | Loading global class names...[39m[0m
[  33% ] [90m[1mfirst_scan_filesystem[22m | Verifying GDExtensions...[39m[0m
[  50% ] [90m[1mfirst_scan_filesystem[22m | Creating autoload scripts...[39m[0m
[  66% ] [90m[1mfirst_scan_filesystem[22m | Initializing plugins...[39m[0m
[  83% ] [90m[1mfirst_scan_filesystem[22m | Starting file scan...[39m[0m
[92m[ DONE ][39m [1mfirst_scan_filesystem[22m
[0m
[   0% ] [90m[1mupdate_scripts_classes[22m | Started Registering global classes... (349 steps)[39m[0m
[   0% ] [90m[1mupdate_scripts_classes[22m | [39m[0m
[   0% ] [90m[1mupdate_scripts_classes[22m | [39m[0m
[   0% ] [90m[1mupdate_scripts_classes[22m | [39m[0m
[   0% ] [90m[1mupdate_scripts_classes[22m | [39m[0m
[   1% ] [90m[1mupdate_scripts_classes[22m | [39m[0m
[   1% ] [90m[1mupdate_scripts_classes[22m | [39m[0m
[   1% ] [90m[1mupdate_scripts_classes[22m | [39m[0m
[   2% ] [90m[1mupdate_scripts_classes[22m | [39m[0m
[   2% ] [90m[1mupdate_scripts_classes[22m | [39m[0m
[   2% ] [90m[1mupdate_scripts_classes[22m | MockPlayer[39m[0m
[   2% ] [90m[1mupdate_scripts_classes[22m | StubCity[39m[0m
[   3% ] [90m[1mupdate_scripts_classes[22m | StubDriver[39m[0m
[   3% ] [90m[1mupdate_scripts_classes[22m | [39m[0m
[   3% ] [90m[1mupdate_scripts_classes[22m | [39m[0m
[   4% ] [90m[1mupdate_scripts_classes[22m | [39m[0m
[   4% ] [90m[1mupdate_scripts_classes[22m | [39m[0m
[   4% ] [90m[1mupdate_scripts_classes[22m | [39m[0m
[   4% ] [90m[1mupdate_scripts_classes[22m | [39m[0m
[   5% ] [90m[1mupdate_scripts_classes[22m | [39m[0m
[   5% ] [90m[1mupdate_scripts_classes[22m | [39m[0m
[   5% ] [90m[1mupdate_scripts_classes[22m | [39m[0m
[   6% ] [90m[1mupdate_scripts_classes[22m | [39m[0m
[   6% ] [90m[1mupdate_scripts_classes[22m | [39m[0m
[   6% ] [90m[1mupdate_scripts_classes[22m | [39m[0m
[   6% ] [90m[1mupdate_scripts_classes[22m | [39m[0m
[   7% ] [90m[1mupdate_scripts_classes[22m | [39m[0m
[   7% ] [90m[1mupdate_scripts_classes[22m | [39m[0m
[   7% ] [90m[1mupdate_scripts_classes[22m | [39m[0m
[   8% ] [90m[1mupdate_scripts_classes[22m | [39m[0m
[   8% ] [90m[1mupdate_scripts_classes[22m | [39m[0m
[   8% ] [90m[1mupdate_scripts_classes[22m | [39m[0m
[   8% ] [90m[1mupdate_scripts_classes[22m | [39m[0m
[   9% ] [90m[1mupdate_scripts_classes[22m | [39m[0m
[   9% ] [90m[1mupdate_scripts_classes[22m | [39m[0m
[   9% ] [90m[1mupdate_scripts_classes[22m | [39m[0m
[  10% ] [90m[1mupdate_scripts_classes[22m | [39m[0m
[  10% ] [90m[1mupdate_scripts_classes[22m | [39m[0m
[  10% ] [90m[1mupdate_scripts_classes[22m | [39m[0m
[  10% ] [90m[1mupdate_scripts_classes[22m | [39m[0m
[  11% ] [90m[1mupdate_scripts_classes[22m | [39m[0m
[  11% ] [90m[1mupdate_scripts_classes[22m | [39m[0m
[  11% ] [90m[1mupdate_scripts_classes[22m | [39m[0m
[  12% ] [90m[1mupdate_scripts_classes[22m | [39m[0m
[  12% ] [90m[1mupdate_scripts_classes[22m | [39m[0m
[  12% ] [90m[1mupdate_scripts_classes[22m | AnimeAdapter[39m[0m
[  12% ] [90m[1mupdate_scripts_classes[22m | AnimeAdapterLowerCity[39m[0m
[  13% ] [90m[1mupdate_scripts_classes[22m | AnimeAdapterShuto[39m[0m
[  13% ] [90m[1mupdate_scripts_classes[22m | AnimeAdapterSlice[39m[0m
[  13% ] [90m[1mupdate_scripts_classes[22m | AnimePalette[39m[0m
[  14% ] [90m[1mupdate_scripts_classes[22m | ImpactSparks[39m[0m
[  14% ] [90m[1mupdate_scripts_classes[22m | PauseMenu[39m[0m
[  14% ] [90m[1mupdate_scripts_classes[22m | TuningPanel[39m[0m
[  14% ] [90m[1mupdate_scripts_classes[22m | ArrestSequence[39m[0m
[  15% ] [90m[1mupdate_scripts_classes[22m | CityAtmosphere[39m[0m
[  15% ] [90m[1mupdate_scripts_classes[22m | CityBatch[39m[0m
[  15% ] [90m[1mupdate_scripts_classes[22m | CityData[39m[0m
[  16% ] [90m[1mupdate_scripts_classes[22m | CityDressing[39m[0m
[  16% ] [90m[1mupdate_scripts_classes[22m | CityDriver[39m[0m
[  16% ] [90m[1mupdate_scripts_classes[22m | CityKitBatch[39m[0m
[  16% ] [90m[1mupdate_scripts_classes[22m | CityRouter[39m[0m
[  17% ] [90m[1mupdate_scripts_classes[22m | CitySigns[39m[0m
[  17% ] [90m[1mupdate_scripts_classes[22m | CityTenjinBuildings[39m[0m
[  17% ] [90m[1mupdate_scripts_classes[22m | CityTouchControls[39m[0m
[  18% ] [90m[1mupdate_scripts_classes[22m | FuelHud[39m[0m
[  18% ] [90m[1mupdate_scripts_classes[22m | FuelHudReservations[39m[0m
[  18% ] [90m[1mupdate_scripts_classes[22m | FuelProfile[39m[0m
[  18% ] [90m[1mupdate_scripts_classes[22m | FuelService[39m[0m
[  19% ] [90m[1mupdate_scripts_classes[22m | FuelStation[39m[0m
[  19% ] [90m[1mupdate_scripts_classes[22m | FuelTank[39m[0m
[  19% ] [90m[1mupdate_scripts_classes[22m | GigDispatch[39m[0m
[  20% ] [90m[1mupdate_scripts_classes[22m | GigHud[39m[0m
[  20% ] [90m[1mupdate_scripts_classes[22m | GigMenu[39m[0m
[  20% ] [90m[1mupdate_scripts_classes[22m | GlyphAtlas[39m[0m
[  20% ] [90m[1mupdate_scripts_classes[22m | [39m[0m
[  21% ] [90m[1mupdate_scripts_classes[22m | LowerCity[39m[0m
[  21% ] [90m[1mupdate_scripts_classes[22m | LowerCityWorld[39m[0m
[  21% ] [90m[1mupdate_scripts_classes[22m | MapSheet[39m[0m
[  22% ] [90m[1mupdate_scripts_classes[22m | Minimap[39m[0m
[  22% ] [90m[1mupdate_scripts_classes[22m | PaperMap[39m[0m
[  22% ] [90m[1mupdate_scripts_classes[22m | SignReader[39m[0m
[  22% ] [90m[1mupdate_scripts_classes[22m | WantedHud[39m[0m
[  23% ] [90m[1mupdate_scripts_classes[22m | [39m[0m
[  23% ] [90m[1mupdate_scripts_classes[22m | ShutoC1[39m[0m
[  23% ] [90m[1mupdate_scripts_classes[22m | ShutoC1World[39m[0m
[  24% ] [90m[1mupdate_scripts_classes[22m | ShutoCones[39m[0m
[  24% ] [90m[1mupdate_scripts_classes[22m | AnimeLook[39m[0m
[  24% ] [90m[1mupdate_scripts_classes[22m | AwningPlacer[39m[0m
[  24% ] [90m[1mupdate_scripts_classes[22m | CivilianTraffic[39m[0m
[  25% ] [90m[1mupdate_scripts_classes[22m | [39m[0m
[  25% ] [90m[1mupdate_scripts_classes[22m | [39m[0m
[  25% ] [90m[1mupdate_scripts_classes[22m | [39m[0m
[  26% ] [90m[1mupdate_scripts_classes[22m | [39m[0m
[  26% ] [90m[1mupdate_scripts_classes[22m | [39m[0m
[  26% ] [90m[1mupdate_scripts_classes[22m | PoleKitPlacer[39m[0m
[  26% ] [90m[1mupdate_scripts_classes[22m | [39m[0m
[  27% ] [90m[1mupdate_scripts_classes[22m | [39m[0m
[  27% ] [90m[1mupdate_scripts_classes[22m | SliceWorld[39m[0m
[  27% ] [90m[1mupdate_scripts_classes[22m | Td186CarModel[39m[0m
[  28% ] [90m[1mupdate_scripts_classes[22m | Td186Pedestrian[39m[0m
[  28% ] [90m[1mupdate_scripts_classes[22m | CityRoadGraph[39m[0m
[  28% ] [90m[1mupdate_scripts_classes[22m | CityTraffic[39m[0m
[  28% ] [90m[1mupdate_scripts_classes[22m | CityTrafficAI[39m[0m
[  29% ] [90m[1mupdate_scripts_classes[22m | CheckeredStrip[39m[0m
[  29% ] [90m[1mupdate_scripts_classes[22m | DamageBar[39m[0m
[  29% ] [90m[1mupdate_scripts_classes[22m | DamageVignette[39m[0m
[  30% ] [90m[1mupdate_scripts_classes[22m | LoadingOverlay[39m[0m
[  30% ] [90m[1mupdate_scripts_classes[22m | MenuBackdrop[39m[0m
[  30% ] [90m[1mupdate_scripts_classes[22m | RaceResultsPanel[39m[0m
[  30% ] [90m[1mupdate_scripts_classes[22m | SkewButton[39m[0m
[  31% ] [90m[1mupdate_scripts_classes[22m | SkewLabel[39m[0m
[  31% ] [90m[1mupdate_scripts_classes[22m | StripedBar[39m[0m
[  31% ] [90m[1mupdate_scripts_classes[22m | UiKit[39m[0m
[  32% ] [90m[1mupdate_scripts_classes[22m | ChaseCamera[39m[0m
[  32% ] [90m[1mupdate_scripts_classes[22m | CopCar[39m[0m
[  32% ] [90m[1mupdate_scripts_classes[22m | CopManager[39m[0m
[  32% ] [90m[1mupdate_scripts_classes[22m | [39m[0m
[  33% ] [90m[1mupdate_scripts_classes[22m | DriveInput[39m[0m
[  33% ] [90m[1mupdate_scripts_classes[22m | GameConfig[39m[0m
[  33% ] [90m[1mupdate_scripts_classes[22m | [39m[0m
[  34% ] [90m[1mupdate_scripts_classes[22m | ImpactFx[39m[0m
[  34% ] [90m[1mupdate_scripts_classes[22m | InputProvider[39m[0m
[  34% ] [90m[1mupdate_scripts_classes[22m | KenneyCarModel[39m[0m
[  34% ] [90m[1mupdate_scripts_classes[22m | LocalInputProvider[39m[0m
[  35% ] [90m[1mupdate_scripts_classes[22m | [39m[0m
[  35% ] [90m[1mupdate_scripts_classes[22m | MultiplayerInputProvider[39m[0m
[  35% ] [90m[1mupdate_scripts_classes[22m | MpNameplate[39m[0m
[  36% ] [90m[1mupdate_scripts_classes[22m | MultiplayerRace[39m[0m
[  36% ] [90m[1mupdate_scripts_classes[22m | MultiplayerDebugOverlay[39m[0m
[  36% ] [90m[1mupdate_scripts_classes[22m | MultiplayerLobby[39m[0m
[  36% ] [90m[1mupdate_scripts_classes[22m | [39m[0m
[  37% ] [90m[1mupdate_scripts_classes[22m | [39m[0m
[  37% ] [90m[1mupdate_scripts_classes[22m | NetConfig[39m[0m
[  37% ] [90m[1mupdate_scripts_classes[22m | [39m[0m
[  38% ] [90m[1mupdate_scripts_classes[22m | [39m[0m
[  38% ] [90m[1mupdate_scripts_classes[22m | Pedestrian[39m[0m
[  38% ] [90m[1mupdate_scripts_classes[22m | PedestrianManager[39m[0m
[  38% ] [90m[1mupdate_scripts_classes[22m | [39m[0m
[  39% ] [90m[1mupdate_scripts_classes[22m | [39m[0m
[  39% ] [90m[1mupdate_scripts_classes[22m | RemoteSnapshotInterpolator[39m[0m
[  39% ] [90m[1mupdate_scripts_classes[22m | TD109SedanModel[39m[0m
[  40% ] [90m[1mupdate_scripts_classes[22m | TouchControls[39m[0m
[  40% ] [90m[1mupdate_scripts_classes[22m | TouchState[39m[0m
[  40% ] [90m[1mupdate_scripts_classes[22m | TrackDecorator[39m[0m
[  40% ] [90m[1mupdate_scripts_classes[22m | TrackWaypoints[39m[0m
[  41% ] [90m[1mupdate_scripts_classes[22m | TrafficManager[39m[0m
[  41% ] [90m[1mupdate_scripts_classes[22m | TrafficAI[39m[0m
[  41% ] [90m[1mupdate_scripts_classes[22m | TrafficFleetConfig[39m[0m
[  42% ] [90m[1mupdate_scripts_classes[22m | TripoCarModel[39m[0m
[  42% ] [90m[1mupdate_scripts_classes[22m | VehicleConfig[39m[0m
[  42% ] [90m[1mupdate_scripts_classes[22m | VehicleModel[39m[0m
[  42% ] [90m[1mupdate_scripts_classes[22m | Vehicle[39m[0m
[  43% ] [90m[1mupdate_scripts_classes[22m | VehicleSphereContacts[39m[0m
[  43% ] [90m[1mupdate_scripts_classes[22m | WorldBuilder[39m[0m
[  43% ] [90m[1mupdate_scripts_classes[22m | WorldTrack[39m[0m
[  44% ] [90m[1mupdate_scripts_classes[22m | [39m[0m
[  44% ] [90m[1mupdate_scripts_classes[22m | [39m[0m
[  44% ] [90m[1mupdate_scripts_classes[22m | [39m[0m
[  44% ] [90m[1mupdate_scripts_classes[22m | [39m[0m
[  45% ] [90m[1mupdate_scripts_classes[22m | [39m[0m
[  45% ] [90m[1mupdate_scripts_classes[22m | [39m[0m
[  45% ] [90m[1mupdate_scripts_classes[22m | [39m[0m
[  46% ] [90m[1mupdate_scripts_classes[22m | [39m[0m
[  46% ] [90m[1mupdate_scripts_classes[22m | [39m[0m
[  46% ] [90m[1mupdate_scripts_classes[22m | [39m[0m
[  46% ] [90m[1mupdate_scripts_classes[22m | [39m[0m
[  47% ] [90m[1mupdate_scripts_classes[22m | [39m[0m
[  47% ] [90m[1mupdate_scripts_classes[22m | [39m[0m
[  47% ] [90m[1mupdate_scripts_classes[22m | [39m[0m
[  48% ] [90m[1mupdate_scripts_classes[22m | [39m[0m
[  48% ] [90m[1mupdate_scripts_classes[22m | [39m[0m
[  48% ] [90m[1mupdate_scripts_classes[22m | [39m[0m
[  48% ] [90m[1mupdate_scripts_classes[22m | [39m[0m
[  49% ] [90m[1mupdate_scripts_classes[22m | [39m[0m
[  49% ] [90m[1mupdate_scripts_classes[22m | [39m[0m
[  49% ] [90m[1mupdate_scripts_classes[22m | [39m[0m
[  50% ] [90m[1mupdate_scripts_classes[22m | [39m[0m
[  50% ] [90m[1mupdate_scripts_classes[22m | [39m[0m
[  50% ] [90m[1mupdate_scripts_classes[22m | [39m[0m
[  50% ] [90m[1mupdate_scripts_classes[22m | [39m[0m
[  51% ] [90m[1mupdate_scripts_classes[22m | [39m[0m
[  51% ] [90m[1mupdate_scripts_classes[22m | [39m[0m
[  51% ] [90m[1mupdate_scripts_classes[22m | [39m[0m
[  52% ] [90m[1mupdate_scripts_classes[22m | [39m[0m
[  52% ] [90m[1mupdate_scripts_classes[22m | [39m[0m
[  52% ] [90m[1mupdate_scripts_classes[22m | [39m[0m
[  52% ] [90m[1mupdate_scripts_classes[22m | [39m[0m
[  53% ] [90m[1mupdate_scripts_classes[22m | [39m[0m
[  53% ] [90m[1mupdate_scripts_classes[22m | [39m[0m
[  53% ] [90m[1mupdate_scripts_classes[22m | [39m[0m
[  54% ] [90m[1mupdate_scripts_classes[22m | [39m[0m
[  54% ] [90m[1mupdate_scripts_classes[22m | [39m[0m
[  54% ] [90m[1mupdate_scripts_classes[22m | [39m[0m
[  54% ] [90m[1mupdate_scripts_classes[22m | [39m[0m
[  55% ] [90m[1mupdate_scripts_classes[22m | [39m[0m
[  55% ] [90m[1mupdate_scripts_classes[22m | [39m[0m
[  55% ] [90m[1mupdate_scripts_classes[22m | [39m[0m
[  56% ] [90m[1mupdate_scripts_classes[22m | [39m[0m
[  56% ] [90m[1mupdate_scripts_classes[22m | [39m[0m
[  56% ] [90m[1mupdate_scripts_classes[22m | [39m[0m
[  56% ] [90m[1mupdate_scripts_classes[22m | [39m[0m
[  57% ] [90m[1mupdate_scripts_classes[22m | [39m[0m
[  57% ] [90m[1mupdate_scripts_classes[22m | [39m[0m
[  57% ] [90m[1mupdate_scripts_classes[22m | [39m[0m
[  58% ] [90m[1mupdate_scripts_classes[22m | [39m[0m
[  58% ] [90m[1mupdate_scripts_classes[22m | [39m[0m
[  58% ] [90m[1mupdate_scripts_classes[22m | [39m[0m
[  58% ] [90m[1mupdate_scripts_classes[22m | [39m[0m
[  59% ] [90m[1mupdate_scripts_classes[22m | [39m[0m
[  59% ] [90m[1mupdate_scripts_classes[22m | [39m[0m
[  59% ] [90m[1mupdate_scripts_classes[22m | [39m[0m
[  60% ] [90m[1mupdate_scripts_classes[22m | [39m[0m
[  60% ] [90m[1mupdate_scripts_classes[22m | [39m[0m
[  60% ] [90m[1mupdate_scripts_classes[22m | [39m[0m
[  60% ] [90m[1mupdate_scripts_classes[22m | [39m[0m
[  61% ] [90m[1mupdate_scripts_classes[22m | [39m[0m
[  61% ] [90m[1mupdate_scripts_classes[22m | [39m[0m
[  61% ] [90m[1mupdate_scripts_classes[22m | [39m[0m
[  62% ] [90m[1mupdate_scripts_classes[22m | [39m[0m
[  62% ] [90m[1mupdate_scripts_classes[22m | [39m[0m
[  62% ] [90m[1mupdate_scripts_classes[22m | [39m[0m
[  62% ] [90m[1mupdate_scripts_classes[22m | [39m[0m
[  63% ] [90m[1mupdate_scripts_classes[22m | [39m[0m
[  63% ] [90m[1mupdate_scripts_classes[22m | [39m[0m
[  63% ] [90m[1mupdate_scripts_classes[22m | [39m[0m
[  64% ] [90m[1mupdate_scripts_classes[22m | [39m[0m
[  64% ] [90m[1mupdate_scripts_classes[22m | [39m[0m
[  64% ] [90m[1mupdate_scripts_classes[22m | [39m[0m
[  64% ] [90m[1mupdate_scripts_classes[22m | [39m[0m
[  65% ] [90m[1mupdate_scripts_classes[22m | [39m[0m
[  65% ] [90m[1mupdate_scripts_classes[22m | [39m[0m
[  65% ] [90m[1mupdate_scripts_classes[22m | [39m[0m
[  66% ] [90m[1mupdate_scripts_classes[22m | [39m[0m
[  66% ] [90m[1mupdate_scripts_classes[22m | [39m[0m
[  66% ] [90m[1mupdate_scripts_classes[22m | [39m[0m
[  66% ] [90m[1mupdate_scripts_classes[22m | [39m[0m
[  67% ] [90m[1mupdate_scripts_classes[22m | [39m[0m
[  67% ] [90m[1mupdate_scripts_classes[22m | [39m[0m
[  67% ] [90m[1mupdate_scripts_classes[22m | [39m[0m
[  68% ] [90m[1mupdate_scripts_classes[22m | [39m[0m
[  68% ] [90m[1mupdate_scripts_classes[22m | [39m[0m
[  68% ] [90m[1mupdate_scripts_classes[22m | [39m[0m
[  68% ] [90m[1mupdate_scripts_classes[22m | [39m[0m
[  69% ] [90m[1mupdate_scripts_classes[22m | [39m[0m
[  69% ] [90m[1mupdate_scripts_classes[22m | [39m[0m
[  69% ] [90m[1mupdate_scripts_classes[22m | [39m[0m
[  70% ] [90m[1mupdate_scripts_classes[22m | [39m[0m
[  70% ] [90m[1mupdate_scripts_classes[22m | [39m[0m
[  70% ] [90m[1mupdate_scripts_classes[22m | [39m[0m
[  70% ] [90m[1mupdate_scripts_classes[22m | [39m[0m
[  71% ] [90m[1mupdate_scripts_classes[22m | [39m[0m
[  71% ] [90m[1mupdate_scripts_classes[22m | [39m[0m
[  71% ] [90m[1mupdate_scripts_classes[22m | [39m[0m
[  72% ] [90m[1mupdate_scripts_classes[22m | [39m[0m
[  72% ] [90m[1mupdate_scripts_classes[22m | [39m[0m
[  72% ] [90m[1mupdate_scripts_classes[22m | [39m[0m
[  72% ] [90m[1mupdate_scripts_classes[22m | [39m[0m
[  73% ] [90m[1mupdate_scripts_classes[22m | [39m[0m
[  73% ] [90m[1mupdate_scripts_classes[22m | [39m[0m
[  73% ] [90m[1mupdate_scripts_classes[22m | [39m[0m
[  74% ] [90m[1mupdate_scripts_classes[22m | [39m[0m
[  74% ] [90m[1mupdate_scripts_classes[22m | [39m[0m
[  74% ] [90m[1mupdate_scripts_classes[22m | [39m[0m
[  74% ] [90m[1mupdate_scripts_classes[22m | [39m[0m
[  75% ] [90m[1mupdate_scripts_classes[22m | [39m[0m
[  75% ] [90m[1mupdate_scripts_classes[22m | [39m[0m
[  75% ] [90m[1mupdate_scripts_classes[22m | [39m[0m
[  76% ] [90m[1mupdate_scripts_classes[22m | [39m[0m
[  76% ] [90m[1mupdate_scripts_classes[22m | [39m[0m
[  76% ] [90m[1mupdate_scripts_classes[22m | [39m[0m
[  76% ] [90m[1mupdate_scripts_classes[22m | [39m[0m
[  77% ] [90m[1mupdate_scripts_classes[22m | [39m[0m
[  77% ] [90m[1mupdate_scripts_classes[22m | [39m[0m
[  77% ] [90m[1mupdate_scripts_classes[22m | [39m[0m
[  78% ] [90m[1mupdate_scripts_classes[22m | [39m[0m
[  78% ] [90m[1mupdate_scripts_classes[22m | [39m[0m
[  78% ] [90m[1mupdate_scripts_classes[22m | [39m[0m
[  78% ] [90m[1mupdate_scripts_classes[22m | [39m[0m
[  79% ] [90m[1mupdate_scripts_classes[22m | [39m[0m
[  79% ] [90m[1mupdate_scripts_classes[22m | [39m[0m
[  79% ] [90m[1mupdate_scripts_classes[22m | [39m[0m
[  80% ] [90m[1mupdate_scripts_classes[22m | [39m[0m
[  80% ] [90m[1mupdate_scripts_classes[22m | [39m[0m
[  80% ] [90m[1mupdate_scripts_classes[22m | [39m[0m
[  80% ] [90m[1mupdate_scripts_classes[22m | [39m[0m
[  81% ] [90m[1mupdate_scripts_classes[22m | [39m[0m
[  81% ] [90m[1mupdate_scripts_classes[22m | [39m[0m
[  81% ] [90m[1mupdate_scripts_classes[22m | [39m[0m
[  82% ] [90m[1mupdate_scripts_classes[22m | [39m[0m
[  82% ] [90m[1mupdate_scripts_classes[22m | [39m[0m
[  82% ] [90m[1mupdate_scripts_classes[22m | [39m[0m
[  82% ] [90m[1mupdate_scripts_classes[22m | [39m[0m
[  83% ] [90m[1mupdate_scripts_classes[22m | [39m[0m
[  83% ] [90m[1mupdate_scripts_classes[22m | [39m[0m
[  83% ] [90m[1mupdate_scripts_classes[22m | [39m[0m
[  84% ] [90m[1mupdate_scripts_classes[22m | [39m[0m
[  84% ] [90m[1mupdate_scripts_classes[22m | [39m[0m
[  84% ] [90m[1mupdate_scripts_classes[22m | [39m[0m
[  84% ] [90m[1mupdate_scripts_classes[22m | [39m[0m
[  85% ] [90m[1mupdate_scripts_classes[22m | [39m[0m
[  85% ] [90m[1mupdate_scripts_classes[22m | [39m[0m
[  85% ] [90m[1mupdate_scripts_classes[22m | [39m[0m
[  86% ] [90m[1mupdate_scripts_classes[22m | [39m[0m
[  86% ] [90m[1mupdate_scripts_classes[22m | [39m[0m
[  86% ] [90m[1mupdate_scripts_classes[22m | [39m[0m
[  86% ] [90m[1mupdate_scripts_classes[22m | [39m[0m
[  87% ] [90m[1mupdate_scripts_classes[22m | [39m[0m
[  87% ] [90m[1mupdate_scripts_classes[22m | [39m[0m
[  87% ] [90m[1mupdate_scripts_classes[22m | [39m[0m
[  88% ] [90m[1mupdate_scripts_classes[22m | [39m[0m
[  88% ] [90m[1mupdate_scripts_classes[22m | [39m[0m
[  88% ] [90m[1mupdate_scripts_classes[22m | [39m[0m
[  88% ] [90m[1mupdate_scripts_classes[22m | [39m[0m
[  89% ] [90m[1mupdate_scripts_classes[22m | [39m[0m
[  89% ] [90m[1mupdate_scripts_classes[22m | [39m[0m
[  89% ] [90m[1mupdate_scripts_classes[22m | [39m[0m
[  90% ] [90m[1mupdate_scripts_classes[22m | [39m[0m
[  90% ] [90m[1mupdate_scripts_classes[22m | [39m[0m
[  90% ] [90m[1mupdate_scripts_classes[22m | [39m[0m
[  90% ] [90m[1mupdate_scripts_classes[22m | [39m[0m
[  91% ] [90m[1mupdate_scripts_classes[22m | [39m[0m
[  91% ] [90m[1mupdate_scripts_classes[22m | [39m[0m
[  91% ] [90m[1mupdate_scripts_classes[22m | [39m[0m
[  92% ] [90m[1mupdate_scripts_classes[22m | [39m[0m
[  92% ] [90m[1mupdate_scripts_classes[22m | [39m[0m
[  92% ] [90m[1mupdate_scripts_classes[22m | [39m[0m
[  92% ] [90m[1mupdate_scripts_classes[22m | [39m[0m
[  93% ] [90m[1mupdate_scripts_classes[22m | [39m[0m
[  93% ] [90m[1mupdate_scripts_classes[22m | [39m[0m
[  93% ] [90m[1mupdate_scripts_classes[22m | [39m[0m
[  94% ] [90m[1mupdate_scripts_classes[22m | [39m[0m
[  94% ] [90m[1mupdate_scripts_classes[22m | [39m[0m
[  94% ] [90m[1mupdate_scripts_classes[22m | [39m[0m
[  94% ] [90m[1mupdate_scripts_classes[22m | [39m[0m
[  95% ] [90m[1mupdate_scripts_classes[22m | [39m[0m
[  95% ] [90m[1mupdate_scripts_classes[22m | [39m[0m
[  95% ] [90m[1mupdate_scripts_classes[22m | [39m[0m
[  96% ] [90m[1mupdate_scripts_classes[22m | [39m[0m
[  96% ] [90m[1mupdate_scripts_classes[22m | [39m[0m
[  96% ] [90m[1mupdate_scripts_classes[22m | [39m[0m
[  96% ] [90m[1mupdate_scripts_classes[22m | [39m[0m
[  97% ] [90m[1mupdate_scripts_classes[22m | [39m[0m
[  97% ] [90m[1mupdate_scripts_classes[22m | [39m[0m
[  97% ] [90m[1mupdate_scripts_classes[22m | [39m[0m
[  98% ] [90m[1mupdate_scripts_classes[22m | [39m[0m
[  98% ] [90m[1mupdate_scripts_classes[22m | [39m[0m
[  98% ] [90m[1mupdate_scripts_classes[22m | [39m[0m
[  98% ] [90m[1mupdate_scripts_classes[22m | [39m[0m
[  99% ] [90m[1mupdate_scripts_classes[22m | [39m[0m
[  99% ] [90m[1mupdate_scripts_classes[22m | [39m[0m
[92m[ DONE ][39m [1mupdate_scripts_classes[22m
[0m
[   0% ] [90m[1m_update_scan_actions[22m | Started Scanning actions... (2288 steps)[39m[0m
[   0% ] [90m[1m_update_scan_actions[22m | hero_portrait.png[39m[0m
[   0% ] [90m[1m_update_scan_actions[22m | hero_portrait_loading.webp[39m[0m
[   0% ] [90m[1m_update_scan_actions[22m | skyline_panorama.png[39m[0m
[   0% ] [90m[1m_update_scan_actions[22m | colormap.png[39m[0m
[   0% ] [90m[1m_update_scan_actions[22m | construction-barrier.glb[39m[0m
[   0% ] [90m[1m_update_scan_actions[22m | construction-cone.glb[39m[0m
[   0% ] [90m[1m_update_scan_actions[22m | road-sign-warning.glb[39m[0m
[   0% ] [90m[1m_update_scan_actions[22m | road-straight-barrier-half.glb[39m[0m
[   0% ] [90m[1m_update_scan_actions[22m | road-straight-barrier.glb[39m[0m
[   0% ] [90m[1m_update_scan_actions[22m | sign-highway.glb[39m[0m
[   0% ] [90m[1m_update_scan_actions[22m | traffic-light.glb[39m[0m
[   0% ] [90m[1m_update_scan_actions[22m | Asphalt033_2K-PNG_AmbientOcclusion.png[39m[0m
[   0% ] [90m[1m_update_scan_actions[22m | Asphalt033_2K-PNG_Color.png[39m[0m
[   0% ] [90m[1m_update_scan_actions[22m | Asphalt033_2K-PNG_Displacement.png[39m[0m
[   0% ] [90m[1m_update_scan_actions[22m | Asphalt033_2K-PNG_NormalGL.png[39m[0m
[   0% ] [90m[1m_update_scan_actions[22m | Asphalt033_2K-PNG_Roughness.png[39m[0m
[   0% ] [90m[1m_update_scan_actions[22m | Concrete034_2K-PNG_Color.png[39m[0m
[   0% ] [90m[1m_update_scan_actions[22m | Concrete034_2K-PNG_Displacement.png[39m[0m
[   0% ] [90m[1m_update_scan_actions[22m | Concrete034_2K-PNG_NormalGL.png[39m[0m
[   0% ] [90m[1m_update_scan_actions[22m | Concrete034_2K-PNG_Roughness.png[39m[0m
[   0% ] [90m[1m_update_scan_actions[22m | Grass005_2K-PNG_AmbientOcclusion.png[39m[0m
[   0% ] [90m[1m_update_scan_actions[22m | Grass005_2K-PNG_Color.png[39m[0m
[   0% ] [90m[1m_update_scan_actions[22m | Grass005_2K-PNG_Displacement.png[39m[0m
[   1% ] [90m[1m_update_scan_actions[22m | Grass005_2K-PNG_NormalGL.png[39m[0m
[   1% ] [90m[1m_update_scan_actions[22m | Grass005_2K-PNG_Roughness.png[39m[0m
[   1% ] [90m[1m_update_scan_actions[22m | Gravel043_2K-PNG_AmbientOcclusion.png[39m[0m
[   1% ] [90m[1m_update_scan_actions[22m | Gravel043_2K-PNG_Color.png[39m[0m
[   1% ] [90m[1m_update_scan_actions[22m | Gravel043_2K-PNG_Displacement.png[39m[0m
[   1% ] [90m[1m_update_scan_actions[22m | Gravel043_2K-PNG_NormalGL.png[39m[0m
[   1% ] [90m[1m_update_scan_actions[22m | Gravel043_2K-PNG_Roughness.png[39m[0m
[   1% ] [90m[1m_update_scan_actions[22m | Ground109_2K-PNG_AmbientOcclusion.png[39m[0m
[   1% ] [90m[1m_update_scan_actions[22m | Ground109_2K-PNG_Color.png[39m[0m
[   1% ] [90m[1m_update_scan_actions[22m | Ground109_2K-PNG_Displacement.png[39m[0m
[   1% ] [90m[1m_update_scan_actions[22m | Ground109_2K-PNG_NormalGL.png[39m[0m
[   1% ] [90m[1m_update_scan_actions[22m | Ground109_2K-PNG_Roughness.png[39m[0m
[   1% ] [90m[1m_update_scan_actions[22m | asphalt_graphic.png[39m[0m
[   1% ] [90m[1m_update_scan_actions[22m | facade_panel.png[39m[0m
[   1% ] [90m[1m_update_scan_actions[22m | foliage_mottle.png[39m[0m
[   1% ] [90m[1m_update_scan_actions[22m | ground_aggregate.png[39m[0m
[   1% ] [90m[1m_update_scan_actions[22m | metal_panel_albedo.png[39m[0m
[   1% ] [90m[1m_update_scan_actions[22m | painted_trim_albedo.png[39m[0m
[   1% ] [90m[1m_update_scan_actions[22m | signage_panel_albedo.png[39m[0m
[   1% ] [90m[1m_update_scan_actions[22m | wood_grain_albedo.png[39m[0m
[   1% ] [90m[1m_update_scan_actions[22m | media-generation-tokyo-tower-ref-0-74d4c879-0f9d-45a4-9318-749ad2cf3270.webp[39m[0m
[   1% ] [90m[1m_update_scan_actions[22m | media-generation-torii-gate-ref-0-f17a5aab-8db7-45e6-9a6b-8b5dbfa4f828.webp[39m[0m
[   1% ] [90m[1m_update_scan_actions[22m | tokyo-tower-ref.png[39m[0m
[   2% ] [90m[1m_update_scan_actions[22m | torii-gate-ref.png[39m[0m
[   2% ] [90m[1m_update_scan_actions[22m | tokyo_tower_triposr.glb[39m[0m
[   2% ] [90m[1m_update_scan_actions[22m | tokyo_tower_views.png[39m[0m
[   2% ] [90m[1m_update_scan_actions[22m | torii_gate_triposr.glb[39m[0m
[   2% ] [90m[1m_update_scan_actions[22m | torii_gate_views.png[39m[0m
[   2% ] [90m[1m_update_scan_actions[22m | enamel_atlas.png[39m[0m
[   2% ] [90m[1m_update_scan_actions[22m | sode_izakaya.png[39m[0m
[   2% ] [90m[1m_update_scan_actions[22m | sode_kissaten.png[39m[0m
[   2% ] [90m[1m_update_scan_actions[22m | sode_pachinko.png[39m[0m
[   2% ] [90m[1m_update_scan_actions[22m | sode_sakaya.png[39m[0m
[   2% ] [90m[1m_update_scan_actions[22m | sode_soba.png[39m[0m
[   2% ] [90m[1m_update_scan_actions[22m | sode_sushi.png[39m[0m
[   2% ] [90m[1m_update_scan_actions[22m | sode_tabako.png[39m[0m
[   2% ] [90m[1m_update_scan_actions[22m | sode_yakkyoku.png[39m[0m
[   2% ] [90m[1m_update_scan_actions[22m | adv_hamazakibashi_c1.png[39m[0m
[   2% ] [90m[1m_update_scan_actions[22m | adv_hamazakibashi_r1.png[39m[0m
[   2% ] [90m[1m_update_scan_actions[22m | adv_shibakoen_exit.png[39m[0m
[   2% ] [90m[1m_update_scan_actions[22m | c1_route_marker.png[39m[0m
[   2% ] [90m[1m_update_scan_actions[22m | exit_shibakoen.png[39m[0m
[   2% ] [90m[1m_update_scan_actions[22m | jct_hamazakibashi_c1.png[39m[0m
[   2% ] [90m[1m_update_scan_actions[22m | jct_hamazakibashi_r1.png[39m[0m
[   2% ] [90m[1m_update_scan_actions[22m | adv_hamazakibashi_c1.png[39m[0m
[   2% ] [90m[1m_update_scan_actions[22m | adv_hamazakibashi_r1.png[39m[0m
[   3% ] [90m[1m_update_scan_actions[22m | adv_shibakoen_exit.png[39m[0m
[   3% ] [90m[1m_update_scan_actions[22m | c1_route_marker.png[39m[0m
[   3% ] [90m[1m_update_scan_actions[22m | exit_shibakoen.png[39m[0m
[   3% ] [90m[1m_update_scan_actions[22m | jct_hamazakibashi_c1.png[39m[0m
[   3% ] [90m[1m_update_scan_actions[22m | jct_hamazakibashi_r1.png[39m[0m
[   3% ] [90m[1m_update_scan_actions[22m | street_tree_ginkgo.glb[39m[0m
[   3% ] [90m[1m_update_scan_actions[22m | street_tree_plane.glb[39m[0m
[   3% ] [90m[1m_update_scan_actions[22m | street_tree_zelkova.glb[39m[0m
[   3% ] [90m[1m_update_scan_actions[22m | asphalt_diff.jpg[39m[0m
[   3% ] [90m[1m_update_scan_actions[22m | asphalt_rough.png[39m[0m
[   3% ] [90m[1m_update_scan_actions[22m | awning_diff.png[39m[0m
[   3% ] [90m[1m_update_scan_actions[22m | bb_open24_diff.jpg[39m[0m
[   3% ] [90m[1m_update_scan_actions[22m | bb_open24_emis.png[39m[0m
[   3% ] [90m[1m_update_scan_actions[22m | bb_uri_diff.jpg[39m[0m
[   3% ] [90m[1m_update_scan_actions[22m | bb_uri_emis.png[39m[0m
[   3% ] [90m[1m_update_scan_actions[22m | bridge_rail.png[39m[0m
[   3% ] [90m[1m_update_scan_actions[22m | bridge_road.png[39m[0m
[   3% ] [90m[1m_update_scan_actions[22m | chochin_diff.png[39m[0m
[   3% ] [90m[1m_update_scan_actions[22m | chochin_emis.png[39m[0m
[   3% ] [90m[1m_update_scan_actions[22m | facA_diff.jpg[39m[0m
[   3% ] [90m[1m_update_scan_actions[22m | facA_emis.png[39m[0m
[   3% ] [90m[1m_update_scan_actions[22m | facB_diff.jpg[39m[0m
[   3% ] [90m[1m_update_scan_actions[22m | facB_emis.png[39m[0m
[   4% ] [90m[1m_update_scan_actions[22m | facC_diff.jpg[39m[0m
[   4% ] [90m[1m_update_scan_actions[22m | facC_emis.png[39m[0m
[   4% ] [90m[1m_update_scan_actions[22m | gantry_A.png[39m[0m
[   4% ] [90m[1m_update_scan_actions[22m | gantry_B.png[39m[0m
[   4% ] [90m[1m_update_scan_actions[22m | gantry_C.png[39m[0m
[   4% ] [90m[1m_update_scan_actions[22m | gantry_topper.png[39m[0m
[   4% ] [90m[1m_update_scan_actions[22m | gantry_yellow.png[39m[0m
[   4% ] [90m[1m_update_scan_actions[22m | interior_a_diff.png[39m[0m
[   4% ] [90m[1m_update_scan_actions[22m | interior_a_emis.png[39m[0m
[   4% ] [90m[1m_update_scan_actions[22m | interior_b_diff.png[39m[0m
[   4% ] [90m[1m_update_scan_actions[22m | interior_b_emis.png[39m[0m
[   4% ] [90m[1m_update_scan_actions[22m | interior_c_diff.png[39m[0m
[   4% ] [90m[1m_update_scan_actions[22m | interior_c_emis.png[39m[0m
[   4% ] [90m[1m_update_scan_actions[22m | kawara_diff.png[39m[0m
[   4% ] [90m[1m_update_scan_actions[22m | lattice_diff.png[39m[0m
[   4% ] [90m[1m_update_scan_actions[22m | lattice_emis.png[39m[0m
[   4% ] [90m[1m_update_scan_actions[22m | noren_ramen_diff.png[39m[0m
[   4% ] [90m[1m_update_scan_actions[22m | noren_ramen_emis.png[39m[0m
[   4% ] [90m[1m_update_scan_actions[22m | noren_sakaba_diff.png[39m[0m
[   4% ] [90m[1m_update_scan_actions[22m | noren_sakaba_emis.png[39m[0m
[   4% ] [90m[1m_update_scan_actions[22m | noren_sushi_diff.png[39m[0m
[   4% ] [90m[1m_update_scan_actions[22m | noren_sushi_emis.png[39m[0m
[   4% ] [90m[1m_update_scan_actions[22m | paint_worn.png[39m[0m
[   5% ] [90m[1m_update_scan_actions[22m | plaster_diff.png[39m[0m
[   5% ] [90m[1m_update_scan_actions[22m | podium_diff.jpg[39m[0m
[   5% ] [90m[1m_update_scan_actions[22m | podium_emis.png[39m[0m
[   5% ] [90m[1m_update_scan_actions[22m | sideA_diff.jpg[39m[0m
[   5% ] [90m[1m_update_scan_actions[22m | sideA_emis.png[39m[0m
[   5% ] [90m[1m_update_scan_actions[22m | sideB_diff.jpg[39m[0m
[   5% ] [90m[1m_update_scan_actions[22m | sideB_emis.png[39m[0m
[   5% ] [90m[1m_update_scan_actions[22m | sideC_diff.jpg[39m[0m
[   5% ] [90m[1m_update_scan_actions[22m | sideC_emis.png[39m[0m
[   5% ] [90m[1m_update_scan_actions[22m | sidewalk_diff.jpg[39m[0m
[   5% ] [90m[1m_update_scan_actions[22m | sign_biyouin_diff.png[39m[0m
[   5% ] [90m[1m_update_scan_actions[22m | sign_biyouin_emis.png[39m[0m
[   5% ] [90m[1m_update_scan_actions[22m | sign_cafe_diff.png[39m[0m
[   5% ] [90m[1m_update_scan_actions[22m | sign_cafe_emis.png[39m[0m
[   5% ] [90m[1m_update_scan_actions[22m | sign_cleaning_diff.png[39m[0m
[   5% ] [90m[1m_update_scan_actions[22m | sign_cleaning_emis.png[39m[0m
[   5% ] [90m[1m_update_scan_actions[22m | sign_game_diff.png[39m[0m
[   5% ] [90m[1m_update_scan_actions[22m | sign_game_emis.png[39m[0m
[   5% ] [90m[1m_update_scan_actions[22m | sign_honya_diff.png[39m[0m
[   5% ] [90m[1m_update_scan_actions[22m | sign_honya_emis.png[39m[0m
[   5% ] [90m[1m_update_scan_actions[22m | sign_izakaya_diff.png[39m[0m
[   5% ] [90m[1m_update_scan_actions[22m | sign_izakaya_emis.png[39m[0m
[   5% ] [90m[1m_update_scan_actions[22m | sign_karaoke_diff.png[39m[0m
[   6% ] [90m[1m_update_scan_actions[22m | sign_karaoke_emis.png[39m[0m
[   6% ] [90m[1m_update_scan_actions[22m | sign_kissaten_diff.png[39m[0m
[   6% ] [90m[1m_update_scan_actions[22m | sign_kissaten_emis.png[39m[0m
[   6% ] [90m[1m_update_scan_actions[22m | sign_pachinko_diff.png[39m[0m
[   6% ] [90m[1m_update_scan_actions[22m | sign_pachinko_emis.png[39m[0m
[   6% ] [90m[1m_update_scan_actions[22m | sign_ramen_diff.png[39m[0m
[   6% ] [90m[1m_update_scan_actions[22m | sign_ramen_emis.png[39m[0m
[   6% ] [90m[1m_update_scan_actions[22m | sign_sakaba_diff.png[39m[0m
[   6% ] [90m[1m_update_scan_actions[22m | sign_sakaba_emis.png[39m[0m
[   6% ] [90m[1m_update_scan_actions[22m | sign_saketen_diff.png[39m[0m
[   6% ] [90m[1m_update_scan_actions[22m | sign_saketen_emis.png[39m[0m
[   6% ] [90m[1m_update_scan_actions[22m | sign_shika_diff.png[39m[0m
[   6% ] [90m[1m_update_scan_actions[22m | sign_shika_emis.png[39m[0m
[   6% ] [90m[1m_update_scan_actions[22m | sign_shoten_diff.png[39m[0m
[   6% ] [90m[1m_update_scan_actions[22m | sign_shoten_emis.png[39m[0m
[   6% ] [90m[1m_update_scan_actions[22m | sign_snack_diff.png[39m[0m
[   6% ] [90m[1m_update_scan_actions[22m | sign_snack_emis.png[39m[0m
[   6% ] [90m[1m_update_scan_actions[22m | sign_soba_diff.png[39m[0m
[   6% ] [90m[1m_update_scan_actions[22m | sign_soba_emis.png[39m[0m
[   6% ] [90m[1m_update_scan_actions[22m | sign_sushi_diff.png[39m[0m
[   6% ] [90m[1m_update_scan_actions[22m | sign_sushi_emis.png[39m[0m
[   6% ] [90m[1m_update_scan_actions[22m | sign_tabako_diff.png[39m[0m
[   6% ] [90m[1m_update_scan_actions[22m | sign_tabako_emis.png[39m[0m
[   7% ] [90m[1m_update_scan_actions[22m | sign_teishoku_diff.png[39m[0m
[   7% ] [90m[1m_update_scan_actions[22m | sign_teishoku_emis.png[39m[0m
[   7% ] [90m[1m_update_scan_actions[22m | sign_udon_diff.png[39m[0m
[   7% ] [90m[1m_update_scan_actions[22m | sign_udon_emis.png[39m[0m
[   7% ] [90m[1m_update_scan_actions[22m | sign_yakiniku_diff.png[39m[0m
[   7% ] [90m[1m_update_scan_actions[22m | sign_yakiniku_emis.png[39m[0m
[   7% ] [90m[1m_update_scan_actions[22m | sign_yakkyoku_diff.png[39m[0m
[   7% ] [90m[1m_update_scan_actions[22m | sign_yakkyoku_emis.png[39m[0m
[   7% ] [90m[1m_update_scan_actions[22m | tower_deck1.png[39m[0m
[   7% ] [90m[1m_update_scan_actions[22m | tower_deck2.png[39m[0m
[   7% ] [90m[1m_update_scan_actions[22m | tower_deck_v2_a.png[39m[0m
[   7% ] [90m[1m_update_scan_actions[22m | tower_deck_v2_a_em.png[39m[0m
[   7% ] [90m[1m_update_scan_actions[22m | tower_deck_v2_b.png[39m[0m
[   7% ] [90m[1m_update_scan_actions[22m | tower_deck_v2_b_em.png[39m[0m
[   7% ] [90m[1m_update_scan_actions[22m | truss_grime.png[39m[0m
[   7% ] [90m[1m_update_scan_actions[22m | wood_diff.png[39m[0m
[   7% ] [90m[1m_update_scan_actions[22m | bridge_suspension.glb[39m[0m
[   7% ] [90m[1m_update_scan_actions[22m | downtown_facade.glb[39m[0m
[   7% ] [90m[1m_update_scan_actions[22m | port_crane.glb[39m[0m
[   7% ] [90m[1m_update_scan_actions[22m | scramble_crossing.glb[39m[0m
[   7% ] [90m[1m_update_scan_actions[22m | shotengai_storefront.glb[39m[0m
[   7% ] [90m[1m_update_scan_actions[22m | signal_gantry.glb[39m[0m
[   7% ] [90m[1m_update_scan_actions[22m | street_lamp.glb[39m[0m
[   8% ] [90m[1m_update_scan_actions[22m | street_tree.glb[39m[0m
[   8% ] [90m[1m_update_scan_actions[22m | tokyo_tower.glb[39m[0m
[   8% ] [90m[1m_update_scan_actions[22m | bottle_crate.glb[39m[0m
[   8% ] [90m[1m_update_scan_actions[22m | light_pool.glb[39m[0m
[   8% ] [90m[1m_update_scan_actions[22m | phone_booth_pillar.glb[39m[0m
[   8% ] [90m[1m_update_scan_actions[22m | phone_booth_square.glb[39m[0m
[   8% ] [90m[1m_update_scan_actions[22m | vending_button80s_pocari.glb[39m[0m
[   8% ] [90m[1m_update_scan_actions[22m | vending_button80s_ucc.glb[39m[0m
[   8% ] [90m[1m_update_scan_actions[22m | vending_flat70s_cocacola.glb[39m[0m
[   8% ] [90m[1m_update_scan_actions[22m | vending_flat70s_pokka.glb[39m[0m
[   8% ] [90m[1m_update_scan_actions[22m | jizo_hokora.glb[39m[0m
[   8% ] [90m[1m_update_scan_actions[22m | jizo_shed.glb[39m[0m
[   8% ] [90m[1m_update_scan_actions[22m | koban_brick.glb[39m[0m
[   8% ] [90m[1m_update_scan_actions[22m | koban_concrete.glb[39m[0m
[   8% ] [90m[1m_update_scan_actions[22m | sento.glb[39m[0m
[   8% ] [90m[1m_update_scan_actions[22m | chidori_terrace.glb[39m[0m
[   8% ] [90m[1m_update_scan_actions[22m | chidori_terrace_albedo.jpg[39m[0m
[   8% ] [90m[1m_update_scan_actions[22m | chidori_terrace_emission.jpg[39m[0m
[   8% ] [90m[1m_update_scan_actions[22m | daikoku_container_20ft_beige.glb[39m[0m
[   8% ] [90m[1m_update_scan_actions[22m | daikoku_container_20ft_beige_albedo.jpg[39m[0m
[   8% ] [90m[1m_update_scan_actions[22m | daikoku_container_20ft_primer.glb[39m[0m
[   8% ] [90m[1m_update_scan_actions[22m | daikoku_container_20ft_primer_albedo.jpg[39m[0m
[   8% ] [90m[1m_update_scan_actions[22m | daikoku_container_20ft_rust.glb[39m[0m
[   9% ] [90m[1m_update_scan_actions[22m | daikoku_container_20ft_rust_albedo.jpg[39m[0m
[   9% ] [90m[1m_update_scan_actions[22m | daikoku_tally_office.glb[39m[0m
[   9% ] [90m[1m_update_scan_actions[22m | daikoku_tally_office_albedo.jpg[39m[0m
[   9% ] [90m[1m_update_scan_actions[22m | daikoku_tally_office_emission.jpg[39m[0m
[   9% ] [90m[1m_update_scan_actions[22m | depots_goods_shed.glb[39m[0m
[   9% ] [90m[1m_update_scan_actions[22m | depots_goods_shed_albedo.jpg[39m[0m
[   9% ] [90m[1m_update_scan_actions[22m | depots_goods_shed_emission.jpg[39m[0m
[   9% ] [90m[1m_update_scan_actions[22m | kamome_hall.glb[39m[0m
[   9% ] [90m[1m_update_scan_actions[22m | kamome_hall_albedo.jpg[39m[0m
[   9% ] [90m[1m_update_scan_actions[22m | kamome_hall_emission.jpg[39m[0m
[   9% ] [90m[1m_update_scan_actions[22m | kotobuki_bay.glb[39m[0m
[   9% ] [90m[1m_update_scan_actions[22m | kotobuki_bay_albedo.jpg[39m[0m
[   9% ] [90m[1m_update_scan_actions[22m | kotobuki_bay_emission.jpg[39m[0m
[   9% ] [90m[1m_update_scan_actions[22m | tenjin_slab.glb[39m[0m
[   9% ] [90m[1m_update_scan_actions[22m | tenjin_slab_albedo.jpg[39m[0m
[   9% ] [90m[1m_update_scan_actions[22m | tenjin_slab_emission.jpg[39m[0m
[   9% ] [90m[1m_update_scan_actions[22m | fixture_character.fbx[39m[0m
[   9% ] [90m[1m_update_scan_actions[22m | fixture_walk_inplace.fbx[39m[0m
[   9% ] [90m[1m_update_scan_actions[22m | ped_dock_worker.glb[39m[0m
[   9% ] [90m[1m_update_scan_actions[22m | ped_dock_worker_albedo.jpg[39m[0m
[   9% ] [90m[1m_update_scan_actions[22m | ped_dock_worker_emission.jpg[39m[0m
[   9% ] [90m[1m_update_scan_actions[22m | ped_patrol_officer.glb[39m[0m
[  10% ] [90m[1m_update_scan_actions[22m | ped_patrol_officer_albedo.jpg[39m[0m
[  10% ] [90m[1m_update_scan_actions[22m | ped_patrol_officer_emission.jpg[39m[0m
[  10% ] [90m[1m_update_scan_actions[22m | ped_suited_worker.glb[39m[0m
[  10% ] [90m[1m_update_scan_actions[22m | ped_suited_worker_albedo.jpg[39m[0m
[  10% ] [90m[1m_update_scan_actions[22m | ped_suited_worker_emission.jpg[39m[0m
[  10% ] [90m[1m_update_scan_actions[22m | ped_vendor.glb[39m[0m
[  10% ] [90m[1m_update_scan_actions[22m | ped_vendor_albedo.jpg[39m[0m
[  10% ] [90m[1m_update_scan_actions[22m | ped_vendor_emission.jpg[39m[0m
[  10% ] [90m[1m_update_scan_actions[22m | airlance_boom.glb[39m[0m
[  10% ] [90m[1m_update_scan_actions[22m | airlance_boom_albedo.jpg[39m[0m
[  10% ] [90m[1m_update_scan_actions[22m | beacon_pylon.glb[39m[0m
[  10% ] [90m[1m_update_scan_actions[22m | beacon_pylon_albedo.jpg[39m[0m
[  10% ] [90m[1m_update_scan_actions[22m | beacon_pylon_emission.jpg[39m[0m
[  10% ] [90m[1m_update_scan_actions[22m | canister_pyramid.glb[39m[0m
[  10% ] [90m[1m_update_scan_actions[22m | canister_pyramid_albedo.jpg[39m[0m
[  10% ] [90m[1m_update_scan_actions[22m | curve_mirror.glb[39m[0m
[  10% ] [90m[1m_update_scan_actions[22m | curve_mirror_albedo.jpg[39m[0m
[  10% ] [90m[1m_update_scan_actions[22m | drum_barrier.glb[39m[0m
[  10% ] [90m[1m_update_scan_actions[22m | drum_barrier_albedo.jpg[39m[0m
[  10% ] [90m[1m_update_scan_actions[22m | drum_stove.glb[39m[0m
[  10% ] [90m[1m_update_scan_actions[22m | drum_stove_albedo.jpg[39m[0m
[  10% ] [90m[1m_update_scan_actions[22m | drum_stove_emission.jpg[39m[0m
[  10% ] [90m[1m_update_scan_actions[22m | fish_crates.glb[39m[0m
[  11% ] [90m[1m_update_scan_actions[22m | fish_crates_albedo.jpg[39m[0m
[  11% ] [90m[1m_update_scan_actions[22m | hand_trucks.glb[39m[0m
[  11% ] [90m[1m_update_scan_actions[22m | hand_trucks_albedo.jpg[39m[0m
[  11% ] [90m[1m_update_scan_actions[22m | hawser_pallets.glb[39m[0m
[  11% ] [90m[1m_update_scan_actions[22m | hawser_pallets_albedo.jpg[39m[0m
[  11% ] [90m[1m_update_scan_actions[22m | lead_drums.glb[39m[0m
[  11% ] [90m[1m_update_scan_actions[22m | lead_drums_albedo.jpg[39m[0m
[  11% ] [90m[1m_update_scan_actions[22m | slag_windrow.glb[39m[0m
[  11% ] [90m[1m_update_scan_actions[22m | slag_windrow_albedo.jpg[39m[0m
[  11% ] [90m[1m_update_scan_actions[22m | sol88_tower.glb[39m[0m
[  11% ] [90m[1m_update_scan_actions[22m | sol88_tower_albedo.jpg[39m[0m
[  11% ] [90m[1m_update_scan_actions[22m | sol88_tower_emission.jpg[39m[0m
[  11% ] [90m[1m_update_scan_actions[22m | tally_aframe.glb[39m[0m
[  11% ] [90m[1m_update_scan_actions[22m | tally_aframe_albedo.jpg[39m[0m
[  11% ] [90m[1m_update_scan_actions[22m | tube_pedestal.glb[39m[0m
[  11% ] [90m[1m_update_scan_actions[22m | tube_pedestal_albedo.jpg[39m[0m
[  11% ] [90m[1m_update_scan_actions[22m | tube_pedestal_emission.jpg[39m[0m
[  11% ] [90m[1m_update_scan_actions[22m | tyre_wall.glb[39m[0m
[  11% ] [90m[1m_update_scan_actions[22m | tyre_wall_albedo.jpg[39m[0m
[  11% ] [90m[1m_update_scan_actions[22m | velvet_rope.glb[39m[0m
[  11% ] [90m[1m_update_scan_actions[22m | velvet_rope_albedo.jpg[39m[0m
[  11% ] [90m[1m_update_scan_actions[22m | izakaya.glb[39m[0m
[  11% ] [90m[1m_update_scan_actions[22m | izakaya_albedo.jpg[39m[0m
[  12% ] [90m[1m_update_scan_actions[22m | izakaya_emission.jpg[39m[0m
[  12% ] [90m[1m_update_scan_actions[22m | kissaten.glb[39m[0m
[  12% ] [90m[1m_update_scan_actions[22m | kissaten_albedo.jpg[39m[0m
[  12% ] [90m[1m_update_scan_actions[22m | kissaten_emission.jpg[39m[0m
[  12% ] [90m[1m_update_scan_actions[22m | pachinko_front.glb[39m[0m
[  12% ] [90m[1m_update_scan_actions[22m | pachinko_front_albedo.jpg[39m[0m
[  12% ] [90m[1m_update_scan_actions[22m | pachinko_front_emission.jpg[39m[0m
[  12% ] [90m[1m_update_scan_actions[22m | ramen_window.glb[39m[0m
[  12% ] [90m[1m_update_scan_actions[22m | ramen_window_albedo.jpg[39m[0m
[  12% ] [90m[1m_update_scan_actions[22m | ramen_window_emission.jpg[39m[0m
[  12% ] [90m[1m_update_scan_actions[22m | sakaya.glb[39m[0m
[  12% ] [90m[1m_update_scan_actions[22m | sakaya_albedo.jpg[39m[0m
[  12% ] [90m[1m_update_scan_actions[22m | sakaya_emission.jpg[39m[0m
[  12% ] [90m[1m_update_scan_actions[22m | sengyo_stall.glb[39m[0m
[  12% ] [90m[1m_update_scan_actions[22m | sengyo_stall_albedo.jpg[39m[0m
[  12% ] [90m[1m_update_scan_actions[22m | sengyo_stall_emission.jpg[39m[0m
[  12% ] [90m[1m_update_scan_actions[22m | tabako_kiosk.glb[39m[0m
[  12% ] [90m[1m_update_scan_actions[22m | tabako_kiosk_albedo.jpg[39m[0m
[  12% ] [90m[1m_update_scan_actions[22m | tabako_kiosk_emission.jpg[39m[0m
[  12% ] [90m[1m_update_scan_actions[22m | yakkyoku.glb[39m[0m
[  12% ] [90m[1m_update_scan_actions[22m | yakkyoku_albedo.jpg[39m[0m
[  12% ] [90m[1m_update_scan_actions[22m | yakkyoku_emission.jpg[39m[0m
[  12% ] [90m[1m_update_scan_actions[22m | box_truck.glb[39m[0m
[  13% ] [90m[1m_update_scan_actions[22m | box_truck_albedo.jpg[39m[0m
[  13% ] [90m[1m_update_scan_actions[22m | box_truck_emission.jpg[39m[0m
[  13% ] [90m[1m_update_scan_actions[22m | bus.glb[39m[0m
[  13% ] [90m[1m_update_scan_actions[22m | bus_albedo.jpg[39m[0m
[  13% ] [90m[1m_update_scan_actions[22m | bus_emission.jpg[39m[0m
[  13% ] [90m[1m_update_scan_actions[22m | kei_trike.glb[39m[0m
[  13% ] [90m[1m_update_scan_actions[22m | kei_trike_albedo.jpg[39m[0m
[  13% ] [90m[1m_update_scan_actions[22m | kei_trike_emission.jpg[39m[0m
[  13% ] [90m[1m_update_scan_actions[22m | kei_truck.glb[39m[0m
[  13% ] [90m[1m_update_scan_actions[22m | kei_truck_albedo.jpg[39m[0m
[  13% ] [90m[1m_update_scan_actions[22m | kei_truck_emission.jpg[39m[0m
[  13% ] [90m[1m_update_scan_actions[22m | kei_van.glb[39m[0m
[  13% ] [90m[1m_update_scan_actions[22m | kei_van_albedo.jpg[39m[0m
[  13% ] [90m[1m_update_scan_actions[22m | kei_van_emission.jpg[39m[0m
[  13% ] [90m[1m_update_scan_actions[22m | sedan.glb[39m[0m
[  13% ] [90m[1m_update_scan_actions[22m | sedan_albedo.jpg[39m[0m
[  13% ] [90m[1m_update_scan_actions[22m | sedan_emission.jpg[39m[0m
[  13% ] [90m[1m_update_scan_actions[22m | taxi.glb[39m[0m
[  13% ] [90m[1m_update_scan_actions[22m | taxi_albedo.jpg[39m[0m
[  13% ] [90m[1m_update_scan_actions[22m | taxi_emission.jpg[39m[0m
[  13% ] [90m[1m_update_scan_actions[22m | engine.ogg[39m[0m
[  13% ] [90m[1m_update_scan_actions[22m | impact.ogg[39m[0m
[  13% ] [90m[1m_update_scan_actions[22m | skid.ogg[39m[0m
[  14% ] [90m[1m_update_scan_actions[22m | display-latin.ttf[39m[0m
[  14% ] [90m[1m_update_scan_actions[22m | jp-neon.otf[39m[0m
[  14% ] [90m[1m_update_scan_actions[22m | kicker-cjk.ttf[39m[0m
[  14% ] [90m[1m_update_scan_actions[22m | trench-signs-jp.ttf[39m[0m
[  14% ] [90m[1m_update_scan_actions[22m | v44-systems-jp.otf[39m[0m
[  14% ] [90m[1m_update_scan_actions[22m | colormap.png[39m[0m
[  14% ] [90m[1m_update_scan_actions[22m | tripo-boxtruck.glb[39m[0m
[  14% ] [90m[1m_update_scan_actions[22m | tripo-bus.glb[39m[0m
[  14% ] [90m[1m_update_scan_actions[22m | tripo-coupe.glb[39m[0m
[  14% ] [90m[1m_update_scan_actions[22m | tripo-hatchback.glb[39m[0m
[  14% ] [90m[1m_update_scan_actions[22m | tripo-keicar.glb[39m[0m
[  14% ] [90m[1m_update_scan_actions[22m | tripo-luxury.glb[39m[0m
[  14% ] [90m[1m_update_scan_actions[22m | tripo-minivan.glb[39m[0m
[  14% ] [90m[1m_update_scan_actions[22m | tripo-pickup.glb[39m[0m
[  14% ] [90m[1m_update_scan_actions[22m | tripo-sedan.glb[39m[0m
[  14% ] [90m[1m_update_scan_actions[22m | tripo-suv.glb[39m[0m
[  14% ] [90m[1m_update_scan_actions[22m | tripo-van.glb[39m[0m
[  14% ] [90m[1m_update_scan_actions[22m | tripo-wagon.glb[39m[0m
[  14% ] [90m[1m_update_scan_actions[22m | race.glb[39m[0m
[  14% ] [90m[1m_update_scan_actions[22m | sedan.glb[39m[0m
[  14% ] [90m[1m_update_scan_actions[22m | suv.glb[39m[0m
[  14% ] [90m[1m_update_scan_actions[22m | taxi.glb[39m[0m
[  14% ] [90m[1m_update_scan_actions[22m | van.glb[39m[0m
[  15% ] [90m[1m_update_scan_actions[22m | colormap.png[39m[0m
[  15% ] [90m[1m_update_scan_actions[22m | building-a.glb[39m[0m
[  15% ] [90m[1m_update_scan_actions[22m | building-b.glb[39m[0m
[  15% ] [90m[1m_update_scan_actions[22m | building-c.glb[39m[0m
[  15% ] [90m[1m_update_scan_actions[22m | building-d.glb[39m[0m
[  15% ] [90m[1m_update_scan_actions[22m | building-e.glb[39m[0m
[  15% ] [90m[1m_update_scan_actions[22m | building-f.glb[39m[0m
[  15% ] [90m[1m_update_scan_actions[22m | building-skyscraper-a.glb[39m[0m
[  15% ] [90m[1m_update_scan_actions[22m | building-skyscraper-b.glb[39m[0m
[  15% ] [90m[1m_update_scan_actions[22m | banner_hw.png[39m[0m
[  15% ] [90m[1m_update_scan_actions[22m | sky_night.png[39m[0m
[  15% ] [90m[1m_update_scan_actions[22m | town_night.png[39m[0m
[  15% ] [90m[1m_update_scan_actions[22m | windows_night.png[39m[0m
[  15% ] [90m[1m_update_scan_actions[22m | bay_strait.glb[39m[0m
[  15% ] [90m[1m_update_scan_actions[22m | bay_strait_0.png[39m[0m
[  15% ] [90m[1m_update_scan_actions[22m | bay_strait_1.png[39m[0m
[  15% ] [90m[1m_update_scan_actions[22m | bay_strait_2.png[39m[0m
[  15% ] [90m[1m_update_scan_actions[22m | bay_strait_3.png[39m[0m
[  15% ] [90m[1m_update_scan_actions[22m | bay_strait_4.png[39m[0m
[  15% ] [90m[1m_update_scan_actions[22m | bay_strait_5.png[39m[0m
[  15% ] [90m[1m_update_scan_actions[22m | bay_strait_6.png[39m[0m
[  15% ] [90m[1m_update_scan_actions[22m | bay_strait_7.png[39m[0m
[  15% ] [90m[1m_update_scan_actions[22m | bay_strait_8.png[39m[0m
[  16% ] [90m[1m_update_scan_actions[22m | bay_strait_9.png[39m[0m
[  16% ] [90m[1m_update_scan_actions[22m | bay_strait_10.png[39m[0m
[  16% ] [90m[1m_update_scan_actions[22m | bay_strait_11.png[39m[0m
[  16% ] [90m[1m_update_scan_actions[22m | bay_strait_12.png[39m[0m
[  16% ] [90m[1m_update_scan_actions[22m | bay_strait_13.png[39m[0m
[  16% ] [90m[1m_update_scan_actions[22m | bay_strait_14.png[39m[0m
[  16% ] [90m[1m_update_scan_actions[22m | bay_strait_15.png[39m[0m
[  16% ] [90m[1m_update_scan_actions[22m | bay_strait_16.png[39m[0m
[  16% ] [90m[1m_update_scan_actions[22m | bay_strait_17.png[39m[0m
[  16% ] [90m[1m_update_scan_actions[22m | bay_strait_18.png[39m[0m
[  16% ] [90m[1m_update_scan_actions[22m | bay_strait_19.png[39m[0m
[  16% ] [90m[1m_update_scan_actions[22m | bay_strait_20.png[39m[0m
[  16% ] [90m[1m_update_scan_actions[22m | bay_strait_21.png[39m[0m
[  16% ] [90m[1m_update_scan_actions[22m | bay_strait_22.png[39m[0m
[  16% ] [90m[1m_update_scan_actions[22m | bay_strait_23.png[39m[0m
[  16% ] [90m[1m_update_scan_actions[22m | bay_strait_24.png[39m[0m
[  16% ] [90m[1m_update_scan_actions[22m | harbor_west.glb[39m[0m
[  16% ] [90m[1m_update_scan_actions[22m | awning_bluewhite.glb[39m[0m
[  16% ] [90m[1m_update_scan_actions[22m | awning_bluewhite_awning_stripes_blue.png[39m[0m
[  16% ] [90m[1m_update_scan_actions[22m | awning_greenwhite.glb[39m[0m
[  16% ] [90m[1m_update_scan_actions[22m | awning_greenwhite_awning_stripes_green.png[39m[0m
[  16% ] [90m[1m_update_scan_actions[22m | awning_redwhite.glb[39m[0m
[  16% ] [90m[1m_update_scan_actions[22m | awning_redwhite_awning_stripes_red.png[39m[0m
[  17% ] [90m[1m_update_scan_actions[22m | awning_retracted.glb[39m[0m
[  17% ] [90m[1m_update_scan_actions[22m | awning_retracted_awning_stripes_red.png[39m[0m
[  17% ] [90m[1m_update_scan_actions[22m | awning_worn.glb[39m[0m
[  17% ] [90m[1m_update_scan_actions[22m | awning_worn_awning_stripes_worn.png[39m[0m
[  17% ] [90m[1m_update_scan_actions[22m | att_crossarm_tier.glb[39m[0m
[  17% ] [90m[1m_update_scan_actions[22m | att_gooseneck.glb[39m[0m
[  17% ] [90m[1m_update_scan_actions[22m | att_horo_kanban.glb[39m[0m
[  17% ] [90m[1m_update_scan_actions[22m | att_id_plate.glb[39m[0m
[  17% ] [90m[1m_update_scan_actions[22m | att_insulator.glb[39m[0m
[  17% ] [90m[1m_update_scan_actions[22m | att_transformer.glb[39m[0m
[  17% ] [90m[1m_update_scan_actions[22m | pole_bare.glb[39m[0m
[  17% ] [90m[1m_update_scan_actions[22m | pole_corner.glb[39m[0m
[  17% ] [90m[1m_update_scan_actions[22m | pole_streetlight.glb[39m[0m
[  17% ] [90m[1m_update_scan_actions[22m | pole_transformer.glb[39m[0m
[  17% ] [90m[1m_update_scan_actions[22m | gas_aframe_sign.glb[39m[0m
[  17% ] [90m[1m_update_scan_actions[22m | gas_canopy_fascia_blue.glb[39m[0m
[  17% ] [90m[1m_update_scan_actions[22m | gas_canopy_fascia_red.glb[39m[0m
[  17% ] [90m[1m_update_scan_actions[22m | gas_canopy_roof.glb[39m[0m
[  17% ] [90m[1m_update_scan_actions[22m | gas_column.glb[39m[0m
[  17% ] [90m[1m_update_scan_actions[22m | gas_enamel_plate_blue.glb[39m[0m
[  17% ] [90m[1m_update_scan_actions[22m | gas_enamel_plate_red.glb[39m[0m
[  17% ] [90m[1m_update_scan_actions[22m | gas_forecourt_pad.glb[39m[0m
[  17% ] [90m[1m_update_scan_actions[22m | gas_hose_boom.glb[39m[0m
[  18% ] [90m[1m_update_scan_actions[22m | gas_kiosk.glb[39m[0m
[  18% ] [90m[1m_update_scan_actions[22m | gas_price_board.glb[39m[0m
[  18% ] [90m[1m_update_scan_actions[22m | gas_pump_blue.glb[39m[0m
[  18% ] [90m[1m_update_scan_actions[22m | gas_pump_island.glb[39m[0m
[  18% ] [90m[1m_update_scan_actions[22m | gas_pump_red.glb[39m[0m
[  18% ] [90m[1m_update_scan_actions[22m | colormap.png[39m[0m
[  18% ] [90m[1m_update_scan_actions[22m | barrierWhite.glb[39m[0m
[  18% ] [90m[1m_update_scan_actions[22m | jnr-canopy-edge.glb[39m[0m
[  18% ] [90m[1m_update_scan_actions[22m | jnr-country-halt.glb[39m[0m
[  18% ] [90m[1m_update_scan_actions[22m | jnr-platform-sign.glb[39m[0m
[  18% ] [90m[1m_update_scan_actions[22m | jnr-station-board.glb[39m[0m
[  18% ] [90m[1m_update_scan_actions[22m | jnr-ticket-gate.glb[39m[0m
[  18% ] [90m[1m_update_scan_actions[22m | light-curved.glb[39m[0m
[  18% ] [90m[1m_update_scan_actions[22m | road.obj[39m[0m
[  18% ] [90m[1m_update_scan_actions[22m | road.png[39m[0m
[  18% ] [90m[1m_update_scan_actions[22m | guest-frozen-start-line.jpg[39m[0m
[  18% ] [90m[1m_update_scan_actions[22m | input-overlay-giant-host.jpg[39m[0m
[  18% ] [90m[1m_update_scan_actions[22m | input-overlay-giant-join.jpg[39m[0m
[  18% ] [90m[1m_update_scan_actions[22m | td-094-criterion-1-after.png[39m[0m
[  18% ] [90m[1m_update_scan_actions[22m | td-094-criterion-1-before.png[39m[0m
[  18% ] [90m[1m_update_scan_actions[22m | after_aerial_1500m.png[39m[0m
[  18% ] [90m[1m_update_scan_actions[22m | after_pov_0600m.png[39m[0m
[  19% ] [90m[1m_update_scan_actions[22m | after_pov_1150m.png[39m[0m
[  19% ] [90m[1m_update_scan_actions[22m | after_pov_1790m.png[39m[0m
[  19% ] [90m[1m_update_scan_actions[22m | after_pov_2230m.png[39m[0m
[  19% ] [90m[1m_update_scan_actions[22m | before_aerial_1500m.png[39m[0m
[  19% ] [90m[1m_update_scan_actions[22m | before_pov_0600m.png[39m[0m
[  19% ] [90m[1m_update_scan_actions[22m | before_pov_1150m.png[39m[0m
[  19% ] [90m[1m_update_scan_actions[22m | before_pov_1790m.png[39m[0m
[  19% ] [90m[1m_update_scan_actions[22m | before_pov_2230m.png[39m[0m
[  19% ] [90m[1m_update_scan_actions[22m | td-038-criterion-1-after.png[39m[0m
[  19% ] [90m[1m_update_scan_actions[22m | td-038-criterion-1-before.png[39m[0m
[  19% ] [90m[1m_update_scan_actions[22m | td-042-criterion-1-after.png[39m[0m
[  19% ] [90m[1m_update_scan_actions[22m | td-042-criterion-1-before.png[39m[0m
[  19% ] [90m[1m_update_scan_actions[22m | td-022-barrier-ch1032-aerial.png[39m[0m
[  19% ] [90m[1m_update_scan_actions[22m | td-022-barrier-ch1745-aerial.png[39m[0m
[  19% ] [90m[1m_update_scan_actions[22m | td-022-barrier-ch2150-aerial.png[39m[0m
[  19% ] [90m[1m_update_scan_actions[22m | td-022-criterion-1-after.png[39m[0m
[  19% ] [90m[1m_update_scan_actions[22m | td-022-criterion-1-before.png[39m[0m
[  19% ] [90m[1m_update_scan_actions[22m | td-022-criterion-2-after.png[39m[0m
[  19% ] [90m[1m_update_scan_actions[22m | td-022-criterion-2-before.png[39m[0m
[  19% ] [90m[1m_update_scan_actions[22m | td-023-criterion-1-after.png[39m[0m
[  19% ] [90m[1m_update_scan_actions[22m | td-023-criterion-1-before.png[39m[0m
[  19% ] [90m[1m_update_scan_actions[22m | td-023-finish-gantry-triptych.png[39m[0m
[  19% ] [90m[1m_update_scan_actions[22m | td-023-gantry-preview.png[39m[0m
[  20% ] [90m[1m_update_scan_actions[22m | td-023-mock-finish-gantry.png[39m[0m
[  20% ] [90m[1m_update_scan_actions[22m | td-023-reference-finish-gantry.jpg[39m[0m
[  20% ] [90m[1m_update_scan_actions[22m | td-029-app-boot-1-downloading.png[39m[0m
[  20% ] [90m[1m_update_scan_actions[22m | td-029-app-boot-2-downloading-mid.png[39m[0m
[  20% ] [90m[1m_update_scan_actions[22m | td-029-app-boot-3-download-complete.png[39m[0m
[  20% ] [90m[1m_update_scan_actions[22m | td-029-app-boot-4-staged-build-start.png[39m[0m
[  20% ] [90m[1m_update_scan_actions[22m | td-029-app-boot-5-staged-build-near-end.png[39m[0m
[  20% ] [90m[1m_update_scan_actions[22m | td-049-criterion-1-after.png[39m[0m
[  20% ] [90m[1m_update_scan_actions[22m | td-049-criterion-1-before.png[39m[0m
[  20% ] [90m[1m_update_scan_actions[22m | td-049-criterion-1-front.png[39m[0m
[  20% ] [90m[1m_update_scan_actions[22m | td-049-criterion-1-side.png[39m[0m
[  20% ] [90m[1m_update_scan_actions[22m | td-076-criterion-1-after.png[39m[0m
[  20% ] [90m[1m_update_scan_actions[22m | td-076-criterion-1-before.png[39m[0m
[  20% ] [90m[1m_update_scan_actions[22m | td-076-criterion-2-after.png[39m[0m
[  20% ] [90m[1m_update_scan_actions[22m | td-076-criterion-2-before.png[39m[0m
[  20% ] [90m[1m_update_scan_actions[22m | traffic-on-road.png[39m[0m
[  20% ] [90m[1m_update_scan_actions[22m | no-traffic-on-road.png[39m[0m
[  20% ] [90m[1m_update_scan_actions[22m | td-078-criterion-1-after.png[39m[0m
[  20% ] [90m[1m_update_scan_actions[22m | td-078-criterion-1-before.png[39m[0m
[  20% ] [90m[1m_update_scan_actions[22m | td-078-criterion-2-after.png[39m[0m
[  20% ] [90m[1m_update_scan_actions[22m | td-078-criterion-2-before.png[39m[0m
[  20% ] [90m[1m_update_scan_actions[22m | 23052_36_g1lh.jpg[39m[0m
[  20% ] [90m[1m_update_scan_actions[22m | 23050_35_elhb.jpg[39m[0m
[  21% ] [90m[1m_update_scan_actions[22m | td-084-criterion-1-after.png[39m[0m
[  21% ] [90m[1m_update_scan_actions[22m | td-084-criterion-1-before.png[39m[0m
[  21% ] [90m[1m_update_scan_actions[22m | td-084-criterion-4-after.png[39m[0m
[  21% ] [90m[1m_update_scan_actions[22m | td-084-criterion-4-before.png[39m[0m
[  21% ] [90m[1m_update_scan_actions[22m | live-deeplink-web.png[39m[0m
[  21% ] [90m[1m_update_scan_actions[22m | td-085-criterion-1-after.png[39m[0m
[  21% ] [90m[1m_update_scan_actions[22m | td-085-criterion-1-before.png[39m[0m
[  21% ] [90m[1m_update_scan_actions[22m | td-085-criterion-2-after.png[39m[0m
[  21% ] [90m[1m_update_scan_actions[22m | td-085-criterion-2-before.png[39m[0m
[  21% ] [90m[1m_update_scan_actions[22m | td-087-criterion-1-before.png[39m[0m
[  21% ] [90m[1m_update_scan_actions[22m | td-087-criterion-2-before.png[39m[0m
[  21% ] [90m[1m_update_scan_actions[22m | two-fresh-joins-lobby.png[39m[0m
[  21% ] [90m[1m_update_scan_actions[22m | two-fresh-joins-lobby.png[39m[0m
[  21% ] [90m[1m_update_scan_actions[22m | td-089-criterion-1-after.png[39m[0m
[  21% ] [90m[1m_update_scan_actions[22m | td-089-criterion-1-before.png[39m[0m
[  21% ] [90m[1m_update_scan_actions[22m | td-089-criterion-1-lobby.png[39m[0m
[  21% ] [90m[1m_update_scan_actions[22m | leader-client-1-of-2.png[39m[0m
[  21% ] [90m[1m_update_scan_actions[22m | trailer-client-2-of-2.png[39m[0m
[  21% ] [90m[1m_update_scan_actions[22m | td-091-criterion-1-after.png[39m[0m
[  21% ] [90m[1m_update_scan_actions[22m | td-091-criterion-1-before.png[39m[0m
[  21% ] [90m[1m_update_scan_actions[22m | td-096-host-camera-mid-track.png[39m[0m
[  21% ] [90m[1m_update_scan_actions[22m | td-096-host-at-start-line.png[39m[0m
[  21% ] [90m[1m_update_scan_actions[22m | guest-start-line.png[39m[0m
[  22% ] [90m[1m_update_scan_actions[22m | guest-start-line.png[39m[0m
[  22% ] [90m[1m_update_scan_actions[22m | td-098-create-no-popup-after.png[39m[0m
[  22% ] [90m[1m_update_scan_actions[22m | td-098-create-popup-before.jpg[39m[0m
[  22% ] [90m[1m_update_scan_actions[22m | player-civilian-bump.png[39m[0m
[  22% ] [90m[1m_update_scan_actions[22m | player-player-guest-view.png[39m[0m
[  22% ] [90m[1m_update_scan_actions[22m | player-player-host-view.png[39m[0m
[  22% ] [90m[1m_update_scan_actions[22m | player-through-civilian.png[39m[0m
[  22% ] [90m[1m_update_scan_actions[22m | render-cherry-tree-v3.png[39m[0m
[  22% ] [90m[1m_update_scan_actions[22m | render-shrub-v6.png[39m[0m
[  22% ] [90m[1m_update_scan_actions[22m | td-101-street-tree-ginkgo-preview.png[39m[0m
[  22% ] [90m[1m_update_scan_actions[22m | td-101-street-tree-plane-preview.png[39m[0m
[  22% ] [90m[1m_update_scan_actions[22m | td-101-street-tree-zelkova-preview.png[39m[0m
[  22% ] [90m[1m_update_scan_actions[22m | td-101-street-trees-1-after.png[39m[0m
[  22% ] [90m[1m_update_scan_actions[22m | td-101-street-trees-1-before.png[39m[0m
[  22% ] [90m[1m_update_scan_actions[22m | td-101-street-trees-2-after.png[39m[0m
[  22% ] [90m[1m_update_scan_actions[22m | td-101-street-trees-2-before.png[39m[0m
[  22% ] [90m[1m_update_scan_actions[22m | triptych-cherry-tree.png[39m[0m
[  22% ] [90m[1m_update_scan_actions[22m | triptych-shrub-planter.png[39m[0m
[  22% ] [90m[1m_update_scan_actions[22m | contact-sheet.png[39m[0m
[  22% ] [90m[1m_update_scan_actions[22m | game-fleet-after.png[39m[0m
[  22% ] [90m[1m_update_scan_actions[22m | td-103-criterion-1-after.png[39m[0m
[  22% ] [90m[1m_update_scan_actions[22m | td-103-criterion-1-before.png[39m[0m
[  22% ] [90m[1m_update_scan_actions[22m | td-103-criterion-2-after.png[39m[0m
[  23% ] [90m[1m_update_scan_actions[22m | td-103-criterion-2-before.png[39m[0m
[  23% ] [90m[1m_update_scan_actions[22m | td-103-criterion-3-after.png[39m[0m
[  23% ] [90m[1m_update_scan_actions[22m | td-103-criterion-3-before.png[39m[0m
[  23% ] [90m[1m_update_scan_actions[22m | td-103-criterion-4-after.png[39m[0m
[  23% ] [90m[1m_update_scan_actions[22m | td-103-criterion-4-before.png[39m[0m
[  23% ] [90m[1m_update_scan_actions[22m | after-chase.png[39m[0m
[  23% ] [90m[1m_update_scan_actions[22m | after-rear-three-quarter.png[39m[0m
[  23% ] [90m[1m_update_scan_actions[22m | rejected-comparison-material.png[39m[0m
[  23% ] [90m[1m_update_scan_actions[22m | comparison-clay.png[39m[0m
[  23% ] [90m[1m_update_scan_actions[22m | comparison-material.png[39m[0m
[  23% ] [90m[1m_update_scan_actions[22m | td-109-criterion-2-chase-after-clay.png[39m[0m
[  23% ] [90m[1m_update_scan_actions[22m | td-109-criterion-2-chase-after.png[39m[0m
[  23% ] [90m[1m_update_scan_actions[22m | td-109-criterion-2-chase-before-clay.png[39m[0m
[  23% ] [90m[1m_update_scan_actions[22m | td-109-criterion-2-chase-before.png[39m[0m
[  23% ] [90m[1m_update_scan_actions[22m | td-109-criterion-2-front-after-clay.png[39m[0m
[  23% ] [90m[1m_update_scan_actions[22m | td-109-criterion-2-front-after.png[39m[0m
[  23% ] [90m[1m_update_scan_actions[22m | td-109-criterion-2-front-before-clay.png[39m[0m
[  23% ] [90m[1m_update_scan_actions[22m | td-109-criterion-2-front-before.png[39m[0m
[  23% ] [90m[1m_update_scan_actions[22m | td-109-criterion-2-front-three-quarter-after-clay.png[39m[0m
[  23% ] [90m[1m_update_scan_actions[22m | td-109-criterion-2-front-three-quarter-after.png[39m[0m
[  23% ] [90m[1m_update_scan_actions[22m | td-109-criterion-2-front-three-quarter-before-clay.png[39m[0m
[  23% ] [90m[1m_update_scan_actions[22m | td-109-criterion-2-front-three-quarter-before.png[39m[0m
[  23% ] [90m[1m_update_scan_actions[22m | td-109-criterion-2-rear-after-clay.png[39m[0m
[  24% ] [90m[1m_update_scan_actions[22m | td-109-criterion-2-rear-after.png[39m[0m
[  24% ] [90m[1m_update_scan_actions[22m | td-109-criterion-2-rear-before-clay.png[39m[0m
[  24% ] [90m[1m_update_scan_actions[22m | td-109-criterion-2-rear-before.png[39m[0m
[  24% ] [90m[1m_update_scan_actions[22m | td-109-criterion-2-rear-three-quarter-after-clay.png[39m[0m
[  24% ] [90m[1m_update_scan_actions[22m | td-109-criterion-2-rear-three-quarter-after.png[39m[0m
[  24% ] [90m[1m_update_scan_actions[22m | td-109-criterion-2-rear-three-quarter-before-clay.png[39m[0m
[  24% ] [90m[1m_update_scan_actions[22m | td-109-criterion-2-rear-three-quarter-before.png[39m[0m
[  24% ] [90m[1m_update_scan_actions[22m | td-109-criterion-2-side-after-clay.png[39m[0m
[  24% ] [90m[1m_update_scan_actions[22m | td-109-criterion-2-side-after.png[39m[0m
[  24% ] [90m[1m_update_scan_actions[22m | td-109-criterion-2-side-before-clay.png[39m[0m
[  24% ] [90m[1m_update_scan_actions[22m | td-109-criterion-2-side-before.png[39m[0m
[  24% ] [90m[1m_update_scan_actions[22m | td-109-criterion-3-runtime-after.png[39m[0m
[  24% ] [90m[1m_update_scan_actions[22m | td-109-criterion-3-runtime-before.png[39m[0m
[  24% ] [90m[1m_update_scan_actions[22m | after-side.png[39m[0m
[  24% ] [90m[1m_update_scan_actions[22m | td-110-criterion-2-chase-after-clay.png[39m[0m
[  24% ] [90m[1m_update_scan_actions[22m | td-110-criterion-2-chase-after.png[39m[0m
[  24% ] [90m[1m_update_scan_actions[22m | td-110-criterion-2-chase-before.png[39m[0m
[  24% ] [90m[1m_update_scan_actions[22m | td-110-criterion-2-front-after-clay.png[39m[0m
[  24% ] [90m[1m_update_scan_actions[22m | td-110-criterion-2-front-after.png[39m[0m
[  24% ] [90m[1m_update_scan_actions[22m | td-110-criterion-2-front-before.png[39m[0m
[  24% ] [90m[1m_update_scan_actions[22m | td-110-criterion-2-front-three-quarter-after-clay.png[39m[0m
[  24% ] [90m[1m_update_scan_actions[22m | td-110-criterion-2-front-three-quarter-after.png[39m[0m
[  24% ] [90m[1m_update_scan_actions[22m | td-110-criterion-2-front-three-quarter-before.png[39m[0m
[  25% ] [90m[1m_update_scan_actions[22m | td-110-criterion-2-rear-after-clay.png[39m[0m
[  25% ] [90m[1m_update_scan_actions[22m | td-110-criterion-2-rear-after.png[39m[0m
[  25% ] [90m[1m_update_scan_actions[22m | td-110-criterion-2-rear-before.png[39m[0m
[  25% ] [90m[1m_update_scan_actions[22m | td-110-criterion-2-rear-three-quarter-after-clay.png[39m[0m
[  25% ] [90m[1m_update_scan_actions[22m | td-110-criterion-2-rear-three-quarter-after.png[39m[0m
[  25% ] [90m[1m_update_scan_actions[22m | td-110-criterion-2-rear-three-quarter-before.png[39m[0m
[  25% ] [90m[1m_update_scan_actions[22m | td-110-criterion-2-side-after-clay.png[39m[0m
[  25% ] [90m[1m_update_scan_actions[22m | td-110-criterion-2-side-after.png[39m[0m
[  25% ] [90m[1m_update_scan_actions[22m | td-110-criterion-2-side-before.png[39m[0m
[  25% ] [90m[1m_update_scan_actions[22m | triptych-front34.png[39m[0m
[  25% ] [90m[1m_update_scan_actions[22m | triptych-side.png[39m[0m
[  25% ] [90m[1m_update_scan_actions[22m | td-111-triptych-f3q-iter1.png[39m[0m
[  25% ] [90m[1m_update_scan_actions[22m | godot-after-front-three-quarter.png[39m[0m
[  25% ] [90m[1m_update_scan_actions[22m | godot-after-rear-three-quarter.png[39m[0m
[  25% ] [90m[1m_update_scan_actions[22m | godot-after-side.png[39m[0m
[  25% ] [90m[1m_update_scan_actions[22m | td-111-c2-after-chase-clay.png[39m[0m
[  25% ] [90m[1m_update_scan_actions[22m | td-111-c2-after-chase.png[39m[0m
[  25% ] [90m[1m_update_scan_actions[22m | td-111-c2-after-front-clay.png[39m[0m
[  25% ] [90m[1m_update_scan_actions[22m | td-111-c2-after-front-three-quarter-clay.png[39m[0m
[  25% ] [90m[1m_update_scan_actions[22m | td-111-c2-after-front-three-quarter.png[39m[0m
[  25% ] [90m[1m_update_scan_actions[22m | td-111-c2-after-front.png[39m[0m
[  25% ] [90m[1m_update_scan_actions[22m | td-111-c2-after-rear-clay.png[39m[0m
[  25% ] [90m[1m_update_scan_actions[22m | td-111-c2-after-rear-three-quarter-clay.png[39m[0m
[  26% ] [90m[1m_update_scan_actions[22m | td-111-c2-after-rear-three-quarter.png[39m[0m
[  26% ] [90m[1m_update_scan_actions[22m | td-111-c2-after-rear.png[39m[0m
[  26% ] [90m[1m_update_scan_actions[22m | td-111-c2-after-side-clay.png[39m[0m
[  26% ] [90m[1m_update_scan_actions[22m | td-111-c2-after-side.png[39m[0m
[  26% ] [90m[1m_update_scan_actions[22m | td-111-c2-after-top-clay.png[39m[0m
[  26% ] [90m[1m_update_scan_actions[22m | td-111-c2-after-top.png[39m[0m
[  26% ] [90m[1m_update_scan_actions[22m | td-111-c2-before-chase.png[39m[0m
[  26% ] [90m[1m_update_scan_actions[22m | td-111-c2-before-front-three-quarter.png[39m[0m
[  26% ] [90m[1m_update_scan_actions[22m | td-111-c2-before-front.png[39m[0m
[  26% ] [90m[1m_update_scan_actions[22m | td-111-c2-before-rear-three-quarter.png[39m[0m
[  26% ] [90m[1m_update_scan_actions[22m | td-111-c2-before-rear.png[39m[0m
[  26% ] [90m[1m_update_scan_actions[22m | td-111-c2-before-side.png[39m[0m
[  26% ] [90m[1m_update_scan_actions[22m | td-111-c2-before-top.png[39m[0m
[  26% ] [90m[1m_update_scan_actions[22m | td-111-mock-3q.png[39m[0m
[  26% ] [90m[1m_update_scan_actions[22m | td-111-triptych-f3q-iter2.png[39m[0m
[  26% ] [90m[1m_update_scan_actions[22m | after-chase-clay.png[39m[0m
[  26% ] [90m[1m_update_scan_actions[22m | after-front-clay.png[39m[0m
[  26% ] [90m[1m_update_scan_actions[22m | after-front-three-quarter-clay.png[39m[0m
[  26% ] [90m[1m_update_scan_actions[22m | after-rear-clay.png[39m[0m
[  26% ] [90m[1m_update_scan_actions[22m | after-rear-three-quarter-clay.png[39m[0m
[  26% ] [90m[1m_update_scan_actions[22m | after-side-clay.png[39m[0m
[  26% ] [90m[1m_update_scan_actions[22m | after-top-clay.png[39m[0m
[  26% ] [90m[1m_update_scan_actions[22m | after-chase.png[39m[0m
[  27% ] [90m[1m_update_scan_actions[22m | after-front-three-quarter.png[39m[0m
[  27% ] [90m[1m_update_scan_actions[22m | after-front.png[39m[0m
[  27% ] [90m[1m_update_scan_actions[22m | after-rear-three-quarter.png[39m[0m
[  27% ] [90m[1m_update_scan_actions[22m | after-rear.png[39m[0m
[  27% ] [90m[1m_update_scan_actions[22m | after-side.png[39m[0m
[  27% ] [90m[1m_update_scan_actions[22m | after-top.png[39m[0m
[  27% ] [90m[1m_update_scan_actions[22m | before-chase-clay.png[39m[0m
[  27% ] [90m[1m_update_scan_actions[22m | before-front-clay.png[39m[0m
[  27% ] [90m[1m_update_scan_actions[22m | before-front-three-quarter-clay.png[39m[0m
[  27% ] [90m[1m_update_scan_actions[22m | before-rear-clay.png[39m[0m
[  27% ] [90m[1m_update_scan_actions[22m | before-rear-three-quarter-clay.png[39m[0m
[  27% ] [90m[1m_update_scan_actions[22m | before-side-clay.png[39m[0m
[  27% ] [90m[1m_update_scan_actions[22m | before-top-clay.png[39m[0m
[  27% ] [90m[1m_update_scan_actions[22m | before-chase.png[39m[0m
[  27% ] [90m[1m_update_scan_actions[22m | before-front-three-quarter.png[39m[0m
[  27% ] [90m[1m_update_scan_actions[22m | before-front.png[39m[0m
[  27% ] [90m[1m_update_scan_actions[22m | before-rear-three-quarter.png[39m[0m
[  27% ] [90m[1m_update_scan_actions[22m | before-rear.png[39m[0m
[  27% ] [90m[1m_update_scan_actions[22m | before-side.png[39m[0m
[  27% ] [90m[1m_update_scan_actions[22m | before-top.png[39m[0m
[  27% ] [90m[1m_update_scan_actions[22m | comparison-clay.jpg[39m[0m
[  27% ] [90m[1m_update_scan_actions[22m | comparison-material.jpg[39m[0m
[  28% ] [90m[1m_update_scan_actions[22m | local-route-contact-sheet.jpg[39m[0m
[  28% ] [90m[1m_update_scan_actions[22m | bridge_suspension-aaa-compare.png[39m[0m
[  28% ] [90m[1m_update_scan_actions[22m | downtown_facade-aaa-compare.png[39m[0m
[  28% ] [90m[1m_update_scan_actions[22m | port_crane-aaa-compare.png[39m[0m
[  28% ] [90m[1m_update_scan_actions[22m | scramble_crossing-aaa-compare.png[39m[0m
[  28% ] [90m[1m_update_scan_actions[22m | shotengai_storefront-aaa-compare.png[39m[0m
[  28% ] [90m[1m_update_scan_actions[22m | signal_gantry-aaa-compare.png[39m[0m
[  28% ] [90m[1m_update_scan_actions[22m | street_lamp-aaa-compare.png[39m[0m
[  28% ] [90m[1m_update_scan_actions[22m | street_tree-aaa-compare.png[39m[0m
[  28% ] [90m[1m_update_scan_actions[22m | tokyo_tower-aaa-compare.png[39m[0m
[  28% ] [90m[1m_update_scan_actions[22m | td-119-blueprint.jpg[39m[0m
[  28% ] [90m[1m_update_scan_actions[22m | td-119-blueprint.svg[39m[0m
[  28% ] [90m[1m_update_scan_actions[22m | td-119-criterion-2-after.png[39m[0m
[  28% ] [90m[1m_update_scan_actions[22m | td-119-criterion-2-before.png[39m[0m
[  28% ] [90m[1m_update_scan_actions[22m | td-119-criterion-3-after.png[39m[0m
[  28% ] [90m[1m_update_scan_actions[22m | td-119-criterion-3-before.png[39m[0m
[  28% ] [90m[1m_update_scan_actions[22m | td-119-mock-01-bridge-approach.jpg[39m[0m
[  28% ] [90m[1m_update_scan_actions[22m | td-119-mock-02-shotengai.jpg[39m[0m
[  28% ] [90m[1m_update_scan_actions[22m | td-119-mock-03-downtown.jpg[39m[0m
[  28% ] [90m[1m_update_scan_actions[22m | td-119-mock-04-waterfront.jpg[39m[0m
[  28% ] [90m[1m_update_scan_actions[22m | td-119-p3-bridge_suspension-preview.png[39m[0m
[  28% ] [90m[1m_update_scan_actions[22m | td-119-p3-downtown_facade-preview.png[39m[0m
[  28% ] [90m[1m_update_scan_actions[22m | td-119-p3-port_crane-preview.png[39m[0m
[  29% ] [90m[1m_update_scan_actions[22m | td-119-p3-scramble_crossing-preview.png[39m[0m
[  29% ] [90m[1m_update_scan_actions[22m | td-119-p3-shotengai_storefront-preview.png[39m[0m
[  29% ] [90m[1m_update_scan_actions[22m | td-119-p3-signal_gantry-preview.png[39m[0m
[  29% ] [90m[1m_update_scan_actions[22m | td-119-p3-street_lamp-preview.png[39m[0m
[  29% ] [90m[1m_update_scan_actions[22m | td-119-p3-street_tree-preview.png[39m[0m
[  29% ] [90m[1m_update_scan_actions[22m | td-119-p3-tokyo_tower-preview.png[39m[0m
[  29% ] [90m[1m_update_scan_actions[22m | td-126-criterion-1-after.png[39m[0m
[  29% ] [90m[1m_update_scan_actions[22m | td-126-criterion-1-before.png[39m[0m
[  29% ] [90m[1m_update_scan_actions[22m | td-126-criterion-3-after.png[39m[0m
[  29% ] [90m[1m_update_scan_actions[22m | td-126-criterion-3-before.png[39m[0m
[  29% ] [90m[1m_update_scan_actions[22m | td-126-reverify-1-healthy.png[39m[0m
[  29% ] [90m[1m_update_scan_actions[22m | td-126-reverify-2-connection-lost.png[39m[0m
[  29% ] [90m[1m_update_scan_actions[22m | td-126-reverify-3-recovered.png[39m[0m
[  29% ] [90m[1m_update_scan_actions[22m | td-126-reverify-4-gaveup-results.png[39m[0m
[  29% ] [90m[1m_update_scan_actions[22m | td-127-criterion-1-guest-after.png[39m[0m
[  29% ] [90m[1m_update_scan_actions[22m | td-127-criterion-1-guest-before.png[39m[0m
[  29% ] [90m[1m_update_scan_actions[22m | td-127-criterion-1-host-after.png[39m[0m
[  29% ] [90m[1m_update_scan_actions[22m | td-127-criterion-1-host-before.png[39m[0m
[  29% ] [90m[1m_update_scan_actions[22m | blackout-2000ms.csv[39m[0m
[  29% ] [90m[1m_update_scan_actions[22m | delay-trace.csv[39m[0m
[  29% ] [90m[1m_update_scan_actions[22m | gap-300ms.csv[39m[0m
[  29% ] [90m[1m_update_scan_actions[22m | takeover-seed.csv[39m[0m
[  29% ] [90m[1m_update_scan_actions[22m | td-130-case1-after.csv[39m[0m
[  30% ] [90m[1m_update_scan_actions[22m | td-130-case1-before.csv[39m[0m
[  30% ] [90m[1m_update_scan_actions[22m | td-130-case2-after.csv[39m[0m
[  30% ] [90m[1m_update_scan_actions[22m | td-130-case2-before.csv[39m[0m
[  30% ] [90m[1m_update_scan_actions[22m | phaseB.csv[39m[0m
[  30% ] [90m[1m_update_scan_actions[22m | td-132-criterion-1-after.png[39m[0m
[  30% ] [90m[1m_update_scan_actions[22m | td-132-criterion-1-before.png[39m[0m
[  30% ] [90m[1m_update_scan_actions[22m | td-133-criterion-1-after.png[39m[0m
[  30% ] [90m[1m_update_scan_actions[22m | td-133-criterion-1-before.png[39m[0m
[  30% ] [90m[1m_update_scan_actions[22m | td-133-criterion-2-after.png[39m[0m
[  30% ] [90m[1m_update_scan_actions[22m | td-133-criterion-2-before.png[39m[0m
[  30% ] [90m[1m_update_scan_actions[22m | td-133-criterion-4-after.png[39m[0m
[  30% ] [90m[1m_update_scan_actions[22m | td-133-criterion-4-before.png[39m[0m
[  30% ] [90m[1m_update_scan_actions[22m | td-134-criterion-1-after.png[39m[0m
[  30% ] [90m[1m_update_scan_actions[22m | td-134-criterion-1-before.png[39m[0m
[  30% ] [90m[1m_update_scan_actions[22m | td-134-criterion-2-after.png[39m[0m
[  30% ] [90m[1m_update_scan_actions[22m | td-134-criterion-2-before.png[39m[0m
[  30% ] [90m[1m_update_scan_actions[22m | frame-0000.png[39m[0m
[  30% ] [90m[1m_update_scan_actions[22m | frame-0006.png[39m[0m
[  30% ] [90m[1m_update_scan_actions[22m | frame-0012.png[39m[0m
[  30% ] [90m[1m_update_scan_actions[22m | frame-0018.png[39m[0m
[  30% ] [90m[1m_update_scan_actions[22m | frame-0024.png[39m[0m
[  30% ] [90m[1m_update_scan_actions[22m | frame-0030.png[39m[0m
[  30% ] [90m[1m_update_scan_actions[22m | frame-0036.png[39m[0m
[  31% ] [90m[1m_update_scan_actions[22m | frame-0042.png[39m[0m
[  31% ] [90m[1m_update_scan_actions[22m | frame-0048.png[39m[0m
[  31% ] [90m[1m_update_scan_actions[22m | frame-0054.png[39m[0m
[  31% ] [90m[1m_update_scan_actions[22m | frame-0060.png[39m[0m
[  31% ] [90m[1m_update_scan_actions[22m | frame-0000.png[39m[0m
[  31% ] [90m[1m_update_scan_actions[22m | frame-0006.png[39m[0m
[  31% ] [90m[1m_update_scan_actions[22m | frame-0012.png[39m[0m
[  31% ] [90m[1m_update_scan_actions[22m | frame-0018.png[39m[0m
[  31% ] [90m[1m_update_scan_actions[22m | frame-0024.png[39m[0m
[  31% ] [90m[1m_update_scan_actions[22m | frame-0030.png[39m[0m
[  31% ] [90m[1m_update_scan_actions[22m | frame-0036.png[39m[0m
[  31% ] [90m[1m_update_scan_actions[22m | frame-0042.png[39m[0m
[  31% ] [90m[1m_update_scan_actions[22m | frame-0048.png[39m[0m
[  31% ] [90m[1m_update_scan_actions[22m | frame-0054.png[39m[0m
[  31% ] [90m[1m_update_scan_actions[22m | frame-0060.png[39m[0m
[  31% ] [90m[1m_update_scan_actions[22m | after-sequence-contact-sheet.png[39m[0m
[  31% ] [90m[1m_update_scan_actions[22m | before-sequence-contact-sheet.png[39m[0m
[  31% ] [90m[1m_update_scan_actions[22m | phone-stutter-trace-after.png[39m[0m
[  31% ] [90m[1m_update_scan_actions[22m | phone-stutter-trace-before.png[39m[0m
[  31% ] [90m[1m_update_scan_actions[22m | td-135-criterion-1-after.png[39m[0m
[  31% ] [90m[1m_update_scan_actions[22m | td-135-criterion-1-before.png[39m[0m
[  31% ] [90m[1m_update_scan_actions[22m | td-136-criterion-1-after.png[39m[0m
[  31% ] [90m[1m_update_scan_actions[22m | td-136-criterion-1-before.png[39m[0m
[  32% ] [90m[1m_update_scan_actions[22m | td-136-criterion-2-after.png[39m[0m
[  32% ] [90m[1m_update_scan_actions[22m | td-136-criterion-2-before.png[39m[0m
[  32% ] [90m[1m_update_scan_actions[22m | td137_ch0493.png[39m[0m
[  32% ] [90m[1m_update_scan_actions[22m | td137_ch0700.png[39m[0m
[  32% ] [90m[1m_update_scan_actions[22m | td137_ch1032.png[39m[0m
[  32% ] [90m[1m_update_scan_actions[22m | td137_ch1745.png[39m[0m
[  32% ] [90m[1m_update_scan_actions[22m | td137_ch2150.png[39m[0m
[  32% ] [90m[1m_update_scan_actions[22m | td137_ch2500.png[39m[0m
[  32% ] [90m[1m_update_scan_actions[22m | td137_ch2580.png[39m[0m
[  32% ] [90m[1m_update_scan_actions[22m | td137_ch0493.png[39m[0m
[  32% ] [90m[1m_update_scan_actions[22m | td137_ch0700.png[39m[0m
[  32% ] [90m[1m_update_scan_actions[22m | td137_ch1032.png[39m[0m
[  32% ] [90m[1m_update_scan_actions[22m | td137_ch1745.png[39m[0m
[  32% ] [90m[1m_update_scan_actions[22m | td137_ch2150.png[39m[0m
[  32% ] [90m[1m_update_scan_actions[22m | td137_ch2500.png[39m[0m
[  32% ] [90m[1m_update_scan_actions[22m | td137_ch2580.png[39m[0m
[  32% ] [90m[1m_update_scan_actions[22m | ref-01-night-exit-gore.jpg[39m[0m
[  32% ] [90m[1m_update_scan_actions[22m | ref-02-day-aerial-jct.jpg[39m[0m
[  32% ] [90m[1m_update_scan_actions[22m | ref-03-day-split-gore.jpg[39m[0m
[  32% ] [90m[1m_update_scan_actions[22m | ref-04-day-overhead-jct-signs.jpg[39m[0m
[  32% ] [90m[1m_update_scan_actions[22m | ref-05-night-jct-crash-cushion.jpg[39m[0m
[  32% ] [90m[1m_update_scan_actions[22m | before-after-ch493-aerial.png[39m[0m
[  32% ] [90m[1m_update_scan_actions[22m | before-after-ch493-chase.png[39m[0m
[  33% ] [90m[1m_update_scan_actions[22m | before-after-ch1032-aerial.png[39m[0m
[  33% ] [90m[1m_update_scan_actions[22m | before-after-ch1032-chase.png[39m[0m
[  33% ] [90m[1m_update_scan_actions[22m | before-after-ch1745-aerial.png[39m[0m
[  33% ] [90m[1m_update_scan_actions[22m | before-after-ch1745-chase.png[39m[0m
[  33% ] [90m[1m_update_scan_actions[22m | before-after-ch2150-aerial.png[39m[0m
[  33% ] [90m[1m_update_scan_actions[22m | before-after-ch2150-chase.png[39m[0m
[  33% ] [90m[1m_update_scan_actions[22m | triptych-ch493.png[39m[0m
[  33% ] [90m[1m_update_scan_actions[22m | triptych-ch1032.png[39m[0m
[  33% ] [90m[1m_update_scan_actions[22m | triptych-ch1745.png[39m[0m
[  33% ] [90m[1m_update_scan_actions[22m | triptych-ch2150.png[39m[0m
[  33% ] [90m[1m_update_scan_actions[22m | td-137-criterion-1-after.png[39m[0m
[  33% ] [90m[1m_update_scan_actions[22m | td-137-criterion-1-before.png[39m[0m
[  33% ] [90m[1m_update_scan_actions[22m | td-137-criterion-2-after.png[39m[0m
[  33% ] [90m[1m_update_scan_actions[22m | td-137-criterion-2-before.png[39m[0m
[  33% ] [90m[1m_update_scan_actions[22m | td-137-criterion-3-after.png[39m[0m
[  33% ] [90m[1m_update_scan_actions[22m | td-137-criterion-3-before.png[39m[0m
[  33% ] [90m[1m_update_scan_actions[22m | mock-front.png[39m[0m
[  33% ] [90m[1m_update_scan_actions[22m | mock-rear.png[39m[0m
[  33% ] [90m[1m_update_scan_actions[22m | mock-side.png[39m[0m
[  33% ] [90m[1m_update_scan_actions[22m | mock-three-quarter.png[39m[0m
[  33% ] [90m[1m_update_scan_actions[22m | reference_real_1.jpg[39m[0m
[  33% ] [90m[1m_update_scan_actions[22m | reference_real_2.jpg[39m[0m
[  33% ] [90m[1m_update_scan_actions[22m | mock-downtown_facade.png[39m[0m
[  34% ] [90m[1m_update_scan_actions[22m | mock-gantry.png[39m[0m
[  34% ] [90m[1m_update_scan_actions[22m | mock-shotengai_storefront.png[39m[0m
[  34% ] [90m[1m_update_scan_actions[22m | mock-tokyo-tower.png[39m[0m
[  34% ] [90m[1m_update_scan_actions[22m | mock-tree.png[39m[0m
[  34% ] [90m[1m_update_scan_actions[22m | ref-gantry.jpg[39m[0m
[  34% ] [90m[1m_update_scan_actions[22m | ref-signs-downtown.jpg[39m[0m
[  34% ] [90m[1m_update_scan_actions[22m | ref-signs-shotengai.jpg[39m[0m
[  34% ] [90m[1m_update_scan_actions[22m | ref-tokyo-tower-night.jpg[39m[0m
[  34% ] [90m[1m_update_scan_actions[22m | ref-tree-night.jpg[39m[0m
[  34% ] [90m[1m_update_scan_actions[22m | td-139-gantry-side-clearance.png[39m[0m
[  34% ] [90m[1m_update_scan_actions[22m | td-139-gantry-triptych-final.png[39m[0m
[  34% ] [90m[1m_update_scan_actions[22m | td-139-signs-downtown-final.png[39m[0m
[  34% ] [90m[1m_update_scan_actions[22m | td-139-signs-shotengai-final.png[39m[0m
[  34% ] [90m[1m_update_scan_actions[22m | td-139-tower-triptych-final.png[39m[0m
[  34% ] [90m[1m_update_scan_actions[22m | td-139-tree-triptych-final.png[39m[0m
[  34% ] [90m[1m_update_scan_actions[22m | td-140-hud-before-after.png[39m[0m
[  34% ] [90m[1m_update_scan_actions[22m | td-140-hud-triptych.png[39m[0m
[  34% ] [90m[1m_update_scan_actions[22m | td-140-loading-before-after.png[39m[0m
[  34% ] [90m[1m_update_scan_actions[22m | td-140-loading-triptych.png[39m[0m
[  34% ] [90m[1m_update_scan_actions[22m | td-140-lobby-host-before-after.png[39m[0m
[  34% ] [90m[1m_update_scan_actions[22m | td-140-lobby-host-triptych.png[39m[0m
[  34% ] [90m[1m_update_scan_actions[22m | td-140-lobby-join-before-after.png[39m[0m
[  34% ] [90m[1m_update_scan_actions[22m | td-140-lobby-join-triptych.png[39m[0m
[  35% ] [90m[1m_update_scan_actions[22m | td-140-main-menu-before-after.png[39m[0m
[  35% ] [90m[1m_update_scan_actions[22m | td-140-main-menu-triptych.png[39m[0m
[  35% ] [90m[1m_update_scan_actions[22m | td-140-pause-before-after.png[39m[0m
[  35% ] [90m[1m_update_scan_actions[22m | td-140-pause-triptych.png[39m[0m
[  35% ] [90m[1m_update_scan_actions[22m | td-140-results-before-after.png[39m[0m
[  35% ] [90m[1m_update_scan_actions[22m | td-140-results-triptych.png[39m[0m
[  35% ] [90m[1m_update_scan_actions[22m | triptych-boxtruck.png[39m[0m
[  35% ] [90m[1m_update_scan_actions[22m | triptych-bus.png[39m[0m
[  35% ] [90m[1m_update_scan_actions[22m | triptych-coupe.png[39m[0m
[  35% ] [90m[1m_update_scan_actions[22m | triptych-hatchback.png[39m[0m
[  35% ] [90m[1m_update_scan_actions[22m | triptych-keicar.png[39m[0m
[  35% ] [90m[1m_update_scan_actions[22m | triptych-luxury.png[39m[0m
[  35% ] [90m[1m_update_scan_actions[22m | triptych-minivan.png[39m[0m
[  35% ] [90m[1m_update_scan_actions[22m | triptych-pickup.png[39m[0m
[  35% ] [90m[1m_update_scan_actions[22m | triptych-sedan.png[39m[0m
[  35% ] [90m[1m_update_scan_actions[22m | triptych-suv.png[39m[0m
[  35% ] [90m[1m_update_scan_actions[22m | triptych-van.png[39m[0m
[  35% ] [90m[1m_update_scan_actions[22m | triptych-wagon.png[39m[0m
[  35% ] [90m[1m_update_scan_actions[22m | td-147-footprint.svg[39m[0m
[  35% ] [90m[1m_update_scan_actions[22m | td-149-criterion-1-after.png[39m[0m
[  35% ] [90m[1m_update_scan_actions[22m | td-149-criterion-1-before.png[39m[0m
[  35% ] [90m[1m_update_scan_actions[22m | td-149-criterion-2-after.png[39m[0m
[  35% ] [90m[1m_update_scan_actions[22m | td-149-criterion-2-before.png[39m[0m
[  36% ] [90m[1m_update_scan_actions[22m | td-149-criterion-3-after.png[39m[0m
[  36% ] [90m[1m_update_scan_actions[22m | td-149-criterion-3-before.png[39m[0m
[  36% ] [90m[1m_update_scan_actions[22m | td-149-wheel-spin-t2.png[39m[0m
[  36% ] [90m[1m_update_scan_actions[22m | loading-art-v1.png[39m[0m
[  36% ] [90m[1m_update_scan_actions[22m | td-150-criterion-1-after.png[39m[0m
[  36% ] [90m[1m_update_scan_actions[22m | td-150-criterion-1-before.png[39m[0m
[  36% ] [90m[1m_update_scan_actions[22m | warmup-coverage.png[39m[0m
[  36% ] [90m[1m_update_scan_actions[22m | td-152-headon-before-after.png[39m[0m
[  36% ] [90m[1m_update_scan_actions[22m | mock-diagram.png[39m[0m
[  36% ] [90m[1m_update_scan_actions[22m | triptych-c1-front34.png[39m[0m
[  36% ] [90m[1m_update_scan_actions[22m | triptych-c2-side.png[39m[0m
[  36% ] [90m[1m_update_scan_actions[22m | triptych-c3-rear34.png[39m[0m
[  36% ] [90m[1m_update_scan_actions[22m | triptych-c4-darkfront.png[39m[0m
[  36% ] [90m[1m_update_scan_actions[22m | boxtruck-after.png[39m[0m
[  36% ] [90m[1m_update_scan_actions[22m | boxtruck-before.png[39m[0m
[  36% ] [90m[1m_update_scan_actions[22m | bus-after.png[39m[0m
[  36% ] [90m[1m_update_scan_actions[22m | bus-before.png[39m[0m
[  36% ] [90m[1m_update_scan_actions[22m | coupe-after.png[39m[0m
[  36% ] [90m[1m_update_scan_actions[22m | coupe-before.png[39m[0m
[  36% ] [90m[1m_update_scan_actions[22m | hatchback-after.png[39m[0m
[  36% ] [90m[1m_update_scan_actions[22m | hatchback-before.png[39m[0m
[  36% ] [90m[1m_update_scan_actions[22m | keicar-after.png[39m[0m
[  37% ] [90m[1m_update_scan_actions[22m | keicar-before.png[39m[0m
[  37% ] [90m[1m_update_scan_actions[22m | luxury-after.png[39m[0m
[  37% ] [90m[1m_update_scan_actions[22m | luxury-before.png[39m[0m
[  37% ] [90m[1m_update_scan_actions[22m | minivan-after.png[39m[0m
[  37% ] [90m[1m_update_scan_actions[22m | minivan-before.png[39m[0m
[  37% ] [90m[1m_update_scan_actions[22m | pickup-after.png[39m[0m
[  37% ] [90m[1m_update_scan_actions[22m | pickup-before.png[39m[0m
[  37% ] [90m[1m_update_scan_actions[22m | sedan-after.png[39m[0m
[  37% ] [90m[1m_update_scan_actions[22m | sedan-before.png[39m[0m
[  37% ] [90m[1m_update_scan_actions[22m | suv-after.png[39m[0m
[  37% ] [90m[1m_update_scan_actions[22m | suv-before.png[39m[0m
[  37% ] [90m[1m_update_scan_actions[22m | van-after.png[39m[0m
[  37% ] [90m[1m_update_scan_actions[22m | van-before.png[39m[0m
[  37% ] [90m[1m_update_scan_actions[22m | wagon-after.png[39m[0m
[  37% ] [90m[1m_update_scan_actions[22m | wagon-before.png[39m[0m
[  37% ] [90m[1m_update_scan_actions[22m | td-156-cama-after.png[39m[0m
[  37% ] [90m[1m_update_scan_actions[22m | td-156-cama-before.png[39m[0m
[  37% ] [90m[1m_update_scan_actions[22m | td-156-cama-outline.png[39m[0m
[  37% ] [90m[1m_update_scan_actions[22m | td-156-camb-after.png[39m[0m
[  37% ] [90m[1m_update_scan_actions[22m | td-156-camb-before.png[39m[0m
[  37% ] [90m[1m_update_scan_actions[22m | td-157-asphalt-comparison.png[39m[0m
[  37% ] [90m[1m_update_scan_actions[22m | td-157-facA-comparison.png[39m[0m
[  37% ] [90m[1m_update_scan_actions[22m | td-157-facB-comparison.png[39m[0m
[  38% ] [90m[1m_update_scan_actions[22m | td-157-facC-comparison.png[39m[0m
[  38% ] [90m[1m_update_scan_actions[22m | td-157-sidewalk-comparison.png[39m[0m
[  38% ] [90m[1m_update_scan_actions[22m | td-158-2-beauty-after.png[39m[0m
[  38% ] [90m[1m_update_scan_actions[22m | td-158-2-beauty-before.png[39m[0m
[  38% ] [90m[1m_update_scan_actions[22m | td-158-2-chase-after.png[39m[0m
[  38% ] [90m[1m_update_scan_actions[22m | td-158-2-chase-before.png[39m[0m
[  38% ] [90m[1m_update_scan_actions[22m | td-160-after-flat.png[39m[0m
[  38% ] [90m[1m_update_scan_actions[22m | td-160-after.png[39m[0m
[  38% ] [90m[1m_update_scan_actions[22m | td-160-bake-Mat_Car_Body.png[39m[0m
[  38% ] [90m[1m_update_scan_actions[22m | td-160-bake-Mat_Wheel.png[39m[0m
[  38% ] [90m[1m_update_scan_actions[22m | td-160-before.png[39m[0m
[  38% ] [90m[1m_update_scan_actions[22m | 2d-mock-pole-kit.png[39m[0m
[  38% ] [90m[1m_update_scan_actions[22m | after_chase.png[39m[0m
[  38% ] [90m[1m_update_scan_actions[22m | after_plate_closeup.png[39m[0m
[  38% ] [90m[1m_update_scan_actions[22m | after_street.png[39m[0m
[  38% ] [90m[1m_update_scan_actions[22m | after_wide.png[39m[0m
[  38% ] [90m[1m_update_scan_actions[22m | before_chase.png[39m[0m
[  38% ] [90m[1m_update_scan_actions[22m | before_street.png[39m[0m
[  38% ] [90m[1m_update_scan_actions[22m | before_wide.png[39m[0m
[  38% ] [90m[1m_update_scan_actions[22m | mock_pole_transformer.png[39m[0m
[  38% ] [90m[1m_update_scan_actions[22m | td-163-chase-pair.png[39m[0m
[  38% ] [90m[1m_update_scan_actions[22m | td-163-street-pair.png[39m[0m
[  38% ] [90m[1m_update_scan_actions[22m | td-163-triptych.png[39m[0m
[  39% ] [90m[1m_update_scan_actions[22m | td-163-wide-pair.png[39m[0m
[  39% ] [90m[1m_update_scan_actions[22m | before_after_commercial-a.png[39m[0m
[  39% ] [90m[1m_update_scan_actions[22m | before_after_commercial-b.png[39m[0m
[  39% ] [90m[1m_update_scan_actions[22m | before_after_commercial-chase.png[39m[0m
[  39% ] [90m[1m_update_scan_actions[22m | triptych_signage.png[39m[0m
[  39% ] [90m[1m_update_scan_actions[22m | mock_2d.png[39m[0m
[  39% ] [90m[1m_update_scan_actions[22m | td-165-bank-after.png[39m[0m
[  39% ] [90m[1m_update_scan_actions[22m | td-165-bank-before.png[39m[0m
[  39% ] [90m[1m_update_scan_actions[22m | td-165-booth-after.png[39m[0m
[  39% ] [90m[1m_update_scan_actions[22m | td-165-booth-before.png[39m[0m
[  39% ] [90m[1m_update_scan_actions[22m | td-165-wide-after.png[39m[0m
[  39% ] [90m[1m_update_scan_actions[22m | triptych_bank.png[39m[0m
[  39% ] [90m[1m_update_scan_actions[22m | triptych_booth.png[39m[0m
[  39% ] [90m[1m_update_scan_actions[22m | td-168-jizo-hokora-after.png[39m[0m
[  39% ] [90m[1m_update_scan_actions[22m | td-168-jizo-hokora-before.png[39m[0m
[  39% ] [90m[1m_update_scan_actions[22m | td-168-jizo-shed-after.png[39m[0m
[  39% ] [90m[1m_update_scan_actions[22m | td-168-jizo-shed-before.png[39m[0m
[  39% ] [90m[1m_update_scan_actions[22m | td-168-koban-brick-after.png[39m[0m
[  39% ] [90m[1m_update_scan_actions[22m | td-168-koban-brick-before.png[39m[0m
[  39% ] [90m[1m_update_scan_actions[22m | td-168-koban-concrete-after.png[39m[0m
[  39% ] [90m[1m_update_scan_actions[22m | td-168-koban-concrete-before.png[39m[0m
[  39% ] [90m[1m_update_scan_actions[22m | td-168-sento-chimney-closeup.png[39m[0m
[  39% ] [90m[1m_update_scan_actions[22m | td-168-sento-front-after.png[39m[0m
[  40% ] [90m[1m_update_scan_actions[22m | td-168-sento-front-before.png[39m[0m
[  40% ] [90m[1m_update_scan_actions[22m | td-168-sento-noren-closeup.png[39m[0m
[  40% ] [90m[1m_update_scan_actions[22m | td-168-sento-wide-after.png[39m[0m
[  40% ] [90m[1m_update_scan_actions[22m | td-168-sento-wide-before.png[39m[0m
[  40% ] [90m[1m_update_scan_actions[22m | triptych-jizo-hokora.png[39m[0m
[  40% ] [90m[1m_update_scan_actions[22m | triptych-jizo-shed.png[39m[0m
[  40% ] [90m[1m_update_scan_actions[22m | triptych-koban-brick.png[39m[0m
[  40% ] [90m[1m_update_scan_actions[22m | triptych-koban-concrete.png[39m[0m
[  40% ] [90m[1m_update_scan_actions[22m | triptych-sento.png[39m[0m
[  40% ] [90m[1m_update_scan_actions[22m | after_driver.png[39m[0m
[  40% ] [90m[1m_update_scan_actions[22m | after_shopfront.png[39m[0m
[  40% ] [90m[1m_update_scan_actions[22m | before_driver.png[39m[0m
[  40% ] [90m[1m_update_scan_actions[22m | before_shopfront.png[39m[0m
[  40% ] [90m[1m_update_scan_actions[22m | mock_awning_kit.png[39m[0m
[  40% ] [90m[1m_update_scan_actions[22m | reference_shotengai.jpg[39m[0m
[  40% ] [90m[1m_update_scan_actions[22m | triptych-kit.png[39m[0m
[  40% ] [90m[1m_update_scan_actions[22m | variant_retracted.png[39m[0m
[  40% ] [90m[1m_update_scan_actions[22m | variant_worn.png[39m[0m
[  40% ] [90m[1m_update_scan_actions[22m | after-chase-cam.png[39m[0m
[  40% ] [90m[1m_update_scan_actions[22m | after-country-halt.png[39m[0m
[  40% ] [90m[1m_update_scan_actions[22m | after-gate-row.png[39m[0m
[  40% ] [90m[1m_update_scan_actions[22m | after-station-front.png[39m[0m
[  40% ] [90m[1m_update_scan_actions[22m | before-chase-cam.png[39m[0m
[  41% ] [90m[1m_update_scan_actions[22m | before-country-halt.png[39m[0m
[  41% ] [90m[1m_update_scan_actions[22m | before-gate-row.png[39m[0m
[  41% ] [90m[1m_update_scan_actions[22m | before-station-front.png[39m[0m
[  41% ] [90m[1m_update_scan_actions[22m | chase-cam.png[39m[0m
[  41% ] [90m[1m_update_scan_actions[22m | country-halt.png[39m[0m
[  41% ] [90m[1m_update_scan_actions[22m | gate-row.png[39m[0m
[  41% ] [90m[1m_update_scan_actions[22m | station-front.png[39m[0m
[  41% ] [90m[1m_update_scan_actions[22m | td173-triptych.png[39m[0m
[  41% ] [90m[1m_update_scan_actions[22m | after-td-174-chasecam.png[39m[0m
[  41% ] [90m[1m_update_scan_actions[22m | after-td-174-forecourt-near.png[39m[0m
[  41% ] [90m[1m_update_scan_actions[22m | after-td-174-forecourt-wide.png[39m[0m
[  41% ] [90m[1m_update_scan_actions[22m | after-td-174-triptych-near.png[39m[0m
[  41% ] [90m[1m_update_scan_actions[22m | after-td-174-triptych-wide.png[39m[0m
[  41% ] [90m[1m_update_scan_actions[22m | before-td-174-chasecam.png[39m[0m
[  41% ] [90m[1m_update_scan_actions[22m | before-td-174-forecourt-near.png[39m[0m
[  41% ] [90m[1m_update_scan_actions[22m | before-td-174-forecourt-wide.png[39m[0m
[  41% ] [90m[1m_update_scan_actions[22m | enamel-closeup.png[39m[0m
[  41% ] [90m[1m_update_scan_actions[22m | fascia-road.png[39m[0m
[  41% ] [90m[1m_update_scan_actions[22m | kiosk.png[39m[0m
[  41% ] [90m[1m_update_scan_actions[22m | priceboard-close.png[39m[0m
[  41% ] [90m[1m_update_scan_actions[22m | priceboard.png[39m[0m
[  41% ] [90m[1m_update_scan_actions[22m | station-wide.png[39m[0m
[  41% ] [90m[1m_update_scan_actions[22m | chase.png[39m[0m
[  42% ] [90m[1m_update_scan_actions[22m | wide.png[39m[0m
[  42% ] [90m[1m_update_scan_actions[22m | after_bridge_end_left.png[39m[0m
[  42% ] [90m[1m_update_scan_actions[22m | before_bridge_end_left.png[39m[0m
[  42% ] [90m[1m_update_scan_actions[22m | td-178-before.png[39m[0m
[  42% ] [90m[1m_update_scan_actions[22m | td-178-critical.png[39m[0m
[  42% ] [90m[1m_update_scan_actions[22m | td-178-ghost.png[39m[0m
[  42% ] [90m[1m_update_scan_actions[22m | td-178-impact.png[39m[0m
[  42% ] [90m[1m_update_scan_actions[22m | td-178-ingame-before.png[39m[0m
[  42% ] [90m[1m_update_scan_actions[22m | td-178-ingame-ghost.png[39m[0m
[  42% ] [90m[1m_update_scan_actions[22m | td-178-ingame-hud.png[39m[0m
[  42% ] [90m[1m_update_scan_actions[22m | td-178-ingame-impact.png[39m[0m
[  42% ] [90m[1m_update_scan_actions[22m | td-178-ingame-shake2.png[39m[0m
[  42% ] [90m[1m_update_scan_actions[22m | td-178-ingame-sparks.png[39m[0m
[  42% ] [90m[1m_update_scan_actions[22m | td-178-mp-hud.png[39m[0m
[  42% ] [90m[1m_update_scan_actions[22m | td-178-mp-impact.png[39m[0m
[  42% ] [90m[1m_update_scan_actions[22m | td-178-settled.png[39m[0m
[  42% ] [90m[1m_update_scan_actions[22m | td-178-sparks.png[39m[0m
[  42% ] [90m[1m_update_scan_actions[22m | td-188-approach.png[39m[0m
[  42% ] [90m[1m_update_scan_actions[22m | td-188-hit-zoom.png[39m[0m
[  42% ] [90m[1m_update_scan_actions[22m | td-188-hit.png[39m[0m
[  42% ] [90m[1m_update_scan_actions[22m | td-188-walkers.png[39m[0m
[  42% ] [90m[1m_update_scan_actions[22m | car-lineup.png[39m[0m
[  42% ] [90m[1m_update_scan_actions[22m | car-sedan-front34.png[39m[0m
[  43% ] [90m[1m_update_scan_actions[22m | car-sedan-rear34.png[39m[0m
[  43% ] [90m[1m_update_scan_actions[22m | car-sedan-side.png[39m[0m
[  43% ] [90m[1m_update_scan_actions[22m | car-taxi-front34.png[39m[0m
[  43% ] [90m[1m_update_scan_actions[22m | car-taxi-rear34.png[39m[0m
[  43% ] [90m[1m_update_scan_actions[22m | car-taxi-side.png[39m[0m
[  43% ] [90m[1m_update_scan_actions[22m | car-truck-front34.png[39m[0m
[  43% ] [90m[1m_update_scan_actions[22m | car-truck-rear34.png[39m[0m
[  43% ] [90m[1m_update_scan_actions[22m | car-truck-side.png[39m[0m
[  43% ] [90m[1m_update_scan_actions[22m | td189-brake-approach.png[39m[0m
[  43% ] [90m[1m_update_scan_actions[22m | td189-brake-braking.png[39m[0m
[  43% ] [90m[1m_update_scan_actions[22m | td189-brake-stopped.png[39m[0m
[  43% ] [90m[1m_update_scan_actions[22m | td190-01-establishing.png[39m[0m
[  43% ] [90m[1m_update_scan_actions[22m | td190-02-wanted1.png[39m[0m
[  43% ] [90m[1m_update_scan_actions[22m | td190-03-pursuit.png[39m[0m
[  43% ] [90m[1m_update_scan_actions[22m | td190-04-busted.png[39m[0m
[  43% ] [90m[1m_update_scan_actions[22m | td190-05-decay.png[39m[0m
[  43% ] [90m[1m_update_scan_actions[22m | td-194-c1-popin-after.png[39m[0m
[  43% ] [90m[1m_update_scan_actions[22m | td-194-c1-popin-before.png[39m[0m
[  43% ] [90m[1m_update_scan_actions[22m | td-194-density-t30.png[39m[0m
[  43% ] [90m[1m_update_scan_actions[22m | td-194-density-t90.png[39m[0m
[  43% ] [90m[1m_update_scan_actions[22m | td-194-density-t150.png[39m[0m
[  43% ] [90m[1m_update_scan_actions[22m | td-194-density-traffic.png[39m[0m
[  43% ] [90m[1m_update_scan_actions[22m | after-td-195-A-approach.png[39m[0m
[  44% ] [90m[1m_update_scan_actions[22m | after-td-195-A-result.png[39m[0m
[  44% ] [90m[1m_update_scan_actions[22m | after-td-195-B-approach.png[39m[0m
[  44% ] [90m[1m_update_scan_actions[22m | after-td-195-B-result.png[39m[0m
[  44% ] [90m[1m_update_scan_actions[22m | after-td-195-C-beauty.png[39m[0m
[  44% ] [90m[1m_update_scan_actions[22m | before-td-195-A-approach.png[39m[0m
[  44% ] [90m[1m_update_scan_actions[22m | before-td-195-A-result.png[39m[0m
[  44% ] [90m[1m_update_scan_actions[22m | before-td-195-B-approach.png[39m[0m
[  44% ] [90m[1m_update_scan_actions[22m | before-td-195-B-result.png[39m[0m
[  44% ] [90m[1m_update_scan_actions[22m | before-td-195-C-beauty.png[39m[0m
[  44% ] [90m[1m_update_scan_actions[22m | td-196-1-bump.png[39m[0m
[  44% ] [90m[1m_update_scan_actions[22m | td-196-2-banner.png[39m[0m
[  44% ] [90m[1m_update_scan_actions[22m | td-196-3-banner-hold.png[39m[0m
[  44% ] [90m[1m_update_scan_actions[22m | td-196-4-released.png[39m[0m
[  44% ] [90m[1m_update_scan_actions[22m | td-203-1-driving-minimap-after.png[39m[0m
[  44% ] [90m[1m_update_scan_actions[22m | td-203-1-driving-minimap-before.png[39m[0m
[  44% ] [90m[1m_update_scan_actions[22m | td-203-2-minimap-collapsed-after.png[39m[0m
[  44% ] [90m[1m_update_scan_actions[22m | td-203-3-compass-north-after.png[39m[0m
[  44% ] [90m[1m_update_scan_actions[22m | td-203-3-compass-north-before.png[39m[0m
[  44% ] [90m[1m_update_scan_actions[22m | td-203-4-target-pickup-after.png[39m[0m
[  44% ] [90m[1m_update_scan_actions[22m | td-203-4-target-pickup-before.png[39m[0m
[  44% ] [90m[1m_update_scan_actions[22m | td-203-5-target-dropoff-after.png[39m[0m
[  44% ] [90m[1m_update_scan_actions[22m | td-203-6-largemap-player-after.png[39m[0m
[  44% ] [90m[1m_update_scan_actions[22m | td-203-6-largemap-player-before.png[39m[0m
[  45% ] [90m[1m_update_scan_actions[22m | td-203-7-expand-opens-largemap-after.png[39m[0m
[  45% ] [90m[1m_update_scan_actions[22m | td-204-1-ok.png[39m[0m
[  45% ] [90m[1m_update_scan_actions[22m | td-204-2-critical.png[39m[0m
[  45% ] [90m[1m_update_scan_actions[22m | td-204-2-damaged.png[39m[0m
[  45% ] [90m[1m_update_scan_actions[22m | td-204-2-hitafter.png[39m[0m
[  45% ] [90m[1m_update_scan_actions[22m | td-204-2-hitbefore.png[39m[0m
[  45% ] [90m[1m_update_scan_actions[22m | td-204-3-failed.png[39m[0m
[  45% ] [90m[1m_update_scan_actions[22m | td-204-3-prefail.png[39m[0m
[  45% ] [90m[1m_update_scan_actions[22m | td-204-1-ok.png[39m[0m
[  45% ] [90m[1m_update_scan_actions[22m | td-204-2-critical.png[39m[0m
[  45% ] [90m[1m_update_scan_actions[22m | td-204-2-damaged.png[39m[0m
[  45% ] [90m[1m_update_scan_actions[22m | td-204-2-hitafter.png[39m[0m
[  45% ] [90m[1m_update_scan_actions[22m | td-204-2-hitbefore.png[39m[0m
[  45% ] [90m[1m_update_scan_actions[22m | td-204-3-failed.png[39m[0m
[  45% ] [90m[1m_update_scan_actions[22m | td-204-3-prefail.png[39m[0m
[  45% ] [90m[1m_update_scan_actions[22m | td-205-criterion-1-after.png[39m[0m
[  45% ] [90m[1m_update_scan_actions[22m | td-205-criterion-1-before.png[39m[0m
[  45% ] [90m[1m_update_scan_actions[22m | td-205-criterion-2-after.png[39m[0m
[  45% ] [90m[1m_update_scan_actions[22m | td-205-criterion-2-before.png[39m[0m
[  45% ] [90m[1m_update_scan_actions[22m | td-205-criterion-2b-after.png[39m[0m
[  45% ] [90m[1m_update_scan_actions[22m | td-205-criterion-3-after.png[39m[0m
[  45% ] [90m[1m_update_scan_actions[22m | td-205-criterion-3-before.png[39m[0m
[  46% ] [90m[1m_update_scan_actions[22m | td-205-criterion-4a-after.png[39m[0m
[  46% ] [90m[1m_update_scan_actions[22m | td-205-criterion-4a-before.png[39m[0m
[  46% ] [90m[1m_update_scan_actions[22m | td-205-criterion-4b-after.png[39m[0m
[  46% ] [90m[1m_update_scan_actions[22m | td-205-criterion-4b-before.png[39m[0m
[  46% ] [90m[1m_update_scan_actions[22m | quay_east-approach.png[39m[0m
[  46% ] [90m[1m_update_scan_actions[22m | quay_east-wide.png[39m[0m
[  46% ] [90m[1m_update_scan_actions[22m | quay_west-approach.png[39m[0m
[  46% ] [90m[1m_update_scan_actions[22m | quay_west-wide.png[39m[0m
[  46% ] [90m[1m_update_scan_actions[22m | quay_east-approach.png[39m[0m
[  46% ] [90m[1m_update_scan_actions[22m | quay_east-wide.png[39m[0m
[  46% ] [90m[1m_update_scan_actions[22m | quay_west-approach.png[39m[0m
[  46% ] [90m[1m_update_scan_actions[22m | quay_west-wide.png[39m[0m
[  46% ] [90m[1m_update_scan_actions[22m | quay_east-approach.png[39m[0m
[  46% ] [90m[1m_update_scan_actions[22m | quay_east-wide.png[39m[0m
[  46% ] [90m[1m_update_scan_actions[22m | quay_west-approach.png[39m[0m
[  46% ] [90m[1m_update_scan_actions[22m | quay_west-wide.png[39m[0m
[  46% ] [90m[1m_update_scan_actions[22m | quay_east-approach.png[39m[0m
[  46% ] [90m[1m_update_scan_actions[22m | quay_east-wide.png[39m[0m
[  46% ] [90m[1m_update_scan_actions[22m | quay_west-approach.png[39m[0m
[  46% ] [90m[1m_update_scan_actions[22m | quay_west-wide.png[39m[0m
[  46% ] [90m[1m_update_scan_actions[22m | landscape-arrest-released.png[39m[0m
[  46% ] [90m[1m_update_scan_actions[22m | landscape-arrest.png[39m[0m
[  46% ] [90m[1m_update_scan_actions[22m | landscape-dispatch-fuel.png[39m[0m
[  47% ] [90m[1m_update_scan_actions[22m | landscape-dispatch-no-fuel.png[39m[0m
[  47% ] [90m[1m_update_scan_actions[22m | landscape-fuel-quote.png[39m[0m
[  47% ] [90m[1m_update_scan_actions[22m | landscape-health-10.png[39m[0m
[  47% ] [90m[1m_update_scan_actions[22m | landscape-health-45.png[39m[0m
[  47% ] [90m[1m_update_scan_actions[22m | landscape-health-100.png[39m[0m
[  47% ] [90m[1m_update_scan_actions[22m | landscape-load-fuel.png[39m[0m
[  47% ] [90m[1m_update_scan_actions[22m | landscape-load-no-fuel.png[39m[0m
[  47% ] [90m[1m_update_scan_actions[22m | landscape-mini-collapsed-cleared.png[39m[0m
[  47% ] [90m[1m_update_scan_actions[22m | landscape-mini-expanded-wanted.png[39m[0m
[  47% ] [90m[1m_update_scan_actions[22m | landscape-offer-fuel.png[39m[0m
[  47% ] [90m[1m_update_scan_actions[22m | landscape-offer-no-fuel.png[39m[0m
[  47% ] [90m[1m_update_scan_actions[22m | landscape-retry-fuel.png[39m[0m
[  47% ] [90m[1m_update_scan_actions[22m | landscape-retry-no-fuel.png[39m[0m
[  47% ] [90m[1m_update_scan_actions[22m | landscape-take_next-fuel.png[39m[0m
[  47% ] [90m[1m_update_scan_actions[22m | landscape-take_next-no-fuel.png[39m[0m
[  47% ] [90m[1m_update_scan_actions[22m | portrait-arrest-released.png[39m[0m
[  47% ] [90m[1m_update_scan_actions[22m | portrait-arrest.png[39m[0m
[  47% ] [90m[1m_update_scan_actions[22m | portrait-dispatch-fuel.png[39m[0m
[  47% ] [90m[1m_update_scan_actions[22m | portrait-dispatch-no-fuel.png[39m[0m
[  47% ] [90m[1m_update_scan_actions[22m | portrait-fuel-quote.png[39m[0m
[  47% ] [90m[1m_update_scan_actions[22m | portrait-health-10.png[39m[0m
[  47% ] [90m[1m_update_scan_actions[22m | portrait-health-45.png[39m[0m
[  47% ] [90m[1m_update_scan_actions[22m | portrait-health-100.png[39m[0m
[  48% ] [90m[1m_update_scan_actions[22m | portrait-load-fuel.png[39m[0m
[  48% ] [90m[1m_update_scan_actions[22m | portrait-load-no-fuel.png[39m[0m
[  48% ] [90m[1m_update_scan_actions[22m | portrait-mini-collapsed-cleared.png[39m[0m
[  48% ] [90m[1m_update_scan_actions[22m | portrait-mini-expanded-wanted.png[39m[0m
[  48% ] [90m[1m_update_scan_actions[22m | portrait-offer-fuel.png[39m[0m
[  48% ] [90m[1m_update_scan_actions[22m | portrait-offer-no-fuel.png[39m[0m
[  48% ] [90m[1m_update_scan_actions[22m | portrait-retry-fuel.png[39m[0m
[  48% ] [90m[1m_update_scan_actions[22m | portrait-retry-no-fuel.png[39m[0m
[  48% ] [90m[1m_update_scan_actions[22m | portrait-take_next-fuel.png[39m[0m
[  48% ] [90m[1m_update_scan_actions[22m | portrait-take_next-no-fuel.png[39m[0m
[  48% ] [90m[1m_update_scan_actions[22m | landscape-dispatch-fuel.png[39m[0m
[  48% ] [90m[1m_update_scan_actions[22m | landscape-dispatch-no-fuel.png[39m[0m
[  48% ] [90m[1m_update_scan_actions[22m | landscape-load-fuel.png[39m[0m
[  48% ] [90m[1m_update_scan_actions[22m | landscape-load-no-fuel.png[39m[0m
[  48% ] [90m[1m_update_scan_actions[22m | landscape-offer-fuel.png[39m[0m
[  48% ] [90m[1m_update_scan_actions[22m | landscape-offer-no-fuel.png[39m[0m
[  48% ] [90m[1m_update_scan_actions[22m | landscape-retry-fuel.png[39m[0m
[  48% ] [90m[1m_update_scan_actions[22m | landscape-retry-no-fuel.png[39m[0m
[  48% ] [90m[1m_update_scan_actions[22m | landscape-take_next-fuel.png[39m[0m
[  48% ] [90m[1m_update_scan_actions[22m | landscape-take_next-no-fuel.png[39m[0m
[  48% ] [90m[1m_update_scan_actions[22m | portrait-dispatch-fuel.png[39m[0m
[  48% ] [90m[1m_update_scan_actions[22m | portrait-dispatch-no-fuel.png[39m[0m
[  48% ] [90m[1m_update_scan_actions[22m | portrait-load-fuel.png[39m[0m
[  49% ] [90m[1m_update_scan_actions[22m | portrait-load-no-fuel.png[39m[0m
[  49% ] [90m[1m_update_scan_actions[22m | portrait-offer-fuel.png[39m[0m
[  49% ] [90m[1m_update_scan_actions[22m | portrait-offer-no-fuel.png[39m[0m
[  49% ] [90m[1m_update_scan_actions[22m | portrait-retry-fuel.png[39m[0m
[  49% ] [90m[1m_update_scan_actions[22m | portrait-retry-no-fuel.png[39m[0m
[  49% ] [90m[1m_update_scan_actions[22m | portrait-take_next-fuel.png[39m[0m
[  49% ] [90m[1m_update_scan_actions[22m | portrait-take_next-no-fuel.png[39m[0m
[  49% ] [90m[1m_update_scan_actions[22m | landscape-arrest-released.png[39m[0m
[  49% ] [90m[1m_update_scan_actions[22m | landscape-arrest.png[39m[0m
[  49% ] [90m[1m_update_scan_actions[22m | landscape-dispatch-fuel.png[39m[0m
[  49% ] [90m[1m_update_scan_actions[22m | landscape-dispatch-no-fuel.png[39m[0m
[  49% ] [90m[1m_update_scan_actions[22m | landscape-fuel-quote.png[39m[0m
[  49% ] [90m[1m_update_scan_actions[22m | landscape-health-10.png[39m[0m
[  49% ] [90m[1m_update_scan_actions[22m | landscape-health-45.png[39m[0m
[  49% ] [90m[1m_update_scan_actions[22m | landscape-health-100.png[39m[0m
[  49% ] [90m[1m_update_scan_actions[22m | landscape-load-fuel.png[39m[0m
[  49% ] [90m[1m_update_scan_actions[22m | landscape-load-no-fuel.png[39m[0m
[  49% ] [90m[1m_update_scan_actions[22m | landscape-mini-collapsed-cleared.png[39m[0m
[  49% ] [90m[1m_update_scan_actions[22m | landscape-mini-expanded-wanted.png[39m[0m
[  49% ] [90m[1m_update_scan_actions[22m | landscape-offer-fuel.png[39m[0m
[  49% ] [90m[1m_update_scan_actions[22m | landscape-offer-no-fuel.png[39m[0m
[  49% ] [90m[1m_update_scan_actions[22m | landscape-retry-fuel.png[39m[0m
[  49% ] [90m[1m_update_scan_actions[22m | landscape-retry-no-fuel.png[39m[0m
[  50% ] [90m[1m_update_scan_actions[22m | landscape-take_next-fuel.png[39m[0m
[  50% ] [90m[1m_update_scan_actions[22m | landscape-take_next-no-fuel.png[39m[0m
[  50% ] [90m[1m_update_scan_actions[22m | portrait-arrest-released.png[39m[0m
[  50% ] [90m[1m_update_scan_actions[22m | portrait-arrest.png[39m[0m
[  50% ] [90m[1m_update_scan_actions[22m | portrait-dispatch-fuel.png[39m[0m
[  50% ] [90m[1m_update_scan_actions[22m | portrait-dispatch-no-fuel.png[39m[0m
[  50% ] [90m[1m_update_scan_actions[22m | portrait-fuel-quote.png[39m[0m
[  50% ] [90m[1m_update_scan_actions[22m | portrait-health-10.png[39m[0m
[  50% ] [90m[1m_update_scan_actions[22m | portrait-health-45.png[39m[0m
[  50% ] [90m[1m_update_scan_actions[22m | portrait-health-100.png[39m[0m
[  50% ] [90m[1m_update_scan_actions[22m | portrait-load-fuel.png[39m[0m
[  50% ] [90m[1m_update_scan_actions[22m | portrait-load-no-fuel.png[39m[0m
[  50% ] [90m[1m_update_scan_actions[22m | portrait-mini-collapsed-cleared.png[39m[0m
[  50% ] [90m[1m_update_scan_actions[22m | portrait-mini-expanded-wanted.png[39m[0m
[  50% ] [90m[1m_update_scan_actions[22m | portrait-offer-fuel.png[39m[0m
[  50% ] [90m[1m_update_scan_actions[22m | portrait-offer-no-fuel.png[39m[0m
[  50% ] [90m[1m_update_scan_actions[22m | portrait-retry-fuel.png[39m[0m
[  50% ] [90m[1m_update_scan_actions[22m | portrait-retry-no-fuel.png[39m[0m
[  50% ] [90m[1m_update_scan_actions[22m | portrait-take_next-fuel.png[39m[0m
[  50% ] [90m[1m_update_scan_actions[22m | portrait-take_next-no-fuel.png[39m[0m
[  50% ] [90m[1m_update_scan_actions[22m | landscape-confirm.png[39m[0m
[  50% ] [90m[1m_update_scan_actions[22m | landscape-gig-detail.png[39m[0m
[  50% ] [90m[1m_update_scan_actions[22m | landscape-paid.png[39m[0m
[  51% ] [90m[1m_update_scan_actions[22m | landscape-reloaded.png[39m[0m
[  51% ] [90m[1m_update_scan_actions[22m | landscape-second-paid.png[39m[0m
[  51% ] [90m[1m_update_scan_actions[22m | portrait-confirm.png[39m[0m
[  51% ] [90m[1m_update_scan_actions[22m | portrait-range.png[39m[0m
[  51% ] [90m[1m_update_scan_actions[22m | landscape-dispatch-fuel.png[39m[0m
[  51% ] [90m[1m_update_scan_actions[22m | landscape-dispatch-no-fuel.png[39m[0m
[  51% ] [90m[1m_update_scan_actions[22m | landscape-load-fuel.png[39m[0m
[  51% ] [90m[1m_update_scan_actions[22m | landscape-load-no-fuel.png[39m[0m
[  51% ] [90m[1m_update_scan_actions[22m | landscape-offer-fuel.png[39m[0m
[  51% ] [90m[1m_update_scan_actions[22m | landscape-offer-no-fuel.png[39m[0m
[  51% ] [90m[1m_update_scan_actions[22m | landscape-retry-fuel.png[39m[0m
[  51% ] [90m[1m_update_scan_actions[22m | landscape-retry-no-fuel.png[39m[0m
[  51% ] [90m[1m_update_scan_actions[22m | landscape-take_next-fuel.png[39m[0m
[  51% ] [90m[1m_update_scan_actions[22m | landscape-take_next-no-fuel.png[39m[0m
[  51% ] [90m[1m_update_scan_actions[22m | portrait-dispatch-fuel.png[39m[0m
[  51% ] [90m[1m_update_scan_actions[22m | portrait-dispatch-no-fuel.png[39m[0m
[  51% ] [90m[1m_update_scan_actions[22m | portrait-load-fuel.png[39m[0m
[  51% ] [90m[1m_update_scan_actions[22m | portrait-load-no-fuel.png[39m[0m
[  51% ] [90m[1m_update_scan_actions[22m | portrait-offer-fuel.png[39m[0m
[  51% ] [90m[1m_update_scan_actions[22m | portrait-offer-no-fuel.png[39m[0m
[  51% ] [90m[1m_update_scan_actions[22m | portrait-retry-fuel.png[39m[0m
[  51% ] [90m[1m_update_scan_actions[22m | portrait-retry-no-fuel.png[39m[0m
[  51% ] [90m[1m_update_scan_actions[22m | portrait-take_next-fuel.png[39m[0m
[  52% ] [90m[1m_update_scan_actions[22m | portrait-take_next-no-fuel.png[39m[0m
[  52% ] [90m[1m_update_scan_actions[22m | landscape-arrest-released.png[39m[0m
[  52% ] [90m[1m_update_scan_actions[22m | landscape-arrest.png[39m[0m
[  52% ] [90m[1m_update_scan_actions[22m | landscape-dispatch-fuel.png[39m[0m
[  52% ] [90m[1m_update_scan_actions[22m | landscape-dispatch-no-fuel.png[39m[0m
[  52% ] [90m[1m_update_scan_actions[22m | landscape-fuel-quote.png[39m[0m
[  52% ] [90m[1m_update_scan_actions[22m | landscape-health-10.png[39m[0m
[  52% ] [90m[1m_update_scan_actions[22m | landscape-health-45.png[39m[0m
[  52% ] [90m[1m_update_scan_actions[22m | landscape-health-100.png[39m[0m
[  52% ] [90m[1m_update_scan_actions[22m | landscape-load-fuel.png[39m[0m
[  52% ] [90m[1m_update_scan_actions[22m | landscape-load-no-fuel.png[39m[0m
[  52% ] [90m[1m_update_scan_actions[22m | landscape-mini-collapsed-cleared.png[39m[0m
[  52% ] [90m[1m_update_scan_actions[22m | landscape-mini-expanded-wanted.png[39m[0m
[  52% ] [90m[1m_update_scan_actions[22m | landscape-offer-fuel.png[39m[0m
[  52% ] [90m[1m_update_scan_actions[22m | landscape-offer-no-fuel.png[39m[0m
[  52% ] [90m[1m_update_scan_actions[22m | landscape-retry-fuel.png[39m[0m
[  52% ] [90m[1m_update_scan_actions[22m | landscape-retry-no-fuel.png[39m[0m
[  52% ] [90m[1m_update_scan_actions[22m | landscape-take_next-fuel.png[39m[0m
[  52% ] [90m[1m_update_scan_actions[22m | landscape-take_next-no-fuel.png[39m[0m
[  52% ] [90m[1m_update_scan_actions[22m | portrait-arrest-released.png[39m[0m
[  52% ] [90m[1m_update_scan_actions[22m | portrait-arrest.png[39m[0m
[  52% ] [90m[1m_update_scan_actions[22m | portrait-dispatch-fuel.png[39m[0m
[  52% ] [90m[1m_update_scan_actions[22m | portrait-dispatch-no-fuel.png[39m[0m
[  53% ] [90m[1m_update_scan_actions[22m | portrait-fuel-quote.png[39m[0m
[  53% ] [90m[1m_update_scan_actions[22m | portrait-health-10.png[39m[0m
[  53% ] [90m[1m_update_scan_actions[22m | portrait-health-45.png[39m[0m
[  53% ] [90m[1m_update_scan_actions[22m | portrait-health-100.png[39m[0m
[  53% ] [90m[1m_update_scan_actions[22m | portrait-load-fuel.png[39m[0m
[  53% ] [90m[1m_update_scan_actions[22m | portrait-load-no-fuel.png[39m[0m
[  53% ] [90m[1m_update_scan_actions[22m | portrait-mini-collapsed-cleared.png[39m[0m
[  53% ] [90m[1m_update_scan_actions[22m | portrait-mini-expanded-wanted.png[39m[0m
[  53% ] [90m[1m_update_scan_actions[22m | portrait-offer-fuel.png[39m[0m
[  53% ] [90m[1m_update_scan_actions[22m | portrait-offer-no-fuel.png[39m[0m
[  53% ] [90m[1m_update_scan_actions[22m | portrait-retry-fuel.png[39m[0m
[  53% ] [90m[1m_update_scan_actions[22m | portrait-retry-no-fuel.png[39m[0m
[  53% ] [90m[1m_update_scan_actions[22m | portrait-take_next-fuel.png[39m[0m
[  53% ] [90m[1m_update_scan_actions[22m | portrait-take_next-no-fuel.png[39m[0m
[  53% ] [90m[1m_update_scan_actions[22m | escape.png[39m[0m
[  53% ] [90m[1m_update_scan_actions[22m | landscape-safe.png[39m[0m
[  53% ] [90m[1m_update_scan_actions[22m | portrait-safe.png[39m[0m
[  53% ] [90m[1m_update_scan_actions[22m | quote.png[39m[0m
[  53% ] [90m[1m_update_scan_actions[22m | tab-cancel.png[39m[0m
[  53% ] [90m[1m_update_scan_actions[22m | tab-quote.png[39m[0m
[  53% ] [90m[1m_update_scan_actions[22m | landscape-arrest-released.png[39m[0m
[  53% ] [90m[1m_update_scan_actions[22m | landscape-arrest.png[39m[0m
[  53% ] [90m[1m_update_scan_actions[22m | landscape-dispatch-fuel.png[39m[0m
[  54% ] [90m[1m_update_scan_actions[22m | landscape-dispatch-no-fuel.png[39m[0m
[  54% ] [90m[1m_update_scan_actions[22m | landscape-fuel-quote.png[39m[0m
[  54% ] [90m[1m_update_scan_actions[22m | landscape-health-10.png[39m[0m
[  54% ] [90m[1m_update_scan_actions[22m | landscape-health-45.png[39m[0m
[  54% ] [90m[1m_update_scan_actions[22m | landscape-health-100.png[39m[0m
[  54% ] [90m[1m_update_scan_actions[22m | landscape-load-fuel.png[39m[0m
[  54% ] [90m[1m_update_scan_actions[22m | landscape-load-no-fuel.png[39m[0m
[  54% ] [90m[1m_update_scan_actions[22m | landscape-mini-collapsed-cleared.png[39m[0m
[  54% ] [90m[1m_update_scan_actions[22m | landscape-mini-expanded-wanted.png[39m[0m
[  54% ] [90m[1m_update_scan_actions[22m | landscape-offer-fuel.png[39m[0m
[  54% ] [90m[1m_update_scan_actions[22m | landscape-offer-no-fuel.png[39m[0m
[  54% ] [90m[1m_update_scan_actions[22m | landscape-retry-fuel.png[39m[0m
[  54% ] [90m[1m_update_scan_actions[22m | landscape-retry-no-fuel.png[39m[0m
[  54% ] [90m[1m_update_scan_actions[22m | landscape-take_next-fuel.png[39m[0m
[  54% ] [90m[1m_update_scan_actions[22m | landscape-take_next-no-fuel.png[39m[0m
[  54% ] [90m[1m_update_scan_actions[22m | portrait-arrest-released.png[39m[0m
[  54% ] [90m[1m_update_scan_actions[22m | portrait-arrest.png[39m[0m
[  54% ] [90m[1m_update_scan_actions[22m | portrait-dispatch-fuel.png[39m[0m
[  54% ] [90m[1m_update_scan_actions[22m | portrait-dispatch-no-fuel.png[39m[0m
[  54% ] [90m[1m_update_scan_actions[22m | portrait-fuel-quote.png[39m[0m
[  54% ] [90m[1m_update_scan_actions[22m | portrait-health-10.png[39m[0m
[  54% ] [90m[1m_update_scan_actions[22m | portrait-health-45.png[39m[0m
[  55% ] [90m[1m_update_scan_actions[22m | portrait-health-100.png[39m[0m
[  55% ] [90m[1m_update_scan_actions[22m | portrait-load-fuel.png[39m[0m
[  55% ] [90m[1m_update_scan_actions[22m | portrait-load-no-fuel.png[39m[0m
[  55% ] [90m[1m_update_scan_actions[22m | portrait-mini-collapsed-cleared.png[39m[0m
[  55% ] [90m[1m_update_scan_actions[22m | portrait-mini-expanded-wanted.png[39m[0m
[  55% ] [90m[1m_update_scan_actions[22m | portrait-offer-fuel.png[39m[0m
[  55% ] [90m[1m_update_scan_actions[22m | portrait-offer-no-fuel.png[39m[0m
[  55% ] [90m[1m_update_scan_actions[22m | portrait-retry-fuel.png[39m[0m
[  55% ] [90m[1m_update_scan_actions[22m | portrait-retry-no-fuel.png[39m[0m
[  55% ] [90m[1m_update_scan_actions[22m | portrait-take_next-fuel.png[39m[0m
[  55% ] [90m[1m_update_scan_actions[22m | portrait-take_next-no-fuel.png[39m[0m
[  55% ] [90m[1m_update_scan_actions[22m | landscape-arrest-released.png[39m[0m
[  55% ] [90m[1m_update_scan_actions[22m | landscape-arrest.png[39m[0m
[  55% ] [90m[1m_update_scan_actions[22m | landscape-dispatch-fuel.png[39m[0m
[  55% ] [90m[1m_update_scan_actions[22m | landscape-dispatch-no-fuel.png[39m[0m
[  55% ] [90m[1m_update_scan_actions[22m | landscape-fuel-quote.png[39m[0m
[  55% ] [90m[1m_update_scan_actions[22m | landscape-health-10.png[39m[0m
[  55% ] [90m[1m_update_scan_actions[22m | landscape-health-45.png[39m[0m
[  55% ] [90m[1m_update_scan_actions[22m | landscape-health-100.png[39m[0m
[  55% ] [90m[1m_update_scan_actions[22m | landscape-load-fuel.png[39m[0m
[  55% ] [90m[1m_update_scan_actions[22m | landscape-load-no-fuel.png[39m[0m
[  55% ] [90m[1m_update_scan_actions[22m | landscape-mini-collapsed-cleared.png[39m[0m
[  55% ] [90m[1m_update_scan_actions[22m | landscape-mini-expanded-wanted.png[39m[0m
[  56% ] [90m[1m_update_scan_actions[22m | landscape-offer-fuel.png[39m[0m
[  56% ] [90m[1m_update_scan_actions[22m | landscape-offer-no-fuel.png[39m[0m
[  56% ] [90m[1m_update_scan_actions[22m | landscape-retry-fuel.png[39m[0m
[  56% ] [90m[1m_update_scan_actions[22m | landscape-retry-no-fuel.png[39m[0m
[  56% ] [90m[1m_update_scan_actions[22m | landscape-take_next-fuel.png[39m[0m
[  56% ] [90m[1m_update_scan_actions[22m | landscape-take_next-no-fuel.png[39m[0m
[  56% ] [90m[1m_update_scan_actions[22m | portrait-dispatch-fuel.png[39m[0m
[  56% ] [90m[1m_update_scan_actions[22m | portrait-dispatch-no-fuel.png[39m[0m
[  56% ] [90m[1m_update_scan_actions[22m | portrait-offer-fuel.png[39m[0m
[  56% ] [90m[1m_update_scan_actions[22m | portrait-offer-no-fuel.png[39m[0m
[  56% ] [90m[1m_update_scan_actions[22m | portrait-retry-fuel.png[39m[0m
[  56% ] [90m[1m_update_scan_actions[22m | portrait-retry-no-fuel.png[39m[0m
[  56% ] [90m[1m_update_scan_actions[22m | portrait-take_next-no-fuel.png[39m[0m
[  56% ] [90m[1m_update_scan_actions[22m | quay_east-approach.png[39m[0m
[  56% ] [90m[1m_update_scan_actions[22m | quay_east-wide.png[39m[0m
[  56% ] [90m[1m_update_scan_actions[22m | quay_west-approach.png[39m[0m
[  56% ] [90m[1m_update_scan_actions[22m | quay_west-wide.png[39m[0m
[  56% ] [90m[1m_update_scan_actions[22m | empty-tow-confirm.png[39m[0m
[  56% ] [90m[1m_update_scan_actions[22m | fuel-game-over.png[39m[0m
[  56% ] [90m[1m_update_scan_actions[22m | landscape-confirm.png[39m[0m
[  56% ] [90m[1m_update_scan_actions[22m | landscape-low-range.png[39m[0m
[  56% ] [90m[1m_update_scan_actions[22m | landscape-paid.png[39m[0m
[  56% ] [90m[1m_update_scan_actions[22m | portrait-confirm.png[39m[0m
[  57% ] [90m[1m_update_scan_actions[22m | portrait-low-range.png[39m[0m
[  57% ] [90m[1m_update_scan_actions[22m | portrait-paid.png[39m[0m
[  57% ] [90m[1m_update_scan_actions[22m | wreck-game-over.png[39m[0m
[  57% ] [90m[1m_update_scan_actions[22m | wreck-salvage-confirm.png[39m[0m
[  57% ] [90m[1m_update_scan_actions[22m | escape.png[39m[0m
[  57% ] [90m[1m_update_scan_actions[22m | landscape-safe.png[39m[0m
[  57% ] [90m[1m_update_scan_actions[22m | portrait-safe.png[39m[0m
[  57% ] [90m[1m_update_scan_actions[22m | quote.png[39m[0m
[  57% ] [90m[1m_update_scan_actions[22m | tab-cancel.png[39m[0m
[  57% ] [90m[1m_update_scan_actions[22m | tab-quote.png[39m[0m
[  57% ] [90m[1m_update_scan_actions[22m | escape.png[39m[0m
[  57% ] [90m[1m_update_scan_actions[22m | quote.png[39m[0m
[  57% ] [90m[1m_update_scan_actions[22m | tab-cancel.png[39m[0m
[  57% ] [90m[1m_update_scan_actions[22m | tab-quote.png[39m[0m
[  57% ] [90m[1m_update_scan_actions[22m | landscape-confirm.png[39m[0m
[  57% ] [90m[1m_update_scan_actions[22m | landscape-paid.png[39m[0m
[  57% ] [90m[1m_update_scan_actions[22m | landscape-reloaded.png[39m[0m
[  57% ] [90m[1m_update_scan_actions[22m | landscape-second-paid.png[39m[0m
[  57% ] [90m[1m_update_scan_actions[22m | portrait-confirm.png[39m[0m
[  57% ] [90m[1m_update_scan_actions[22m | portrait-range.png[39m[0m
[  57% ] [90m[1m_update_scan_actions[22m | escape.png[39m[0m
[  57% ] [90m[1m_update_scan_actions[22m | quote.png[39m[0m
[  57% ] [90m[1m_update_scan_actions[22m | tab-cancel.png[39m[0m
[  58% ] [90m[1m_update_scan_actions[22m | tab-quote.png[39m[0m
[  58% ] [90m[1m_update_scan_actions[22m | escape.png[39m[0m
[  58% ] [90m[1m_update_scan_actions[22m | landscape-safe.png[39m[0m
[  58% ] [90m[1m_update_scan_actions[22m | portrait-safe.png[39m[0m
[  58% ] [90m[1m_update_scan_actions[22m | quote.png[39m[0m
[  58% ] [90m[1m_update_scan_actions[22m | tab-cancel.png[39m[0m
[  58% ] [90m[1m_update_scan_actions[22m | tab-quote.png[39m[0m
[  58% ] [90m[1m_update_scan_actions[22m | landscape-busted.png[39m[0m
[  58% ] [90m[1m_update_scan_actions[22m | landscape-cleared.png[39m[0m
[  58% ] [90m[1m_update_scan_actions[22m | landscape-fill-quote.png[39m[0m
[  58% ] [90m[1m_update_scan_actions[22m | landscape-gig-active.png[39m[0m
[  58% ] [90m[1m_update_scan_actions[22m | landscape-gig-pickup.png[39m[0m
[  58% ] [90m[1m_update_scan_actions[22m | landscape-gig-settled.png[39m[0m
[  58% ] [90m[1m_update_scan_actions[22m | landscape-idle.png[39m[0m
[  58% ] [90m[1m_update_scan_actions[22m | landscape-insufficient-fill.png[39m[0m
[  58% ] [90m[1m_update_scan_actions[22m | landscape-insufficient-home.png[39m[0m
[  58% ] [90m[1m_update_scan_actions[22m | landscape-pedestrian-low-balance.png[39m[0m
[  58% ] [90m[1m_update_scan_actions[22m | landscape-run-over.png[39m[0m
[  58% ] [90m[1m_update_scan_actions[22m | landscape-salvage-quote.png[39m[0m
[  58% ] [90m[1m_update_scan_actions[22m | landscape-tow-quote.png[39m[0m
[  58% ] [90m[1m_update_scan_actions[22m | landscape-vehicle-low-range.png[39m[0m
[  58% ] [90m[1m_update_scan_actions[22m | portrait-busted.png[39m[0m
[  58% ] [90m[1m_update_scan_actions[22m | portrait-cleared.png[39m[0m
[  59% ] [90m[1m_update_scan_actions[22m | portrait-fill-quote.png[39m[0m
[  59% ] [90m[1m_update_scan_actions[22m | portrait-gig-active.png[39m[0m
[  59% ] [90m[1m_update_scan_actions[22m | portrait-gig-pickup.png[39m[0m
[  59% ] [90m[1m_update_scan_actions[22m | portrait-gig-settled.png[39m[0m
[  59% ] [90m[1m_update_scan_actions[22m | portrait-idle.png[39m[0m
[  59% ] [90m[1m_update_scan_actions[22m | portrait-insufficient-fill.png[39m[0m
[  59% ] [90m[1m_update_scan_actions[22m | portrait-insufficient-home.png[39m[0m
[  59% ] [90m[1m_update_scan_actions[22m | portrait-pedestrian-low-balance.png[39m[0m
[  59% ] [90m[1m_update_scan_actions[22m | portrait-run-over.png[39m[0m
[  59% ] [90m[1m_update_scan_actions[22m | portrait-salvage-quote.png[39m[0m
[  59% ] [90m[1m_update_scan_actions[22m | portrait-tow-quote.png[39m[0m
[  59% ] [90m[1m_update_scan_actions[22m | portrait-vehicle-low-range.png[39m[0m
[  59% ] [90m[1m_update_scan_actions[22m | landscape-busted.png[39m[0m
[  59% ] [90m[1m_update_scan_actions[22m | landscape-cleared.png[39m[0m
[  59% ] [90m[1m_update_scan_actions[22m | landscape-fill-quote.png[39m[0m
[  59% ] [90m[1m_update_scan_actions[22m | landscape-gig-active.png[39m[0m
[  59% ] [90m[1m_update_scan_actions[22m | landscape-gig-pickup.png[39m[0m
[  59% ] [90m[1m_update_scan_actions[22m | landscape-gig-settled.png[39m[0m
[  59% ] [90m[1m_update_scan_actions[22m | landscape-idle.png[39m[0m
[  59% ] [90m[1m_update_scan_actions[22m | landscape-insufficient-fill.png[39m[0m
[  59% ] [90m[1m_update_scan_actions[22m | landscape-insufficient-home.png[39m[0m
[  59% ] [90m[1m_update_scan_actions[22m | landscape-pedestrian-low-balance.png[39m[0m
[  59% ] [90m[1m_update_scan_actions[22m | landscape-run-over.png[39m[0m
[  60% ] [90m[1m_update_scan_actions[22m | landscape-salvage-quote.png[39m[0m
[  60% ] [90m[1m_update_scan_actions[22m | landscape-tow-quote.png[39m[0m
[  60% ] [90m[1m_update_scan_actions[22m | landscape-vehicle-low-range.png[39m[0m
[  60% ] [90m[1m_update_scan_actions[22m | portrait-busted.png[39m[0m
[  60% ] [90m[1m_update_scan_actions[22m | portrait-cleared.png[39m[0m
[  60% ] [90m[1m_update_scan_actions[22m | portrait-fill-quote.png[39m[0m
[  60% ] [90m[1m_update_scan_actions[22m | portrait-gig-active.png[39m[0m
[  60% ] [90m[1m_update_scan_actions[22m | portrait-gig-pickup.png[39m[0m
[  60% ] [90m[1m_update_scan_actions[22m | portrait-gig-settled.png[39m[0m
[  60% ] [90m[1m_update_scan_actions[22m | portrait-idle.png[39m[0m
[  60% ] [90m[1m_update_scan_actions[22m | portrait-insufficient-fill.png[39m[0m
[  60% ] [90m[1m_update_scan_actions[22m | portrait-insufficient-home.png[39m[0m
[  60% ] [90m[1m_update_scan_actions[22m | portrait-pedestrian-low-balance.png[39m[0m
[  60% ] [90m[1m_update_scan_actions[22m | portrait-run-over.png[39m[0m
[  60% ] [90m[1m_update_scan_actions[22m | portrait-salvage-quote.png[39m[0m
[  60% ] [90m[1m_update_scan_actions[22m | portrait-tow-quote.png[39m[0m
[  60% ] [90m[1m_update_scan_actions[22m | portrait-vehicle-low-range.png[39m[0m
[  60% ] [90m[1m_update_scan_actions[22m | empty-tow-confirm.png[39m[0m
[  60% ] [90m[1m_update_scan_actions[22m | fuel-game-over.png[39m[0m
[  60% ] [90m[1m_update_scan_actions[22m | landscape-confirm.png[39m[0m
[  60% ] [90m[1m_update_scan_actions[22m | landscape-low-range.png[39m[0m
[  60% ] [90m[1m_update_scan_actions[22m | landscape-paid.png[39m[0m
[  60% ] [90m[1m_update_scan_actions[22m | portrait-confirm.png[39m[0m
[  61% ] [90m[1m_update_scan_actions[22m | portrait-low-range.png[39m[0m
[  61% ] [90m[1m_update_scan_actions[22m | portrait-paid.png[39m[0m
[  61% ] [90m[1m_update_scan_actions[22m | wreck-game-over.png[39m[0m
[  61% ] [90m[1m_update_scan_actions[22m | wreck-salvage-confirm.png[39m[0m
[  61% ] [90m[1m_update_scan_actions[22m | landscape-busted.png[39m[0m
[  61% ] [90m[1m_update_scan_actions[22m | landscape-cleared.png[39m[0m
[  61% ] [90m[1m_update_scan_actions[22m | landscape-fill-quote.png[39m[0m
[  61% ] [90m[1m_update_scan_actions[22m | landscape-idle.png[39m[0m
[  61% ] [90m[1m_update_scan_actions[22m | landscape-insufficient-fill.png[39m[0m
[  61% ] [90m[1m_update_scan_actions[22m | landscape-pedestrian-low-balance.png[39m[0m
[  61% ] [90m[1m_update_scan_actions[22m | landscape-run-over.png[39m[0m
[  61% ] [90m[1m_update_scan_actions[22m | landscape-salvage-quote.png[39m[0m
[  61% ] [90m[1m_update_scan_actions[22m | landscape-tow-quote.png[39m[0m
[  61% ] [90m[1m_update_scan_actions[22m | landscape-vehicle-low-range.png[39m[0m
[  61% ] [90m[1m_update_scan_actions[22m | portrait-busted.png[39m[0m
[  61% ] [90m[1m_update_scan_actions[22m | portrait-cleared.png[39m[0m
[  61% ] [90m[1m_update_scan_actions[22m | portrait-fill-quote.png[39m[0m
[  61% ] [90m[1m_update_scan_actions[22m | portrait-idle.png[39m[0m
[  61% ] [90m[1m_update_scan_actions[22m | portrait-insufficient-fill.png[39m[0m
[  61% ] [90m[1m_update_scan_actions[22m | portrait-pedestrian-low-balance.png[39m[0m
[  61% ] [90m[1m_update_scan_actions[22m | portrait-run-over.png[39m[0m
[  61% ] [90m[1m_update_scan_actions[22m | portrait-salvage-quote.png[39m[0m
[  61% ] [90m[1m_update_scan_actions[22m | portrait-tow-quote.png[39m[0m
[  62% ] [90m[1m_update_scan_actions[22m | portrait-vehicle-low-range.png[39m[0m
[  62% ] [90m[1m_update_scan_actions[22m | landscape-busted.png[39m[0m
[  62% ] [90m[1m_update_scan_actions[22m | landscape-cleared.png[39m[0m
[  62% ] [90m[1m_update_scan_actions[22m | landscape-fill-quote.png[39m[0m
[  62% ] [90m[1m_update_scan_actions[22m | landscape-gig-active.png[39m[0m
[  62% ] [90m[1m_update_scan_actions[22m | landscape-gig-pickup.png[39m[0m
[  62% ] [90m[1m_update_scan_actions[22m | landscape-gig-settled.png[39m[0m
[  62% ] [90m[1m_update_scan_actions[22m | landscape-idle.png[39m[0m
[  62% ] [90m[1m_update_scan_actions[22m | landscape-insufficient-fill.png[39m[0m
[  62% ] [90m[1m_update_scan_actions[22m | landscape-insufficient-home.png[39m[0m
[  62% ] [90m[1m_update_scan_actions[22m | landscape-pedestrian-low-balance.png[39m[0m
[  62% ] [90m[1m_update_scan_actions[22m | landscape-run-over.png[39m[0m
[  62% ] [90m[1m_update_scan_actions[22m | landscape-salvage-quote.png[39m[0m
[  62% ] [90m[1m_update_scan_actions[22m | landscape-tow-quote.png[39m[0m
[  62% ] [90m[1m_update_scan_actions[22m | landscape-vehicle-low-range.png[39m[0m
[  62% ] [90m[1m_update_scan_actions[22m | portrait-busted.png[39m[0m
[  62% ] [90m[1m_update_scan_actions[22m | portrait-cleared.png[39m[0m
[  62% ] [90m[1m_update_scan_actions[22m | portrait-fill-quote.png[39m[0m
[  62% ] [90m[1m_update_scan_actions[22m | portrait-gig-active.png[39m[0m
[  62% ] [90m[1m_update_scan_actions[22m | portrait-gig-pickup.png[39m[0m
[  62% ] [90m[1m_update_scan_actions[22m | portrait-gig-settled.png[39m[0m
[  62% ] [90m[1m_update_scan_actions[22m | portrait-idle.png[39m[0m
[  62% ] [90m[1m_update_scan_actions[22m | portrait-insufficient-fill.png[39m[0m
[  63% ] [90m[1m_update_scan_actions[22m | portrait-insufficient-home.png[39m[0m
[  63% ] [90m[1m_update_scan_actions[22m | portrait-pedestrian-low-balance.png[39m[0m
[  63% ] [90m[1m_update_scan_actions[22m | portrait-run-over.png[39m[0m
[  63% ] [90m[1m_update_scan_actions[22m | portrait-salvage-quote.png[39m[0m
[  63% ] [90m[1m_update_scan_actions[22m | portrait-tow-quote.png[39m[0m
[  63% ] [90m[1m_update_scan_actions[22m | portrait-vehicle-low-range.png[39m[0m
[  63% ] [90m[1m_update_scan_actions[22m | landscape-busted.png[39m[0m
[  63% ] [90m[1m_update_scan_actions[22m | landscape-cleared.png[39m[0m
[  63% ] [90m[1m_update_scan_actions[22m | landscape-fill-quote.png[39m[0m
[  63% ] [90m[1m_update_scan_actions[22m | landscape-gig-active.png[39m[0m
[  63% ] [90m[1m_update_scan_actions[22m | landscape-gig-pickup.png[39m[0m
[  63% ] [90m[1m_update_scan_actions[22m | landscape-gig-settled.png[39m[0m
[  63% ] [90m[1m_update_scan_actions[22m | landscape-idle.png[39m[0m
[  63% ] [90m[1m_update_scan_actions[22m | landscape-insufficient-fill.png[39m[0m
[  63% ] [90m[1m_update_scan_actions[22m | landscape-insufficient-home.png[39m[0m
[  63% ] [90m[1m_update_scan_actions[22m | landscape-pedestrian-low-balance.png[39m[0m
[  63% ] [90m[1m_update_scan_actions[22m | landscape-run-over.png[39m[0m
[  63% ] [90m[1m_update_scan_actions[22m | landscape-salvage-quote.png[39m[0m
[  63% ] [90m[1m_update_scan_actions[22m | landscape-tow-quote.png[39m[0m
[  63% ] [90m[1m_update_scan_actions[22m | landscape-vehicle-low-range.png[39m[0m
[  63% ] [90m[1m_update_scan_actions[22m | portrait-busted.png[39m[0m
[  63% ] [90m[1m_update_scan_actions[22m | portrait-cleared.png[39m[0m
[  64% ] [90m[1m_update_scan_actions[22m | portrait-fill-quote.png[39m[0m
[  64% ] [90m[1m_update_scan_actions[22m | portrait-gig-active.png[39m[0m
[  64% ] [90m[1m_update_scan_actions[22m | portrait-gig-pickup.png[39m[0m
[  64% ] [90m[1m_update_scan_actions[22m | portrait-gig-settled.png[39m[0m
[  64% ] [90m[1m_update_scan_actions[22m | portrait-idle.png[39m[0m
[  64% ] [90m[1m_update_scan_actions[22m | portrait-insufficient-fill.png[39m[0m
[  64% ] [90m[1m_update_scan_actions[22m | portrait-insufficient-home.png[39m[0m
[  64% ] [90m[1m_update_scan_actions[22m | portrait-pedestrian-low-balance.png[39m[0m
[  64% ] [90m[1m_update_scan_actions[22m | portrait-run-over.png[39m[0m
[  64% ] [90m[1m_update_scan_actions[22m | portrait-salvage-quote.png[39m[0m
[  64% ] [90m[1m_update_scan_actions[22m | portrait-tow-quote.png[39m[0m
[  64% ] [90m[1m_update_scan_actions[22m | portrait-vehicle-low-range.png[39m[0m
[  64% ] [90m[1m_update_scan_actions[22m | escape.png[39m[0m
[  64% ] [90m[1m_update_scan_actions[22m | landscape-safe.png[39m[0m
[  64% ] [90m[1m_update_scan_actions[22m | portrait-safe.png[39m[0m
[  64% ] [90m[1m_update_scan_actions[22m | quote.png[39m[0m
[  64% ] [90m[1m_update_scan_actions[22m | tab-cancel.png[39m[0m
[  64% ] [90m[1m_update_scan_actions[22m | tab-quote.png[39m[0m
[  64% ] [90m[1m_update_scan_actions[22m | landscape-busted.png[39m[0m
[  64% ] [90m[1m_update_scan_actions[22m | landscape-cleared.png[39m[0m
[  64% ] [90m[1m_update_scan_actions[22m | landscape-fill-quote.png[39m[0m
[  64% ] [90m[1m_update_scan_actions[22m | landscape-gig-active.png[39m[0m
[  64% ] [90m[1m_update_scan_actions[22m | landscape-gig-pickup.png[39m[0m
[  65% ] [90m[1m_update_scan_actions[22m | landscape-gig-settled.png[39m[0m
[  65% ] [90m[1m_update_scan_actions[22m | landscape-idle.png[39m[0m
[  65% ] [90m[1m_update_scan_actions[22m | landscape-insufficient-fill.png[39m[0m
[  65% ] [90m[1m_update_scan_actions[22m | landscape-insufficient-home.png[39m[0m
[  65% ] [90m[1m_update_scan_actions[22m | landscape-pedestrian-low-balance.png[39m[0m
[  65% ] [90m[1m_update_scan_actions[22m | landscape-run-over.png[39m[0m
[  65% ] [90m[1m_update_scan_actions[22m | landscape-salvage-quote.png[39m[0m
[  65% ] [90m[1m_update_scan_actions[22m | landscape-tow-quote.png[39m[0m
[  65% ] [90m[1m_update_scan_actions[22m | landscape-vehicle-low-range.png[39m[0m
[  65% ] [90m[1m_update_scan_actions[22m | portrait-busted.png[39m[0m
[  65% ] [90m[1m_update_scan_actions[22m | portrait-cleared.png[39m[0m
[  65% ] [90m[1m_update_scan_actions[22m | portrait-fill-quote.png[39m[0m
[  65% ] [90m[1m_update_scan_actions[22m | portrait-gig-active.png[39m[0m
[  65% ] [90m[1m_update_scan_actions[22m | portrait-gig-pickup.png[39m[0m
[  65% ] [90m[1m_update_scan_actions[22m | portrait-gig-settled.png[39m[0m
[  65% ] [90m[1m_update_scan_actions[22m | portrait-idle.png[39m[0m
[  65% ] [90m[1m_update_scan_actions[22m | portrait-insufficient-fill.png[39m[0m
[  65% ] [90m[1m_update_scan_actions[22m | portrait-insufficient-home.png[39m[0m
[  65% ] [90m[1m_update_scan_actions[22m | portrait-pedestrian-low-balance.png[39m[0m
[  65% ] [90m[1m_update_scan_actions[22m | portrait-run-over.png[39m[0m
[  65% ] [90m[1m_update_scan_actions[22m | portrait-salvage-quote.png[39m[0m
[  65% ] [90m[1m_update_scan_actions[22m | portrait-tow-quote.png[39m[0m
[  65% ] [90m[1m_update_scan_actions[22m | portrait-vehicle-low-range.png[39m[0m
[  66% ] [90m[1m_update_scan_actions[22m | after-contact.png[39m[0m
[  66% ] [90m[1m_update_scan_actions[22m | before-contact.png[39m[0m
[  66% ] [90m[1m_update_scan_actions[22m | web-landscape-contact.png[39m[0m
[  66% ] [90m[1m_update_scan_actions[22m | web-portrait-contact.png[39m[0m
[  66% ] [90m[1m_update_scan_actions[22m | landscape-confirm.png[39m[0m
[  66% ] [90m[1m_update_scan_actions[22m | landscape-paid.png[39m[0m
[  66% ] [90m[1m_update_scan_actions[22m | landscape-reloaded.png[39m[0m
[  66% ] [90m[1m_update_scan_actions[22m | landscape-second-paid.png[39m[0m
[  66% ] [90m[1m_update_scan_actions[22m | portrait-confirm.png[39m[0m
[  66% ] [90m[1m_update_scan_actions[22m | portrait-range.png[39m[0m
[  66% ] [90m[1m_update_scan_actions[22m | landscape-confirm.png[39m[0m
[  66% ] [90m[1m_update_scan_actions[22m | landscape-paid.png[39m[0m
[  66% ] [90m[1m_update_scan_actions[22m | landscape-reloaded.png[39m[0m
[  66% ] [90m[1m_update_scan_actions[22m | landscape-second-paid.png[39m[0m
[  66% ] [90m[1m_update_scan_actions[22m | portrait-confirm.png[39m[0m
[  66% ] [90m[1m_update_scan_actions[22m | portrait-range.png[39m[0m
[  66% ] [90m[1m_update_scan_actions[22m | station-plan.png[39m[0m
[  66% ] [90m[1m_update_scan_actions[22m | td-207-1-drive-after-landscape.png[39m[0m
[  66% ] [90m[1m_update_scan_actions[22m | td-207-1-drive-after-portrait.png[39m[0m
[  66% ] [90m[1m_update_scan_actions[22m | td-207-2-staged-after-landscape.png[39m[0m
[  66% ] [90m[1m_update_scan_actions[22m | td-207-2-staged-after-portrait.png[39m[0m
[  66% ] [90m[1m_update_scan_actions[22m | td-207-3-expanded-after-landscape.png[39m[0m
[  66% ] [90m[1m_update_scan_actions[22m | td-207-3-expanded-after-portrait.png[39m[0m
[  67% ] [90m[1m_update_scan_actions[22m | td-207-1-drive-before-landscape.png[39m[0m
[  67% ] [90m[1m_update_scan_actions[22m | td-207-1-drive-before-portrait.png[39m[0m
[  67% ] [90m[1m_update_scan_actions[22m | td-207-2-staged-before-landscape.png[39m[0m
[  67% ] [90m[1m_update_scan_actions[22m | td-207-2-staged-before-portrait.png[39m[0m
[  67% ] [90m[1m_update_scan_actions[22m | 1280x720-dark.png[39m[0m
[  67% ] [90m[1m_update_scan_actions[22m | 844x390-street-wanted-3.png[39m[0m
[  67% ] [90m[1m_update_scan_actions[22m | 1280x720-bright.png[39m[0m
[  67% ] [90m[1m_update_scan_actions[22m | 1280x720-dark.png[39m[0m
[  67% ] [90m[1m_update_scan_actions[22m | 1920x1080-bright.png[39m[0m
[  67% ] [90m[1m_update_scan_actions[22m | 1920x1080-dark.png[39m[0m
[  67% ] [90m[1m_update_scan_actions[22m | 1280x720-bright.png[39m[0m
[  67% ] [90m[1m_update_scan_actions[22m | 1280x720-dark.png[39m[0m
[  67% ] [90m[1m_update_scan_actions[22m | 1920x1080-bright.png[39m[0m
[  67% ] [90m[1m_update_scan_actions[22m | 1920x1080-dark.png[39m[0m
[  67% ] [90m[1m_update_scan_actions[22m | 1280x720-bright.png[39m[0m
[  67% ] [90m[1m_update_scan_actions[22m | 1280x720-dark.png[39m[0m
[  67% ] [90m[1m_update_scan_actions[22m | 1920x1080-bright.png[39m[0m
[  67% ] [90m[1m_update_scan_actions[22m | 1920x1080-dark.png[39m[0m
[  67% ] [90m[1m_update_scan_actions[22m | 1280x720-bright.png[39m[0m
[  67% ] [90m[1m_update_scan_actions[22m | 1280x720-dark.png[39m[0m
[  67% ] [90m[1m_update_scan_actions[22m | 1920x1080-bright.png[39m[0m
[  67% ] [90m[1m_update_scan_actions[22m | 1920x1080-dark.png[39m[0m
[  67% ] [90m[1m_update_scan_actions[22m | 390x844-skyline-wanted-0.png[39m[0m
[  68% ] [90m[1m_update_scan_actions[22m | 390x844-skyline-wanted-1.png[39m[0m
[  68% ] [90m[1m_update_scan_actions[22m | 390x844-skyline-wanted-2.png[39m[0m
[  68% ] [90m[1m_update_scan_actions[22m | 390x844-skyline-wanted-3.png[39m[0m
[  68% ] [90m[1m_update_scan_actions[22m | 390x844-street-wanted-0.png[39m[0m
[  68% ] [90m[1m_update_scan_actions[22m | 390x844-street-wanted-1.png[39m[0m
[  68% ] [90m[1m_update_scan_actions[22m | 390x844-street-wanted-2.png[39m[0m
[  68% ] [90m[1m_update_scan_actions[22m | 390x844-street-wanted-3.png[39m[0m
[  68% ] [90m[1m_update_scan_actions[22m | 844x390-skyline-wanted-0.png[39m[0m
[  68% ] [90m[1m_update_scan_actions[22m | 844x390-skyline-wanted-1.png[39m[0m
[  68% ] [90m[1m_update_scan_actions[22m | 844x390-skyline-wanted-2.png[39m[0m
[  68% ] [90m[1m_update_scan_actions[22m | 844x390-skyline-wanted-3.png[39m[0m
[  68% ] [90m[1m_update_scan_actions[22m | 844x390-street-wanted-0.png[39m[0m
[  68% ] [90m[1m_update_scan_actions[22m | 844x390-street-wanted-1.png[39m[0m
[  68% ] [90m[1m_update_scan_actions[22m | 844x390-street-wanted-2.png[39m[0m
[  68% ] [90m[1m_update_scan_actions[22m | 844x390-street-wanted-3.png[39m[0m
[  68% ] [90m[1m_update_scan_actions[22m | 390x844-skyline-wanted-0.png[39m[0m
[  68% ] [90m[1m_update_scan_actions[22m | 390x844-skyline-wanted-1.png[39m[0m
[  68% ] [90m[1m_update_scan_actions[22m | 390x844-skyline-wanted-2.png[39m[0m
[  68% ] [90m[1m_update_scan_actions[22m | 390x844-skyline-wanted-3.png[39m[0m
[  68% ] [90m[1m_update_scan_actions[22m | 390x844-street-wanted-0.png[39m[0m
[  68% ] [90m[1m_update_scan_actions[22m | 390x844-street-wanted-1.png[39m[0m
[  68% ] [90m[1m_update_scan_actions[22m | 390x844-street-wanted-2.png[39m[0m
[  68% ] [90m[1m_update_scan_actions[22m | 390x844-street-wanted-3.png[39m[0m
[  69% ] [90m[1m_update_scan_actions[22m | 844x390-skyline-wanted-0.png[39m[0m
[  69% ] [90m[1m_update_scan_actions[22m | 844x390-skyline-wanted-1.png[39m[0m
[  69% ] [90m[1m_update_scan_actions[22m | 844x390-skyline-wanted-2.png[39m[0m
[  69% ] [90m[1m_update_scan_actions[22m | 844x390-skyline-wanted-3.png[39m[0m
[  69% ] [90m[1m_update_scan_actions[22m | 844x390-street-wanted-0.png[39m[0m
[  69% ] [90m[1m_update_scan_actions[22m | 844x390-street-wanted-1.png[39m[0m
[  69% ] [90m[1m_update_scan_actions[22m | 844x390-street-wanted-2.png[39m[0m
[  69% ] [90m[1m_update_scan_actions[22m | 844x390-street-wanted-3.png[39m[0m
[  69% ] [90m[1m_update_scan_actions[22m | landscape-arrest-released.png[39m[0m
[  69% ] [90m[1m_update_scan_actions[22m | landscape-arrest.png[39m[0m
[  69% ] [90m[1m_update_scan_actions[22m | landscape-dispatch-fuel.png[39m[0m
[  69% ] [90m[1m_update_scan_actions[22m | landscape-dispatch-no-fuel.png[39m[0m
[  69% ] [90m[1m_update_scan_actions[22m | landscape-fuel-quote.png[39m[0m
[  69% ] [90m[1m_update_scan_actions[22m | landscape-health-10.png[39m[0m
[  69% ] [90m[1m_update_scan_actions[22m | landscape-health-45.png[39m[0m
[  69% ] [90m[1m_update_scan_actions[22m | landscape-health-100.png[39m[0m
[  69% ] [90m[1m_update_scan_actions[22m | landscape-load-fuel.png[39m[0m
[  69% ] [90m[1m_update_scan_actions[22m | landscape-load-no-fuel.png[39m[0m
[  69% ] [90m[1m_update_scan_actions[22m | landscape-mini-collapsed-cleared.png[39m[0m
[  69% ] [90m[1m_update_scan_actions[22m | landscape-mini-expanded-wanted.png[39m[0m
[  69% ] [90m[1m_update_scan_actions[22m | landscape-offer-fuel.png[39m[0m
[  69% ] [90m[1m_update_scan_actions[22m | landscape-offer-no-fuel.png[39m[0m
[  69% ] [90m[1m_update_scan_actions[22m | landscape-retry-fuel.png[39m[0m
[  70% ] [90m[1m_update_scan_actions[22m | landscape-retry-no-fuel.png[39m[0m
[  70% ] [90m[1m_update_scan_actions[22m | landscape-take_next-fuel.png[39m[0m
[  70% ] [90m[1m_update_scan_actions[22m | landscape-take_next-no-fuel.png[39m[0m
[  70% ] [90m[1m_update_scan_actions[22m | portrait-arrest-released.png[39m[0m
[  70% ] [90m[1m_update_scan_actions[22m | portrait-arrest.png[39m[0m
[  70% ] [90m[1m_update_scan_actions[22m | portrait-dispatch-fuel.png[39m[0m
[  70% ] [90m[1m_update_scan_actions[22m | portrait-dispatch-no-fuel.png[39m[0m
[  70% ] [90m[1m_update_scan_actions[22m | portrait-fuel-quote.png[39m[0m
[  70% ] [90m[1m_update_scan_actions[22m | portrait-health-10.png[39m[0m
[  70% ] [90m[1m_update_scan_actions[22m | portrait-health-45.png[39m[0m
[  70% ] [90m[1m_update_scan_actions[22m | portrait-health-100.png[39m[0m
[  70% ] [90m[1m_update_scan_actions[22m | portrait-load-fuel.png[39m[0m
[  70% ] [90m[1m_update_scan_actions[22m | portrait-load-no-fuel.png[39m[0m
[  70% ] [90m[1m_update_scan_actions[22m | portrait-mini-collapsed-cleared.png[39m[0m
[  70% ] [90m[1m_update_scan_actions[22m | portrait-mini-expanded-wanted.png[39m[0m
[  70% ] [90m[1m_update_scan_actions[22m | portrait-offer-fuel.png[39m[0m
[  70% ] [90m[1m_update_scan_actions[22m | portrait-offer-no-fuel.png[39m[0m
[  70% ] [90m[1m_update_scan_actions[22m | portrait-retry-fuel.png[39m[0m
[  70% ] [90m[1m_update_scan_actions[22m | portrait-retry-no-fuel.png[39m[0m
[  70% ] [90m[1m_update_scan_actions[22m | portrait-take_next-fuel.png[39m[0m
[  70% ] [90m[1m_update_scan_actions[22m | portrait-take_next-no-fuel.png[39m[0m
[  70% ] [90m[1m_update_scan_actions[22m | landscape-arrest-released.png[39m[0m
[  70% ] [90m[1m_update_scan_actions[22m | landscape-arrest.png[39m[0m
[  71% ] [90m[1m_update_scan_actions[22m | landscape-dispatch-fuel.png[39m[0m
[  71% ] [90m[1m_update_scan_actions[22m | landscape-dispatch-no-fuel.png[39m[0m
[  71% ] [90m[1m_update_scan_actions[22m | landscape-fuel-quote.png[39m[0m
[  71% ] [90m[1m_update_scan_actions[22m | landscape-health-10.png[39m[0m
[  71% ] [90m[1m_update_scan_actions[22m | landscape-health-45.png[39m[0m
[  71% ] [90m[1m_update_scan_actions[22m | landscape-health-100.png[39m[0m
[  71% ] [90m[1m_update_scan_actions[22m | landscape-load-fuel.png[39m[0m
[  71% ] [90m[1m_update_scan_actions[22m | landscape-load-no-fuel.png[39m[0m
[  71% ] [90m[1m_update_scan_actions[22m | landscape-mini-collapsed-cleared.png[39m[0m
[  71% ] [90m[1m_update_scan_actions[22m | landscape-mini-expanded-wanted.png[39m[0m
[  71% ] [90m[1m_update_scan_actions[22m | landscape-offer-fuel.png[39m[0m
[  71% ] [90m[1m_update_scan_actions[22m | landscape-offer-no-fuel.png[39m[0m
[  71% ] [90m[1m_update_scan_actions[22m | landscape-retry-fuel.png[39m[0m
[  71% ] [90m[1m_update_scan_actions[22m | landscape-retry-no-fuel.png[39m[0m
[  71% ] [90m[1m_update_scan_actions[22m | landscape-take_next-fuel.png[39m[0m
[  71% ] [90m[1m_update_scan_actions[22m | landscape-take_next-no-fuel.png[39m[0m
[  71% ] [90m[1m_update_scan_actions[22m | portrait-arrest-released.png[39m[0m
[  71% ] [90m[1m_update_scan_actions[22m | portrait-arrest.png[39m[0m
[  71% ] [90m[1m_update_scan_actions[22m | portrait-dispatch-fuel.png[39m[0m
[  71% ] [90m[1m_update_scan_actions[22m | portrait-dispatch-no-fuel.png[39m[0m
[  71% ] [90m[1m_update_scan_actions[22m | portrait-fuel-quote.png[39m[0m
[  71% ] [90m[1m_update_scan_actions[22m | portrait-health-10.png[39m[0m
[  71% ] [90m[1m_update_scan_actions[22m | portrait-health-45.png[39m[0m
[  72% ] [90m[1m_update_scan_actions[22m | portrait-health-100.png[39m[0m
[  72% ] [90m[1m_update_scan_actions[22m | portrait-load-fuel.png[39m[0m
[  72% ] [90m[1m_update_scan_actions[22m | portrait-load-no-fuel.png[39m[0m
[  72% ] [90m[1m_update_scan_actions[22m | portrait-mini-collapsed-cleared.png[39m[0m
[  72% ] [90m[1m_update_scan_actions[22m | portrait-mini-expanded-wanted.png[39m[0m
[  72% ] [90m[1m_update_scan_actions[22m | portrait-offer-fuel.png[39m[0m
[  72% ] [90m[1m_update_scan_actions[22m | portrait-offer-no-fuel.png[39m[0m
[  72% ] [90m[1m_update_scan_actions[22m | portrait-retry-fuel.png[39m[0m
[  72% ] [90m[1m_update_scan_actions[22m | portrait-retry-no-fuel.png[39m[0m
[  72% ] [90m[1m_update_scan_actions[22m | portrait-take_next-fuel.png[39m[0m
[  72% ] [90m[1m_update_scan_actions[22m | portrait-take_next-no-fuel.png[39m[0m
[  72% ] [90m[1m_update_scan_actions[22m | landscape-arrest-released.png[39m[0m
[  72% ] [90m[1m_update_scan_actions[22m | landscape-arrest.png[39m[0m
[  72% ] [90m[1m_update_scan_actions[22m | landscape-dispatch-fuel.png[39m[0m
[  72% ] [90m[1m_update_scan_actions[22m | landscape-dispatch-no-fuel.png[39m[0m
[  72% ] [90m[1m_update_scan_actions[22m | landscape-fuel-quote.png[39m[0m
[  72% ] [90m[1m_update_scan_actions[22m | landscape-health-10.png[39m[0m
[  72% ] [90m[1m_update_scan_actions[22m | landscape-health-45.png[39m[0m
[  72% ] [90m[1m_update_scan_actions[22m | landscape-health-100.png[39m[0m
[  72% ] [90m[1m_update_scan_actions[22m | landscape-load-fuel.png[39m[0m
[  72% ] [90m[1m_update_scan_actions[22m | landscape-load-no-fuel.png[39m[0m
[  72% ] [90m[1m_update_scan_actions[22m | landscape-mini-collapsed-cleared.png[39m[0m
[  73% ] [90m[1m_update_scan_actions[22m | landscape-mini-expanded-wanted.png[39m[0m
[  73% ] [90m[1m_update_scan_actions[22m | landscape-offer-fuel.png[39m[0m
[  73% ] [90m[1m_update_scan_actions[22m | landscape-offer-no-fuel.png[39m[0m
[  73% ] [90m[1m_update_scan_actions[22m | landscape-retry-fuel.png[39m[0m
[  73% ] [90m[1m_update_scan_actions[22m | landscape-retry-no-fuel.png[39m[0m
[  73% ] [90m[1m_update_scan_actions[22m | landscape-take_next-fuel.png[39m[0m
[  73% ] [90m[1m_update_scan_actions[22m | landscape-take_next-no-fuel.png[39m[0m
[  73% ] [90m[1m_update_scan_actions[22m | portrait-arrest-released.png[39m[0m
[  73% ] [90m[1m_update_scan_actions[22m | portrait-arrest.png[39m[0m
[  73% ] [90m[1m_update_scan_actions[22m | portrait-dispatch-fuel.png[39m[0m
[  73% ] [90m[1m_update_scan_actions[22m | portrait-dispatch-no-fuel.png[39m[0m
[  73% ] [90m[1m_update_scan_actions[22m | portrait-fuel-quote.png[39m[0m
[  73% ] [90m[1m_update_scan_actions[22m | portrait-health-10.png[39m[0m
[  73% ] [90m[1m_update_scan_actions[22m | portrait-health-45.png[39m[0m
[  73% ] [90m[1m_update_scan_actions[22m | portrait-health-100.png[39m[0m
[  73% ] [90m[1m_update_scan_actions[22m | portrait-load-fuel.png[39m[0m
[  73% ] [90m[1m_update_scan_actions[22m | portrait-load-no-fuel.png[39m[0m
[  73% ] [90m[1m_update_scan_actions[22m | portrait-mini-collapsed-cleared.png[39m[0m
[  73% ] [90m[1m_update_scan_actions[22m | portrait-mini-expanded-wanted.png[39m[0m
[  73% ] [90m[1m_update_scan_actions[22m | portrait-offer-fuel.png[39m[0m
[  73% ] [90m[1m_update_scan_actions[22m | portrait-offer-no-fuel.png[39m[0m
[  73% ] [90m[1m_update_scan_actions[22m | portrait-retry-fuel.png[39m[0m
[  73% ] [90m[1m_update_scan_actions[22m | portrait-retry-no-fuel.png[39m[0m
[  74% ] [90m[1m_update_scan_actions[22m | portrait-take_next-fuel.png[39m[0m
[  74% ] [90m[1m_update_scan_actions[22m | portrait-take_next-no-fuel.png[39m[0m
[  74% ] [90m[1m_update_scan_actions[22m | 390x844-bright.png[39m[0m
[  74% ] [90m[1m_update_scan_actions[22m | 390x844-dark.png[39m[0m
[  74% ] [90m[1m_update_scan_actions[22m | 844x390-bright.png[39m[0m
[  74% ] [90m[1m_update_scan_actions[22m | 844x390-dark.png[39m[0m
[  74% ] [90m[1m_update_scan_actions[22m | 390x844-bright.png[39m[0m
[  74% ] [90m[1m_update_scan_actions[22m | 390x844-dark.png[39m[0m
[  74% ] [90m[1m_update_scan_actions[22m | 844x390-bright.png[39m[0m
[  74% ] [90m[1m_update_scan_actions[22m | 844x390-dark.png[39m[0m
[  74% ] [90m[1m_update_scan_actions[22m | 390x844-bright.png[39m[0m
[  74% ] [90m[1m_update_scan_actions[22m | 390x844-dark.png[39m[0m
[  74% ] [90m[1m_update_scan_actions[22m | 844x390-bright.png[39m[0m
[  74% ] [90m[1m_update_scan_actions[22m | 844x390-dark.png[39m[0m
[  74% ] [90m[1m_update_scan_actions[22m | 390x844-bright.png[39m[0m
[  74% ] [90m[1m_update_scan_actions[22m | 390x844-dark.png[39m[0m
[  74% ] [90m[1m_update_scan_actions[22m | 844x390-bright.png[39m[0m
[  74% ] [90m[1m_update_scan_actions[22m | 844x390-dark.png[39m[0m
[  74% ] [90m[1m_update_scan_actions[22m | 390x844-skyline-wanted-0.png[39m[0m
[  74% ] [90m[1m_update_scan_actions[22m | 390x844-skyline-wanted-1.png[39m[0m
[  74% ] [90m[1m_update_scan_actions[22m | 390x844-skyline-wanted-2.png[39m[0m
[  74% ] [90m[1m_update_scan_actions[22m | 390x844-skyline-wanted-3.png[39m[0m
[  74% ] [90m[1m_update_scan_actions[22m | 390x844-street-wanted-0.png[39m[0m
[  75% ] [90m[1m_update_scan_actions[22m | 390x844-street-wanted-1.png[39m[0m
[  75% ] [90m[1m_update_scan_actions[22m | 390x844-street-wanted-2.png[39m[0m
[  75% ] [90m[1m_update_scan_actions[22m | 390x844-street-wanted-3.png[39m[0m
[  75% ] [90m[1m_update_scan_actions[22m | 844x390-skyline-wanted-0.png[39m[0m
[  75% ] [90m[1m_update_scan_actions[22m | 844x390-skyline-wanted-1.png[39m[0m
[  75% ] [90m[1m_update_scan_actions[22m | 844x390-skyline-wanted-2.png[39m[0m
[  75% ] [90m[1m_update_scan_actions[22m | 844x390-skyline-wanted-3.png[39m[0m
[  75% ] [90m[1m_update_scan_actions[22m | 844x390-street-wanted-0.png[39m[0m
[  75% ] [90m[1m_update_scan_actions[22m | 844x390-street-wanted-1.png[39m[0m
[  75% ] [90m[1m_update_scan_actions[22m | 844x390-street-wanted-2.png[39m[0m
[  75% ] [90m[1m_update_scan_actions[22m | 844x390-street-wanted-3.png[39m[0m
[  75% ] [90m[1m_update_scan_actions[22m | 390x844-skyline-wanted-0.png[39m[0m
[  75% ] [90m[1m_update_scan_actions[22m | 390x844-skyline-wanted-1.png[39m[0m
[  75% ] [90m[1m_update_scan_actions[22m | 390x844-skyline-wanted-2.png[39m[0m
[  75% ] [90m[1m_update_scan_actions[22m | 390x844-skyline-wanted-3.png[39m[0m
[  75% ] [90m[1m_update_scan_actions[22m | 390x844-street-wanted-0.png[39m[0m
[  75% ] [90m[1m_update_scan_actions[22m | 390x844-street-wanted-1.png[39m[0m
[  75% ] [90m[1m_update_scan_actions[22m | 390x844-street-wanted-2.png[39m[0m
[  75% ] [90m[1m_update_scan_actions[22m | 390x844-street-wanted-3.png[39m[0m
[  75% ] [90m[1m_update_scan_actions[22m | 844x390-skyline-wanted-0.png[39m[0m
[  75% ] [90m[1m_update_scan_actions[22m | 844x390-skyline-wanted-1.png[39m[0m
[  75% ] [90m[1m_update_scan_actions[22m | 844x390-skyline-wanted-2.png[39m[0m
[  75% ] [90m[1m_update_scan_actions[22m | 844x390-skyline-wanted-3.png[39m[0m
[  76% ] [90m[1m_update_scan_actions[22m | 844x390-street-wanted-0.png[39m[0m
[  76% ] [90m[1m_update_scan_actions[22m | 844x390-street-wanted-1.png[39m[0m
[  76% ] [90m[1m_update_scan_actions[22m | 844x390-street-wanted-2.png[39m[0m
[  76% ] [90m[1m_update_scan_actions[22m | 844x390-street-wanted-3.png[39m[0m
[  76% ] [90m[1m_update_scan_actions[22m | 390x844-rotated-payment.png[39m[0m
[  76% ] [90m[1m_update_scan_actions[22m | 844x390-rotated-payment.png[39m[0m
[  76% ] [90m[1m_update_scan_actions[22m | 390x844-rotated-payment.png[39m[0m
[  76% ] [90m[1m_update_scan_actions[22m | 844x390-rotated-payment.png[39m[0m
[  76% ] [90m[1m_update_scan_actions[22m | 390x844-rotated-payment.png[39m[0m
[  76% ] [90m[1m_update_scan_actions[22m | 844x390-rotated-payment.png[39m[0m
[  76% ] [90m[1m_update_scan_actions[22m | 390x844-rotated-payment.png[39m[0m
[  76% ] [90m[1m_update_scan_actions[22m | 844x390-rotated-payment.png[39m[0m
[  76% ] [90m[1m_update_scan_actions[22m | 1280x720-skyline-wanted-0.png[39m[0m
[  76% ] [90m[1m_update_scan_actions[22m | 1280x720-skyline-wanted-1.png[39m[0m
[  76% ] [90m[1m_update_scan_actions[22m | 1280x720-skyline-wanted-2.png[39m[0m
[  76% ] [90m[1m_update_scan_actions[22m | 1280x720-skyline-wanted-3.png[39m[0m
[  76% ] [90m[1m_update_scan_actions[22m | 1280x720-street-wanted-0.png[39m[0m
[  76% ] [90m[1m_update_scan_actions[22m | 1280x720-street-wanted-1.png[39m[0m
[  76% ] [90m[1m_update_scan_actions[22m | 1280x720-street-wanted-2.png[39m[0m
[  76% ] [90m[1m_update_scan_actions[22m | 1280x720-street-wanted-3.png[39m[0m
[  76% ] [90m[1m_update_scan_actions[22m | 1920x1080-skyline-wanted-0.png[39m[0m
[  76% ] [90m[1m_update_scan_actions[22m | 1920x1080-skyline-wanted-1.png[39m[0m
[  76% ] [90m[1m_update_scan_actions[22m | 1920x1080-skyline-wanted-2.png[39m[0m
[  77% ] [90m[1m_update_scan_actions[22m | 1920x1080-skyline-wanted-3.png[39m[0m
[  77% ] [90m[1m_update_scan_actions[22m | 1920x1080-street-wanted-0.png[39m[0m
[  77% ] [90m[1m_update_scan_actions[22m | 1920x1080-street-wanted-1.png[39m[0m
[  77% ] [90m[1m_update_scan_actions[22m | 1920x1080-street-wanted-2.png[39m[0m
[  77% ] [90m[1m_update_scan_actions[22m | 1920x1080-street-wanted-3.png[39m[0m
[  77% ] [90m[1m_update_scan_actions[22m | 1280x720-skyline-wanted-0.png[39m[0m
[  77% ] [90m[1m_update_scan_actions[22m | 1280x720-skyline-wanted-1.png[39m[0m
[  77% ] [90m[1m_update_scan_actions[22m | 1280x720-skyline-wanted-2.png[39m[0m
[  77% ] [90m[1m_update_scan_actions[22m | 1280x720-skyline-wanted-3.png[39m[0m
[  77% ] [90m[1m_update_scan_actions[22m | 1280x720-street-wanted-0.png[39m[0m
[  77% ] [90m[1m_update_scan_actions[22m | 1280x720-street-wanted-1.png[39m[0m
[  77% ] [90m[1m_update_scan_actions[22m | 1280x720-street-wanted-2.png[39m[0m
[  77% ] [90m[1m_update_scan_actions[22m | 1280x720-street-wanted-3.png[39m[0m
[  77% ] [90m[1m_update_scan_actions[22m | 1920x1080-skyline-wanted-0.png[39m[0m
[  77% ] [90m[1m_update_scan_actions[22m | 1920x1080-skyline-wanted-1.png[39m[0m
[  77% ] [90m[1m_update_scan_actions[22m | 1920x1080-skyline-wanted-2.png[39m[0m
[  77% ] [90m[1m_update_scan_actions[22m | 1920x1080-skyline-wanted-3.png[39m[0m
[  77% ] [90m[1m_update_scan_actions[22m | 1920x1080-street-wanted-0.png[39m[0m
[  77% ] [90m[1m_update_scan_actions[22m | 1920x1080-street-wanted-1.png[39m[0m
[  77% ] [90m[1m_update_scan_actions[22m | 1920x1080-street-wanted-2.png[39m[0m
[  77% ] [90m[1m_update_scan_actions[22m | 1920x1080-street-wanted-3.png[39m[0m
[  77% ] [90m[1m_update_scan_actions[22m | 1280x720-skyline-wanted-0.png[39m[0m
[  77% ] [90m[1m_update_scan_actions[22m | 1280x720-skyline-wanted-1.png[39m[0m
[  78% ] [90m[1m_update_scan_actions[22m | 1280x720-skyline-wanted-2.png[39m[0m
[  78% ] [90m[1m_update_scan_actions[22m | 1280x720-skyline-wanted-3.png[39m[0m
[  78% ] [90m[1m_update_scan_actions[22m | 1280x720-street-wanted-0.png[39m[0m
[  78% ] [90m[1m_update_scan_actions[22m | 1280x720-street-wanted-1.png[39m[0m
[  78% ] [90m[1m_update_scan_actions[22m | 1280x720-street-wanted-2.png[39m[0m
[  78% ] [90m[1m_update_scan_actions[22m | 1280x720-street-wanted-3.png[39m[0m
[  78% ] [90m[1m_update_scan_actions[22m | 1920x1080-skyline-wanted-0.png[39m[0m
[  78% ] [90m[1m_update_scan_actions[22m | 1920x1080-skyline-wanted-1.png[39m[0m
[  78% ] [90m[1m_update_scan_actions[22m | 1920x1080-skyline-wanted-2.png[39m[0m
[  78% ] [90m[1m_update_scan_actions[22m | 1920x1080-skyline-wanted-3.png[39m[0m
[  78% ] [90m[1m_update_scan_actions[22m | 1920x1080-street-wanted-0.png[39m[0m
[  78% ] [90m[1m_update_scan_actions[22m | 1920x1080-street-wanted-1.png[39m[0m
[  78% ] [90m[1m_update_scan_actions[22m | 1920x1080-street-wanted-2.png[39m[0m
[  78% ] [90m[1m_update_scan_actions[22m | 1920x1080-street-wanted-3.png[39m[0m
[  78% ] [90m[1m_update_scan_actions[22m | 1280x720-skyline-wanted-0.png[39m[0m
[  78% ] [90m[1m_update_scan_actions[22m | 1280x720-skyline-wanted-1.png[39m[0m
[  78% ] [90m[1m_update_scan_actions[22m | 1280x720-skyline-wanted-2.png[39m[0m
[  78% ] [90m[1m_update_scan_actions[22m | 1280x720-skyline-wanted-3.png[39m[0m
[  78% ] [90m[1m_update_scan_actions[22m | 1280x720-street-wanted-0.png[39m[0m
[  78% ] [90m[1m_update_scan_actions[22m | 1280x720-street-wanted-1.png[39m[0m
[  78% ] [90m[1m_update_scan_actions[22m | 1280x720-street-wanted-2.png[39m[0m
[  78% ] [90m[1m_update_scan_actions[22m | 1280x720-street-wanted-3.png[39m[0m
[  78% ] [90m[1m_update_scan_actions[22m | 1920x1080-skyline-wanted-0.png[39m[0m
[  79% ] [90m[1m_update_scan_actions[22m | 1920x1080-skyline-wanted-1.png[39m[0m
[  79% ] [90m[1m_update_scan_actions[22m | 1920x1080-skyline-wanted-2.png[39m[0m
[  79% ] [90m[1m_update_scan_actions[22m | 1920x1080-skyline-wanted-3.png[39m[0m
[  79% ] [90m[1m_update_scan_actions[22m | 1920x1080-street-wanted-0.png[39m[0m
[  79% ] [90m[1m_update_scan_actions[22m | 1920x1080-street-wanted-1.png[39m[0m
[  79% ] [90m[1m_update_scan_actions[22m | 1920x1080-street-wanted-2.png[39m[0m
[  79% ] [90m[1m_update_scan_actions[22m | 1920x1080-street-wanted-3.png[39m[0m
[  79% ] [90m[1m_update_scan_actions[22m | original-and-rendered-symbol.png[39m[0m
[  79% ] [90m[1m_update_scan_actions[22m | original-user-police-symbol.png[39m[0m
[  79% ] [90m[1m_update_scan_actions[22m | 390x844-fill-paid.png[39m[0m
[  79% ] [90m[1m_update_scan_actions[22m | 390x844-fill-quote.png[39m[0m
[  79% ] [90m[1m_update_scan_actions[22m | 390x844-salvage-paid.png[39m[0m
[  79% ] [90m[1m_update_scan_actions[22m | 390x844-salvage-quote.png[39m[0m
[  79% ] [90m[1m_update_scan_actions[22m | 390x844-tow-paid.png[39m[0m
[  79% ] [90m[1m_update_scan_actions[22m | 390x844-tow-quote.png[39m[0m
[  79% ] [90m[1m_update_scan_actions[22m | 844x390-fill-paid.png[39m[0m
[  79% ] [90m[1m_update_scan_actions[22m | 844x390-fill-quote.png[39m[0m
[  79% ] [90m[1m_update_scan_actions[22m | 844x390-salvage-paid.png[39m[0m
[  79% ] [90m[1m_update_scan_actions[22m | 844x390-salvage-quote.png[39m[0m
[  79% ] [90m[1m_update_scan_actions[22m | 844x390-tow-paid.png[39m[0m
[  79% ] [90m[1m_update_scan_actions[22m | 844x390-tow-quote.png[39m[0m
[  79% ] [90m[1m_update_scan_actions[22m | 1280x720-fill-paid.png[39m[0m
[  79% ] [90m[1m_update_scan_actions[22m | 1280x720-fill-quote.png[39m[0m
[  80% ] [90m[1m_update_scan_actions[22m | 1280x720-salvage-paid.png[39m[0m
[  80% ] [90m[1m_update_scan_actions[22m | 1280x720-salvage-quote.png[39m[0m
[  80% ] [90m[1m_update_scan_actions[22m | 1280x720-tow-paid.png[39m[0m
[  80% ] [90m[1m_update_scan_actions[22m | 1280x720-tow-quote.png[39m[0m
[  80% ] [90m[1m_update_scan_actions[22m | 1920x1080-fill-paid.png[39m[0m
[  80% ] [90m[1m_update_scan_actions[22m | 1920x1080-fill-quote.png[39m[0m
[  80% ] [90m[1m_update_scan_actions[22m | 1920x1080-salvage-paid.png[39m[0m
[  80% ] [90m[1m_update_scan_actions[22m | 1920x1080-salvage-quote.png[39m[0m
[  80% ] [90m[1m_update_scan_actions[22m | 1920x1080-tow-paid.png[39m[0m
[  80% ] [90m[1m_update_scan_actions[22m | 1920x1080-tow-quote.png[39m[0m
[  80% ] [90m[1m_update_scan_actions[22m | 390x844-fill-paid.png[39m[0m
[  80% ] [90m[1m_update_scan_actions[22m | 390x844-fill-quote.png[39m[0m
[  80% ] [90m[1m_update_scan_actions[22m | 390x844-salvage-paid.png[39m[0m
[  80% ] [90m[1m_update_scan_actions[22m | 390x844-salvage-quote.png[39m[0m
[  80% ] [90m[1m_update_scan_actions[22m | 390x844-tow-paid.png[39m[0m
[  80% ] [90m[1m_update_scan_actions[22m | 390x844-tow-quote.png[39m[0m
[  80% ] [90m[1m_update_scan_actions[22m | 844x390-fill-paid.png[39m[0m
[  80% ] [90m[1m_update_scan_actions[22m | 844x390-fill-quote.png[39m[0m
[  80% ] [90m[1m_update_scan_actions[22m | 844x390-salvage-paid.png[39m[0m
[  80% ] [90m[1m_update_scan_actions[22m | 844x390-salvage-quote.png[39m[0m
[  80% ] [90m[1m_update_scan_actions[22m | 844x390-tow-paid.png[39m[0m
[  80% ] [90m[1m_update_scan_actions[22m | 844x390-tow-quote.png[39m[0m
[  80% ] [90m[1m_update_scan_actions[22m | 1280x720-fill-paid.png[39m[0m
[  81% ] [90m[1m_update_scan_actions[22m | 1280x720-fill-quote.png[39m[0m
[  81% ] [90m[1m_update_scan_actions[22m | 1280x720-salvage-paid.png[39m[0m
[  81% ] [90m[1m_update_scan_actions[22m | 1280x720-salvage-quote.png[39m[0m
[  81% ] [90m[1m_update_scan_actions[22m | 1280x720-tow-paid.png[39m[0m
[  81% ] [90m[1m_update_scan_actions[22m | 1280x720-tow-quote.png[39m[0m
[  81% ] [90m[1m_update_scan_actions[22m | 1920x1080-fill-paid.png[39m[0m
[  81% ] [90m[1m_update_scan_actions[22m | 1920x1080-fill-quote.png[39m[0m
[  81% ] [90m[1m_update_scan_actions[22m | 1920x1080-salvage-paid.png[39m[0m
[  81% ] [90m[1m_update_scan_actions[22m | 1920x1080-salvage-quote.png[39m[0m
[  81% ] [90m[1m_update_scan_actions[22m | 1920x1080-tow-paid.png[39m[0m
[  81% ] [90m[1m_update_scan_actions[22m | 1920x1080-tow-quote.png[39m[0m
[  81% ] [90m[1m_update_scan_actions[22m | 390x844-fill-paid.png[39m[0m
[  81% ] [90m[1m_update_scan_actions[22m | 390x844-fill-quote.png[39m[0m
[  81% ] [90m[1m_update_scan_actions[22m | 390x844-salvage-paid.png[39m[0m
[  81% ] [90m[1m_update_scan_actions[22m | 390x844-salvage-quote.png[39m[0m
[  81% ] [90m[1m_update_scan_actions[22m | 390x844-tow-paid.png[39m[0m
[  81% ] [90m[1m_update_scan_actions[22m | 390x844-tow-quote.png[39m[0m
[  81% ] [90m[1m_update_scan_actions[22m | 844x390-fill-paid.png[39m[0m
[  81% ] [90m[1m_update_scan_actions[22m | 844x390-fill-quote.png[39m[0m
[  81% ] [90m[1m_update_scan_actions[22m | 844x390-salvage-paid.png[39m[0m
[  81% ] [90m[1m_update_scan_actions[22m | 844x390-salvage-quote.png[39m[0m
[  81% ] [90m[1m_update_scan_actions[22m | 844x390-tow-paid.png[39m[0m
[  82% ] [90m[1m_update_scan_actions[22m | 844x390-tow-quote.png[39m[0m
[  82% ] [90m[1m_update_scan_actions[22m | 1280x720-fill-paid.png[39m[0m
[  82% ] [90m[1m_update_scan_actions[22m | 1280x720-fill-quote.png[39m[0m
[  82% ] [90m[1m_update_scan_actions[22m | 1280x720-salvage-paid.png[39m[0m
[  82% ] [90m[1m_update_scan_actions[22m | 1280x720-salvage-quote.png[39m[0m
[  82% ] [90m[1m_update_scan_actions[22m | 1280x720-tow-paid.png[39m[0m
[  82% ] [90m[1m_update_scan_actions[22m | 1280x720-tow-quote.png[39m[0m
[  82% ] [90m[1m_update_scan_actions[22m | 1920x1080-fill-paid.png[39m[0m
[  82% ] [90m[1m_update_scan_actions[22m | 1920x1080-fill-quote.png[39m[0m
[  82% ] [90m[1m_update_scan_actions[22m | 1920x1080-salvage-paid.png[39m[0m
[  82% ] [90m[1m_update_scan_actions[22m | 1920x1080-salvage-quote.png[39m[0m
[  82% ] [90m[1m_update_scan_actions[22m | 1920x1080-tow-paid.png[39m[0m
[  82% ] [90m[1m_update_scan_actions[22m | 1920x1080-tow-quote.png[39m[0m
[  82% ] [90m[1m_update_scan_actions[22m | 390x844-fill-paid.png[39m[0m
[  82% ] [90m[1m_update_scan_actions[22m | 390x844-fill-quote.png[39m[0m
[  82% ] [90m[1m_update_scan_actions[22m | 390x844-salvage-paid.png[39m[0m
[  82% ] [90m[1m_update_scan_actions[22m | 390x844-salvage-quote.png[39m[0m
[  82% ] [90m[1m_update_scan_actions[22m | 390x844-tow-paid.png[39m[0m
[  82% ] [90m[1m_update_scan_actions[22m | 390x844-tow-quote.png[39m[0m
[  82% ] [90m[1m_update_scan_actions[22m | 844x390-fill-paid.png[39m[0m
[  82% ] [90m[1m_update_scan_actions[22m | 844x390-fill-quote.png[39m[0m
[  82% ] [90m[1m_update_scan_actions[22m | 844x390-salvage-paid.png[39m[0m
[  82% ] [90m[1m_update_scan_actions[22m | 844x390-salvage-quote.png[39m[0m
[  83% ] [90m[1m_update_scan_actions[22m | 844x390-tow-paid.png[39m[0m
[  83% ] [90m[1m_update_scan_actions[22m | 844x390-tow-quote.png[39m[0m
[  83% ] [90m[1m_update_scan_actions[22m | 1280x720-fill-paid.png[39m[0m
[  83% ] [90m[1m_update_scan_actions[22m | 1280x720-fill-quote.png[39m[0m
[  83% ] [90m[1m_update_scan_actions[22m | 1280x720-salvage-paid.png[39m[0m
[  83% ] [90m[1m_update_scan_actions[22m | 1280x720-salvage-quote.png[39m[0m
[  83% ] [90m[1m_update_scan_actions[22m | 1280x720-tow-paid.png[39m[0m
[  83% ] [90m[1m_update_scan_actions[22m | 1280x720-tow-quote.png[39m[0m
[  83% ] [90m[1m_update_scan_actions[22m | 1920x1080-fill-paid.png[39m[0m
[  83% ] [90m[1m_update_scan_actions[22m | 1920x1080-fill-quote.png[39m[0m
[  83% ] [90m[1m_update_scan_actions[22m | 1920x1080-salvage-paid.png[39m[0m
[  83% ] [90m[1m_update_scan_actions[22m | 1920x1080-salvage-quote.png[39m[0m
[  83% ] [90m[1m_update_scan_actions[22m | 1920x1080-tow-paid.png[39m[0m
[  83% ] [90m[1m_update_scan_actions[22m | 1920x1080-tow-quote.png[39m[0m
[  83% ] [90m[1m_update_scan_actions[22m | 390x844-arrest.png[39m[0m
[  83% ] [90m[1m_update_scan_actions[22m | 390x844-map.png[39m[0m
[  83% ] [90m[1m_update_scan_actions[22m | 390x844-menu.png[39m[0m
[  83% ] [90m[1m_update_scan_actions[22m | 390x844-pause.png[39m[0m
[  83% ] [90m[1m_update_scan_actions[22m | 390x844-payment.png[39m[0m
[  83% ] [90m[1m_update_scan_actions[22m | 390x844-released.png[39m[0m
[  83% ] [90m[1m_update_scan_actions[22m | 390x844-settlement.png[39m[0m
[  83% ] [90m[1m_update_scan_actions[22m | 844x390-arrest.png[39m[0m
[  83% ] [90m[1m_update_scan_actions[22m | 844x390-map.png[39m[0m
[  84% ] [90m[1m_update_scan_actions[22m | 844x390-menu.png[39m[0m
[  84% ] [90m[1m_update_scan_actions[22m | 844x390-pause.png[39m[0m
[  84% ] [90m[1m_update_scan_actions[22m | 844x390-payment.png[39m[0m
[  84% ] [90m[1m_update_scan_actions[22m | 844x390-released.png[39m[0m
[  84% ] [90m[1m_update_scan_actions[22m | 844x390-settlement.png[39m[0m
[  84% ] [90m[1m_update_scan_actions[22m | 1280x720-arrest.png[39m[0m
[  84% ] [90m[1m_update_scan_actions[22m | 1280x720-map.png[39m[0m
[  84% ] [90m[1m_update_scan_actions[22m | 1280x720-menu.png[39m[0m
[  84% ] [90m[1m_update_scan_actions[22m | 1280x720-pause.png[39m[0m
[  84% ] [90m[1m_update_scan_actions[22m | 1280x720-payment.png[39m[0m
[  84% ] [90m[1m_update_scan_actions[22m | 1280x720-released.png[39m[0m
[  84% ] [90m[1m_update_scan_actions[22m | 1280x720-settlement.png[39m[0m
[  84% ] [90m[1m_update_scan_actions[22m | 1920x1080-arrest.png[39m[0m
[  84% ] [90m[1m_update_scan_actions[22m | 1920x1080-map.png[39m[0m
[  84% ] [90m[1m_update_scan_actions[22m | 1920x1080-menu.png[39m[0m
[  84% ] [90m[1m_update_scan_actions[22m | 1920x1080-pause.png[39m[0m
[  84% ] [90m[1m_update_scan_actions[22m | 1920x1080-payment.png[39m[0m
[  84% ] [90m[1m_update_scan_actions[22m | 1920x1080-released.png[39m[0m
[  84% ] [90m[1m_update_scan_actions[22m | 1920x1080-settlement.png[39m[0m
[  84% ] [90m[1m_update_scan_actions[22m | 390x844-arrest.png[39m[0m
[  84% ] [90m[1m_update_scan_actions[22m | 390x844-map.png[39m[0m
[  84% ] [90m[1m_update_scan_actions[22m | 390x844-menu.png[39m[0m
[  84% ] [90m[1m_update_scan_actions[22m | 390x844-pause.png[39m[0m
[  85% ] [90m[1m_update_scan_actions[22m | 390x844-payment.png[39m[0m
[  85% ] [90m[1m_update_scan_actions[22m | 390x844-released.png[39m[0m
[  85% ] [90m[1m_update_scan_actions[22m | 390x844-settlement.png[39m[0m
[  85% ] [90m[1m_update_scan_actions[22m | 844x390-arrest.png[39m[0m
[  85% ] [90m[1m_update_scan_actions[22m | 844x390-map.png[39m[0m
[  85% ] [90m[1m_update_scan_actions[22m | 844x390-menu.png[39m[0m
[  85% ] [90m[1m_update_scan_actions[22m | 844x390-pause.png[39m[0m
[  85% ] [90m[1m_update_scan_actions[22m | 844x390-payment.png[39m[0m
[  85% ] [90m[1m_update_scan_actions[22m | 844x390-released.png[39m[0m
[  85% ] [90m[1m_update_scan_actions[22m | 844x390-settlement.png[39m[0m
[  85% ] [90m[1m_update_scan_actions[22m | 1280x720-arrest.png[39m[0m
[  85% ] [90m[1m_update_scan_actions[22m | 1280x720-map.png[39m[0m
[  85% ] [90m[1m_update_scan_actions[22m | 1280x720-menu.png[39m[0m
[  85% ] [90m[1m_update_scan_actions[22m | 1280x720-pause.png[39m[0m
[  85% ] [90m[1m_update_scan_actions[22m | 1280x720-payment.png[39m[0m
[  85% ] [90m[1m_update_scan_actions[22m | 1280x720-released.png[39m[0m
[  85% ] [90m[1m_update_scan_actions[22m | 1280x720-settlement.png[39m[0m
[  85% ] [90m[1m_update_scan_actions[22m | 1920x1080-arrest.png[39m[0m
[  85% ] [90m[1m_update_scan_actions[22m | 1920x1080-map.png[39m[0m
[  85% ] [90m[1m_update_scan_actions[22m | 1920x1080-menu.png[39m[0m
[  85% ] [90m[1m_update_scan_actions[22m | 1920x1080-pause.png[39m[0m
[  85% ] [90m[1m_update_scan_actions[22m | 1920x1080-payment.png[39m[0m
[  85% ] [90m[1m_update_scan_actions[22m | 1920x1080-released.png[39m[0m
[  86% ] [90m[1m_update_scan_actions[22m | 1920x1080-settlement.png[39m[0m
[  86% ] [90m[1m_update_scan_actions[22m | landscape-busted.png[39m[0m
[  86% ] [90m[1m_update_scan_actions[22m | landscape-cleared.png[39m[0m
[  86% ] [90m[1m_update_scan_actions[22m | landscape-fill-quote.png[39m[0m
[  86% ] [90m[1m_update_scan_actions[22m | landscape-gig-active.png[39m[0m
[  86% ] [90m[1m_update_scan_actions[22m | landscape-gig-pickup.png[39m[0m
[  86% ] [90m[1m_update_scan_actions[22m | landscape-gig-settled.png[39m[0m
[  86% ] [90m[1m_update_scan_actions[22m | landscape-idle.png[39m[0m
[  86% ] [90m[1m_update_scan_actions[22m | landscape-insufficient-fill.png[39m[0m
[  86% ] [90m[1m_update_scan_actions[22m | landscape-insufficient-home.png[39m[0m
[  86% ] [90m[1m_update_scan_actions[22m | landscape-pedestrian-low-balance.png[39m[0m
[  86% ] [90m[1m_update_scan_actions[22m | landscape-run-over.png[39m[0m
[  86% ] [90m[1m_update_scan_actions[22m | landscape-salvage-quote.png[39m[0m
[  86% ] [90m[1m_update_scan_actions[22m | landscape-tow-quote.png[39m[0m
[  86% ] [90m[1m_update_scan_actions[22m | landscape-vehicle-low-range.png[39m[0m
[  86% ] [90m[1m_update_scan_actions[22m | portrait-busted.png[39m[0m
[  86% ] [90m[1m_update_scan_actions[22m | portrait-cleared.png[39m[0m
[  86% ] [90m[1m_update_scan_actions[22m | portrait-fill-quote.png[39m[0m
[  86% ] [90m[1m_update_scan_actions[22m | portrait-gig-active.png[39m[0m
[  86% ] [90m[1m_update_scan_actions[22m | portrait-gig-pickup.png[39m[0m
[  86% ] [90m[1m_update_scan_actions[22m | portrait-gig-settled.png[39m[0m
[  86% ] [90m[1m_update_scan_actions[22m | portrait-idle.png[39m[0m
[  86% ] [90m[1m_update_scan_actions[22m | portrait-insufficient-fill.png[39m[0m
[  87% ] [90m[1m_update_scan_actions[22m | portrait-insufficient-home.png[39m[0m
[  87% ] [90m[1m_update_scan_actions[22m | portrait-pedestrian-low-balance.png[39m[0m
[  87% ] [90m[1m_update_scan_actions[22m | portrait-run-over.png[39m[0m
[  87% ] [90m[1m_update_scan_actions[22m | portrait-salvage-quote.png[39m[0m
[  87% ] [90m[1m_update_scan_actions[22m | portrait-tow-quote.png[39m[0m
[  87% ] [90m[1m_update_scan_actions[22m | portrait-vehicle-low-range.png[39m[0m
[  87% ] [90m[1m_update_scan_actions[22m | landscape-busted.png[39m[0m
[  87% ] [90m[1m_update_scan_actions[22m | landscape-cleared.png[39m[0m
[  87% ] [90m[1m_update_scan_actions[22m | landscape-fill-quote.png[39m[0m
[  87% ] [90m[1m_update_scan_actions[22m | landscape-gig-active.png[39m[0m
[  87% ] [90m[1m_update_scan_actions[22m | landscape-gig-pickup.png[39m[0m
[  87% ] [90m[1m_update_scan_actions[22m | landscape-gig-settled.png[39m[0m
[  87% ] [90m[1m_update_scan_actions[22m | landscape-idle.png[39m[0m
[  87% ] [90m[1m_update_scan_actions[22m | landscape-insufficient-fill.png[39m[0m
[  87% ] [90m[1m_update_scan_actions[22m | landscape-insufficient-home.png[39m[0m
[  87% ] [90m[1m_update_scan_actions[22m | landscape-pedestrian-low-balance.png[39m[0m
[  87% ] [90m[1m_update_scan_actions[22m | landscape-run-over.png[39m[0m
[  87% ] [90m[1m_update_scan_actions[22m | landscape-salvage-quote.png[39m[0m
[  87% ] [90m[1m_update_scan_actions[22m | landscape-tow-quote.png[39m[0m
[  87% ] [90m[1m_update_scan_actions[22m | landscape-vehicle-low-range.png[39m[0m
[  87% ] [90m[1m_update_scan_actions[22m | portrait-busted.png[39m[0m
[  87% ] [90m[1m_update_scan_actions[22m | portrait-cleared.png[39m[0m
[  87% ] [90m[1m_update_scan_actions[22m | portrait-fill-quote.png[39m[0m
[  88% ] [90m[1m_update_scan_actions[22m | portrait-gig-active.png[39m[0m
[  88% ] [90m[1m_update_scan_actions[22m | portrait-gig-pickup.png[39m[0m
[  88% ] [90m[1m_update_scan_actions[22m | portrait-gig-settled.png[39m[0m
[  88% ] [90m[1m_update_scan_actions[22m | portrait-idle.png[39m[0m
[  88% ] [90m[1m_update_scan_actions[22m | portrait-insufficient-fill.png[39m[0m
[  88% ] [90m[1m_update_scan_actions[22m | portrait-insufficient-home.png[39m[0m
[  88% ] [90m[1m_update_scan_actions[22m | portrait-pedestrian-low-balance.png[39m[0m
[  88% ] [90m[1m_update_scan_actions[22m | portrait-run-over.png[39m[0m
[  88% ] [90m[1m_update_scan_actions[22m | portrait-salvage-quote.png[39m[0m
[  88% ] [90m[1m_update_scan_actions[22m | portrait-tow-quote.png[39m[0m
[  88% ] [90m[1m_update_scan_actions[22m | portrait-vehicle-low-range.png[39m[0m
[  88% ] [90m[1m_update_scan_actions[22m | 390x844-arrest.png[39m[0m
[  88% ] [90m[1m_update_scan_actions[22m | 390x844-map.png[39m[0m
[  88% ] [90m[1m_update_scan_actions[22m | 390x844-menu.png[39m[0m
[  88% ] [90m[1m_update_scan_actions[22m | 390x844-pause.png[39m[0m
[  88% ] [90m[1m_update_scan_actions[22m | 390x844-payment.png[39m[0m
[  88% ] [90m[1m_update_scan_actions[22m | 390x844-released.png[39m[0m
[  88% ] [90m[1m_update_scan_actions[22m | 390x844-settlement.png[39m[0m
[  88% ] [90m[1m_update_scan_actions[22m | 844x390-arrest.png[39m[0m
[  88% ] [90m[1m_update_scan_actions[22m | 844x390-map.png[39m[0m
[  88% ] [90m[1m_update_scan_actions[22m | 844x390-menu.png[39m[0m
[  88% ] [90m[1m_update_scan_actions[22m | 844x390-pause.png[39m[0m
[  88% ] [90m[1m_update_scan_actions[22m | 844x390-payment.png[39m[0m
[  89% ] [90m[1m_update_scan_actions[22m | 844x390-released.png[39m[0m
[  89% ] [90m[1m_update_scan_actions[22m | 844x390-settlement.png[39m[0m
[  89% ] [90m[1m_update_scan_actions[22m | 1280x720-arrest.png[39m[0m
[  89% ] [90m[1m_update_scan_actions[22m | 1280x720-map.png[39m[0m
[  89% ] [90m[1m_update_scan_actions[22m | 1280x720-menu.png[39m[0m
[  89% ] [90m[1m_update_scan_actions[22m | 1280x720-pause.png[39m[0m
[  89% ] [90m[1m_update_scan_actions[22m | 1280x720-payment.png[39m[0m
[  89% ] [90m[1m_update_scan_actions[22m | 1280x720-released.png[39m[0m
[  89% ] [90m[1m_update_scan_actions[22m | 1280x720-settlement.png[39m[0m
[  89% ] [90m[1m_update_scan_actions[22m | 1920x1080-arrest.png[39m[0m
[  89% ] [90m[1m_update_scan_actions[22m | 1920x1080-map.png[39m[0m
[  89% ] [90m[1m_update_scan_actions[22m | 1920x1080-menu.png[39m[0m
[  89% ] [90m[1m_update_scan_actions[22m | 1920x1080-pause.png[39m[0m
[  89% ] [90m[1m_update_scan_actions[22m | 1920x1080-payment.png[39m[0m
[  89% ] [90m[1m_update_scan_actions[22m | 1920x1080-released.png[39m[0m
[  89% ] [90m[1m_update_scan_actions[22m | 1920x1080-settlement.png[39m[0m
[  89% ] [90m[1m_update_scan_actions[22m | 390x844-arrest.png[39m[0m
[  89% ] [90m[1m_update_scan_actions[22m | 390x844-map.png[39m[0m
[  89% ] [90m[1m_update_scan_actions[22m | 390x844-menu.png[39m[0m
[  89% ] [90m[1m_update_scan_actions[22m | 390x844-pause.png[39m[0m
[  89% ] [90m[1m_update_scan_actions[22m | 390x844-payment.png[39m[0m
[  89% ] [90m[1m_update_scan_actions[22m | 390x844-released.png[39m[0m
[  89% ] [90m[1m_update_scan_actions[22m | 390x844-settlement.png[39m[0m
[  90% ] [90m[1m_update_scan_actions[22m | 844x390-arrest.png[39m[0m
[  90% ] [90m[1m_update_scan_actions[22m | 844x390-map.png[39m[0m
[  90% ] [90m[1m_update_scan_actions[22m | 844x390-menu.png[39m[0m
[  90% ] [90m[1m_update_scan_actions[22m | 844x390-pause.png[39m[0m
[  90% ] [90m[1m_update_scan_actions[22m | 844x390-payment.png[39m[0m
[  90% ] [90m[1m_update_scan_actions[22m | 844x390-released.png[39m[0m
[  90% ] [90m[1m_update_scan_actions[22m | 844x390-settlement.png[39m[0m
[  90% ] [90m[1m_update_scan_actions[22m | 1280x720-arrest.png[39m[0m
[  90% ] [90m[1m_update_scan_actions[22m | 1280x720-map.png[39m[0m
[  90% ] [90m[1m_update_scan_actions[22m | 1280x720-menu.png[39m[0m
[  90% ] [90m[1m_update_scan_actions[22m | 1280x720-pause.png[39m[0m
[  90% ] [90m[1m_update_scan_actions[22m | 1280x720-payment.png[39m[0m
[  90% ] [90m[1m_update_scan_actions[22m | 1280x720-released.png[39m[0m
[  90% ] [90m[1m_update_scan_actions[22m | 1280x720-settlement.png[39m[0m
[  90% ] [90m[1m_update_scan_actions[22m | 1920x1080-arrest.png[39m[0m
[  90% ] [90m[1m_update_scan_actions[22m | 1920x1080-map.png[39m[0m
[  90% ] [90m[1m_update_scan_actions[22m | 1920x1080-menu.png[39m[0m
[  90% ] [90m[1m_update_scan_actions[22m | 1920x1080-pause.png[39m[0m
[  90% ] [90m[1m_update_scan_actions[22m | 1920x1080-payment.png[39m[0m
[  90% ] [90m[1m_update_scan_actions[22m | 1920x1080-released.png[39m[0m
[  90% ] [90m[1m_update_scan_actions[22m | 1920x1080-settlement.png[39m[0m
[  90% ] [90m[1m_update_scan_actions[22m | 390x844-driving.jpg[39m[0m
[  91% ] [90m[1m_update_scan_actions[22m | 390x844-overlays.jpg[39m[0m
[  91% ] [90m[1m_update_scan_actions[22m | 844x390-driving.jpg[39m[0m
[  91% ] [90m[1m_update_scan_actions[22m | 844x390-overlays.jpg[39m[0m
[  91% ] [90m[1m_update_scan_actions[22m | 1280x720-driving.jpg[39m[0m
[  91% ] [90m[1m_update_scan_actions[22m | 1280x720-overlays.jpg[39m[0m
[  91% ] [90m[1m_update_scan_actions[22m | 1920x1080-driving.jpg[39m[0m
[  91% ] [90m[1m_update_scan_actions[22m | 1920x1080-overlays.jpg[39m[0m
[  91% ] [90m[1m_update_scan_actions[22m | retained-legacy-stress.jpg[39m[0m
[  91% ] [90m[1m_update_scan_actions[22m | symbol-reference.png[39m[0m
[  91% ] [90m[1m_update_scan_actions[22m | bridge_midpoint-landscape.jpg[39m[0m
[  91% ] [90m[1m_update_scan_actions[22m | bridge_midpoint-portrait.jpg[39m[0m
[  91% ] [90m[1m_update_scan_actions[22m | commercial_arrival-landscape.jpg[39m[0m
[  91% ] [90m[1m_update_scan_actions[22m | commercial_arrival-portrait.jpg[39m[0m
[  91% ] [90m[1m_update_scan_actions[22m | jnr_station-landscape.jpg[39m[0m
[  91% ] [90m[1m_update_scan_actions[22m | jnr_station-portrait.jpg[39m[0m
[  91% ] [90m[1m_update_scan_actions[22m | koban_start-landscape.jpg[39m[0m
[  91% ] [90m[1m_update_scan_actions[22m | koban_start-portrait.jpg[39m[0m
[  91% ] [90m[1m_update_scan_actions[22m | bridge_midpoint-landscape.jpg[39m[0m
[  91% ] [90m[1m_update_scan_actions[22m | bridge_midpoint-portrait.jpg[39m[0m
[  91% ] [90m[1m_update_scan_actions[22m | commercial_arrival-landscape.jpg[39m[0m
[  91% ] [90m[1m_update_scan_actions[22m | commercial_arrival-portrait.jpg[39m[0m
[  91% ] [90m[1m_update_scan_actions[22m | jnr_station-landscape.jpg[39m[0m
[  91% ] [90m[1m_update_scan_actions[22m | jnr_station-portrait.jpg[39m[0m
[  92% ] [90m[1m_update_scan_actions[22m | koban_start-landscape.jpg[39m[0m
[  92% ] [90m[1m_update_scan_actions[22m | koban_start-portrait.jpg[39m[0m
[  92% ] [90m[1m_update_scan_actions[22m | bridge_midpoint-portrait.jpg[39m[0m
[  92% ] [90m[1m_update_scan_actions[22m | jnr_station-portrait.jpg[39m[0m
[  92% ] [90m[1m_update_scan_actions[22m | bridge_midpoint-portrait.jpg[39m[0m
[  92% ] [90m[1m_update_scan_actions[22m | jnr_station-portrait.jpg[39m[0m
[  92% ] [90m[1m_update_scan_actions[22m | cars-closeup-bridge_midpoint.png[39m[0m
[  92% ] [90m[1m_update_scan_actions[22m | cars-closeup-jnr_station.png[39m[0m
[  92% ] [90m[1m_update_scan_actions[22m | pairs-before-vs-after-landscape.png[39m[0m
[  92% ] [90m[1m_update_scan_actions[22m | pairs-before-vs-after-portrait.png[39m[0m
[  92% ] [90m[1m_update_scan_actions[22m | yellow-car-zoom.png[39m[0m
[  92% ] [90m[1m_update_scan_actions[22m | ui-hud.png[39m[0m
[  92% ] [90m[1m_update_scan_actions[22m | ui-loading.png[39m[0m
[  92% ] [90m[1m_update_scan_actions[22m | ui-lobby-host.png[39m[0m
[  92% ] [90m[1m_update_scan_actions[22m | ui-lobby-join.png[39m[0m
[  92% ] [90m[1m_update_scan_actions[22m | ui-main-menu.png[39m[0m
[  92% ] [90m[1m_update_scan_actions[22m | ui-pause.png[39m[0m
[  92% ] [90m[1m_update_scan_actions[22m | ui-results.png[39m[0m
[  92% ] [90m[1m_update_scan_actions[22m | busted-gig-failure.png[39m[0m
[  92% ] [90m[1m_update_scan_actions[22m | continuous-drive.png[39m[0m
[  92% ] [90m[1m_update_scan_actions[22m | cop-approach.png[39m[0m
[  92% ] [90m[1m_update_scan_actions[22m | cop-contact.png[39m[0m
[  92% ] [90m[1m_update_scan_actions[22m | held-throttle-stop.png[39m[0m
[  93% ] [90m[1m_update_scan_actions[22m | hud-landscape.png[39m[0m
[  93% ] [90m[1m_update_scan_actions[22m | hud-portrait.png[39m[0m
[  93% ] [90m[1m_update_scan_actions[22m | moving-contact.png[39m[0m
[  93% ] [90m[1m_update_scan_actions[22m | released-start-bay.png[39m[0m
[  93% ] [90m[1m_update_scan_actions[22m | sidewalk-walkers.png[39m[0m
[  93% ] [90m[1m_update_scan_actions[22m | traffic-approach.png[39m[0m
[  93% ] [90m[1m_update_scan_actions[22m | traffic-contact.png[39m[0m
[  93% ] [90m[1m_update_scan_actions[22m | trench-pursuit.png[39m[0m
[  93% ] [90m[1m_update_scan_actions[22m | wanted-1.png[39m[0m
[  93% ] [90m[1m_update_scan_actions[22m | wanted-2.png[39m[0m
[  93% ] [90m[1m_update_scan_actions[22m | wanted-3.png[39m[0m
[  93% ] [90m[1m_update_scan_actions[22m | wanted-cleared.png[39m[0m
[  93% ] [90m[1m_update_scan_actions[22m | arrest.png[39m[0m
[  93% ] [90m[1m_update_scan_actions[22m | restored.png[39m[0m
[  93% ] [90m[1m_update_scan_actions[22m | settlement.png[39m[0m
[  93% ] [90m[1m_update_scan_actions[22m | arrest.png[39m[0m
[  93% ] [90m[1m_update_scan_actions[22m | restored.png[39m[0m
[  93% ] [90m[1m_update_scan_actions[22m | settlement.png[39m[0m
[  93% ] [90m[1m_update_scan_actions[22m | drive-away.png[39m[0m
[  93% ] [90m[1m_update_scan_actions[22m | hud-arrest.png[39m[0m
[  93% ] [90m[1m_update_scan_actions[22m | hud-settlement.png[39m[0m
[  93% ] [90m[1m_update_scan_actions[22m | drive-away.png[39m[0m
[  93% ] [90m[1m_update_scan_actions[22m | hud-arrest.png[39m[0m
[  94% ] [90m[1m_update_scan_actions[22m | hud-settlement.png[39m[0m
[  94% ] [90m[1m_update_scan_actions[22m | arrest.png[39m[0m
[  94% ] [90m[1m_update_scan_actions[22m | restored.png[39m[0m
[  94% ] [90m[1m_update_scan_actions[22m | settlement.png[39m[0m
[  94% ] [90m[1m_update_scan_actions[22m | arrest.png[39m[0m
[  94% ] [90m[1m_update_scan_actions[22m | rejected-first-restored.png[39m[0m
[  94% ] [90m[1m_update_scan_actions[22m | restored.png[39m[0m
[  94% ] [90m[1m_update_scan_actions[22m | settlement.png[39m[0m
[  94% ] [90m[1m_update_scan_actions[22m | arrest.png[39m[0m
[  94% ] [90m[1m_update_scan_actions[22m | restored.png[39m[0m
[  94% ] [90m[1m_update_scan_actions[22m | settlement.png[39m[0m
[  94% ] [90m[1m_update_scan_actions[22m | arrest.png[39m[0m
[  94% ] [90m[1m_update_scan_actions[22m | restored.png[39m[0m
[  94% ] [90m[1m_update_scan_actions[22m | settlement.png[39m[0m
[  94% ] [90m[1m_update_scan_actions[22m | arrest.png[39m[0m
[  94% ] [90m[1m_update_scan_actions[22m | restored.png[39m[0m
[  94% ] [90m[1m_update_scan_actions[22m | settlement.png[39m[0m
[  94% ] [90m[1m_update_scan_actions[22m | arrest.png[39m[0m
[  94% ] [90m[1m_update_scan_actions[22m | restored.png[39m[0m
[  94% ] [90m[1m_update_scan_actions[22m | settlement.png[39m[0m
[  94% ] [90m[1m_update_scan_actions[22m | arrest.png[39m[0m
[  94% ] [90m[1m_update_scan_actions[22m | restored.png[39m[0m
[  94% ] [90m[1m_update_scan_actions[22m | settlement.png[39m[0m
[  95% ] [90m[1m_update_scan_actions[22m | arrest.png[39m[0m
[  95% ] [90m[1m_update_scan_actions[22m | restored.png[39m[0m
[  95% ] [90m[1m_update_scan_actions[22m | settlement.png[39m[0m
[  95% ] [90m[1m_update_scan_actions[22m | cop-approach.png[39m[0m
[  95% ] [90m[1m_update_scan_actions[22m | cop-overlap.png[39m[0m
[  95% ] [90m[1m_update_scan_actions[22m | traffic-approach.png[39m[0m
[  95% ] [90m[1m_update_scan_actions[22m | traffic-under.png[39m[0m
[  95% ] [90m[1m_update_scan_actions[22m | landscape.png[39m[0m
[  95% ] [90m[1m_update_scan_actions[22m | portrait.png[39m[0m
[  95% ] [90m[1m_update_scan_actions[22m | landscape.png[39m[0m
[  95% ] [90m[1m_update_scan_actions[22m | portrait.png[39m[0m
[  95% ] [90m[1m_update_scan_actions[22m | parallel-capture-notice.png[39m[0m
[  95% ] [90m[1m_update_scan_actions[22m | arrest.png[39m[0m
[  95% ] [90m[1m_update_scan_actions[22m | restored.png[39m[0m
[  95% ] [90m[1m_update_scan_actions[22m | settlement.png[39m[0m
[  95% ] [90m[1m_update_scan_actions[22m | arrest.png[39m[0m
[  95% ] [90m[1m_update_scan_actions[22m | restored.png[39m[0m
[  95% ] [90m[1m_update_scan_actions[22m | settlement.png[39m[0m
[  95% ] [90m[1m_update_scan_actions[22m | landscape-idle-collapsed.png[39m[0m
[  95% ] [90m[1m_update_scan_actions[22m | landscape-idle-expanded.png[39m[0m
[  95% ] [90m[1m_update_scan_actions[22m | landscape-menu-available.png[39m[0m
[  95% ] [90m[1m_update_scan_actions[22m | landscape-menu-failure.png[39m[0m
[  95% ] [90m[1m_update_scan_actions[22m | landscape-menu-success.png[39m[0m
[  96% ] [90m[1m_update_scan_actions[22m | landscape-menu-tracking.png[39m[0m
[  96% ] [90m[1m_update_scan_actions[22m | landscape-owner-gas-opens-map.png[39m[0m
[  96% ] [90m[1m_update_scan_actions[22m | landscape-to_dropoff-collapsed.png[39m[0m
[  96% ] [90m[1m_update_scan_actions[22m | landscape-to_dropoff-expanded.png[39m[0m
[  96% ] [90m[1m_update_scan_actions[22m | portrait-idle-collapsed.png[39m[0m
[  96% ] [90m[1m_update_scan_actions[22m | portrait-idle-expanded.png[39m[0m
[  96% ] [90m[1m_update_scan_actions[22m | portrait-menu-available.png[39m[0m
[  96% ] [90m[1m_update_scan_actions[22m | portrait-menu-failure.png[39m[0m
[  96% ] [90m[1m_update_scan_actions[22m | portrait-menu-success.png[39m[0m
[  96% ] [90m[1m_update_scan_actions[22m | portrait-menu-tracking.png[39m[0m
[  96% ] [90m[1m_update_scan_actions[22m | portrait-to_dropoff-collapsed.png[39m[0m
[  96% ] [90m[1m_update_scan_actions[22m | portrait-to_dropoff-expanded.png[39m[0m
[  96% ] [90m[1m_update_scan_actions[22m | 390x844-collapsed-false.png[39m[0m
[  96% ] [90m[1m_update_scan_actions[22m | 390x844-collapsed-true.png[39m[0m
[  96% ] [90m[1m_update_scan_actions[22m | 844x390-collapsed-false.png[39m[0m
[  96% ] [90m[1m_update_scan_actions[22m | 844x390-collapsed-true.png[39m[0m
[  96% ] [90m[1m_update_scan_actions[22m | 390x844-collapsed-false.png[39m[0m
[  96% ] [90m[1m_update_scan_actions[22m | 390x844-collapsed-true.png[39m[0m
[  96% ] [90m[1m_update_scan_actions[22m | 844x390-collapsed-false.png[39m[0m
[  96% ] [90m[1m_update_scan_actions[22m | 844x390-collapsed-true.png[39m[0m
[  96% ] [90m[1m_update_scan_actions[22m | landscape-hit_pedestrian.png[39m[0m
[  96% ] [90m[1m_update_scan_actions[22m | portrait-hit_pedestrian.png[39m[0m
[  96% ] [90m[1m_update_scan_actions[22m | landscape-idle-collapsed.png[39m[0m
[  97% ] [90m[1m_update_scan_actions[22m | landscape-idle-expanded.png[39m[0m
[  97% ] [90m[1m_update_scan_actions[22m | landscape-owner-gas-opens-map.png[39m[0m
[  97% ] [90m[1m_update_scan_actions[22m | landscape-to_dropoff-collapsed.png[39m[0m
[  97% ] [90m[1m_update_scan_actions[22m | landscape-to_dropoff-expanded.png[39m[0m
[  97% ] [90m[1m_update_scan_actions[22m | portrait-idle-collapsed.png[39m[0m
[  97% ] [90m[1m_update_scan_actions[22m | portrait-idle-expanded.png[39m[0m
[  97% ] [90m[1m_update_scan_actions[22m | portrait-to_dropoff-collapsed.png[39m[0m
[  97% ] [90m[1m_update_scan_actions[22m | portrait-to_dropoff-expanded.png[39m[0m
[  97% ] [90m[1m_update_scan_actions[22m | drive-away.png[39m[0m
[  97% ] [90m[1m_update_scan_actions[22m | event-03-busted.png[39m[0m
[  97% ] [90m[1m_update_scan_actions[22m | event-04-reset-request.png[39m[0m
[  97% ] [90m[1m_update_scan_actions[22m | released.png[39m[0m
[  97% ] [90m[1m_update_scan_actions[22m | arrest.png[39m[0m
[  97% ] [90m[1m_update_scan_actions[22m | restored.png[39m[0m
[  97% ] [90m[1m_update_scan_actions[22m | settlement.png[39m[0m
[  97% ] [90m[1m_update_scan_actions[22m | arrest.png[39m[0m
[  97% ] [90m[1m_update_scan_actions[22m | restored.png[39m[0m
[  97% ] [90m[1m_update_scan_actions[22m | settlement.png[39m[0m
[  97% ] [90m[1m_update_scan_actions[22m | arrest.png[39m[0m
[  97% ] [90m[1m_update_scan_actions[22m | restored.png[39m[0m
[  97% ] [90m[1m_update_scan_actions[22m | settlement.png[39m[0m
[  97% ] [90m[1m_update_scan_actions[22m | arrest.png[39m[0m
[  97% ] [90m[1m_update_scan_actions[22m | restored.png[39m[0m
[  98% ] [90m[1m_update_scan_actions[22m | settlement.png[39m[0m
[  98% ] [90m[1m_update_scan_actions[22m | landscape-idle-collapsed.png[39m[0m
[  98% ] [90m[1m_update_scan_actions[22m | landscape-idle-expanded.png[39m[0m
[  98% ] [90m[1m_update_scan_actions[22m | landscape-menu-available.png[39m[0m
[  98% ] [90m[1m_update_scan_actions[22m | landscape-menu-failure.png[39m[0m
[  98% ] [90m[1m_update_scan_actions[22m | landscape-menu-success.png[39m[0m
[  98% ] [90m[1m_update_scan_actions[22m | landscape-menu-tracking.png[39m[0m
[  98% ] [90m[1m_update_scan_actions[22m | landscape-owner-gas-opens-map.png[39m[0m
[  98% ] [90m[1m_update_scan_actions[22m | landscape-to_dropoff-collapsed.png[39m[0m
[  98% ] [90m[1m_update_scan_actions[22m | landscape-to_dropoff-expanded.png[39m[0m
[  98% ] [90m[1m_update_scan_actions[22m | portrait-idle-collapsed.png[39m[0m
[  98% ] [90m[1m_update_scan_actions[22m | portrait-idle-expanded.png[39m[0m
[  98% ] [90m[1m_update_scan_actions[22m | portrait-menu-available.png[39m[0m
[  98% ] [90m[1m_update_scan_actions[22m | portrait-menu-failure.png[39m[0m
[  98% ] [90m[1m_update_scan_actions[22m | portrait-menu-success.png[39m[0m
[  98% ] [90m[1m_update_scan_actions[22m | portrait-menu-tracking.png[39m[0m
[  98% ] [90m[1m_update_scan_actions[22m | portrait-to_dropoff-collapsed.png[39m[0m
[  98% ] [90m[1m_update_scan_actions[22m | portrait-to_dropoff-expanded.png[39m[0m
[  98% ] [90m[1m_update_scan_actions[22m | 390x844-collapsed-false.png[39m[0m
[  98% ] [90m[1m_update_scan_actions[22m | 390x844-collapsed-true.png[39m[0m
[  98% ] [90m[1m_update_scan_actions[22m | 844x390-collapsed-false.png[39m[0m
[  98% ] [90m[1m_update_scan_actions[22m | 844x390-collapsed-true.png[39m[0m
[  98% ] [90m[1m_update_scan_actions[22m | 390x844-collapsed-false.png[39m[0m
[  99% ] [90m[1m_update_scan_actions[22m | 390x844-collapsed-true.png[39m[0m
[  99% ] [90m[1m_update_scan_actions[22m | 844x390-collapsed-false.png[39m[0m
[  99% ] [90m[1m_update_scan_actions[22m | 844x390-collapsed-true.png[39m[0m
[  99% ] [90m[1m_update_scan_actions[22m | hud-landscape.jpg[39m[0m
[  99% ] [90m[1m_update_scan_actions[22m | hud-portrait.jpg[39m[0m
[  99% ] [90m[1m_update_scan_actions[22m | natural-after.jpg[39m[0m
[  99% ] [90m[1m_update_scan_actions[22m | natural-before.jpg[39m[0m
[  99% ] [90m[1m_update_scan_actions[22m | drive-away.png[39m[0m
[  99% ] [90m[1m_update_scan_actions[22m | first-drive-away.png[39m[0m
[  99% ] [90m[1m_update_scan_actions[22m | released.png[39m[0m
[  99% ] [90m[1m_update_scan_actions[22m | return-bay.png[39m[0m
[  99% ] [90m[1m_update_scan_actions[22m | drive-away.png[39m[0m
[  99% ] [90m[1m_update_scan_actions[22m | first-drive-away.png[39m[0m
[  99% ] [90m[1m_update_scan_actions[22m | released.png[39m[0m
[  99% ] [90m[1m_update_scan_actions[22m | return-bay.png[39m[0m
[  99% ] [90m[1m_update_scan_actions[22m | drive-away.png[39m[0m
[  99% ] [90m[1m_update_scan_actions[22m | return-bay.png[39m[0m
[  99% ] [90m[1m_update_scan_actions[22m | drive-away.png[39m[0m
[  99% ] [90m[1m_update_scan_actions[22m | return-bay.png[39m[0m
[  99% ] [90m[1m_update_scan_actions[22m | smoke.png[39m[0m
[  99% ] [90m[1m_update_scan_actions[22m | icon.png[39m[0m
[92m[ DONE ][39m [1m_update_scan_actions[22m
[0m
[   0% ] [90m[1mreimport[22m | Started (Re)Importing Assets (1830 steps)[39m[0m
[   0% ] [90m[1mreimport[22m | Preparing files to reimport...[39m[0m
[   0% ] [90m[1mreimport[22m | Preparing files to reimport...[39m[0m
[   0% ] [90m[1mreimport[22m | Preparing files to reimport...[39m[0m
[   0% ] [90m[1mreimport[22m | Preparing files to reimport...[39m[0m
[   0% ] [90m[1mreimport[22m | Preparing files to reimport...[39m[0m
[   0% ] [90m[1mreimport[22m | Preparing files to reimport...[39m[0m
[   0% ] [90m[1mreimport[22m | Preparing files to reimport...[39m[0m
[   0% ] [90m[1mreimport[22m | Preparing files to reimport...[39m[0m
[   0% ] [90m[1mreimport[22m | Preparing files to reimport...[39m[0m
[   0% ] [90m[1mreimport[22m | Preparing files to reimport...[39m[0m
[   0% ] [90m[1mreimport[22m | Preparing files to reimport...[39m[0m
[   0% ] [90m[1mreimport[22m | Preparing files to reimport...[39m[0m
[   0% ] [90m[1mreimport[22m | Preparing files to reimport...[39m[0m
[   0% ] [90m[1mreimport[22m | Preparing files to reimport...[39m[0m
[   0% ] [90m[1mreimport[22m | Preparing files to reimport...[39m[0m
[   0% ] [90m[1mreimport[22m | Preparing files to reimport...[39m[0m
[   0% ] [90m[1mreimport[22m | Preparing files to reimport...[39m[0m
[   0% ] [90m[1mreimport[22m | Preparing files to reimport...[39m[0m
[   0% ] [90m[1mreimport[22m | Preparing files to reimport...[39m[0m
[   1% ] [90m[1mreimport[22m | Preparing files to reimport...[39m[0m
[   1% ] [90m[1mreimport[22m | Preparing files to reimport...[39m[0m
[   1% ] [90m[1mreimport[22m | Preparing files to reimport...[39m[0m
[   1% ] [90m[1mreimport[22m | Preparing files to reimport...[39m[0m
[   1% ] [90m[1mreimport[22m | Preparing files to reimport...[39m[0m
[   1% ] [90m[1mreimport[22m | Preparing files to reimport...[39m[0m
[   1% ] [90m[1mreimport[22m | Preparing files to reimport...[39m[0m
[   1% ] [90m[1mreimport[22m | Preparing files to reimport...[39m[0m
[   1% ] [90m[1mreimport[22m | Preparing files to reimport...[39m[0m
[   1% ] [90m[1mreimport[22m | Preparing files to reimport...[39m[0m
[   1% ] [90m[1mreimport[22m | Preparing files to reimport...[39m[0m
[   1% ] [90m[1mreimport[22m | Preparing files to reimport...[39m[0m
[   1% ] [90m[1mreimport[22m | Preparing files to reimport...[39m[0m
[   1% ] [90m[1mreimport[22m | Preparing files to reimport...[39m[0m
[   1% ] [90m[1mreimport[22m | Preparing files to reimport...[39m[0m
[   1% ] [90m[1mreimport[22m | Preparing files to reimport...[39m[0m
[   1% ] [90m[1mreimport[22m | Preparing files to reimport...[39m[0m
[   1% ] [90m[1mreimport[22m | Preparing files to reimport...[39m[0m
[   2% ] [90m[1mreimport[22m | Preparing files to reimport...[39m[0m
[   2% ] [90m[1mreimport[22m | Preparing files to reimport...[39m[0m
[   2% ] [90m[1mreimport[22m | Preparing files to reimport...[39m[0m
[   2% ] [90m[1mreimport[22m | Preparing files to reimport...[39m[0m
[   2% ] [90m[1mreimport[22m | Preparing files to reimport...[39m[0m
[   2% ] [90m[1mreimport[22m | Preparing files to reimport...[39m[0m
[   2% ] [90m[1mreimport[22m | Preparing files to reimport...[39m[0m
[   2% ] [90m[1mreimport[22m | Preparing files to reimport...[39m[0m
[   2% ] [90m[1mreimport[22m | Preparing files to reimport...[39m[0m
[   2% ] [90m[1mreimport[22m | Preparing files to reimport...[39m[0m
[   2% ] [90m[1mreimport[22m | Preparing files to reimport...[39m[0m
[   2% ] [90m[1mreimport[22m | Preparing files to reimport...[39m[0m
[   2% ] [90m[1mreimport[22m | Preparing files to reimport...[39m[0m
[   2% ] [90m[1mreimport[22m | Preparing files to reimport...[39m[0m
[   2% ] [90m[1mreimport[22m | Preparing files to reimport...[39m[0m
[   2% ] [90m[1mreimport[22m | Preparing files to reimport...[39m[0m
[   2% ] [90m[1mreimport[22m | Preparing files to reimport...[39m[0m
[   2% ] [90m[1mreimport[22m | Preparing files to reimport...[39m[0m
[   3% ] [90m[1mreimport[22m | Preparing files to reimport...[39m[0m
[   3% ] [90m[1mreimport[22m | Preparing files to reimport...[39m[0m
[   3% ] [90m[1mreimport[22m | Preparing files to reimport...[39m[0m
[   3% ] [90m[1mreimport[22m | Preparing files to reimport...[39m[0m
[   3% ] [90m[1mreimport[22m | Preparing files to reimport...[39m[0m
[   3% ] [90m[1mreimport[22m | Preparing files to reimport...[39m[0m
[   3% ] [90m[1mreimport[22m | Preparing files to reimport...[39m[0m
[   3% ] [90m[1mreimport[22m | Preparing files to reimport...[39m[0m
[   3% ] [90m[1mreimport[22m | Preparing files to reimport...[39m[0m
[   3% ] [90m[1mreimport[22m | Preparing files to reimport...[39m[0m
[   3% ] [90m[1mreimport[22m | Preparing files to reimport...[39m[0m
[   3% ] [90m[1mreimport[22m | Preparing files to reimport...[39m[0m
[   3% ] [90m[1mreimport[22m | Preparing files to reimport...[39m[0m
[   3% ] [90m[1mreimport[22m | Preparing files to reimport...[39m[0m
[   3% ] [90m[1mreimport[22m | Preparing files to reimport...[39m[0m
[   3% ] [90m[1mreimport[22m | Preparing files to reimport...[39m[0m
[   3% ] [90m[1mreimport[22m | Preparing files to reimport...[39m[0m
[   3% ] [90m[1mreimport[22m | Preparing files to reimport...[39m[0m
[   3% ] [90m[1mreimport[22m | Preparing files to reimport...[39m[0m
[   4% ] [90m[1mreimport[22m | Preparing files to reimport...[39m[0m
[   4% ] [90m[1mreimport[22m | Preparing files to reimport...[39m[0m
[   4% ] [90m[1mreimport[22m | Preparing files to reimport...[39m[0m
[   4% ] [90m[1mreimport[22m | Preparing files to reimport...[39m[0m
[   4% ] [90m[1mreimport[22m | Preparing files to reimport...[39m[0m
[   4% ] [90m[1mreimport[22m | Preparing files to reimport...[39m[0m
[   4% ] [90m[1mreimport[22m | Preparing files to reimport...[39m[0m
[   4% ] [90m[1mreimport[22m | Preparing files to reimport...[39m[0m
[   4% ] [90m[1mreimport[22m | Preparing files to reimport...[39m[0m
[   4% ] [90m[1mreimport[22m | Preparing files to reimport...[39m[0m
[   4% ] [90m[1mreimport[22m | Preparing files to reimport...[39m[0m
[   4% ] [90m[1mreimport[22m | Preparing files to reimport...[39m[0m
[   4% ] [90m[1mreimport[22m | Preparing files to reimport...[39m[0m
[   4% ] [90m[1mreimport[22m | Preparing files to reimport...[39m[0m
[   4% ] [90m[1mreimport[22m | Preparing files to reimport...[39m[0m
[   4% ] [90m[1mreimport[22m | Preparing files to reimport...[39m[0m
[   4% ] [90m[1mreimport[22m | Preparing files to reimport...[39m[0m
[   4% ] [90m[1mreimport[22m | Preparing files to reimport...[39m[0m
[   5% ] [90m[1mreimport[22m | Preparing files to reimport...[39m[0m
[   5% ] [90m[1mreimport[22m | Preparing files to reimport...[39m[0m
[   5% ] [90m[1mreimport[22m | Preparing files to reimport...[39m[0m
[   5% ] [90m[1mreimport[22m | Preparing files to reimport...[39m[0m
[   5% ] [90m[1mreimport[22m | Preparing files to reimport...[39m[0m
[   5% ] [90m[1mreimport[22m | Preparing files to reimport...[39m[0m
[   5% ] [90m[1mreimport[22m | Preparing files to reimport...[39m[0m
[   5% ] [90m[1mreimport[22m | Preparing files to reimport...[39m[0m
[   5% ] [90m[1mreimport[22m | Preparing files to reimport...[39m[0m
[   5% ] [90m[1mreimport[22m | Preparing files to reimport...[39m[0m
[   5% ] [90m[1mreimport[22m | Preparing files to reimport...[39m[0m
[   5% ] [90m[1mreimport[22m | Preparing files to reimport...[39m[0m
[   5% ] [90m[1mreimport[22m | Preparing files to reimport...[39m[0m
[   5% ] [90m[1mreimport[22m | Preparing files to reimport...[39m[0m
[   5% ] [90m[1mreimport[22m | Preparing files to reimport...[39m[0m
[   5% ] [90m[1mreimport[22m | Preparing files to reimport...[39m[0m
[   5% ] [90m[1mreimport[22m | Preparing files to reimport...[39m[0m
[   5% ] [90m[1mreimport[22m | Preparing files to reimport...[39m[0m
[   6% ] [90m[1mreimport[22m | Preparing files to reimport...[39m[0m
[   6% ] [90m[1mreimport[22m | Preparing files to reimport...[39m[0m
[   6% ] [90m[1mreimport[22m | Preparing files to reimport...[39m[0m
[   6% ] [90m[1mreimport[22m | Preparing files to reimport...[39m[0m
[   6% ] [90m[1mreimport[22m | Preparing files to reimport...[39m[0m
[   6% ] [90m[1mreimport[22m | Preparing files to reimport...[39m[0m
[   6% ] [90m[1mreimport[22m | Preparing files to reimport...[39m[0m
[   6% ] [90m[1mreimport[22m | Preparing files to reimport...[39m[0m
[   6% ] [90m[1mreimport[22m | Preparing files to reimport...[39m[0m
[   6% ] [90m[1mreimport[22m | Preparing files to reimport...[39m[0m
[   6% ] [90m[1mreimport[22m | Preparing files to reimport...[39m[0m
[   6% ] [90m[1mreimport[22m | Preparing files to reimport...[39m[0m
[   6% ] [90m[1mreimport[22m | Preparing files to reimport...[39m[0m
[   6% ] [90m[1mreimport[22m | Preparing files to reimport...[39m[0m
[   6% ] [90m[1mreimport[22m | Preparing files to reimport...[39m[0m
[   6% ] [90m[1mreimport[22m | Preparing files to reimport...[39m[0m
[   6% ] [90m[1mreimport[22m | Preparing files to reimport...[39m[0m
[   6% ] [90m[1mreimport[22m | Preparing files to reimport...[39m[0m
[   6% ] [90m[1mreimport[22m | Preparing files to reimport...[39m[0m
[   7% ] [90m[1mreimport[22m | Preparing files to reimport...[39m[0m
[   7% ] [90m[1mreimport[22m | Preparing files to reimport...[39m[0m
[   7% ] [90m[1mreimport[22m | Preparing files to reimport...[39m[0m
[   7% ] [90m[1mreimport[22m | Preparing files to reimport...[39m[0m
[   7% ] [90m[1mreimport[22m | Preparing files to reimport...[39m[0m
[   7% ] [90m[1mreimport[22m | Preparing files to reimport...[39m[0m
[   7% ] [90m[1mreimport[22m | Preparing files to reimport...[39m[0m
[   7% ] [90m[1mreimport[22m | Preparing files to reimport...[39m[0m
[   7% ] [90m[1mreimport[22m | Preparing files to reimport...[39m[0m
[   7% ] [90m[1mreimport[22m | Preparing files to reimport...[39m[0m
[   7% ] [90m[1mreimport[22m | Preparing files to reimport...[39m[0m
[   7% ] [90m[1mreimport[22m | Preparing files to reimport...[39m[0m
[   7% ] [90m[1mreimport[22m | Preparing files to reimport...[39m[0m
[   7% ] [90m[1mreimport[22m | Preparing files to reimport...[39m[0m
[   7% ] [90m[1mreimport[22m | Preparing files to reimport...[39m[0m
[   7% ] [90m[1mreimport[22m | Preparing files to reimport...[39m[0m
[   7% ] [90m[1mreimport[22m | Preparing files to reimport...[39m[0m
[   7% ] [90m[1mreimport[22m | Preparing files to reimport...[39m[0m
[   8% ] [90m[1mreimport[22m | Preparing files to reimport...[39m[0m
[   8% ] [90m[1mreimport[22m | Preparing files to reimport...[39m[0m
[   8% ] [90m[1mreimport[22m | Preparing files to reimport...[39m[0m
[   8% ] [90m[1mreimport[22m | Preparing files to reimport...[39m[0m
[   8% ] [90m[1mreimport[22m | Preparing files to reimport...[39m[0m
[   8% ] [90m[1mreimport[22m | Preparing files to reimport...[39m[0m
[   8% ] [90m[1mreimport[22m | Preparing files to reimport...[39m[0m
[   8% ] [90m[1mreimport[22m | Preparing files to reimport...[39m[0m
[   8% ] [90m[1mreimport[22m | Preparing files to reimport...[39m[0m
[   8% ] [90m[1mreimport[22m | Preparing files to reimport...[39m[0m
[   8% ] [90m[1mreimport[22m | Preparing files to reimport...[39m[0m
[   8% ] [90m[1mreimport[22m | Preparing files to reimport...[39m[0m
[   8% ] [90m[1mreimport[22m | Preparing files to reimport...[39m[0m
[   8% ] [90m[1mreimport[22m | Preparing files to reimport...[39m[0m
[   8% ] [90m[1mreimport[22m | Preparing files to reimport...[39m[0m
[   8% ] [90m[1mreimport[22m | Preparing files to reimport...[39m[0m
[   8% ] [90m[1mreimport[22m | Preparing files to reimport...[39m[0m
[   8% ] [90m[1mreimport[22m | Preparing files to reimport...[39m[0m
[   9% ] [90m[1mreimport[22m | Preparing files to reimport...[39m[0m
[   9% ] [90m[1mreimport[22m | Preparing files to reimport...[39m[0m
[   9% ] [90m[1mreimport[22m | Preparing files to reimport...[39m[0m
[   9% ] [90m[1mreimport[22m | Preparing files to reimport...[39m[0m
[   9% ] [90m[1mreimport[22m | Preparing files to reimport...[39m[0m
[   9% ] [90m[1mreimport[22m | Preparing files to reimport...[39m[0m
[   9% ] [90m[1mreimport[22m | Preparing files to reimport...[39m[0m
[   9% ] [90m[1mreimport[22m | Preparing files to reimport...[39m[0m
[   9% ] [90m[1mreimport[22m | Preparing files to reimport...[39m[0m
[   9% ] [90m[1mreimport[22m | Preparing files to reimport...[39m[0m
[   9% ] [90m[1mreimport[22m | Preparing files to reimport...[39m[0m
[   9% ] [90m[1mreimport[22m | Preparing files to reimport...[39m[0m
[   9% ] [90m[1mreimport[22m | Preparing files to reimport...[39m[0m
[   9% ] [90m[1mreimport[22m | Preparing files to reimport...[39m[0m
[   9% ] [90m[1mreimport[22m | Preparing files to reimport...[39m[0m
[   9% ] [90m[1mreimport[22m | Preparing files to reimport...[39m[0m
[   9% ] [90m[1mreimport[22m | Preparing files to reimport...[39m[0m
[   9% ] [90m[1mreimport[22m | Preparing files to reimport...[39m[0m
[   9% ] [90m[1mreimport[22m | Preparing files to reimport...[39m[0m
[  10% ] [90m[1mreimport[22m | Preparing files to reimport...[39m[0m
[  10% ] [90m[1mreimport[22m | Preparing files to reimport...[39m[0m
[  10% ] [90m[1mreimport[22m | Preparing files to reimport...[39m[0m
[  10% ] [90m[1mreimport[22m | Preparing files to reimport...[39m[0m
[  10% ] [90m[1mreimport[22m | Preparing files to reimport...[39m[0m
[  10% ] [90m[1mreimport[22m | Preparing files to reimport...[39m[0m
[  10% ] [90m[1mreimport[22m | Preparing files to reimport...[39m[0m
[  10% ] [90m[1mreimport[22m | Preparing files to reimport...[39m[0m
[  10% ] [90m[1mreimport[22m | Preparing files to reimport...[39m[0m
[  10% ] [90m[1mreimport[22m | Preparing files to reimport...[39m[0m
[  10% ] [90m[1mreimport[22m | Preparing files to reimport...[39m[0m
[  10% ] [90m[1mreimport[22m | Preparing files to reimport...[39m[0m
[  10% ] [90m[1mreimport[22m | Preparing files to reimport...[39m[0m
[  10% ] [90m[1mreimport[22m | Preparing files to reimport...[39m[0m
[  10% ] [90m[1mreimport[22m | Preparing files to reimport...[39m[0m
[  10% ] [90m[1mreimport[22m | Preparing files to reimport...[39m[0m
[  10% ] [90m[1mreimport[22m | Preparing files to reimport...[39m[0m
[  10% ] [90m[1mreimport[22m | Preparing files to reimport...[39m[0m
[  11% ] [90m[1mreimport[22m | Preparing files to reimport...[39m[0m
[  11% ] [90m[1mreimport[22m | Preparing files to reimport...[39m[0m
[  11% ] [90m[1mreimport[22m | Preparing files to reimport...[39m[0m
[  11% ] [90m[1mreimport[22m | Preparing files to reimport...[39m[0m
[  11% ] [90m[1mreimport[22m | Preparing files to reimport...[39m[0m
[  11% ] [90m[1mreimport[22m | Preparing files to reimport...[39m[0m
[  11% ] [90m[1mreimport[22m | Preparing files to reimport...[39m[0m
[  11% ] [90m[1mreimport[22m | Preparing files to reimport...[39m[0m
[  11% ] [90m[1mreimport[22m | Preparing files to reimport...[39m[0m
[  11% ] [90m[1mreimport[22m | Preparing files to reimport...[39m[0m
[  11% ] [90m[1mreimport[22m | Preparing files to reimport...[39m[0m
[  11% ] [90m[1mreimport[22m | Preparing files to reimport...[39m[0m
[  11% ] [90m[1mreimport[22m | Preparing files to reimport...[39m[0m
[  11% ] [90m[1mreimport[22m | Preparing files to reimport...[39m[0m
[  11% ] [90m[1mreimport[22m | Preparing files to reimport...[39m[0m
[  11% ] [90m[1mreimport[22m | Preparing files to reimport...[39m[0m
[  11% ] [90m[1mreimport[22m | Preparing files to reimport...[39m[0m
[  11% ] [90m[1mreimport[22m | Preparing files to reimport...[39m[0m
[  12% ] [90m[1mreimport[22m | Preparing files to reimport...[39m[0m
[  12% ] [90m[1mreimport[22m | Preparing files to reimport...[39m[0m
[  12% ] [90m[1mreimport[22m | Preparing files to reimport...[39m[0m
[  12% ] [90m[1mreimport[22m | Preparing files to reimport...[39m[0m
[  12% ] [90m[1mreimport[22m | Preparing files to reimport...[39m[0m
[  12% ] [90m[1mreimport[22m | Preparing files to reimport...[39m[0m
[  12% ] [90m[1mreimport[22m | Preparing files to reimport...[39m[0m
[  12% ] [90m[1mreimport[22m | Preparing files to reimport...[39m[0m
[  12% ] [90m[1mreimport[22m | Preparing files to reimport...[39m[0m
[  12% ] [90m[1mreimport[22m | Preparing files to reimport...[39m[0m
[  12% ] [90m[1mreimport[22m | Preparing files to reimport...[39m[0m
[  12% ] [90m[1mreimport[22m | Preparing files to reimport...[39m[0m
[  12% ] [90m[1mreimport[22m | Preparing files to reimport...[39m[0m
[  12% ] [90m[1mreimport[22m | Preparing files to reimport...[39m[0m
[  12% ] [90m[1mreimport[22m | Preparing files to reimport...[39m[0m
[  12% ] [90m[1mreimport[22m | Preparing files to reimport...[39m[0m
[  12% ] [90m[1mreimport[22m | Preparing files to reimport...[39m[0m
[  12% ] [90m[1mreimport[22m | Preparing files to reimport...[39m[0m
[  12% ] [90m[1mreimport[22m | Preparing files to reimport...[39m[0m
[  13% ] [90m[1mreimport[22m | Preparing files to reimport...[39m[0m
[  13% ] [90m[1mreimport[22m | Preparing files to reimport...[39m[0m
[  13% ] [90m[1mreimport[22m | Preparing files to reimport...[39m[0m
[  13% ] [90m[1mreimport[22m | Preparing files to reimport...[39m[0m
[  13% ] [90m[1mreimport[22m | Preparing files to reimport...[39m[0m
[  13% ] [90m[1mreimport[22m | Preparing files to reimport...[39m[0m
[  13% ] [90m[1mreimport[22m | Preparing files to reimport...[39m[0m
[  13% ] [90m[1mreimport[22m | Preparing files to reimport...[39m[0m
[  13% ] [90m[1mreimport[22m | Preparing files to reimport...[39m[0m
[  13% ] [90m[1mreimport[22m | Preparing files to reimport...[39m[0m
[  13% ] [90m[1mreimport[22m | Preparing files to reimport...[39m[0m
[  13% ] [90m[1mreimport[22m | Preparing files to reimport...[39m[0m
[  13% ] [90m[1mreimport[22m | Preparing files to reimport...[39m[0m
[  13% ] [90m[1mreimport[22m | Preparing files to reimport...[39m[0m
[  13% ] [90m[1mreimport[22m | Preparing files to reimport...[39m[0m
[  13% ] [90m[1mreimport[22m | Preparing files to reimport...[39m[0m
[  13% ] [90m[1mreimport[22m | Preparing files to reimport...[39m[0m
[  13% ] [90m[1mreimport[22m | Preparing files to reimport...[39m[0m
[  14% ] [90m[1mreimport[22m | Preparing files to reimport...[39m[0m
[  14% ] [90m[1mreimport[22m | Preparing files to reimport...[39m[0m
[  14% ] [90m[1mreimport[22m | Preparing files to reimport...[39m[0m
[  14% ] [90m[1mreimport[22m | Preparing files to reimport...[39m[0m
[  14% ] [90m[1mreimport[22m | Preparing files to reimport...[39m[0m
[  14% ] [90m[1mreimport[22m | Preparing files to reimport...[39m[0m
[  14% ] [90m[1mreimport[22m | Preparing files to reimport...[39m[0m
[  14% ] [90m[1mreimport[22m | Preparing files to reimport...[39m[0m
[  14% ] [90m[1mreimport[22m | Preparing files to reimport...[39m[0m
[  14% ] [90m[1mreimport[22m | Preparing files to reimport...[39m[0m
[  14% ] [90m[1mreimport[22m | Preparing files to reimport...[39m[0m
[  14% ] [90m[1mreimport[22m | Preparing files to reimport...[39m[0m
[  14% ] [90m[1mreimport[22m | Preparing files to reimport...[39m[0m
[  14% ] [90m[1mreimport[22m | Preparing files to reimport...[39m[0m
[  14% ] [90m[1mreimport[22m | Preparing files to reimport...[39m[0m
[  14% ] [90m[1mreimport[22m | Preparing files to reimport...[39m[0m
[  14% ] [90m[1mreimport[22m | Preparing files to reimport...[39m[0m
[  14% ] [90m[1mreimport[22m | Preparing files to reimport...[39m[0m
[  15% ] [90m[1mreimport[22m | Preparing files to reimport...[39m[0m
[  15% ] [90m[1mreimport[22m | Preparing files to reimport...[39m[0m
[  15% ] [90m[1mreimport[22m | Preparing files to reimport...[39m[0m
[  15% ] [90m[1mreimport[22m | Preparing files to reimport...[39m[0m
[  15% ] [90m[1mreimport[22m | Preparing files to reimport...[39m[0m
[  15% ] [90m[1mreimport[22m | Preparing files to reimport...[39m[0m
[  15% ] [90m[1mreimport[22m | Preparing files to reimport...[39m[0m
[  15% ] [90m[1mreimport[22m | Preparing files to reimport...[39m[0m
[  15% ] [90m[1mreimport[22m | Preparing files to reimport...[39m[0m
[  15% ] [90m[1mreimport[22m | Preparing files to reimport...[39m[0m
[  15% ] [90m[1mreimport[22m | Preparing files to reimport...[39m[0m
[  15% ] [90m[1mreimport[22m | Preparing files to reimport...[39m[0m
[  15% ] [90m[1mreimport[22m | Preparing files to reimport...[39m[0m
[  15% ] [90m[1mreimport[22m | Preparing files to reimport...[39m[0m
[  15% ] [90m[1mreimport[22m | Preparing files to reimport...[39m[0m
[  15% ] [90m[1mreimport[22m | Preparing files to reimport...[39m[0m
[  15% ] [90m[1mreimport[22m | Preparing files to reimport...[39m[0m
[  15% ] [90m[1mreimport[22m | Preparing files to reimport...[39m[0m
[  16% ] [90m[1mreimport[22m | Preparing files to reimport...[39m[0m
[  16% ] [90m[1mreimport[22m | Preparing files to reimport...[39m[0m
[  16% ] [90m[1mreimport[22m | Preparing files to reimport...[39m[0m
[  16% ] [90m[1mreimport[22m | Preparing files to reimport...[39m[0m
[  16% ] [90m[1mreimport[22m | Preparing files to reimport...[39m[0m
[  16% ] [90m[1mreimport[22m | Preparing files to reimport...[39m[0m
[  16% ] [90m[1mreimport[22m | Preparing files to reimport...[39m[0m
[  16% ] [90m[1mreimport[22m | Preparing files to reimport...[39m[0m
[  16% ] [90m[1mreimport[22m | Preparing files to reimport...[39m[0m
[  16% ] [90m[1mreimport[22m | Preparing files to reimport...[39m[0m
[  16% ] [90m[1mreimport[22m | Preparing files to reimport...[39m[0m
[  16% ] [90m[1mreimport[22m | Preparing files to reimport...[39m[0m
[  16% ] [90m[1mreimport[22m | Preparing files to reimport...[39m[0m
[  16% ] [90m[1mreimport[22m | Preparing files to reimport...[39m[0m
[  16% ] [90m[1mreimport[22m | Preparing files to reimport...[39m[0m
[  16% ] [90m[1mreimport[22m | Preparing files to reimport...[39m[0m
[  16% ] [90m[1mreimport[22m | Preparing files to reimport...[39m[0m
[  16% ] [90m[1mreimport[22m | Preparing files to reimport...[39m[0m
[  16% ] [90m[1mreimport[22m | Preparing files to reimport...[39m[0m
[  17% ] [90m[1mreimport[22m | Preparing files to reimport...[39m[0m
[  17% ] [90m[1mreimport[22m | Preparing files to reimport...[39m[0m
[  17% ] [90m[1mreimport[22m | Preparing files to reimport...[39m[0m
[  17% ] [90m[1mreimport[22m | Preparing files to reimport...[39m[0m
[  17% ] [90m[1mreimport[22m | Preparing files to reimport...[39m[0m
[  17% ] [90m[1mreimport[22m | Preparing files to reimport...[39m[0m
[  17% ] [90m[1mreimport[22m | Preparing files to reimport...[39m[0m
[  17% ] [90m[1mreimport[22m | Preparing files to reimport...[39m[0m
[  17% ] [90m[1mreimport[22m | Preparing files to reimport...[39m[0m
[  17% ] [90m[1mreimport[22m | Preparing files to reimport...[39m[0m
[  17% ] [90m[1mreimport[22m | Preparing files to reimport...[39m[0m
[  17% ] [90m[1mreimport[22m | Preparing files to reimport...[39m[0m
[  17% ] [90m[1mreimport[22m | Preparing files to reimport...[39m[0m
[  17% ] [90m[1mreimport[22m | Preparing files to reimport...[39m[0m
[  17% ] [90m[1mreimport[22m | Preparing files to reimport...[39m[0m
[  17% ] [90m[1mreimport[22m | Preparing files to reimport...[39m[0m
[  17% ] [90m[1mreimport[22m | Preparing files to reimport...[39m[0m
[  17% ] [90m[1mreimport[22m | Preparing files to reimport...[39m[0m
[  18% ] [90m[1mreimport[22m | Preparing files to reimport...[39m[0m
[  18% ] [90m[1mreimport[22m | Preparing files to reimport...[39m[0m
[  18% ] [90m[1mreimport[22m | Preparing files to reimport...[39m[0m
[  18% ] [90m[1mreimport[22m | Preparing files to reimport...[39m[0m
[  18% ] [90m[1mreimport[22m | Preparing files to reimport...[39m[0m
[  18% ] [90m[1mreimport[22m | Preparing files to reimport...[39m[0m
[  18% ] [90m[1mreimport[22m | Preparing files to reimport...[39m[0m
[  18% ] [90m[1mreimport[22m | Preparing files to reimport...[39m[0m
[  18% ] [90m[1mreimport[22m | Preparing files to reimport...[39m[0m
[  18% ] [90m[1mreimport[22m | Preparing files to reimport...[39m[0m
[  18% ] [90m[1mreimport[22m | Preparing files to reimport...[39m[0m
[  18% ] [90m[1mreimport[22m | Preparing files to reimport...[39m[0m
[  18% ] [90m[1mreimport[22m | Preparing files to reimport...[39m[0m
[  18% ] [90m[1mreimport[22m | Preparing files to reimport...[39m[0m
[  18% ] [90m[1mreimport[22m | Preparing files to reimport...[39m[0m
[  18% ] [90m[1mreimport[22m | Preparing files to reimport...[39m[0m
[  18% ] [90m[1mreimport[22m | Preparing files to reimport...[39m[0m
[  18% ] [90m[1mreimport[22m | Preparing files to reimport...[39m[0m
[  19% ] [90m[1mreimport[22m | Preparing files to reimport...[39m[0m
[  19% ] [90m[1mreimport[22m | Preparing files to reimport...[39m[0m
[  19% ] [90m[1mreimport[22m | Preparing files to reimport...[39m[0m
[  19% ] [90m[1mreimport[22m | Preparing files to reimport...[39m[0m
[  19% ] [90m[1mreimport[22m | Preparing files to reimport...[39m[0m
[  19% ] [90m[1mreimport[22m | Preparing files to reimport...[39m[0m
[  19% ] [90m[1mreimport[22m | Preparing files to reimport...[39m[0m
[  19% ] [90m[1mreimport[22m | Preparing files to reimport...[39m[0m
[  19% ] [90m[1mreimport[22m | Preparing files to reimport...[39m[0m
[  19% ] [90m[1mreimport[22m | Preparing files to reimport...[39m[0m
[  19% ] [90m[1mreimport[22m | Preparing files to reimport...[39m[0m
[  19% ] [90m[1mreimport[22m | Preparing files to reimport...[39m[0m
[  19% ] [90m[1mreimport[22m | Preparing files to reimport...[39m[0m
[  19% ] [90m[1mreimport[22m | Preparing files to reimport...[39m[0m
[  19% ] [90m[1mreimport[22m | Preparing files to reimport...[39m[0m
[  19% ] [90m[1mreimport[22m | Preparing files to reimport...[39m[0m
[  19% ] [90m[1mreimport[22m | Preparing files to reimport...[39m[0m
[  19% ] [90m[1mreimport[22m | Preparing files to reimport...[39m[0m
[  19% ] [90m[1mreimport[22m | Preparing files to reimport...[39m[0m
[  20% ] [90m[1mreimport[22m | Preparing files to reimport...[39m[0m
[  20% ] [90m[1mreimport[22m | Preparing files to reimport...[39m[0m
[  20% ] [90m[1mreimport[22m | Preparing files to reimport...[39m[0m
[  20% ] [90m[1mreimport[22m | Preparing files to reimport...[39m[0m
[  20% ] [90m[1mreimport[22m | Preparing files to reimport...[39m[0m
[  20% ] [90m[1mreimport[22m | Preparing files to reimport...[39m[0m
[  20% ] [90m[1mreimport[22m | Preparing files to reimport...[39m[0m
[  20% ] [90m[1mreimport[22m | Preparing files to reimport...[39m[0m
[  20% ] [90m[1mreimport[22m | Preparing files to reimport...[39m[0m
[  20% ] [90m[1mreimport[22m | Preparing files to reimport...[39m[0m
[  20% ] [90m[1mreimport[22m | Preparing files to reimport...[39m[0m
[  20% ] [90m[1mreimport[22m | Preparing files to reimport...[39m[0m
[  20% ] [90m[1mreimport[22m | Preparing files to reimport...[39m[0m
[  20% ] [90m[1mreimport[22m | Preparing files to reimport...[39m[0m
[  20% ] [90m[1mreimport[22m | Preparing files to reimport...[39m[0m
[  20% ] [90m[1mreimport[22m | Preparing files to reimport...[39m[0m
[  20% ] [90m[1mreimport[22m | Preparing files to reimport...[39m[0m
[  20% ] [90m[1mreimport[22m | Preparing files to reimport...[39m[0m
[  21% ] [90m[1mreimport[22m | Preparing files to reimport...[39m[0m
[  21% ] [90m[1mreimport[22m | Preparing files to reimport...[39m[0m
[  21% ] [90m[1mreimport[22m | Preparing files to reimport...[39m[0m
[  21% ] [90m[1mreimport[22m | Preparing files to reimport...[39m[0m
[  21% ] [90m[1mreimport[22m | Preparing files to reimport...[39m[0m
[  21% ] [90m[1mreimport[22m | Preparing files to reimport...[39m[0m
[  21% ] [90m[1mreimport[22m | Preparing files to reimport...[39m[0m
[  21% ] [90m[1mreimport[22m | Preparing files to reimport...[39m[0m
[  21% ] [90m[1mreimport[22m | Preparing files to reimport...[39m[0m
[  21% ] [90m[1mreimport[22m | Preparing files to reimport...[39m[0m
[  21% ] [90m[1mreimport[22m | Preparing files to reimport...[39m[0m
[  21% ] [90m[1mreimport[22m | Preparing files to reimport...[39m[0m
[  21% ] [90m[1mreimport[22m | Preparing files to reimport...[39m[0m
[  21% ] [90m[1mreimport[22m | Preparing files to reimport...[39m[0m
[  21% ] [90m[1mreimport[22m | Preparing files to reimport...[39m[0m
[  21% ] [90m[1mreimport[22m | Preparing files to reimport...[39m[0m
[  21% ] [90m[1mreimport[22m | Preparing files to reimport...[39m[0m
[  21% ] [90m[1mreimport[22m | Preparing files to reimport...[39m[0m
[  22% ] [90m[1mreimport[22m | Preparing files to reimport...[39m[0m
[  22% ] [90m[1mreimport[22m | Preparing files to reimport...[39m[0m
[  22% ] [90m[1mreimport[22m | Preparing files to reimport...[39m[0m
[  22% ] [90m[1mreimport[22m | Preparing files to reimport...[39m[0m
[  22% ] [90m[1mreimport[22m | Preparing files to reimport...[39m[0m
[  22% ] [90m[1mreimport[22m | Preparing files to reimport...[39m[0m
[  22% ] [90m[1mreimport[22m | Preparing files to reimport...[39m[0m
[  22% ] [90m[1mreimport[22m | Preparing files to reimport...[39m[0m
[  22% ] [90m[1mreimport[22m | Preparing files to reimport...[39m[0m
[  22% ] [90m[1mreimport[22m | Preparing files to reimport...[39m[0m
[  22% ] [90m[1mreimport[22m | Preparing files to reimport...[39m[0m
[  22% ] [90m[1mreimport[22m | Preparing files to reimport...[39m[0m
[  22% ] [90m[1mreimport[22m | Preparing files to reimport...[39m[0m
[  22% ] [90m[1mreimport[22m | Preparing files to reimport...[39m[0m
[  22% ] [90m[1mreimport[22m | Preparing files to reimport...[39m[0m
[  22% ] [90m[1mreimport[22m | Preparing files to reimport...[39m[0m
[  22% ] [90m[1mreimport[22m | Preparing files to reimport...[39m[0m
[  22% ] [90m[1mreimport[22m | Preparing files to reimport...[39m[0m
[  22% ] [90m[1mreimport[22m | Preparing files to reimport...[39m[0m
[  23% ] [90m[1mreimport[22m | Preparing files to reimport...[39m[0m
[  23% ] [90m[1mreimport[22m | Preparing files to reimport...[39m[0m
[  23% ] [90m[1mreimport[22m | Preparing files to reimport...[39m[0m
[  23% ] [90m[1mreimport[22m | Preparing files to reimport...[39m[0m
[  23% ] [90m[1mreimport[22m | Preparing files to reimport...[39m[0m
[  23% ] [90m[1mreimport[22m | Preparing files to reimport...[39m[0m
[  23% ] [90m[1mreimport[22m | Preparing files to reimport...[39m[0m
[  23% ] [90m[1mreimport[22m | Preparing files to reimport...[39m[0m
[  23% ] [90m[1mreimport[22m | Preparing files to reimport...[39m[0m
[  23% ] [90m[1mreimport[22m | Preparing files to reimport...[39m[0m
[  23% ] [90m[1mreimport[22m | Preparing files to reimport...[39m[0m
[  23% ] [90m[1mreimport[22m | Preparing files to reimport...[39m[0m
[  23% ] [90m[1mreimport[22m | Preparing files to reimport...[39m[0m
[  23% ] [90m[1mreimport[22m | Preparing files to reimport...[39m[0m
[  23% ] [90m[1mreimport[22m | Preparing files to reimport...[39m[0m
[  23% ] [90m[1mreimport[22m | Preparing files to reimport...[39m[0m
[  23% ] [90m[1mreimport[22m | Preparing files to reimport...[39m[0m
[  23% ] [90m[1mreimport[22m | Preparing files to reimport...[39m[0m
[  24% ] [90m[1mreimport[22m | Preparing files to reimport...[39m[0m
[  24% ] [90m[1mreimport[22m | Preparing files to reimport...[39m[0m
[  24% ] [90m[1mreimport[22m | Preparing files to reimport...[39m[0m
[  24% ] [90m[1mreimport[22m | Preparing files to reimport...[39m[0m
[  24% ] [90m[1mreimport[22m | Preparing files to reimport...[39m[0m
[  24% ] [90m[1mreimport[22m | Preparing files to reimport...[39m[0m
[  24% ] [90m[1mreimport[22m | Preparing files to reimport...[39m[0m
[  24% ] [90m[1mreimport[22m | Preparing files to reimport...[39m[0m
[  24% ] [90m[1mreimport[22m | Preparing files to reimport...[39m[0m
[  24% ] [90m[1mreimport[22m | Preparing files to reimport...[39m[0m
[  24% ] [90m[1mreimport[22m | Preparing files to reimport...[39m[0m
[  24% ] [90m[1mreimport[22m | Preparing files to reimport...[39m[0m
[  24% ] [90m[1mreimport[22m | Preparing files to reimport...[39m[0m
[  24% ] [90m[1mreimport[22m | Preparing files to reimport...[39m[0m
[  24% ] [90m[1mreimport[22m | Preparing files to reimport...[39m[0m
[  24% ] [90m[1mreimport[22m | Preparing files to reimport...[39m[0m
[  24% ] [90m[1mreimport[22m | Preparing files to reimport...[39m[0m
[  24% ] [90m[1mreimport[22m | Preparing files to reimport...[39m[0m
[  25% ] [90m[1mreimport[22m | Preparing files to reimport...[39m[0m
[  25% ] [90m[1mreimport[22m | Preparing files to reimport...[39m[0m
[  25% ] [90m[1mreimport[22m | Preparing files to reimport...[39m[0m
[  25% ] [90m[1mreimport[22m | Preparing files to reimport...[39m[0m
[  25% ] [90m[1mreimport[22m | Preparing files to reimport...[39m[0m
[  25% ] [90m[1mreimport[22m | Preparing files to reimport...[39m[0m
[  25% ] [90m[1mreimport[22m | Preparing files to reimport...[39m[0m
[  25% ] [90m[1mreimport[22m | Preparing files to reimport...[39m[0m
[  25% ] [90m[1mreimport[22m | Preparing files to reimport...[39m[0m
[  25% ] [90m[1mreimport[22m | Preparing files to reimport...[39m[0m
[  25% ] [90m[1mreimport[22m | Preparing files to reimport...[39m[0m
[  25% ] [90m[1mreimport[22m | Preparing files to reimport...[39m[0m
[  25% ] [90m[1mreimport[22m | Preparing files to reimport...[39m[0m
[  25% ] [90m[1mreimport[22m | Preparing files to reimport...[39m[0m
[  25% ] [90m[1mreimport[22m | Preparing files to reimport...[39m[0m
[  25% ] [90m[1mreimport[22m | Preparing files to reimport...[39m[0m
[  25% ] [90m[1mreimport[22m | Preparing files to reimport...[39m[0m
[  25% ] [90m[1mreimport[22m | Preparing files to reimport...[39m[0m
[  25% ] [90m[1mreimport[22m | Preparing files to reimport...[39m[0m
[  26% ] [90m[1mreimport[22m | Preparing files to reimport...[39m[0m
[  26% ] [90m[1mreimport[22m | Preparing files to reimport...[39m[0m
[  26% ] [90m[1mreimport[22m | Preparing files to reimport...[39m[0m
[  26% ] [90m[1mreimport[22m | Preparing files to reimport...[39m[0m
[  26% ] [90m[1mreimport[22m | Preparing files to reimport...[39m[0m
[  26% ] [90m[1mreimport[22m | Preparing files to reimport...[39m[0m
[  26% ] [90m[1mreimport[22m | Preparing files to reimport...[39m[0m
[  26% ] [90m[1mreimport[22m | Preparing files to reimport...[39m[0m
[  26% ] [90m[1mreimport[22m | Preparing files to reimport...[39m[0m
[  26% ] [90m[1mreimport[22m | Preparing files to reimport...[39m[0m
[  26% ] [90m[1mreimport[22m | Preparing files to reimport...[39m[0m
[  26% ] [90m[1mreimport[22m | Preparing files to reimport...[39m[0m
[  26% ] [90m[1mreimport[22m | Preparing files to reimport...[39m[0m
[  26% ] [90m[1mreimport[22m | Preparing files to reimport...[39m[0m
[  26% ] [90m[1mreimport[22m | Preparing files to reimport...[39m[0m
[  26% ] [90m[1mreimport[22m | Preparing files to reimport...[39m[0m
[  26% ] [90m[1mreimport[22m | Preparing files to reimport...[39m[0m
[  26% ] [90m[1mreimport[22m | Preparing files to reimport...[39m[0m
[  27% ] [90m[1mreimport[22m | Preparing files to reimport...[39m[0m
[  27% ] [90m[1mreimport[22m | Preparing files to reimport...[39m[0m
[  27% ] [90m[1mreimport[22m | Preparing files to reimport...[39m[0m
[  27% ] [90m[1mreimport[22m | Preparing files to reimport...[39m[0m
[  27% ] [90m[1mreimport[22m | Preparing files to reimport...[39m[0m
[  27% ] [90m[1mreimport[22m | Preparing files to reimport...[39m[0m
[  27% ] [90m[1mreimport[22m | Preparing files to reimport...[39m[0m
[  27% ] [90m[1mreimport[22m | Preparing files to reimport...[39m[0m
[  27% ] [90m[1mreimport[22m | Preparing files to reimport...[39m[0m
[  27% ] [90m[1mreimport[22m | Preparing files to reimport...[39m[0m
[  27% ] [90m[1mreimport[22m | Preparing files to reimport...[39m[0m
[  27% ] [90m[1mreimport[22m | Preparing files to reimport...[39m[0m
[  27% ] [90m[1mreimport[22m | Preparing files to reimport...[39m[0m
[  27% ] [90m[1mreimport[22m | Preparing files to reimport...[39m[0m
[  27% ] [90m[1mreimport[22m | Preparing files to reimport...[39m[0m
[  27% ] [90m[1mreimport[22m | Preparing files to reimport...[39m[0m
[  27% ] [90m[1mreimport[22m | Preparing files to reimport...[39m[0m
[  27% ] [90m[1mreimport[22m | Preparing files to reimport...[39m[0m
[  28% ] [90m[1mreimport[22m | Preparing files to reimport...[39m[0m
[  28% ] [90m[1mreimport[22m | Preparing files to reimport...[39m[0m
[  28% ] [90m[1mreimport[22m | Preparing files to reimport...[39m[0m
[  28% ] [90m[1mreimport[22m | Preparing files to reimport...[39m[0m
[  28% ] [90m[1mreimport[22m | Preparing files to reimport...[39m[0m
[  28% ] [90m[1mreimport[22m | Preparing files to reimport...[39m[0m
[  28% ] [90m[1mreimport[22m | Preparing files to reimport...[39m[0m
[  28% ] [90m[1mreimport[22m | Preparing files to reimport...[39m[0m
[  28% ] [90m[1mreimport[22m | Preparing files to reimport...[39m[0m
[  28% ] [90m[1mreimport[22m | Preparing files to reimport...[39m[0m
[  28% ] [90m[1mreimport[22m | Preparing files to reimport...[39m[0m
[  28% ] [90m[1mreimport[22m | Preparing files to reimport...[39m[0m
[  28% ] [90m[1mreimport[22m | Preparing files to reimport...[39m[0m
[  28% ] [90m[1mreimport[22m | Preparing files to reimport...[39m[0m
[  28% ] [90m[1mreimport[22m | Preparing files to reimport...[39m[0m
[  28% ] [90m[1mreimport[22m | Preparing files to reimport...[39m[0m
[  28% ] [90m[1mreimport[22m | Preparing files to reimport...[39m[0m
[  28% ] [90m[1mreimport[22m | Preparing files to reimport...[39m[0m
[  29% ] [90m[1mreimport[22m | Preparing files to reimport...[39m[0m
[  29% ] [90m[1mreimport[22m | Preparing files to reimport...[39m[0m
[  29% ] [90m[1mreimport[22m | Preparing files to reimport...[39m[0m
[  29% ] [90m[1mreimport[22m | Preparing files to reimport...[39m[0m
[  29% ] [90m[1mreimport[22m | Preparing files to reimport...[39m[0m
[  29% ] [90m[1mreimport[22m | Preparing files to reimport...[39m[0m
[  29% ] [90m[1mreimport[22m | Preparing files to reimport...[39m[0m
[  29% ] [90m[1mreimport[22m | Preparing files to reimport...[39m[0m
[  29% ] [90m[1mreimport[22m | Preparing files to reimport...[39m[0m
[  29% ] [90m[1mreimport[22m | Preparing files to reimport...[39m[0m
[  29% ] [90m[1mreimport[22m | Preparing files to reimport...[39m[0m
[  29% ] [90m[1mreimport[22m | Preparing files to reimport...[39m[0m
[  29% ] [90m[1mreimport[22m | Preparing files to reimport...[39m[0m
[  29% ] [90m[1mreimport[22m | Preparing files to reimport...[39m[0m
[  29% ] [90m[1mreimport[22m | Preparing files to reimport...[39m[0m
[  29% ] [90m[1mreimport[22m | Preparing files to reimport...[39m[0m
[  29% ] [90m[1mreimport[22m | Preparing files to reimport...[39m[0m
[  29% ] [90m[1mreimport[22m | Preparing files to reimport...[39m[0m
[  29% ] [90m[1mreimport[22m | Preparing files to reimport...[39m[0m
[  30% ] [90m[1mreimport[22m | Preparing files to reimport...[39m[0m
[  30% ] [90m[1mreimport[22m | Preparing files to reimport...[39m[0m
[  30% ] [90m[1mreimport[22m | Preparing files to reimport...[39m[0m
[  30% ] [90m[1mreimport[22m | Preparing files to reimport...[39m[0m
[  30% ] [90m[1mreimport[22m | Preparing files to reimport...[39m[0m
[  30% ] [90m[1mreimport[22m | Preparing files to reimport...[39m[0m
[  30% ] [90m[1mreimport[22m | Preparing files to reimport...[39m[0m
[  30% ] [90m[1mreimport[22m | Preparing files to reimport...[39m[0m
[  30% ] [90m[1mreimport[22m | Preparing files to reimport...[39m[0m
[  30% ] [90m[1mreimport[22m | Preparing files to reimport...[39m[0m
[  30% ] [90m[1mreimport[22m | Preparing files to reimport...[39m[0m
[  30% ] [90m[1mreimport[22m | Preparing files to reimport...[39m[0m
[  30% ] [90m[1mreimport[22m | Preparing files to reimport...[39m[0m
[  30% ] [90m[1mreimport[22m | Preparing files to reimport...[39m[0m
[  30% ] [90m[1mreimport[22m | Preparing files to reimport...[39m[0m
[  30% ] [90m[1mreimport[22m | Preparing files to reimport...[39m[0m
[  30% ] [90m[1mreimport[22m | Preparing files to reimport...[39m[0m
[  30% ] [90m[1mreimport[22m | Preparing files to reimport...[39m[0m
[  31% ] [90m[1mreimport[22m | Preparing files to reimport...[39m[0m
[  31% ] [90m[1mreimport[22m | Preparing files to reimport...[39m[0m
[  31% ] [90m[1mreimport[22m | Preparing files to reimport...[39m[0m
[  31% ] [90m[1mreimport[22m | Preparing files to reimport...[39m[0m
[  31% ] [90m[1mreimport[22m | Preparing files to reimport...[39m[0m
[  31% ] [90m[1mreimport[22m | Preparing files to reimport...[39m[0m
[  31% ] [90m[1mreimport[22m | Preparing files to reimport...[39m[0m
[  31% ] [90m[1mreimport[22m | Preparing files to reimport...[39m[0m
[  31% ] [90m[1mreimport[22m | Preparing files to reimport...[39m[0m
[  31% ] [90m[1mreimport[22m | Preparing files to reimport...[39m[0m
[  31% ] [90m[1mreimport[22m | Preparing files to reimport...[39m[0m
[  31% ] [90m[1mreimport[22m | Preparing files to reimport...[39m[0m
[  31% ] [90m[1mreimport[22m | Preparing files to reimport...[39m[0m
[  31% ] [90m[1mreimport[22m | Preparing files to reimport...[39m[0m
[  31% ] [90m[1mreimport[22m | Preparing files to reimport...[39m[0m
[  31% ] [90m[1mreimport[22m | Preparing files to reimport...[39m[0m
[  31% ] [90m[1mreimport[22m | Preparing files to reimport...[39m[0m
[  31% ] [90m[1mreimport[22m | Preparing files to reimport...[39m[0m
[  32% ] [90m[1mreimport[22m | Preparing files to reimport...[39m[0m
[  32% ] [90m[1mreimport[22m | Preparing files to reimport...[39m[0m
[  32% ] [90m[1mreimport[22m | Preparing files to reimport...[39m[0m
[  32% ] [90m[1mreimport[22m | Preparing files to reimport...[39m[0m
[  32% ] [90m[1mreimport[22m | Preparing files to reimport...[39m[0m
[  32% ] [90m[1mreimport[22m | Preparing files to reimport...[39m[0m
[  32% ] [90m[1mreimport[22m | Preparing files to reimport...[39m[0m
[  32% ] [90m[1mreimport[22m | Preparing files to reimport...[39m[0m
[  32% ] [90m[1mreimport[22m | Preparing files to reimport...[39m[0m
[  32% ] [90m[1mreimport[22m | Preparing files to reimport...[39m[0m
[  32% ] [90m[1mreimport[22m | Preparing files to reimport...[39m[0m
[  32% ] [90m[1mreimport[22m | Preparing files to reimport...[39m[0m
[  32% ] [90m[1mreimport[22m | Preparing files to reimport...[39m[0m
[  32% ] [90m[1mreimport[22m | Preparing files to reimport...[39m[0m
[  32% ] [90m[1mreimport[22m | Preparing files to reimport...[39m[0m
[  32% ] [90m[1mreimport[22m | Preparing files to reimport...[39m[0m
[  32% ] [90m[1mreimport[22m | Preparing files to reimport...[39m[0m
[  32% ] [90m[1mreimport[22m | Preparing files to reimport...[39m[0m
[  32% ] [90m[1mreimport[22m | Preparing files to reimport...[39m[0m
[  33% ] [90m[1mreimport[22m | Preparing files to reimport...[39m[0m
[  33% ] [90m[1mreimport[22m | Preparing files to reimport...[39m[0m
[  33% ] [90m[1mreimport[22m | Preparing files to reimport...[39m[0m
[  33% ] [90m[1mreimport[22m | Preparing files to reimport...[39m[0m
[  33% ] [90m[1mreimport[22m | Preparing files to reimport...[39m[0m
[  33% ] [90m[1mreimport[22m | Preparing files to reimport...[39m[0m
[  33% ] [90m[1mreimport[22m | Preparing files to reimport...[39m[0m
[  33% ] [90m[1mreimport[22m | Preparing files to reimport...[39m[0m
[  33% ] [90m[1mreimport[22m | Preparing files to reimport...[39m[0m
[  33% ] [90m[1mreimport[22m | Preparing files to reimport...[39m[0m
[  33% ] [90m[1mreimport[22m | Preparing files to reimport...[39m[0m
[  33% ] [90m[1mreimport[22m | Preparing files to reimport...[39m[0m
[  33% ] [90m[1mreimport[22m | Preparing files to reimport...[39m[0m
[  33% ] [90m[1mreimport[22m | Preparing files to reimport...[39m[0m
[  33% ] [90m[1mreimport[22m | Preparing files to reimport...[39m[0m
[  33% ] [90m[1mreimport[22m | Preparing files to reimport...[39m[0m
[  33% ] [90m[1mreimport[22m | Preparing files to reimport...[39m[0m
[  33% ] [90m[1mreimport[22m | Preparing files to reimport...[39m[0m
[  34% ] [90m[1mreimport[22m | Preparing files to reimport...[39m[0m
[  34% ] [90m[1mreimport[22m | Preparing files to reimport...[39m[0m
[  34% ] [90m[1mreimport[22m | Preparing files to reimport...[39m[0m
[  34% ] [90m[1mreimport[22m | Preparing files to reimport...[39m[0m
[  34% ] [90m[1mreimport[22m | Preparing files to reimport...[39m[0m
[  34% ] [90m[1mreimport[22m | Preparing files to reimport...[39m[0m
[  34% ] [90m[1mreimport[22m | Preparing files to reimport...[39m[0m
[  34% ] [90m[1mreimport[22m | Preparing files to reimport...[39m[0m
[  34% ] [90m[1mreimport[22m | Preparing files to reimport...[39m[0m
[  34% ] [90m[1mreimport[22m | Preparing files to reimport...[39m[0m
[  34% ] [90m[1mreimport[22m | Preparing files to reimport...[39m[0m
[  34% ] [90m[1mreimport[22m | Preparing files to reimport...[39m[0m
[  34% ] [90m[1mreimport[22m | Preparing files to reimport...[39m[0m
[  34% ] [90m[1mreimport[22m | Preparing files to reimport...[39m[0m
[  34% ] [90m[1mreimport[22m | Preparing files to reimport...[39m[0m
[  34% ] [90m[1mreimport[22m | Preparing files to reimport...[39m[0m
[  34% ] [90m[1mreimport[22m | Preparing files to reimport...[39m[0m
[  34% ] [90m[1mreimport[22m | Preparing files to reimport...[39m[0m
[  35% ] [90m[1mreimport[22m | Preparing files to reimport...[39m[0m
[  35% ] [90m[1mreimport[22m | Preparing files to reimport...[39m[0m
[  35% ] [90m[1mreimport[22m | Preparing files to reimport...[39m[0m
[  35% ] [90m[1mreimport[22m | Preparing files to reimport...[39m[0m
[  35% ] [90m[1mreimport[22m | Preparing files to reimport...[39m[0m
[  35% ] [90m[1mreimport[22m | Preparing files to reimport...[39m[0m
[  35% ] [90m[1mreimport[22m | Preparing files to reimport...[39m[0m
[  35% ] [90m[1mreimport[22m | Preparing files to reimport...[39m[0m
[  35% ] [90m[1mreimport[22m | Preparing files to reimport...[39m[0m
[  35% ] [90m[1mreimport[22m | Preparing files to reimport...[39m[0m
[  35% ] [90m[1mreimport[22m | Preparing files to reimport...[39m[0m
[  35% ] [90m[1mreimport[22m | Preparing files to reimport...[39m[0m
[  35% ] [90m[1mreimport[22m | Preparing files to reimport...[39m[0m
[  35% ] [90m[1mreimport[22m | Preparing files to reimport...[39m[0m
[  35% ] [90m[1mreimport[22m | Preparing files to reimport...[39m[0m
[  35% ] [90m[1mreimport[22m | Preparing files to reimport...[39m[0m
[  35% ] [90m[1mreimport[22m | Preparing files to reimport...[39m[0m
[  35% ] [90m[1mreimport[22m | Preparing files to reimport...[39m[0m
[  35% ] [90m[1mreimport[22m | Preparing files to reimport...[39m[0m
[  36% ] [90m[1mreimport[22m | Preparing files to reimport...[39m[0m
[  36% ] [90m[1mreimport[22m | Preparing files to reimport...[39m[0m
[  36% ] [90m[1mreimport[22m | Preparing files to reimport...[39m[0m
[  36% ] [90m[1mreimport[22m | Preparing files to reimport...[39m[0m
[  36% ] [90m[1mreimport[22m | Preparing files to reimport...[39m[0m
[  36% ] [90m[1mreimport[22m | Preparing files to reimport...[39m[0m
[  36% ] [90m[1mreimport[22m | Preparing files to reimport...[39m[0m
[  36% ] [90m[1mreimport[22m | Preparing files to reimport...[39m[0m
[  36% ] [90m[1mreimport[22m | Preparing files to reimport...[39m[0m
[  36% ] [90m[1mreimport[22m | Preparing files to reimport...[39m[0m
[  36% ] [90m[1mreimport[22m | Preparing files to reimport...[39m[0m
[  36% ] [90m[1mreimport[22m | Preparing files to reimport...[39m[0m
[  36% ] [90m[1mreimport[22m | Preparing files to reimport...[39m[0m
[  36% ] [90m[1mreimport[22m | Preparing files to reimport...[39m[0m
[  36% ] [90m[1mreimport[22m | Preparing files to reimport...[39m[0m
[  36% ] [90m[1mreimport[22m | Preparing files to reimport...[39m[0m
[  36% ] [90m[1mreimport[22m | Preparing files to reimport...[39m[0m
[  36% ] [90m[1mreimport[22m | Preparing files to reimport...[39m[0m
[  37% ] [90m[1mreimport[22m | Preparing files to reimport...[39m[0m
[  37% ] [90m[1mreimport[22m | Preparing files to reimport...[39m[0m
[  37% ] [90m[1mreimport[22m | Preparing files to reimport...[39m[0m
[  37% ] [90m[1mreimport[22m | Preparing files to reimport...[39m[0m
[  37% ] [90m[1mreimport[22m | Preparing files to reimport...[39m[0m
[  37% ] [90m[1mreimport[22m | Preparing files to reimport...[39m[0m
[  37% ] [90m[1mreimport[22m | Preparing files to reimport...[39m[0m
[  37% ] [90m[1mreimport[22m | Preparing files to reimport...[39m[0m
[  37% ] [90m[1mreimport[22m | Preparing files to reimport...[39m[0m
[  37% ] [90m[1mreimport[22m | Preparing files to reimport...[39m[0m
[  37% ] [90m[1mreimport[22m | Preparing files to reimport...[39m[0m
[  37% ] [90m[1mreimport[22m | Preparing files to reimport...[39m[0m
[  37% ] [90m[1mreimport[22m | Preparing files to reimport...[39m[0m
[  37% ] [90m[1mreimport[22m | Preparing files to reimport...[39m[0m
[  37% ] [90m[1mreimport[22m | Preparing files to reimport...[39m[0m
[  37% ] [90m[1mreimport[22m | Preparing files to reimport...[39m[0m
[  37% ] [90m[1mreimport[22m | Preparing files to reimport...[39m[0m
[  37% ] [90m[1mreimport[22m | Preparing files to reimport...[39m[0m
[  38% ] [90m[1mreimport[22m | Preparing files to reimport...[39m[0m
[  38% ] [90m[1mreimport[22m | Preparing files to reimport...[39m[0m
[  38% ] [90m[1mreimport[22m | Preparing files to reimport...[39m[0m
[  38% ] [90m[1mreimport[22m | Preparing files to reimport...[39m[0m
[  38% ] [90m[1mreimport[22m | Preparing files to reimport...[39m[0m
[  38% ] [90m[1mreimport[22m | Preparing files to reimport...[39m[0m
[  38% ] [90m[1mreimport[22m | Preparing files to reimport...[39m[0m
[  38% ] [90m[1mreimport[22m | Preparing files to reimport...[39m[0m
[  38% ] [90m[1mreimport[22m | Preparing files to reimport...[39m[0m
[  38% ] [90m[1mreimport[22m | Preparing files to reimport...[39m[0m
[  38% ] [90m[1mreimport[22m | Preparing files to reimport...[39m[0m
[  38% ] [90m[1mreimport[22m | Preparing files to reimport...[39m[0m
[  38% ] [90m[1mreimport[22m | Preparing files to reimport...[39m[0m
[  38% ] [90m[1mreimport[22m | Preparing files to reimport...[39m[0m
[  38% ] [90m[1mreimport[22m | Preparing files to reimport...[39m[0m
[  38% ] [90m[1mreimport[22m | Preparing files to reimport...[39m[0m
[  38% ] [90m[1mreimport[22m | Preparing files to reimport...[39m[0m
[  38% ] [90m[1mreimport[22m | Preparing files to reimport...[39m[0m
[  38% ] [90m[1mreimport[22m | Preparing files to reimport...[39m[0m
[  39% ] [90m[1mreimport[22m | Preparing files to reimport...[39m[0m
[  39% ] [90m[1mreimport[22m | Preparing files to reimport...[39m[0m
[  39% ] [90m[1mreimport[22m | Preparing files to reimport...[39m[0m
[  39% ] [90m[1mreimport[22m | Preparing files to reimport...[39m[0m
[  39% ] [90m[1mreimport[22m | Preparing files to reimport...[39m[0m
[  39% ] [90m[1mreimport[22m | Preparing files to reimport...[39m[0m
[  39% ] [90m[1mreimport[22m | Preparing files to reimport...[39m[0m
[  39% ] [90m[1mreimport[22m | Preparing files to reimport...[39m[0m
[  39% ] [90m[1mreimport[22m | Preparing files to reimport...[39m[0m
[  39% ] [90m[1mreimport[22m | Preparing files to reimport...[39m[0m
[  39% ] [90m[1mreimport[22m | Preparing files to reimport...[39m[0m
[  39% ] [90m[1mreimport[22m | Preparing files to reimport...[39m[0m
[  39% ] [90m[1mreimport[22m | Preparing files to reimport...[39m[0m
[  39% ] [90m[1mreimport[22m | Preparing files to reimport...[39m[0m
[  39% ] [90m[1mreimport[22m | Preparing files to reimport...[39m[0m
[  39% ] [90m[1mreimport[22m | Preparing files to reimport...[39m[0m
[  39% ] [90m[1mreimport[22m | Preparing files to reimport...[39m[0m
[  39% ] [90m[1mreimport[22m | Preparing files to reimport...[39m[0m
[  40% ] [90m[1mreimport[22m | Preparing files to reimport...[39m[0m
[  40% ] [90m[1mreimport[22m | Preparing files to reimport...[39m[0m
[  40% ] [90m[1mreimport[22m | Preparing files to reimport...[39m[0m
[  40% ] [90m[1mreimport[22m | Preparing files to reimport...[39m[0m
[  40% ] [90m[1mreimport[22m | Preparing files to reimport...[39m[0m
[  40% ] [90m[1mreimport[22m | Preparing files to reimport...[39m[0m
[  40% ] [90m[1mreimport[22m | Preparing files to reimport...[39m[0m
[  40% ] [90m[1mreimport[22m | Preparing files to reimport...[39m[0m
[  40% ] [90m[1mreimport[22m | Preparing files to reimport...[39m[0m
[  40% ] [90m[1mreimport[22m | Preparing files to reimport...[39m[0m
[  40% ] [90m[1mreimport[22m | Preparing files to reimport...[39m[0m
[  40% ] [90m[1mreimport[22m | Preparing files to reimport...[39m[0m
[  40% ] [90m[1mreimport[22m | Preparing files to reimport...[39m[0m
[  40% ] [90m[1mreimport[22m | Preparing files to reimport...[39m[0m
[  40% ] [90m[1mreimport[22m | Preparing files to reimport...[39m[0m
[  40% ] [90m[1mreimport[22m | Preparing files to reimport...[39m[0m
[  40% ] [90m[1mreimport[22m | Preparing files to reimport...[39m[0m
[  40% ] [90m[1mreimport[22m | Preparing files to reimport...[39m[0m
[  41% ] [90m[1mreimport[22m | Preparing files to reimport...[39m[0m
[  41% ] [90m[1mreimport[22m | Preparing files to reimport...[39m[0m
[  41% ] [90m[1mreimport[22m | Preparing files to reimport...[39m[0m
[  41% ] [90m[1mreimport[22m | Preparing files to reimport...[39m[0m
[  41% ] [90m[1mreimport[22m | Preparing files to reimport...[39m[0m
[  41% ] [90m[1mreimport[22m | Preparing files to reimport...[39m[0m
[  41% ] [90m[1mreimport[22m | Preparing files to reimport...[39m[0m
[  41% ] [90m[1mreimport[22m | Preparing files to reimport...[39m[0m
[  41% ] [90m[1mreimport[22m | Preparing files to reimport...[39m[0m
[  41% ] [90m[1mreimport[22m | Preparing files to reimport...[39m[0m
[  41% ] [90m[1mreimport[22m | Preparing files to reimport...[39m[0m
[  41% ] [90m[1mreimport[22m | Preparing files to reimport...[39m[0m
[  41% ] [90m[1mreimport[22m | Preparing files to reimport...[39m[0m
[  41% ] [90m[1mreimport[22m | Preparing files to reimport...[39m[0m
[  41% ] [90m[1mreimport[22m | Preparing files to reimport...[39m[0m
[  41% ] [90m[1mreimport[22m | Preparing files to reimport...[39m[0m
[  41% ] [90m[1mreimport[22m | Preparing files to reimport...[39m[0m
[  41% ] [90m[1mreimport[22m | Preparing files to reimport...[39m[0m
[  41% ] [90m[1mreimport[22m | Preparing files to reimport...[39m[0m
[  42% ] [90m[1mreimport[22m | Preparing files to reimport...[39m[0m
[  42% ] [90m[1mreimport[22m | Preparing files to reimport...[39m[0m
[  42% ] [90m[1mreimport[22m | Preparing files to reimport...[39m[0m
[  42% ] [90m[1mreimport[22m | Preparing files to reimport...[39m[0m
[  42% ] [90m[1mreimport[22m | Preparing files to reimport...[39m[0m
[  42% ] [90m[1mreimport[22m | Preparing files to reimport...[39m[0m
[  42% ] [90m[1mreimport[22m | Preparing files to reimport...[39m[0m
[  42% ] [90m[1mreimport[22m | Preparing files to reimport...[39m[0m
[  42% ] [90m[1mreimport[22m | Preparing files to reimport...[39m[0m
[  42% ] [90m[1mreimport[22m | Preparing files to reimport...[39m[0m
[  42% ] [90m[1mreimport[22m | Preparing files to reimport...[39m[0m
[  42% ] [90m[1mreimport[22m | Preparing files to reimport...[39m[0m
[  42% ] [90m[1mreimport[22m | Preparing files to reimport...[39m[0m
[  42% ] [90m[1mreimport[22m | Preparing files to reimport...[39m[0m
[  42% ] [90m[1mreimport[22m | Preparing files to reimport...[39m[0m
[  42% ] [90m[1mreimport[22m | Preparing files to reimport...[39m[0m
[  42% ] [90m[1mreimport[22m | Preparing files to reimport...[39m[0m
[  42% ] [90m[1mreimport[22m | Preparing files to reimport...[39m[0m
[  43% ] [90m[1mreimport[22m | Preparing files to reimport...[39m[0m
[  43% ] [90m[1mreimport[22m | Preparing files to reimport...[39m[0m
[  43% ] [90m[1mreimport[22m | Preparing files to reimport...[39m[0m
[  43% ] [90m[1mreimport[22m | Preparing files to reimport...[39m[0m
[  43% ] [90m[1mreimport[22m | Preparing files to reimport...[39m[0m
[  43% ] [90m[1mreimport[22m | Preparing files to reimport...[39m[0m
[  43% ] [90m[1mreimport[22m | Preparing files to reimport...[39m[0m
[  43% ] [90m[1mreimport[22m | Preparing files to reimport...[39m[0m
[  43% ] [90m[1mreimport[22m | Preparing files to reimport...[39m[0m
[  43% ] [90m[1mreimport[22m | Preparing files to reimport...[39m[0m
[  43% ] [90m[1mreimport[22m | Preparing files to reimport...[39m[0m
[  43% ] [90m[1mreimport[22m | Preparing files to reimport...[39m[0m
[  43% ] [90m[1mreimport[22m | Preparing files to reimport...[39m[0m
[  43% ] [90m[1mreimport[22m | Preparing files to reimport...[39m[0m
[  43% ] [90m[1mreimport[22m | Preparing files to reimport...[39m[0m
[  43% ] [90m[1mreimport[22m | Preparing files to reimport...[39m[0m
[  43% ] [90m[1mreimport[22m | Preparing files to reimport...[39m[0m
[  43% ] [90m[1mreimport[22m | Preparing files to reimport...[39m[0m
[  44% ] [90m[1mreimport[22m | Preparing files to reimport...[39m[0m
[  44% ] [90m[1mreimport[22m | Preparing files to reimport...[39m[0m
[  44% ] [90m[1mreimport[22m | Preparing files to reimport...[39m[0m
[  44% ] [90m[1mreimport[22m | Preparing files to reimport...[39m[0m
[  44% ] [90m[1mreimport[22m | Preparing files to reimport...[39m[0m
[  44% ] [90m[1mreimport[22m | Preparing files to reimport...[39m[0m
[  44% ] [90m[1mreimport[22m | Preparing files to reimport...[39m[0m
[  44% ] [90m[1mreimport[22m | Preparing files to reimport...[39m[0m
[  44% ] [90m[1mreimport[22m | Preparing files to reimport...[39m[0m
[  44% ] [90m[1mreimport[22m | Preparing files to reimport...[39m[0m
[  44% ] [90m[1mreimport[22m | Preparing files to reimport...[39m[0m
[  44% ] [90m[1mreimport[22m | Preparing files to reimport...[39m[0m
[  44% ] [90m[1mreimport[22m | Preparing files to reimport...[39m[0m
[  44% ] [90m[1mreimport[22m | Preparing files to reimport...[39m[0m
[  44% ] [90m[1mreimport[22m | Preparing files to reimport...[39m[0m
[  44% ] [90m[1mreimport[22m | Preparing files to reimport...[39m[0m
[  44% ] [90m[1mreimport[22m | Preparing files to reimport...[39m[0m
[  44% ] [90m[1mreimport[22m | Preparing files to reimport...[39m[0m
[  45% ] [90m[1mreimport[22m | Preparing files to reimport...[39m[0m
[  45% ] [90m[1mreimport[22m | Preparing files to reimport...[39m[0m
[  45% ] [90m[1mreimport[22m | Preparing files to reimport...[39m[0m
[  45% ] [90m[1mreimport[22m | Preparing files to reimport...[39m[0m
[  45% ] [90m[1mreimport[22m | Preparing files to reimport...[39m[0m
[  45% ] [90m[1mreimport[22m | Preparing files to reimport...[39m[0m
[  45% ] [90m[1mreimport[22m | Preparing files to reimport...[39m[0m
[  45% ] [90m[1mreimport[22m | Preparing files to reimport...[39m[0m
[  45% ] [90m[1mreimport[22m | Preparing files to reimport...[39m[0m
[  45% ] [90m[1mreimport[22m | Preparing files to reimport...[39m[0m
[  45% ] [90m[1mreimport[22m | Preparing files to reimport...[39m[0m
[  45% ] [90m[1mreimport[22m | Preparing files to reimport...[39m[0m
[  45% ] [90m[1mreimport[22m | Preparing files to reimport...[39m[0m
[  45% ] [90m[1mreimport[22m | Preparing files to reimport...[39m[0m
[  45% ] [90m[1mreimport[22m | Preparing files to reimport...[39m[0m
[  45% ] [90m[1mreimport[22m | Preparing files to reimport...[39m[0m
[  45% ] [90m[1mreimport[22m | Preparing files to reimport...[39m[0m
[  45% ] [90m[1mreimport[22m | Preparing files to reimport...[39m[0m
[  45% ] [90m[1mreimport[22m | Preparing files to reimport...[39m[0m
[  46% ] [90m[1mreimport[22m | Preparing files to reimport...[39m[0m
[  46% ] [90m[1mreimport[22m | Preparing files to reimport...[39m[0m
[  46% ] [90m[1mreimport[22m | Preparing files to reimport...[39m[0m
[  46% ] [90m[1mreimport[22m | Preparing files to reimport...[39m[0m
[  46% ] [90m[1mreimport[22m | Preparing files to reimport...[39m[0m
[  46% ] [90m[1mreimport[22m | Preparing files to reimport...[39m[0m
[  46% ] [90m[1mreimport[22m | Preparing files to reimport...[39m[0m
[  46% ] [90m[1mreimport[22m | Preparing files to reimport...[39m[0m
[  46% ] [90m[1mreimport[22m | Preparing files to reimport...[39m[0m
[  46% ] [90m[1mreimport[22m | Preparing files to reimport...[39m[0m
[  46% ] [90m[1mreimport[22m | Preparing files to reimport...[39m[0m
[  46% ] [90m[1mreimport[22m | Preparing files to reimport...[39m[0m
[  46% ] [90m[1mreimport[22m | Preparing files to reimport...[39m[0m
[  46% ] [90m[1mreimport[22m | Preparing files to reimport...[39m[0m
[  46% ] [90m[1mreimport[22m | Preparing files to reimport...[39m[0m
[  46% ] [90m[1mreimport[22m | Preparing files to reimport...[39m[0m
[  46% ] [90m[1mreimport[22m | Preparing files to reimport...[39m[0m
[  46% ] [90m[1mreimport[22m | Preparing files to reimport...[39m[0m
[  47% ] [90m[1mreimport[22m | Preparing files to reimport...[39m[0m
[  47% ] [90m[1mreimport[22m | Preparing files to reimport...[39m[0m
[  47% ] [90m[1mreimport[22m | Preparing files to reimport...[39m[0m
[  47% ] [90m[1mreimport[22m | Preparing files to reimport...[39m[0m
[  47% ] [90m[1mreimport[22m | Preparing files to reimport...[39m[0m
[  47% ] [90m[1mreimport[22m | Preparing files to reimport...[39m[0m
[  47% ] [90m[1mreimport[22m | Preparing files to reimport...[39m[0m
[  47% ] [90m[1mreimport[22m | Preparing files to reimport...[39m[0m
[  47% ] [90m[1mreimport[22m | Preparing files to reimport...[39m[0m
[  47% ] [90m[1mreimport[22m | Preparing files to reimport...[39m[0m
[  47% ] [90m[1mreimport[22m | Preparing files to reimport...[39m[0m
[  47% ] [90m[1mreimport[22m | Preparing files to reimport...[39m[0m
[  47% ] [90m[1mreimport[22m | Preparing files to reimport...[39m[0m
[  47% ] [90m[1mreimport[22m | Preparing files to reimport...[39m[0m
[  47% ] [90m[1mreimport[22m | Preparing files to reimport...[39m[0m
[  47% ] [90m[1mreimport[22m | Preparing files to reimport...[39m[0m
[  47% ] [90m[1mreimport[22m | Preparing files to reimport...[39m[0m
[  47% ] [90m[1mreimport[22m | Preparing files to reimport...[39m[0m
[  48% ] [90m[1mreimport[22m | Preparing files to reimport...[39m[0m
[  48% ] [90m[1mreimport[22m | Preparing files to reimport...[39m[0m
[  48% ] [90m[1mreimport[22m | Preparing files to reimport...[39m[0m
[  48% ] [90m[1mreimport[22m | Preparing files to reimport...[39m[0m
[  48% ] [90m[1mreimport[22m | Preparing files to reimport...[39m[0m
[  48% ] [90m[1mreimport[22m | Preparing files to reimport...[39m[0m
[  48% ] [90m[1mreimport[22m | Preparing files to reimport...[39m[0m
[  48% ] [90m[1mreimport[22m | Preparing files to reimport...[39m[0m
[  48% ] [90m[1mreimport[22m | Preparing files to reimport...[39m[0m
[  48% ] [90m[1mreimport[22m | Preparing files to reimport...[39m[0m
[  48% ] [90m[1mreimport[22m | Preparing files to reimport...[39m[0m
[  48% ] [90m[1mreimport[22m | Preparing files to reimport...[39m[0m
[  48% ] [90m[1mreimport[22m | Preparing files to reimport...[39m[0m
[  48% ] [90m[1mreimport[22m | Preparing files to reimport...[39m[0m
[  48% ] [90m[1mreimport[22m | Preparing files to reimport...[39m[0m
[  48% ] [90m[1mreimport[22m | Preparing files to reimport...[39m[0m
[  48% ] [90m[1mreimport[22m | Preparing files to reimport...[39m[0m
[  48% ] [90m[1mreimport[22m | Preparing files to reimport...[39m[0m
[  48% ] [90m[1mreimport[22m | Preparing files to reimport...[39m[0m
[  49% ] [90m[1mreimport[22m | Preparing files to reimport...[39m[0m
[  49% ] [90m[1mreimport[22m | Preparing files to reimport...[39m[0m
[  49% ] [90m[1mreimport[22m | Preparing files to reimport...[39m[0m
[  49% ] [90m[1mreimport[22m | Preparing files to reimport...[39m[0m
[  49% ] [90m[1mreimport[22m | Preparing files to reimport...[39m[0m
[  49% ] [90m[1mreimport[22m | Preparing files to reimport...[39m[0m
[  49% ] [90m[1mreimport[22m | Preparing files to reimport...[39m[0m
[  49% ] [90m[1mreimport[22m | Preparing files to reimport...[39m[0m
[  49% ] [90m[1mreimport[22m | Preparing files to reimport...[39m[0m
[  49% ] [90m[1mreimport[22m | Preparing files to reimport...[39m[0m
[  49% ] [90m[1mreimport[22m | Preparing files to reimport...[39m[0m
[  49% ] [90m[1mreimport[22m | Preparing files to reimport...[39m[0m
[  49% ] [90m[1mreimport[22m | Preparing files to reimport...[39m[0m
[  49% ] [90m[1mreimport[22m | Preparing files to reimport...[39m[0m
[  49% ] [90m[1mreimport[22m | Preparing files to reimport...[39m[0m
[  49% ] [90m[1mreimport[22m | Preparing files to reimport...[39m[0m
[  49% ] [90m[1mreimport[22m | Preparing files to reimport...[39m[0m
[  49% ] [90m[1mreimport[22m | Preparing files to reimport...[39m[0m
[  50% ] [90m[1mreimport[22m | Preparing files to reimport...[39m[0m
[  50% ] [90m[1mreimport[22m | Preparing files to reimport...[39m[0m
[  50% ] [90m[1mreimport[22m | Preparing files to reimport...[39m[0m
[  50% ] [90m[1mreimport[22m | Preparing files to reimport...[39m[0m
[  50% ] [90m[1mreimport[22m | Preparing files to reimport...[39m[0m
[  50% ] [90m[1mreimport[22m | Preparing files to reimport...[39m[0m
[  50% ] [90m[1mreimport[22m | Preparing files to reimport...[39m[0m
[  50% ] [90m[1mreimport[22m | Preparing files to reimport...[39m[0m
[  50% ] [90m[1mreimport[22m | Preparing files to reimport...[39m[0m
[  50% ] [90m[1mreimport[22m | Preparing files to reimport...[39m[0m
[  50% ] [90m[1mreimport[22m | Preparing files to reimport...[39m[0m
[  50% ] [90m[1mreimport[22m | Preparing files to reimport...[39m[0m
[  50% ] [90m[1mreimport[22m | Preparing files to reimport...[39m[0m
[  50% ] [90m[1mreimport[22m | Preparing files to reimport...[39m[0m
[  50% ] [90m[1mreimport[22m | Preparing files to reimport...[39m[0m
[  50% ] [90m[1mreimport[22m | Preparing files to reimport...[39m[0m
[  50% ] [90m[1mreimport[22m | Preparing files to reimport...[39m[0m
[  50% ] [90m[1mreimport[22m | Preparing files to reimport...[39m[0m
[  51% ] [90m[1mreimport[22m | Preparing files to reimport...[39m[0m
[  51% ] [90m[1mreimport[22m | Preparing files to reimport...[39m[0m
[  51% ] [90m[1mreimport[22m | Preparing files to reimport...[39m[0m
[  51% ] [90m[1mreimport[22m | Preparing files to reimport...[39m[0m
[  51% ] [90m[1mreimport[22m | Preparing files to reimport...[39m[0m
[  51% ] [90m[1mreimport[22m | Preparing files to reimport...[39m[0m
[  51% ] [90m[1mreimport[22m | Preparing files to reimport...[39m[0m
[  51% ] [90m[1mreimport[22m | Preparing files to reimport...[39m[0m
[  51% ] [90m[1mreimport[22m | Preparing files to reimport...[39m[0m
[  51% ] [90m[1mreimport[22m | Preparing files to reimport...[39m[0m
[  51% ] [90m[1mreimport[22m | Preparing files to reimport...[39m[0m
[  51% ] [90m[1mreimport[22m | Preparing files to reimport...[39m[0m
[  51% ] [90m[1mreimport[22m | Preparing files to reimport...[39m[0m
[  51% ] [90m[1mreimport[22m | Preparing files to reimport...[39m[0m
[  51% ] [90m[1mreimport[22m | Preparing files to reimport...[39m[0m
[  51% ] [90m[1mreimport[22m | Preparing files to reimport...[39m[0m
[  51% ] [90m[1mreimport[22m | Preparing files to reimport...[39m[0m
[  51% ] [90m[1mreimport[22m | Preparing files to reimport...[39m[0m
[  51% ] [90m[1mreimport[22m | Preparing files to reimport...[39m[0m
[  52% ] [90m[1mreimport[22m | Preparing files to reimport...[39m[0m
[  52% ] [90m[1mreimport[22m | Preparing files to reimport...[39m[0m
[  52% ] [90m[1mreimport[22m | Preparing files to reimport...[39m[0m
[  52% ] [90m[1mreimport[22m | Preparing files to reimport...[39m[0m
[  52% ] [90m[1mreimport[22m | Preparing files to reimport...[39m[0m
[  52% ] [90m[1mreimport[22m | Preparing files to reimport...[39m[0m
[  52% ] [90m[1mreimport[22m | Preparing files to reimport...[39m[0m
[  52% ] [90m[1mreimport[22m | Preparing files to reimport...[39m[0m
[  52% ] [90m[1mreimport[22m | Preparing files to reimport...[39m[0m
[  52% ] [90m[1mreimport[22m | Preparing files to reimport...[39m[0m
[  52% ] [90m[1mreimport[22m | Preparing files to reimport...[39m[0m
[  52% ] [90m[1mreimport[22m | Preparing files to reimport...[39m[0m
[  52% ] [90m[1mreimport[22m | Preparing files to reimport...[39m[0m
[  52% ] [90m[1mreimport[22m | Preparing files to reimport...[39m[0m
[  52% ] [90m[1mreimport[22m | Preparing files to reimport...[39m[0m
[  52% ] [90m[1mreimport[22m | Preparing files to reimport...[39m[0m
[  52% ] [90m[1mreimport[22m | Preparing files to reimport...[39m[0m
[  52% ] [90m[1mreimport[22m | Preparing files to reimport...[39m[0m
[  53% ] [90m[1mreimport[22m | Preparing files to reimport...[39m[0m
[  53% ] [90m[1mreimport[22m | Preparing files to reimport...[39m[0m
[  53% ] [90m[1mreimport[22m | Preparing files to reimport...[39m[0m
[  53% ] [90m[1mreimport[22m | Preparing files to reimport...[39m[0m
[  53% ] [90m[1mreimport[22m | Preparing files to reimport...[39m[0m
[  53% ] [90m[1mreimport[22m | Preparing files to reimport...[39m[0m
[  53% ] [90m[1mreimport[22m | Preparing files to reimport...[39m[0m
[  53% ] [90m[1mreimport[22m | Preparing files to reimport...[39m[0m
[  53% ] [90m[1mreimport[22m | Preparing files to reimport...[39m[0m
[  53% ] [90m[1mreimport[22m | Preparing files to reimport...[39m[0m
[  53% ] [90m[1mreimport[22m | Preparing files to reimport...[39m[0m
[  53% ] [90m[1mreimport[22m | Preparing files to reimport...[39m[0m
[  53% ] [90m[1mreimport[22m | Preparing files to reimport...[39m[0m
[  53% ] [90m[1mreimport[22m | Preparing files to reimport...[39m[0m
[  53% ] [90m[1mreimport[22m | Preparing files to reimport...[39m[0m
[  53% ] [90m[1mreimport[22m | Preparing files to reimport...[39m[0m
[  53% ] [90m[1mreimport[22m | Preparing files to reimport...[39m[0m
[  53% ] [90m[1mreimport[22m | Preparing files to reimport...[39m[0m
[  54% ] [90m[1mreimport[22m | Preparing files to reimport...[39m[0m
[  54% ] [90m[1mreimport[22m | Preparing files to reimport...[39m[0m
[  54% ] [90m[1mreimport[22m | Preparing files to reimport...[39m[0m
[  54% ] [90m[1mreimport[22m | Preparing files to reimport...[39m[0m
[  54% ] [90m[1mreimport[22m | Preparing files to reimport...[39m[0m
[  54% ] [90m[1mreimport[22m | Preparing files to reimport...[39m[0m
[  54% ] [90m[1mreimport[22m | Preparing files to reimport...[39m[0m
[  54% ] [90m[1mreimport[22m | Preparing files to reimport...[39m[0m
[  54% ] [90m[1mreimport[22m | Preparing files to reimport...[39m[0m
[  54% ] [90m[1mreimport[22m | Preparing files to reimport...[39m[0m
[  54% ] [90m[1mreimport[22m | Preparing files to reimport...[39m[0m
[  54% ] [90m[1mreimport[22m | Preparing files to reimport...[39m[0m
[  54% ] [90m[1mreimport[22m | Preparing files to reimport...[39m[0m
[  54% ] [90m[1mreimport[22m | Preparing files to reimport...[39m[0m
[  54% ] [90m[1mreimport[22m | Preparing files to reimport...[39m[0m
[  54% ] [90m[1mreimport[22m | Preparing files to reimport...[39m[0m
[  54% ] [90m[1mreimport[22m | Preparing files to reimport...[39m[0m
[  54% ] [90m[1mreimport[22m | Preparing files to reimport...[39m[0m
[  54% ] [90m[1mreimport[22m | Preparing files to reimport...[39m[0m
[  55% ] [90m[1mreimport[22m | Preparing files to reimport...[39m[0m
[  55% ] [90m[1mreimport[22m | Preparing files to reimport...[39m[0m
[  55% ] [90m[1mreimport[22m | Preparing files to reimport...[39m[0m
[  55% ] [90m[1mreimport[22m | Preparing files to reimport...[39m[0m
[  55% ] [90m[1mreimport[22m | Preparing files to reimport...[39m[0m
[  55% ] [90m[1mreimport[22m | Preparing files to reimport...[39m[0m
[  55% ] [90m[1mreimport[22m | Preparing files to reimport...[39m[0m
[  55% ] [90m[1mreimport[22m | Preparing files to reimport...[39m[0m
[  55% ] [90m[1mreimport[22m | Preparing files to reimport...[39m[0m
[  55% ] [90m[1mreimport[22m | Preparing files to reimport...[39m[0m
[  55% ] [90m[1mreimport[22m | Preparing files to reimport...[39m[0m
[  55% ] [90m[1mreimport[22m | Preparing files to reimport...[39m[0m
[  55% ] [90m[1mreimport[22m | Preparing files to reimport...[39m[0m
[  55% ] [90m[1mreimport[22m | Preparing files to reimport...[39m[0m
[  55% ] [90m[1mreimport[22m | Preparing files to reimport...[39m[0m
[  55% ] [90m[1mreimport[22m | Preparing files to reimport...[39m[0m
[  55% ] [90m[1mreimport[22m | Preparing files to reimport...[39m[0m
[  55% ] [90m[1mreimport[22m | Preparing files to reimport...[39m[0m
[  56% ] [90m[1mreimport[22m | Preparing files to reimport...[39m[0m
[  56% ] [90m[1mreimport[22m | Preparing files to reimport...[39m[0m
[  56% ] [90m[1mreimport[22m | Preparing files to reimport...[39m[0m
[  56% ] [90m[1mreimport[22m | Preparing files to reimport...[39m[0m
[  56% ] [90m[1mreimport[22m | Preparing files to reimport...[39m[0m
[  56% ] [90m[1mreimport[22m | Preparing files to reimport...[39m[0m
[  56% ] [90m[1mreimport[22m | Preparing files to reimport...[39m[0m
[  56% ] [90m[1mreimport[22m | Preparing files to reimport...[39m[0m
[  56% ] [90m[1mreimport[22m | Preparing files to reimport...[39m[0m
[  56% ] [90m[1mreimport[22m | Preparing files to reimport...[39m[0m
[  56% ] [90m[1mreimport[22m | Preparing files to reimport...[39m[0m
[  56% ] [90m[1mreimport[22m | Preparing files to reimport...[39m[0m
[  56% ] [90m[1mreimport[22m | Preparing files to reimport...[39m[0m
[  56% ] [90m[1mreimport[22m | Preparing files to reimport...[39m[0m
[  56% ] [90m[1mreimport[22m | Preparing files to reimport...[39m[0m
[  56% ] [90m[1mreimport[22m | Preparing files to reimport...[39m[0m
[  56% ] [90m[1mreimport[22m | Preparing files to reimport...[39m[0m
[  56% ] [90m[1mreimport[22m | Preparing files to reimport...[39m[0m
[  57% ] [90m[1mreimport[22m | Preparing files to reimport...[39m[0m
[  57% ] [90m[1mreimport[22m | Preparing files to reimport...[39m[0m
[  57% ] [90m[1mreimport[22m | Preparing files to reimport...[39m[0m
[  57% ] [90m[1mreimport[22m | Preparing files to reimport...[39m[0m
[  57% ] [90m[1mreimport[22m | Preparing files to reimport...[39m[0m
[  57% ] [90m[1mreimport[22m | Preparing files to reimport...[39m[0m
[  57% ] [90m[1mreimport[22m | Preparing files to reimport...[39m[0m
[  57% ] [90m[1mreimport[22m | Preparing files to reimport...[39m[0m
[  57% ] [90m[1mreimport[22m | Preparing files to reimport...[39m[0m
[  57% ] [90m[1mreimport[22m | Preparing files to reimport...[39m[0m
[  57% ] [90m[1mreimport[22m | Preparing files to reimport...[39m[0m
[  57% ] [90m[1mreimport[22m | Preparing files to reimport...[39m[0m
[  57% ] [90m[1mreimport[22m | Preparing files to reimport...[39m[0m
[  57% ] [90m[1mreimport[22m | Preparing files to reimport...[39m[0m
[  57% ] [90m[1mreimport[22m | Preparing files to reimport...[39m[0m
[  57% ] [90m[1mreimport[22m | Preparing files to reimport...[39m[0m
[  57% ] [90m[1mreimport[22m | Preparing files to reimport...[39m[0m
[  57% ] [90m[1mreimport[22m | Preparing files to reimport...[39m[0m
[  58% ] [90m[1mreimport[22m | Preparing files to reimport...[39m[0m
[  58% ] [90m[1mreimport[22m | Preparing files to reimport...[39m[0m
[  58% ] [90m[1mreimport[22m | Preparing files to reimport...[39m[0m
[  58% ] [90m[1mreimport[22m | Preparing files to reimport...[39m[0m
[  58% ] [90m[1mreimport[22m | Preparing files to reimport...[39m[0m
[  58% ] [90m[1mreimport[22m | Preparing files to reimport...[39m[0m
[  58% ] [90m[1mreimport[22m | Preparing files to reimport...[39m[0m
[  58% ] [90m[1mreimport[22m | Preparing files to reimport...[39m[0m
[  58% ] [90m[1mreimport[22m | Preparing files to reimport...[39m[0m
[  58% ] [90m[1mreimport[22m | Preparing files to reimport...[39m[0m
[  58% ] [90m[1mreimport[22m | Preparing files to reimport...[39m[0m
[  58% ] [90m[1mreimport[22m | Preparing files to reimport...[39m[0m
[  58% ] [90m[1mreimport[22m | Preparing files to reimport...[39m[0m
[  58% ] [90m[1mreimport[22m | Preparing files to reimport...[39m[0m
[  58% ] [90m[1mreimport[22m | Preparing files to reimport...[39m[0m
[  58% ] [90m[1mreimport[22m | Preparing files to reimport...[39m[0m
[  58% ] [90m[1mreimport[22m | Preparing files to reimport...[39m[0m
[  58% ] [90m[1mreimport[22m | Preparing files to reimport...[39m[0m
[  58% ] [90m[1mreimport[22m | Preparing files to reimport...[39m[0m
[  59% ] [90m[1mreimport[22m | Preparing files to reimport...[39m[0m
[  59% ] [90m[1mreimport[22m | Preparing files to reimport...[39m[0m
[  59% ] [90m[1mreimport[22m | Preparing files to reimport...[39m[0m
[  59% ] [90m[1mreimport[22m | Preparing files to reimport...[39m[0m
[  59% ] [90m[1mreimport[22m | Preparing files to reimport...[39m[0m
[  59% ] [90m[1mreimport[22m | Preparing files to reimport...[39m[0m
[  59% ] [90m[1mreimport[22m | Preparing files to reimport...[39m[0m
[  59% ] [90m[1mreimport[22m | Preparing files to reimport...[39m[0m
[  59% ] [90m[1mreimport[22m | Preparing files to reimport...[39m[0m
[  59% ] [90m[1mreimport[22m | Preparing files to reimport...[39m[0m
[  59% ] [90m[1mreimport[22m | Preparing files to reimport...[39m[0m
[  59% ] [90m[1mreimport[22m | Preparing files to reimport...[39m[0m
[  59% ] [90m[1mreimport[22m | Preparing files to reimport...[39m[0m
[  59% ] [90m[1mreimport[22m | Preparing files to reimport...[39m[0m
[  59% ] [90m[1mreimport[22m | Preparing files to reimport...[39m[0m
[  59% ] [90m[1mreimport[22m | Preparing files to reimport...[39m[0m
[  59% ] [90m[1mreimport[22m | Preparing files to reimport...[39m[0m
[  59% ] [90m[1mreimport[22m | Preparing files to reimport...[39m[0m
[  60% ] [90m[1mreimport[22m | Preparing files to reimport...[39m[0m
[  60% ] [90m[1mreimport[22m | Preparing files to reimport...[39m[0m
[  60% ] [90m[1mreimport[22m | Preparing files to reimport...[39m[0m
[  60% ] [90m[1mreimport[22m | Preparing files to reimport...[39m[0m
[  60% ] [90m[1mreimport[22m | Preparing files to reimport...[39m[0m
[  60% ] [90m[1mreimport[22m | Preparing files to reimport...[39m[0m
[  60% ] [90m[1mreimport[22m | Preparing files to reimport...[39m[0m
[  60% ] [90m[1mreimport[22m | Preparing files to reimport...[39m[0m
[  60% ] [90m[1mreimport[22m | Preparing files to reimport...[39m[0m
[  60% ] [90m[1mreimport[22m | Preparing files to reimport...[39m[0m
[  60% ] [90m[1mreimport[22m | Preparing files to reimport...[39m[0m
[  60% ] [90m[1mreimport[22m | Preparing files to reimport...[39m[0m
[  60% ] [90m[1mreimport[22m | Preparing files to reimport...[39m[0m
[  60% ] [90m[1mreimport[22m | Preparing files to reimport...[39m[0m
[  60% ] [90m[1mreimport[22m | Preparing files to reimport...[39m[0m
[  60% ] [90m[1mreimport[22m | Preparing files to reimport...[39m[0m
[  60% ] [90m[1mreimport[22m | Preparing files to reimport...[39m[0m
[  60% ] [90m[1mreimport[22m | Preparing files to reimport...[39m[0m
[  61% ] [90m[1mreimport[22m | Preparing files to reimport...[39m[0m
[  61% ] [90m[1mreimport[22m | Preparing files to reimport...[39m[0m
[  61% ] [90m[1mreimport[22m | Preparing files to reimport...[39m[0m
[  61% ] [90m[1mreimport[22m | Preparing files to reimport...[39m[0m
[  61% ] [90m[1mreimport[22m | Preparing files to reimport...[39m[0m
[  61% ] [90m[1mreimport[22m | Preparing files to reimport...[39m[0m
[  61% ] [90m[1mreimport[22m | Preparing files to reimport...[39m[0m
[  61% ] [90m[1mreimport[22m | Preparing files to reimport...[39m[0m
[  61% ] [90m[1mreimport[22m | Preparing files to reimport...[39m[0m
[  61% ] [90m[1mreimport[22m | Preparing files to reimport...[39m[0m
[  61% ] [90m[1mreimport[22m | Preparing files to reimport...[39m[0m
[  61% ] [90m[1mreimport[22m | Preparing files to reimport...[39m[0m
[  61% ] [90m[1mreimport[22m | Preparing files to reimport...[39m[0m
[  61% ] [90m[1mreimport[22m | Preparing files to reimport...[39m[0m
[  61% ] [90m[1mreimport[22m | Preparing files to reimport...[39m[0m
[  61% ] [90m[1mreimport[22m | Preparing files to reimport...[39m[0m
[  61% ] [90m[1mreimport[22m | Preparing files to reimport...[39m[0m
[  61% ] [90m[1mreimport[22m | Preparing files to reimport...[39m[0m
[  61% ] [90m[1mreimport[22m | Preparing files to reimport...[39m[0m
[  62% ] [90m[1mreimport[22m | Preparing files to reimport...[39m[0m
[  62% ] [90m[1mreimport[22m | Preparing files to reimport...[39m[0m
[  62% ] [90m[1mreimport[22m | Preparing files to reimport...[39m[0m
[  62% ] [90m[1mreimport[22m | Preparing files to reimport...[39m[0m
[  62% ] [90m[1mreimport[22m | Preparing files to reimport...[39m[0m
[  62% ] [90m[1mreimport[22m | Preparing files to reimport...[39m[0m
[  62% ] [90m[1mreimport[22m | Preparing files to reimport...[39m[0m
[  62% ] [90m[1mreimport[22m | Preparing files to reimport...[39m[0m
[  62% ] [90m[1mreimport[22m | Preparing files to reimport...[39m[0m
[  62% ] [90m[1mreimport[22m | Preparing files to reimport...[39m[0m
[  62% ] [90m[1mreimport[22m | Preparing files to reimport...[39m[0m
[  62% ] [90m[1mreimport[22m | Preparing files to reimport...[39m[0m
[  62% ] [90m[1mreimport[22m | Preparing files to reimport...[39m[0m
[  62% ] [90m[1mreimport[22m | Preparing files to reimport...[39m[0m
[  62% ] [90m[1mreimport[22m | Preparing files to reimport...[39m[0m
[  62% ] [90m[1mreimport[22m | Preparing files to reimport...[39m[0m
[  62% ] [90m[1mreimport[22m | Preparing files to reimport...[39m[0m
[  62% ] [90m[1mreimport[22m | Preparing files to reimport...[39m[0m
[  63% ] [90m[1mreimport[22m | Preparing files to reimport...[39m[0m
[  63% ] [90m[1mreimport[22m | Preparing files to reimport...[39m[0m
[  63% ] [90m[1mreimport[22m | Preparing files to reimport...[39m[0m
[  63% ] [90m[1mreimport[22m | Preparing files to reimport...[39m[0m
[  63% ] [90m[1mreimport[22m | Preparing files to reimport...[39m[0m
[  63% ] [90m[1mreimport[22m | Preparing files to reimport...[39m[0m
[  63% ] [90m[1mreimport[22m | Preparing files to reimport...[39m[0m
[  63% ] [90m[1mreimport[22m | Preparing files to reimport...[39m[0m
[  63% ] [90m[1mreimport[22m | Preparing files to reimport...[39m[0m
[  63% ] [90m[1mreimport[22m | Preparing files to reimport...[39m[0m
[  63% ] [90m[1mreimport[22m | Preparing files to reimport...[39m[0m
[  63% ] [90m[1mreimport[22m | Preparing files to reimport...[39m[0m
[  63% ] [90m[1mreimport[22m | Preparing files to reimport...[39m[0m
[  63% ] [90m[1mreimport[22m | Preparing files to reimport...[39m[0m
[  63% ] [90m[1mreimport[22m | Preparing files to reimport...[39m[0m
[  63% ] [90m[1mreimport[22m | Preparing files to reimport...[39m[0m
[  63% ] [90m[1mreimport[22m | Preparing files to reimport...[39m[0m
[  63% ] [90m[1mreimport[22m | Preparing files to reimport...[39m[0m
[  64% ] [90m[1mreimport[22m | Preparing files to reimport...[39m[0m
[  64% ] [90m[1mreimport[22m | Preparing files to reimport...[39m[0m
[  64% ] [90m[1mreimport[22m | Preparing files to reimport...[39m[0m
[  64% ] [90m[1mreimport[22m | Preparing files to reimport...[39m[0m
[  64% ] [90m[1mreimport[22m | Preparing files to reimport...[39m[0m
[  64% ] [90m[1mreimport[22m | Preparing files to reimport...[39m[0m
[  64% ] [90m[1mreimport[22m | Preparing files to reimport...[39m[0m
[  64% ] [90m[1mreimport[22m | Preparing files to reimport...[39m[0m
[  64% ] [90m[1mreimport[22m | Preparing files to reimport...[39m[0m
[  64% ] [90m[1mreimport[22m | Preparing files to reimport...[39m[0m
[  64% ] [90m[1mreimport[22m | Preparing files to reimport...[39m[0m
[  64% ] [90m[1mreimport[22m | Preparing files to reimport...[39m[0m
[  64% ] [90m[1mreimport[22m | Preparing files to reimport...[39m[0m
[  64% ] [90m[1mreimport[22m | Preparing files to reimport...[39m[0m
[  64% ] [90m[1mreimport[22m | Preparing files to reimport...[39m[0m
[  64% ] [90m[1mreimport[22m | Preparing files to reimport...[39m[0m
[  64% ] [90m[1mreimport[22m | Preparing files to reimport...[39m[0m
[  64% ] [90m[1mreimport[22m | Preparing files to reimport...[39m[0m
[  64% ] [90m[1mreimport[22m | Preparing files to reimport...[39m[0m
[  65% ] [90m[1mreimport[22m | Preparing files to reimport...[39m[0m
[  65% ] [90m[1mreimport[22m | Preparing files to reimport...[39m[0m
[  65% ] [90m[1mreimport[22m | Preparing files to reimport...[39m[0m
[  65% ] [90m[1mreimport[22m | Preparing files to reimport...[39m[0m
[  65% ] [90m[1mreimport[22m | Preparing files to reimport...[39m[0m
[  65% ] [90m[1mreimport[22m | Preparing files to reimport...[39m[0m
[  65% ] [90m[1mreimport[22m | Preparing files to reimport...[39m[0m
[  65% ] [90m[1mreimport[22m | Preparing files to reimport...[39m[0m
[  65% ] [90m[1mreimport[22m | Preparing files to reimport...[39m[0m
[  65% ] [90m[1mreimport[22m | Preparing files to reimport...[39m[0m
[  65% ] [90m[1mreimport[22m | Preparing files to reimport...[39m[0m
[  65% ] [90m[1mreimport[22m | Preparing files to reimport...[39m[0m
[  65% ] [90m[1mreimport[22m | Preparing files to reimport...[39m[0m
[  65% ] [90m[1mreimport[22m | Preparing files to reimport...[39m[0m
[  65% ] [90m[1mreimport[22m | Preparing files to reimport...[39m[0m
[  65% ] [90m[1mreimport[22m | Preparing files to reimport...[39m[0m
[  65% ] [90m[1mreimport[22m | Preparing files to reimport...[39m[0m
[  65% ] [90m[1mreimport[22m | Preparing files to reimport...[39m[0m
[  66% ] [90m[1mreimport[22m | Preparing files to reimport...[39m[0m
[  66% ] [90m[1mreimport[22m | Preparing files to reimport...[39m[0m
[  66% ] [90m[1mreimport[22m | Preparing files to reimport...[39m[0m
[  66% ] [90m[1mreimport[22m | Preparing files to reimport...[39m[0m
[  66% ] [90m[1mreimport[22m | Preparing files to reimport...[39m[0m
[  66% ] [90m[1mreimport[22m | Preparing files to reimport...[39m[0m
[  66% ] [90m[1mreimport[22m | Preparing files to reimport...[39m[0m
[  66% ] [90m[1mreimport[22m | Preparing files to reimport...[39m[0m
[  66% ] [90m[1mreimport[22m | Preparing files to reimport...[39m[0m
[  66% ] [90m[1mreimport[22m | Preparing files to reimport...[39m[0m
[  66% ] [90m[1mreimport[22m | Preparing files to reimport...[39m[0m
[  66% ] [90m[1mreimport[22m | Preparing files to reimport...[39m[0m
[  66% ] [90m[1mreimport[22m | Preparing files to reimport...[39m[0m
[  66% ] [90m[1mreimport[22m | Preparing files to reimport...[39m[0m
[  66% ] [90m[1mreimport[22m | Preparing files to reimport...[39m[0m
[  66% ] [90m[1mreimport[22m | Preparing files to reimport...[39m[0m
[  66% ] [90m[1mreimport[22m | Preparing files to reimport...[39m[0m
[  66% ] [90m[1mreimport[22m | Preparing files to reimport...[39m[0m
[  67% ] [90m[1mreimport[22m | Preparing files to reimport...[39m[0m
[  67% ] [90m[1mreimport[22m | Preparing files to reimport...[39m[0m
[  67% ] [90m[1mreimport[22m | Preparing files to reimport...[39m[0m
[  67% ] [90m[1mreimport[22m | Preparing files to reimport...[39m[0m
[  67% ] [90m[1mreimport[22m | Preparing files to reimport...[39m[0m
[  67% ] [90m[1mreimport[22m | Preparing files to reimport...[39m[0m
[  67% ] [90m[1mreimport[22m | Preparing files to reimport...[39m[0m
[  67% ] [90m[1mreimport[22m | Preparing files to reimport...[39m[0m
[  67% ] [90m[1mreimport[22m | Preparing files to reimport...[39m[0m
[  67% ] [90m[1mreimport[22m | Preparing files to reimport...[39m[0m
[  67% ] [90m[1mreimport[22m | Preparing files to reimport...[39m[0m
[  67% ] [90m[1mreimport[22m | Preparing files to reimport...[39m[0m
[  67% ] [90m[1mreimport[22m | Preparing files to reimport...[39m[0m
[  67% ] [90m[1mreimport[22m | Preparing files to reimport...[39m[0m
[  67% ] [90m[1mreimport[22m | Preparing files to reimport...[39m[0m
[  67% ] [90m[1mreimport[22m | Preparing files to reimport...[39m[0m
[  67% ] [90m[1mreimport[22m | Preparing files to reimport...[39m[0m
[  67% ] [90m[1mreimport[22m | Preparing files to reimport...[39m[0m
[  67% ] [90m[1mreimport[22m | Preparing files to reimport...[39m[0m
[  68% ] [90m[1mreimport[22m | Preparing files to reimport...[39m[0m
[  68% ] [90m[1mreimport[22m | Preparing files to reimport...[39m[0m
[  68% ] [90m[1mreimport[22m | Preparing files to reimport...[39m[0m
[  68% ] [90m[1mreimport[22m | Preparing files to reimport...[39m[0m
[  68% ] [90m[1mreimport[22m | Preparing files to reimport...[39m[0m
[  68% ] [90m[1mreimport[22m | Preparing files to reimport...[39m[0m
[  68% ] [90m[1mreimport[22m | Preparing files to reimport...[39m[0m
[  68% ] [90m[1mreimport[22m | Preparing files to reimport...[39m[0m
[  68% ] [90m[1mreimport[22m | Preparing files to reimport...[39m[0m
[  68% ] [90m[1mreimport[22m | Preparing files to reimport...[39m[0m
[  68% ] [90m[1mreimport[22m | Preparing files to reimport...[39m[0m
[  68% ] [90m[1mreimport[22m | Preparing files to reimport...[39m[0m
[  68% ] [90m[1mreimport[22m | Preparing files to reimport...[39m[0m
[  68% ] [90m[1mreimport[22m | Preparing files to reimport...[39m[0m
[  68% ] [90m[1mreimport[22m | Preparing files to reimport...[39m[0m
[  68% ] [90m[1mreimport[22m | Preparing files to reimport...[39m[0m
[  68% ] [90m[1mreimport[22m | Preparing files to reimport...[39m[0m
[  68% ] [90m[1mreimport[22m | Preparing files to reimport...[39m[0m
[  69% ] [90m[1mreimport[22m | Preparing files to reimport...[39m[0m
[  69% ] [90m[1mreimport[22m | Preparing files to reimport...[39m[0m
[  69% ] [90m[1mreimport[22m | Preparing files to reimport...[39m[0m
[  69% ] [90m[1mreimport[22m | Preparing files to reimport...[39m[0m
[  69% ] [90m[1mreimport[22m | Preparing files to reimport...[39m[0m
[  69% ] [90m[1mreimport[22m | Preparing files to reimport...[39m[0m
[  69% ] [90m[1mreimport[22m | Preparing files to reimport...[39m[0m
[  69% ] [90m[1mreimport[22m | Preparing files to reimport...[39m[0m
[  69% ] [90m[1mreimport[22m | Preparing files to reimport...[39m[0m
[  69% ] [90m[1mreimport[22m | Preparing files to reimport...[39m[0m
[  69% ] [90m[1mreimport[22m | Preparing files to reimport...[39m[0m
[  69% ] [90m[1mreimport[22m | Preparing files to reimport...[39m[0m
[  69% ] [90m[1mreimport[22m | Preparing files to reimport...[39m[0m
[  69% ] [90m[1mreimport[22m | Preparing files to reimport...[39m[0m
[  69% ] [90m[1mreimport[22m | Preparing files to reimport...[39m[0m
[  69% ] [90m[1mreimport[22m | Preparing files to reimport...[39m[0m
[  69% ] [90m[1mreimport[22m | Preparing files to reimport...[39m[0m
[  69% ] [90m[1mreimport[22m | Preparing files to reimport...[39m[0m
[  70% ] [90m[1mreimport[22m | Preparing files to reimport...[39m[0m
[  70% ] [90m[1mreimport[22m | Preparing files to reimport...[39m[0m
[  70% ] [90m[1mreimport[22m | Preparing files to reimport...[39m[0m
[  70% ] [90m[1mreimport[22m | Preparing files to reimport...[39m[0m
[  70% ] [90m[1mreimport[22m | Preparing files to reimport...[39m[0m
[  70% ] [90m[1mreimport[22m | Preparing files to reimport...[39m[0m
[  70% ] [90m[1mreimport[22m | Preparing files to reimport...[39m[0m
[  70% ] [90m[1mreimport[22m | Preparing files to reimport...[39m[0m
[  70% ] [90m[1mreimport[22m | Preparing files to reimport...[39m[0m
[  70% ] [90m[1mreimport[22m | Preparing files to reimport...[39m[0m
[  70% ] [90m[1mreimport[22m | Preparing files to reimport...[39m[0m
[  70% ] [90m[1mreimport[22m | Preparing files to reimport...[39m[0m
[  70% ] [90m[1mreimport[22m | Preparing files to reimport...[39m[0m
[  70% ] [90m[1mreimport[22m | Preparing files to reimport...[39m[0m
[  70% ] [90m[1mreimport[22m | Preparing files to reimport...[39m[0m
[  70% ] [90m[1mreimport[22m | Preparing files to reimport...[39m[0m
[  70% ] [90m[1mreimport[22m | Preparing files to reimport...[39m[0m
[  70% ] [90m[1mreimport[22m | Preparing files to reimport...[39m[0m
[  70% ] [90m[1mreimport[22m | Preparing files to reimport...[39m[0m
[  71% ] [90m[1mreimport[22m | Preparing files to reimport...[39m[0m
[  71% ] [90m[1mreimport[22m | Preparing files to reimport...[39m[0m
[  71% ] [90m[1mreimport[22m | Preparing files to reimport...[39m[0m
[  71% ] [90m[1mreimport[22m | Preparing files to reimport...[39m[0m
[  71% ] [90m[1mreimport[22m | Preparing files to reimport...[39m[0m
[  71% ] [90m[1mreimport[22m | Preparing files to reimport...[39m[0m
[  71% ] [90m[1mreimport[22m | Preparing files to reimport...[39m[0m
[  71% ] [90m[1mreimport[22m | Preparing files to reimport...[39m[0m
[  71% ] [90m[1mreimport[22m | Preparing files to reimport...[39m[0m
[  71% ] [90m[1mreimport[22m | Preparing files to reimport...[39m[0m
[  71% ] [90m[1mreimport[22m | Preparing files to reimport...[39m[0m
[  71% ] [90m[1mreimport[22m | Preparing files to reimport...[39m[0m
[  71% ] [90m[1mreimport[22m | Preparing files to reimport...[39m[0m
[  71% ] [90m[1mreimport[22m | Preparing files to reimport...[39m[0m
[  71% ] [90m[1mreimport[22m | Preparing files to reimport...[39m[0m
[  71% ] [90m[1mreimport[22m | Preparing files to reimport...[39m[0m
[  71% ] [90m[1mreimport[22m | Preparing files to reimport...[39m[0m
[  71% ] [90m[1mreimport[22m | Preparing files to reimport...[39m[0m
[  72% ] [90m[1mreimport[22m | Preparing files to reimport...[39m[0m
[  72% ] [90m[1mreimport[22m | Preparing files to reimport...[39m[0m
[  72% ] [90m[1mreimport[22m | Preparing files to reimport...[39m[0m
[  72% ] [90m[1mreimport[22m | Preparing files to reimport...[39m[0m
[  72% ] [90m[1mreimport[22m | Preparing files to reimport...[39m[0m
[  72% ] [90m[1mreimport[22m | Preparing files to reimport...[39m[0m
[  72% ] [90m[1mreimport[22m | Preparing files to reimport...[39m[0m
[  72% ] [90m[1mreimport[22m | Preparing files to reimport...[39m[0m
[  72% ] [90m[1mreimport[22m | Preparing files to reimport...[39m[0m
[  72% ] [90m[1mreimport[22m | Preparing files to reimport...[39m[0m
[  72% ] [90m[1mreimport[22m | Preparing files to reimport...[39m[0m
[  72% ] [90m[1mreimport[22m | Preparing files to reimport...[39m[0m
[  72% ] [90m[1mreimport[22m | Preparing files to reimport...[39m[0m
[  72% ] [90m[1mreimport[22m | Preparing files to reimport...[39m[0m
[  72% ] [90m[1mreimport[22m | Preparing files to reimport...[39m[0m
[  72% ] [90m[1mreimport[22m | Preparing files to reimport...[39m[0m
[  72% ] [90m[1mreimport[22m | Preparing files to reimport...[39m[0m
[  72% ] [90m[1mreimport[22m | Preparing files to reimport...[39m[0m
[  73% ] [90m[1mreimport[22m | Preparing files to reimport...[39m[0m
[  73% ] [90m[1mreimport[22m | Preparing files to reimport...[39m[0m
[  73% ] [90m[1mreimport[22m | Preparing files to reimport...[39m[0m
[  73% ] [90m[1mreimport[22m | Preparing files to reimport...[39m[0m
[  73% ] [90m[1mreimport[22m | Preparing files to reimport...[39m[0m
[  73% ] [90m[1mreimport[22m | Preparing files to reimport...[39m[0m
[  73% ] [90m[1mreimport[22m | Preparing files to reimport...[39m[0m
[  73% ] [90m[1mreimport[22m | Preparing files to reimport...[39m[0m
[  73% ] [90m[1mreimport[22m | Preparing files to reimport...[39m[0m
[  73% ] [90m[1mreimport[22m | Preparing files to reimport...[39m[0m
[  73% ] [90m[1mreimport[22m | Preparing files to reimport...[39m[0m
[  73% ] [90m[1mreimport[22m | Preparing files to reimport...[39m[0m
[  73% ] [90m[1mreimport[22m | Preparing files to reimport...[39m[0m
[  73% ] [90m[1mreimport[22m | Preparing files to reimport...[39m[0m
[  73% ] [90m[1mreimport[22m | Preparing files to reimport...[39m[0m
[  73% ] [90m[1mreimport[22m | Preparing files to reimport...[39m[0m
[  73% ] [90m[1mreimport[22m | Preparing files to reimport...[39m[0m
[  73% ] [90m[1mreimport[22m | Preparing files to reimport...[39m[0m
[  74% ] [90m[1mreimport[22m | Preparing files to reimport...[39m[0m
[  74% ] [90m[1mreimport[22m | Preparing files to reimport...[39m[0m
[  74% ] [90m[1mreimport[22m | Preparing files to reimport...[39m[0m
[  74% ] [90m[1mreimport[22m | Preparing files to reimport...[39m[0m
[  74% ] [90m[1mreimport[22m | Preparing files to reimport...[39m[0m
[  74% ] [90m[1mreimport[22m | Preparing files to reimport...[39m[0m
[  74% ] [90m[1mreimport[22m | Preparing files to reimport...[39m[0m
[  74% ] [90m[1mreimport[22m | Preparing files to reimport...[39m[0m
[  74% ] [90m[1mreimport[22m | Preparing files to reimport...[39m[0m
[  74% ] [90m[1mreimport[22m | Preparing files to reimport...[39m[0m
[  74% ] [90m[1mreimport[22m | Preparing files to reimport...[39m[0m
[  74% ] [90m[1mreimport[22m | Preparing files to reimport...[39m[0m
[  74% ] [90m[1mreimport[22m | Preparing files to reimport...[39m[0m
[  74% ] [90m[1mreimport[22m | Preparing files to reimport...[39m[0m
[  74% ] [90m[1mreimport[22m | Preparing files to reimport...[39m[0m
[  74% ] [90m[1mreimport[22m | Preparing files to reimport...[39m[0m
[  74% ] [90m[1mreimport[22m | Preparing files to reimport...[39m[0m
[  74% ] [90m[1mreimport[22m | Preparing files to reimport...[39m[0m
[  74% ] [90m[1mreimport[22m | Preparing files to reimport...[39m[0m
[  75% ] [90m[1mreimport[22m | Preparing files to reimport...[39m[0m
[  75% ] [90m[1mreimport[22m | Preparing files to reimport...[39m[0m
[  75% ] [90m[1mreimport[22m | Preparing files to reimport...[39m[0m
[  75% ] [90m[1mreimport[22m | Preparing files to reimport...[39m[0m
[  75% ] [90m[1mreimport[22m | Preparing files to reimport...[39m[0m
[  75% ] [90m[1mreimport[22m | Preparing files to reimport...[39m[0m
[  75% ] [90m[1mreimport[22m | Preparing files to reimport...[39m[0m
[  75% ] [90m[1mreimport[22m | Preparing files to reimport...[39m[0m
[  75% ] [90m[1mreimport[22m | Preparing files to reimport...[39m[0m
[  75% ] [90m[1mreimport[22m | Preparing files to reimport...[39m[0m
[  75% ] [90m[1mreimport[22m | Preparing files to reimport...[39m[0m
[  75% ] [90m[1mreimport[22m | Preparing files to reimport...[39m[0m
[  75% ] [90m[1mreimport[22m | Preparing files to reimport...[39m[0m
[  75% ] [90m[1mreimport[22m | Preparing files to reimport...[39m[0m
[  75% ] [90m[1mreimport[22m | Preparing files to reimport...[39m[0m
[  75% ] [90m[1mreimport[22m | Preparing files to reimport...[39m[0m
[  75% ] [90m[1mreimport[22m | Preparing files to reimport...[39m[0m
[  75% ] [90m[1mreimport[22m | Preparing files to reimport...[39m[0m
[  76% ] [90m[1mreimport[22m | Preparing files to reimport...[39m[0m
[  76% ] [90m[1mreimport[22m | Preparing files to reimport...[39m[0m
[  76% ] [90m[1mreimport[22m | Preparing files to reimport...[39m[0m
[  76% ] [90m[1mreimport[22m | Preparing files to reimport...[39m[0m
[  76% ] [90m[1mreimport[22m | Preparing files to reimport...[39m[0m
[  76% ] [90m[1mreimport[22m | Preparing files to reimport...[39m[0m
[  76% ] [90m[1mreimport[22m | Preparing files to reimport...[39m[0m
[  76% ] [90m[1mreimport[22m | Preparing files to reimport...[39m[0m
[  76% ] [90m[1mreimport[22m | Preparing files to reimport...[39m[0m
[  76% ] [90m[1mreimport[22m | Preparing files to reimport...[39m[0m
[  76% ] [90m[1mreimport[22m | Preparing files to reimport...[39m[0m
[  76% ] [90m[1mreimport[22m | Preparing files to reimport...[39m[0m
[  76% ] [90m[1mreimport[22m | Preparing files to reimport...[39m[0m
[  76% ] [90m[1mreimport[22m | Preparing files to reimport...[39m[0m
[  76% ] [90m[1mreimport[22m | Preparing files to reimport...[39m[0m
[  76% ] [90m[1mreimport[22m | Preparing files to reimport...[39m[0m
[  76% ] [90m[1mreimport[22m | Preparing files to reimport...[39m[0m
[  76% ] [90m[1mreimport[22m | Preparing files to reimport...[39m[0m
[  77% ] [90m[1mreimport[22m | Preparing files to reimport...[39m[0m
[  77% ] [90m[1mreimport[22m | Preparing files to reimport...[39m[0m
[  77% ] [90m[1mreimport[22m | Preparing files to reimport...[39m[0m
[  77% ] [90m[1mreimport[22m | Preparing files to reimport...[39m[0m
[  77% ] [90m[1mreimport[22m | Preparing files to reimport...[39m[0m
[  77% ] [90m[1mreimport[22m | Preparing files to reimport...[39m[0m
[  77% ] [90m[1mreimport[22m | Preparing files to reimport...[39m[0m
[  77% ] [90m[1mreimport[22m | Preparing files to reimport...[39m[0m
[  77% ] [90m[1mreimport[22m | Preparing files to reimport...[39m[0m
[  77% ] [90m[1mreimport[22m | Preparing files to reimport...[39m[0m
[  77% ] [90m[1mreimport[22m | Preparing files to reimport...[39m[0m
[  77% ] [90m[1mreimport[22m | Preparing files to reimport...[39m[0m
[  77% ] [90m[1mreimport[22m | Preparing files to reimport...[39m[0m
[  77% ] [90m[1mreimport[22m | Preparing files to reimport...[39m[0m
[  77% ] [90m[1mreimport[22m | Preparing files to reimport...[39m[0m
[  77% ] [90m[1mreimport[22m | Preparing files to reimport...[39m[0m
[  77% ] [90m[1mreimport[22m | Preparing files to reimport...[39m[0m
[  77% ] [90m[1mreimport[22m | Preparing files to reimport...[39m[0m
[  77% ] [90m[1mreimport[22m | Preparing files to reimport...[39m[0m
[  78% ] [90m[1mreimport[22m | Preparing files to reimport...[39m[0m
[  78% ] [90m[1mreimport[22m | Preparing files to reimport...[39m[0m
[  78% ] [90m[1mreimport[22m | Preparing files to reimport...[39m[0m
[  78% ] [90m[1mreimport[22m | Preparing files to reimport...[39m[0m
[  78% ] [90m[1mreimport[22m | Preparing files to reimport...[39m[0m
[  78% ] [90m[1mreimport[22m | Preparing files to reimport...[39m[0m
[  78% ] [90m[1mreimport[22m | Preparing files to reimport...[39m[0m
[  78% ] [90m[1mreimport[22m | Preparing files to reimport...[39m[0m
[  78% ] [90m[1mreimport[22m | Preparing files to reimport...[39m[0m
[  78% ] [90m[1mreimport[22m | Preparing files to reimport...[39m[0m
[  78% ] [90m[1mreimport[22m | Preparing files to reimport...[39m[0m
[  78% ] [90m[1mreimport[22m | Preparing files to reimport...[39m[0m
[  78% ] [90m[1mreimport[22m | Preparing files to reimport...[39m[0m
[  78% ] [90m[1mreimport[22m | Preparing files to reimport...[39m[0m
[  78% ] [90m[1mreimport[22m | Preparing files to reimport...[39m[0m
[  78% ] [90m[1mreimport[22m | Preparing files to reimport...[39m[0m
[  78% ] [90m[1mreimport[22m | Preparing files to reimport...[39m[0m
[  78% ] [90m[1mreimport[22m | Preparing files to reimport...[39m[0m
[  79% ] [90m[1mreimport[22m | Preparing files to reimport...[39m[0m
[  79% ] [90m[1mreimport[22m | Preparing files to reimport...[39m[0m
[  79% ] [90m[1mreimport[22m | Preparing files to reimport...[39m[0m
[  79% ] [90m[1mreimport[22m | Preparing files to reimport...[39m[0m
[  79% ] [90m[1mreimport[22m | Preparing files to reimport...[39m[0m
[  79% ] [90m[1mreimport[22m | Preparing files to reimport...[39m[0m
[  79% ] [90m[1mreimport[22m | Preparing files to reimport...[39m[0m
[  79% ] [90m[1mreimport[22m | Preparing files to reimport...[39m[0m
[  79% ] [90m[1mreimport[22m | Preparing files to reimport...[39m[0m
[  79% ] [90m[1mreimport[22m | Preparing files to reimport...[39m[0m
[  79% ] [90m[1mreimport[22m | Preparing files to reimport...[39m[0m
[  79% ] [90m[1mreimport[22m | Preparing files to reimport...[39m[0m
[  79% ] [90m[1mreimport[22m | Preparing files to reimport...[39m[0m
[  79% ] [90m[1mreimport[22m | Preparing files to reimport...[39m[0m
[  79% ] [90m[1mreimport[22m | Preparing files to reimport...[39m[0m
[  79% ] [90m[1mreimport[22m | Preparing files to reimport...[39m[0m
[  79% ] [90m[1mreimport[22m | Preparing files to reimport...[39m[0m
[  79% ] [90m[1mreimport[22m | Preparing files to reimport...[39m[0m
[  80% ] [90m[1mreimport[22m | Preparing files to reimport...[39m[0m
[  80% ] [90m[1mreimport[22m | Preparing files to reimport...[39m[0m
[  80% ] [90m[1mreimport[22m | Preparing files to reimport...[39m[0m
[  80% ] [90m[1mreimport[22m | Preparing files to reimport...[39m[0m
[  80% ] [90m[1mreimport[22m | Preparing files to reimport...[39m[0m
[  80% ] [90m[1mreimport[22m | Preparing files to reimport...[39m[0m
[  80% ] [90m[1mreimport[22m | Preparing files to reimport...[39m[0m
[  80% ] [90m[1mreimport[22m | Preparing files to reimport...[39m[0m
[  80% ] [90m[1mreimport[22m | Preparing files to reimport...[39m[0m
[  80% ] [90m[1mreimport[22m | Preparing files to reimport...[39m[0m
[  80% ] [90m[1mreimport[22m | Preparing files to reimport...[39m[0m
[  80% ] [90m[1mreimport[22m | Preparing files to reimport...[39m[0m
[  80% ] [90m[1mreimport[22m | Preparing files to reimport...[39m[0m
[  80% ] [90m[1mreimport[22m | Preparing files to reimport...[39m[0m
[  80% ] [90m[1mreimport[22m | Preparing files to reimport...[39m[0m
[  80% ] [90m[1mreimport[22m | Preparing files to reimport...[39m[0m
[  80% ] [90m[1mreimport[22m | Preparing files to reimport...[39m[0m
[  80% ] [90m[1mreimport[22m | Preparing files to reimport...[39m[0m
[  80% ] [90m[1mreimport[22m | Preparing files to reimport...[39m[0m
[  81% ] [90m[1mreimport[22m | Preparing files to reimport...[39m[0m
[  81% ] [90m[1mreimport[22m | Preparing files to reimport...[39m[0m
[  81% ] [90m[1mreimport[22m | Preparing files to reimport...[39m[0m
[  81% ] [90m[1mreimport[22m | Preparing files to reimport...[39m[0m
[  81% ] [90m[1mreimport[22m | Preparing files to reimport...[39m[0m
[  81% ] [90m[1mreimport[22m | Preparing files to reimport...[39m[0m
[  81% ] [90m[1mreimport[22m | Preparing files to reimport...[39m[0m
[  81% ] [90m[1mreimport[22m | Preparing files to reimport...[39m[0m
[  81% ] [90m[1mreimport[22m | Preparing files to reimport...[39m[0m
[  81% ] [90m[1mreimport[22m | Preparing files to reimport...[39m[0m
[  81% ] [90m[1mreimport[22m | Preparing files to reimport...[39m[0m
[  81% ] [90m[1mreimport[22m | Preparing files to reimport...[39m[0m
[  81% ] [90m[1mreimport[22m | Preparing files to reimport...[39m[0m
[  81% ] [90m[1mreimport[22m | Preparing files to reimport...[39m[0m
[  81% ] [90m[1mreimport[22m | Preparing files to reimport...[39m[0m
[  81% ] [90m[1mreimport[22m | Preparing files to reimport...[39m[0m
[  81% ] [90m[1mreimport[22m | Preparing files to reimport...[39m[0m
[  81% ] [90m[1mreimport[22m | Preparing files to reimport...[39m[0m
[  82% ] [90m[1mreimport[22m | Preparing files to reimport...[39m[0m
[  82% ] [90m[1mreimport[22m | Preparing files to reimport...[39m[0m
[  82% ] [90m[1mreimport[22m | Preparing files to reimport...[39m[0m
[  82% ] [90m[1mreimport[22m | Preparing files to reimport...[39m[0m
[  82% ] [90m[1mreimport[22m | Preparing files to reimport...[39m[0m
[  82% ] [90m[1mreimport[22m | Preparing files to reimport...[39m[0m
[  82% ] [90m[1mreimport[22m | Preparing files to reimport...[39m[0m
[  82% ] [90m[1mreimport[22m | Preparing files to reimport...[39m[0m
[  82% ] [90m[1mreimport[22m | Preparing files to reimport...[39m[0m
[  82% ] [90m[1mreimport[22m | Preparing files to reimport...[39m[0m
[  82% ] [90m[1mreimport[22m | Preparing files to reimport...[39m[0m
[  82% ] [90m[1mreimport[22m | Preparing files to reimport...[39m[0m
[  82% ] [90m[1mreimport[22m | Preparing files to reimport...[39m[0m
[  82% ] [90m[1mreimport[22m | Preparing files to reimport...[39m[0m
[  82% ] [90m[1mreimport[22m | Preparing files to reimport...[39m[0m
[  82% ] [90m[1mreimport[22m | Preparing files to reimport...[39m[0m
[  82% ] [90m[1mreimport[22m | Preparing files to reimport...[39m[0m
[  82% ] [90m[1mreimport[22m | Preparing files to reimport...[39m[0m
[  83% ] [90m[1mreimport[22m | Preparing files to reimport...[39m[0m
[  83% ] [90m[1mreimport[22m | Preparing files to reimport...[39m[0m
[  83% ] [90m[1mreimport[22m | Preparing files to reimport...[39m[0m
[  83% ] [90m[1mreimport[22m | Preparing files to reimport...[39m[0m
[  83% ] [90m[1mreimport[22m | Preparing files to reimport...[39m[0m
[  83% ] [90m[1mreimport[22m | Preparing files to reimport...[39m[0m
[  83% ] [90m[1mreimport[22m | Preparing files to reimport...[39m[0m
[  83% ] [90m[1mreimport[22m | Preparing files to reimport...[39m[0m
[  83% ] [90m[1mreimport[22m | Preparing files to reimport...[39m[0m
[  83% ] [90m[1mreimport[22m | Preparing files to reimport...[39m[0m
[  83% ] [90m[1mreimport[22m | Preparing files to reimport...[39m[0m
[  83% ] [90m[1mreimport[22m | Preparing files to reimport...[39m[0m
[  83% ] [90m[1mreimport[22m | Preparing files to reimport...[39m[0m
[  83% ] [90m[1mreimport[22m | Preparing files to reimport...[39m[0m
[  83% ] [90m[1mreimport[22m | Preparing files to reimport...[39m[0m
[  83% ] [90m[1mreimport[22m | Preparing files to reimport...[39m[0m
[  83% ] [90m[1mreimport[22m | Preparing files to reimport...[39m[0m
[  83% ] [90m[1mreimport[22m | Preparing files to reimport...[39m[0m
[  83% ] [90m[1mreimport[22m | Preparing files to reimport...[39m[0m
[  84% ] [90m[1mreimport[22m | Preparing files to reimport...[39m[0m
[  84% ] [90m[1mreimport[22m | Preparing files to reimport...[39m[0m
[  84% ] [90m[1mreimport[22m | Preparing files to reimport...[39m[0m
[  84% ] [90m[1mreimport[22m | Preparing files to reimport...[39m[0m
[  84% ] [90m[1mreimport[22m | Preparing files to reimport...[39m[0m
[  84% ] [90m[1mreimport[22m | Preparing files to reimport...[39m[0m
[  84% ] [90m[1mreimport[22m | Preparing files to reimport...[39m[0m
[  84% ] [90m[1mreimport[22m | Preparing files to reimport...[39m[0m
[  84% ] [90m[1mreimport[22m | Preparing files to reimport...[39m[0m
[  84% ] [90m[1mreimport[22m | Preparing files to reimport...[39m[0m
[  84% ] [90m[1mreimport[22m | Preparing files to reimport...[39m[0m
[  84% ] [90m[1mreimport[22m | Preparing files to reimport...[39m[0m
[  84% ] [90m[1mreimport[22m | Preparing files to reimport...[39m[0m
[  84% ] [90m[1mreimport[22m | Preparing files to reimport...[39m[0m
[  84% ] [90m[1mreimport[22m | Preparing files to reimport...[39m[0m
[  84% ] [90m[1mreimport[22m | Preparing files to reimport...[39m[0m
[  84% ] [90m[1mreimport[22m | Preparing files to reimport...[39m[0m
[  84% ] [90m[1mreimport[22m | Preparing files to reimport...[39m[0m
[  85% ] [90m[1mreimport[22m | Preparing files to reimport...[39m[0m
[  85% ] [90m[1mreimport[22m | Preparing files to reimport...[39m[0m
[  85% ] [90m[1mreimport[22m | Preparing files to reimport...[39m[0m
[  85% ] [90m[1mreimport[22m | Preparing files to reimport...[39m[0m
[  85% ] [90m[1mreimport[22m | Preparing files to reimport...[39m[0m
[  85% ] [90m[1mreimport[22m | Preparing files to reimport...[39m[0m
[  85% ] [90m[1mreimport[22m | Preparing files to reimport...[39m[0m
[  85% ] [90m[1mreimport[22m | Preparing files to reimport...[39m[0m
[  85% ] [90m[1mreimport[22m | Preparing files to reimport...[39m[0m
[  85% ] [90m[1mreimport[22m | Preparing files to reimport...[39m[0m
[  85% ] [90m[1mreimport[22m | Preparing files to reimport...[39m[0m
[  85% ] [90m[1mreimport[22m | Preparing files to reimport...[39m[0m
[  85% ] [90m[1mreimport[22m | Preparing files to reimport...[39m[0m
[  85% ] [90m[1mreimport[22m | Preparing files to reimport...[39m[0m
[  85% ] [90m[1mreimport[22m | Preparing files to reimport...[39m[0m
[  85% ] [90m[1mreimport[22m | Preparing files to reimport...[39m[0m
[  85% ] [90m[1mreimport[22m | Preparing files to reimport...[39m[0m
[  85% ] [90m[1mreimport[22m | Preparing files to reimport...[39m[0m
[  86% ] [90m[1mreimport[22m | Preparing files to reimport...[39m[0m
[  86% ] [90m[1mreimport[22m | Preparing files to reimport...[39m[0m
[  86% ] [90m[1mreimport[22m | Preparing files to reimport...[39m[0m
[  86% ] [90m[1mreimport[22m | Preparing files to reimport...[39m[0m
[  86% ] [90m[1mreimport[22m | Preparing files to reimport...[39m[0m
[  86% ] [90m[1mreimport[22m | Preparing files to reimport...[39m[0m
[  86% ] [90m[1mreimport[22m | Preparing files to reimport...[39m[0m
[  86% ] [90m[1mreimport[22m | Preparing files to reimport...[39m[0m
[  86% ] [90m[1mreimport[22m | Preparing files to reimport...[39m[0m
[  86% ] [90m[1mreimport[22m | Preparing files to reimport...[39m[0m
[  86% ] [90m[1mreimport[22m | Preparing files to reimport...[39m[0m
[  86% ] [90m[1mreimport[22m | Preparing files to reimport...[39m[0m
[  86% ] [90m[1mreimport[22m | Preparing files to reimport...[39m[0m
[  86% ] [90m[1mreimport[22m | Preparing files to reimport...[39m[0m
[  86% ] [90m[1mreimport[22m | Preparing files to reimport...[39m[0m
[  86% ] [90m[1mreimport[22m | Preparing files to reimport...[39m[0m
[  86% ] [90m[1mreimport[22m | Preparing files to reimport...[39m[0m
[  86% ] [90m[1mreimport[22m | Preparing files to reimport...[39m[0m
[  87% ] [90m[1mreimport[22m | Preparing files to reimport...[39m[0m
[  87% ] [90m[1mreimport[22m | Preparing files to reimport...[39m[0m
[  87% ] [90m[1mreimport[22m | Preparing files to reimport...[39m[0m
[  87% ] [90m[1mreimport[22m | Preparing files to reimport...[39m[0m
[  87% ] [90m[1mreimport[22m | Preparing files to reimport...[39m[0m
[  87% ] [90m[1mreimport[22m | Preparing files to reimport...[39m[0m
[  87% ] [90m[1mreimport[22m | Preparing files to reimport...[39m[0m
[  87% ] [90m[1mreimport[22m | Preparing files to reimport...[39m[0m
[  87% ] [90m[1mreimport[22m | Preparing files to reimport...[39m[0m
[  87% ] [90m[1mreimport[22m | Preparing files to reimport...[39m[0m
[  87% ] [90m[1mreimport[22m | Preparing files to reimport...[39m[0m
[  87% ] [90m[1mreimport[22m | Preparing files to reimport...[39m[0m
[  87% ] [90m[1mreimport[22m | Preparing files to reimport...[39m[0m
[  87% ] [90m[1mreimport[22m | Preparing files to reimport...[39m[0m
[  87% ] [90m[1mreimport[22m | Preparing files to reimport...[39m[0m
[  87% ] [90m[1mreimport[22m | Preparing files to reimport...[39m[0m
[  87% ] [90m[1mreimport[22m | Preparing files to reimport...[39m[0m
[  87% ] [90m[1mreimport[22m | Preparing files to reimport...[39m[0m
[  87% ] [90m[1mreimport[22m | Preparing files to reimport...[39m[0m
[  88% ] [90m[1mreimport[22m | Preparing files to reimport...[39m[0m
[  88% ] [90m[1mreimport[22m | Preparing files to reimport...[39m[0m
[  88% ] [90m[1mreimport[22m | Preparing files to reimport...[39m[0m
[  88% ] [90m[1mreimport[22m | Preparing files to reimport...[39m[0m
[  88% ] [90m[1mreimport[22m | Preparing files to reimport...[39m[0m
[  88% ] [90m[1mreimport[22m | Preparing files to reimport...[39m[0m
[  88% ] [90m[1mreimport[22m | Preparing files to reimport...[39m[0m
[  88% ] [90m[1mreimport[22m | Preparing files to reimport...[39m[0m
[  88% ] [90m[1mreimport[22m | Preparing files to reimport...[39m[0m
[  88% ] [90m[1mreimport[22m | Preparing files to reimport...[39m[0m
[  88% ] [90m[1mreimport[22m | Preparing files to reimport...[39m[0m
[  88% ] [90m[1mreimport[22m | Preparing files to reimport...[39m[0m
[  88% ] [90m[1mreimport[22m | Preparing files to reimport...[39m[0m
[  88% ] [90m[1mreimport[22m | Preparing files to reimport...[39m[0m
[  88% ] [90m[1mreimport[22m | Preparing files to reimport...[39m[0m
[  88% ] [90m[1mreimport[22m | Preparing files to reimport...[39m[0m
[  88% ] [90m[1mreimport[22m | Preparing files to reimport...[39m[0m
[  88% ] [90m[1mreimport[22m | Preparing files to reimport...[39m[0m
[  89% ] [90m[1mreimport[22m | Preparing files to reimport...[39m[0m
[  89% ] [90m[1mreimport[22m | Preparing files to reimport...[39m[0m
[  89% ] [90m[1mreimport[22m | Preparing files to reimport...[39m[0m
[  89% ] [90m[1mreimport[22m | Preparing files to reimport...[39m[0m
[  89% ] [90m[1mreimport[22m | Preparing files to reimport...[39m[0m
[  89% ] [90m[1mreimport[22m | Preparing files to reimport...[39m[0m
[  89% ] [90m[1mreimport[22m | Preparing files to reimport...[39m[0m
[  89% ] [90m[1mreimport[22m | Preparing files to reimport...[39m[0m
[  89% ] [90m[1mreimport[22m | Preparing files to reimport...[39m[0m
[  89% ] [90m[1mreimport[22m | Preparing files to reimport...[39m[0m
[  89% ] [90m[1mreimport[22m | Preparing files to reimport...[39m[0m
[  89% ] [90m[1mreimport[22m | Preparing files to reimport...[39m[0m
[  89% ] [90m[1mreimport[22m | Preparing files to reimport...[39m[0m
[  89% ] [90m[1mreimport[22m | Preparing files to reimport...[39m[0m
[  89% ] [90m[1mreimport[22m | Preparing files to reimport...[39m[0m
[  89% ] [90m[1mreimport[22m | Preparing files to reimport...[39m[0m
[  89% ] [90m[1mreimport[22m | Preparing files to reimport...[39m[0m
[  89% ] [90m[1mreimport[22m | Preparing files to reimport...[39m[0m
[  90% ] [90m[1mreimport[22m | Preparing files to reimport...[39m[0m
[  90% ] [90m[1mreimport[22m | Preparing files to reimport...[39m[0m
[  90% ] [90m[1mreimport[22m | Preparing files to reimport...[39m[0m
[  90% ] [90m[1mreimport[22m | Preparing files to reimport...[39m[0m
[  90% ] [90m[1mreimport[22m | Preparing files to reimport...[39m[0m
[  90% ] [90m[1mreimport[22m | Preparing files to reimport...[39m[0m
[  90% ] [90m[1mreimport[22m | Preparing files to reimport...[39m[0m
[  90% ] [90m[1mreimport[22m | Preparing files to reimport...[39m[0m
[  90% ] [90m[1mreimport[22m | Preparing files to reimport...[39m[0m
[  90% ] [90m[1mreimport[22m | Preparing files to reimport...[39m[0m
[  90% ] [90m[1mreimport[22m | Preparing files to reimport...[39m[0m
[  90% ] [90m[1mreimport[22m | Preparing files to reimport...[39m[0m
[  90% ] [90m[1mreimport[22m | Preparing files to reimport...[39m[0m
[  90% ] [90m[1mreimport[22m | Preparing files to reimport...[39m[0m
[  90% ] [90m[1mreimport[22m | Preparing files to reimport...[39m[0m
[  90% ] [90m[1mreimport[22m | Preparing files to reimport...[39m[0m
[  90% ] [90m[1mreimport[22m | Preparing files to reimport...[39m[0m
[  90% ] [90m[1mreimport[22m | Preparing files to reimport...[39m[0m
[  90% ] [90m[1mreimport[22m | Preparing files to reimport...[39m[0m
[  91% ] [90m[1mreimport[22m | Preparing files to reimport...[39m[0m
[  91% ] [90m[1mreimport[22m | Preparing files to reimport...[39m[0m
[  91% ] [90m[1mreimport[22m | Preparing files to reimport...[39m[0m
[  91% ] [90m[1mreimport[22m | Preparing files to reimport...[39m[0m
[  91% ] [90m[1mreimport[22m | Preparing files to reimport...[39m[0m
[  91% ] [90m[1mreimport[22m | Preparing files to reimport...[39m[0m
[  91% ] [90m[1mreimport[22m | Preparing files to reimport...[39m[0m
[  91% ] [90m[1mreimport[22m | Preparing files to reimport...[39m[0m
[  91% ] [90m[1mreimport[22m | Preparing files to reimport...[39m[0m
[  91% ] [90m[1mreimport[22m | Preparing files to reimport...[39m[0m
[  91% ] [90m[1mreimport[22m | Preparing files to reimport...[39m[0m
[  91% ] [90m[1mreimport[22m | Preparing files to reimport...[39m[0m
[  91% ] [90m[1mreimport[22m | Preparing files to reimport...[39m[0m
[  91% ] [90m[1mreimport[22m | Preparing files to reimport...[39m[0m
[  91% ] [90m[1mreimport[22m | Preparing files to reimport...[39m[0m
[  91% ] [90m[1mreimport[22m | Preparing files to reimport...[39m[0m
[  91% ] [90m[1mreimport[22m | Preparing files to reimport...[39m[0m
[  91% ] [90m[1mreimport[22m | Preparing files to reimport...[39m[0m
[  92% ] [90m[1mreimport[22m | Preparing files to reimport...[39m[0m
[  92% ] [90m[1mreimport[22m | Preparing files to reimport...[39m[0m
[  92% ] [90m[1mreimport[22m | Preparing files to reimport...[39m[0m
[  92% ] [90m[1mreimport[22m | Preparing files to reimport...[39m[0m
[  92% ] [90m[1mreimport[22m | Preparing files to reimport...[39m[0m
[  92% ] [90m[1mreimport[22m | Preparing files to reimport...[39m[0m
[  92% ] [90m[1mreimport[22m | Preparing files to reimport...[39m[0m
[  92% ] [90m[1mreimport[22m | Preparing files to reimport...[39m[0m
[  92% ] [90m[1mreimport[22m | Preparing files to reimport...[39m[0m
[  92% ] [90m[1mreimport[22m | Preparing files to reimport...[39m[0m
[  92% ] [90m[1mreimport[22m | Preparing files to reimport...[39m[0m
[  92% ] [90m[1mreimport[22m | Preparing files to reimport...[39m[0m
[  92% ] [90m[1mreimport[22m | Preparing files to reimport...[39m[0m
[  92% ] [90m[1mreimport[22m | Preparing files to reimport...[39m[0m
[  92% ] [90m[1mreimport[22m | Preparing files to reimport...[39m[0m
[  92% ] [90m[1mreimport[22m | Preparing files to reimport...[39m[0m
[  92% ] [90m[1mreimport[22m | Preparing files to reimport...[39m[0m
[  92% ] [90m[1mreimport[22m | Preparing files to reimport...[39m[0m
[  93% ] [90m[1mreimport[22m | Preparing files to reimport...[39m[0m
[  93% ] [90m[1mreimport[22m | Preparing files to reimport...[39m[0m
[  93% ] [90m[1mreimport[22m | Preparing files to reimport...[39m[0m
[  93% ] [90m[1mreimport[22m | Preparing files to reimport...[39m[0m
[  93% ] [90m[1mreimport[22m | Preparing files to reimport...[39m[0m
[  93% ] [90m[1mreimport[22m | Preparing files to reimport...[39m[0m
[  93% ] [90m[1mreimport[22m | Preparing files to reimport...[39m[0m
[  93% ] [90m[1mreimport[22m | Preparing files to reimport...[39m[0m
[  93% ] [90m[1mreimport[22m | Preparing files to reimport...[39m[0m
[  93% ] [90m[1mreimport[22m | Preparing files to reimport...[39m[0m
[  93% ] [90m[1mreimport[22m | Preparing files to reimport...[39m[0m
[  93% ] [90m[1mreimport[22m | Preparing files to reimport...[39m[0m
[  93% ] [90m[1mreimport[22m | Preparing files to reimport...[39m[0m
[  93% ] [90m[1mreimport[22m | Preparing files to reimport...[39m[0m
[  93% ] [90m[1mreimport[22m | Preparing files to reimport...[39m[0m
[  93% ] [90m[1mreimport[22m | Preparing files to reimport...[39m[0m
[  93% ] [90m[1mreimport[22m | Preparing files to reimport...[39m[0m
[  93% ] [90m[1mreimport[22m | Preparing files to reimport...[39m[0m
[  93% ] [90m[1mreimport[22m | Preparing files to reimport...[39m[0m
[  94% ] [90m[1mreimport[22m | Preparing files to reimport...[39m[0m
[  94% ] [90m[1mreimport[22m | Preparing files to reimport...[39m[0m
[  94% ] [90m[1mreimport[22m | Preparing files to reimport...[39m[0m
[  94% ] [90m[1mreimport[22m | Preparing files to reimport...[39m[0m
[  94% ] [90m[1mreimport[22m | Preparing files to reimport...[39m[0m
[  94% ] [90m[1mreimport[22m | Preparing files to reimport...[39m[0m
[  94% ] [90m[1mreimport[22m | Preparing files to reimport...[39m[0m
[  94% ] [90m[1mreimport[22m | Preparing files to reimport...[39m[0m
[  94% ] [90m[1mreimport[22m | Preparing files to reimport...[39m[0m
[  94% ] [90m[1mreimport[22m | Preparing files to reimport...[39m[0m
[  94% ] [90m[1mreimport[22m | Preparing files to reimport...[39m[0m
[  94% ] [90m[1mreimport[22m | Preparing files to reimport...[39m[0m
[  94% ] [90m[1mreimport[22m | Preparing files to reimport...[39m[0m
[  94% ] [90m[1mreimport[22m | Preparing files to reimport...[39m[0m
[  94% ] [90m[1mreimport[22m | Preparing files to reimport...[39m[0m
[  94% ] [90m[1mreimport[22m | Preparing files to reimport...[39m[0m
[  94% ] [90m[1mreimport[22m | Preparing files to reimport...[39m[0m
[  94% ] [90m[1mreimport[22m | Preparing files to reimport...[39m[0m
[  95% ] [90m[1mreimport[22m | Preparing files to reimport...[39m[0m
[  95% ] [90m[1mreimport[22m | Preparing files to reimport...[39m[0m
[  95% ] [90m[1mreimport[22m | Preparing files to reimport...[39m[0m
[  95% ] [90m[1mreimport[22m | Preparing files to reimport...[39m[0m
[  95% ] [90m[1mreimport[22m | Preparing files to reimport...[39m[0m
[  95% ] [90m[1mreimport[22m | Preparing files to reimport...[39m[0m
[  95% ] [90m[1mreimport[22m | Preparing files to reimport...[39m[0m
[  95% ] [90m[1mreimport[22m | Preparing files to reimport...[39m[0m
[  95% ] [90m[1mreimport[22m | Preparing files to reimport...[39m[0m
[  95% ] [90m[1mreimport[22m | Preparing files to reimport...[39m[0m
[  95% ] [90m[1mreimport[22m | Preparing files to reimport...[39m[0m
[  95% ] [90m[1mreimport[22m | Preparing files to reimport...[39m[0m
[  95% ] [90m[1mreimport[22m | Preparing files to reimport...[39m[0m
[  95% ] [90m[1mreimport[22m | Preparing files to reimport...[39m[0m
[  95% ] [90m[1mreimport[22m | Preparing files to reimport...[39m[0m
[  95% ] [90m[1mreimport[22m | Preparing files to reimport...[39m[0m
[  95% ] [90m[1mreimport[22m | Preparing files to reimport...[39m[0m
[  95% ] [90m[1mreimport[22m | Preparing files to reimport...[39m[0m
[  96% ] [90m[1mreimport[22m | Preparing files to reimport...[39m[0m
[  96% ] [90m[1mreimport[22m | Preparing files to reimport...[39m[0m
[  96% ] [90m[1mreimport[22m | Preparing files to reimport...[39m[0m
[  96% ] [90m[1mreimport[22m | Preparing files to reimport...[39m[0m
[  96% ] [90m[1mreimport[22m | Preparing files to reimport...[39m[0m
[  96% ] [90m[1mreimport[22m | Preparing files to reimport...[39m[0m
[  96% ] [90m[1mreimport[22m | Preparing files to reimport...[39m[0m
[  96% ] [90m[1mreimport[22m | Preparing files to reimport...[39m[0m
[  96% ] [90m[1mreimport[22m | Preparing files to reimport...[39m[0m
[  96% ] [90m[1mreimport[22m | Preparing files to reimport...[39m[0m
[  96% ] [90m[1mreimport[22m | Preparing files to reimport...[39m[0m
[  96% ] [90m[1mreimport[22m | Preparing files to reimport...[39m[0m
[  96% ] [90m[1mreimport[22m | Preparing files to reimport...[39m[0m
[  96% ] [90m[1mreimport[22m | Preparing files to reimport...[39m[0m
[  96% ] [90m[1mreimport[22m | Preparing files to reimport...[39m[0m
[  96% ] [90m[1mreimport[22m | Preparing files to reimport...[39m[0m
[  96% ] [90m[1mreimport[22m | Preparing files to reimport...[39m[0m
[  96% ] [90m[1mreimport[22m | Preparing files to reimport...[39m[0m
[  96% ] [90m[1mreimport[22m | Preparing files to reimport...[39m[0m
[  97% ] [90m[1mreimport[22m | Preparing files to reimport...[39m[0m
[  97% ] [90m[1mreimport[22m | Preparing files to reimport...[39m[0m
[  97% ] [90m[1mreimport[22m | Preparing files to reimport...[39m[0m
[  97% ] [90m[1mreimport[22m | Preparing files to reimport...[39m[0m
[  97% ] [90m[1mreimport[22m | Preparing files to reimport...[39m[0m
[  97% ] [90m[1mreimport[22m | Preparing files to reimport...[39m[0m
[  97% ] [90m[1mreimport[22m | Preparing files to reimport...[39m[0m
[  97% ] [90m[1mreimport[22m | Preparing files to reimport...[39m[0m
[  97% ] [90m[1mreimport[22m | Preparing files to reimport...[39m[0m
[  97% ] [90m[1mreimport[22m | Preparing files to reimport...[39m[0m
[  97% ] [90m[1mreimport[22m | Preparing files to reimport...[39m[0m
[  97% ] [90m[1mreimport[22m | Preparing files to reimport...[39m[0m
[  97% ] [90m[1mreimport[22m | Preparing files to reimport...[39m[0m
[  97% ] [90m[1mreimport[22m | Preparing files to reimport...[39m[0m
[  97% ] [90m[1mreimport[22m | Preparing files to reimport...[39m[0m
[  97% ] [90m[1mreimport[22m | Preparing files to reimport...[39m[0m
[  97% ] [90m[1mreimport[22m | Preparing files to reimport...[39m[0m
[  97% ] [90m[1mreimport[22m | Preparing files to reimport...[39m[0m
[  98% ] [90m[1mreimport[22m | Preparing files to reimport...[39m[0m
[  98% ] [90m[1mreimport[22m | Preparing files to reimport...[39m[0m
[  98% ] [90m[1mreimport[22m | Preparing files to reimport...[39m[0m
[  98% ] [90m[1mreimport[22m | Preparing files to reimport...[39m[0m
[  98% ] [90m[1mreimport[22m | Preparing files to reimport...[39m[0m
[  98% ] [90m[1mreimport[22m | Preparing files to reimport...[39m[0m
[  98% ] [90m[1mreimport[22m | Preparing files to reimport...[39m[0m
[  98% ] [90m[1mreimport[22m | Preparing files to reimport...[39m[0m
[  98% ] [90m[1mreimport[22m | Preparing files to reimport...[39m[0m
[  98% ] [90m[1mreimport[22m | Preparing files to reimport...[39m[0m
[  98% ] [90m[1mreimport[22m | Preparing files to reimport...[39m[0m
[  98% ] [90m[1mreimport[22m | Preparing files to reimport...[39m[0m
[  98% ] [90m[1mreimport[22m | Preparing files to reimport...[39m[0m
[  98% ] [90m[1mreimport[22m | Preparing files to reimport...[39m[0m
[  98% ] [90m[1mreimport[22m | Preparing files to reimport...[39m[0m
[  98% ] [90m[1mreimport[22m | Preparing files to reimport...[39m[0m
[  98% ] [90m[1mreimport[22m | Preparing files to reimport...[39m[0m
[  98% ] [90m[1mreimport[22m | Preparing files to reimport...[39m[0m
[  99% ] [90m[1mreimport[22m | Preparing files to reimport...[39m[0m
[  99% ] [90m[1mreimport[22m | Preparing files to reimport...[39m[0m
[  99% ] [90m[1mreimport[22m | Preparing files to reimport...[39m[0m
[  99% ] [90m[1mreimport[22m | Preparing files to reimport...[39m[0m
[  99% ] [90m[1mreimport[22m | Preparing files to reimport...[39m[0m
[  99% ] [90m[1mreimport[22m | Preparing files to reimport...[39m[0m
[  99% ] [90m[1mreimport[22m | Preparing files to reimport...[39m[0m
[  99% ] [90m[1mreimport[22m | Preparing files to reimport...[39m[0m
[  99% ] [90m[1mreimport[22m | Preparing files to reimport...[39m[0m
[  99% ] [90m[1mreimport[22m | Preparing files to reimport...[39m[0m
[  99% ] [90m[1mreimport[22m | Preparing files to reimport...[39m[0m
[  99% ] [90m[1mreimport[22m | Preparing files to reimport...[39m[0m
[  99% ] [90m[1mreimport[22m | Preparing files to reimport...[39m[0m
[  99% ] [90m[1mreimport[22m | Preparing files to reimport...[39m[0m
[  99% ] [90m[1mreimport[22m | Preparing files to reimport...[39m[0m
[  99% ] [90m[1mreimport[22m | Preparing files to reimport...[39m[0m
[  99% ] [90m[1mreimport[22m | Preparing files to reimport...[39m[0m
[   0% ] [90m[1mreimport[22m | Executing pre-reimport operations...[39m[0m
[   0% ] [90m[1mreimport[22m | takeover-seed.csv[39m[0m
[   0% ] [90m[1mreimport[22m | gap-300ms.csv[39m[0m
[   0% ] [90m[1mreimport[22m | delay-trace.csv[39m[0m
[   0% ] [90m[1mreimport[22m | blackout-2000ms.csv[39m[0m
[   0% ] [90m[1mreimport[22m | td-130-case1-after.csv[39m[0m
[   0% ] [90m[1mreimport[22m | td-130-case1-before.csv[39m[0m
[   0% ] [90m[1mreimport[22m | td-130-case2-after.csv[39m[0m
[   0% ] [90m[1mreimport[22m | td-130-case2-before.csv[39m[0m
[   0% ] [90m[1mreimport[22m | phaseB.csv[39m[0m
[   0% ] [90m[1mreimport[22m | takeover-seed.csv[39m[0m
[   0% ] [90m[1mreimport[22m | gap-300ms.csv[39m[0m
[   0% ] [90m[1mreimport[22m | delay-trace.csv[39m[0m
[   0% ] [90m[1mreimport[22m | blackout-2000ms.csv[39m[0m
[   0% ] [90m[1mreimport[22m | td-130-case1-after.csv[39m[0m
[   0% ] [90m[1mreimport[22m | td-130-case1-before.csv[39m[0m
[   0% ] [90m[1mreimport[22m | td-130-case2-after.csv[39m[0m
[   0% ] [90m[1mreimport[22m | td-130-case2-before.csv[39m[0m
[   0% ] [90m[1mreimport[22m | phaseB.csv[39m[0m
[   0% ] [90m[1mreimport[22m | landscape-retry-fuel.png[39m[0m
[   1% ] [90m[1mreimport[22m | landscape-retry-no-fuel.png[39m[0m
[   1% ] [90m[1mreimport[22m | landscape-take_next-fuel.png[39m[0m
[   1% ] [90m[1mreimport[22m | landscape-take_next-no-fuel.png[39m[0m
[   1% ] [90m[1mreimport[22m | portrait-arrest-released.png[39m[0m
[   1% ] [90m[1mreimport[22m | portrait-arrest.png[39m[0m
[   1% ] [90m[1mreimport[22m | portrait-dispatch-fuel.png[39m[0m
[   1% ] [90m[1mreimport[22m | portrait-dispatch-no-fuel.png[39m[0m
[   1% ] [90m[1mreimport[22m | portrait-fuel-quote.png[39m[0m
[   1% ] [90m[1mreimport[22m | portrait-health-10.png[39m[0m
[   1% ] [90m[1mreimport[22m | portrait-health-45.png[39m[0m
[   1% ] [90m[1mreimport[22m | portrait-health-100.png[39m[0m
[   1% ] [90m[1mreimport[22m | portrait-load-fuel.png[39m[0m
[   1% ] [90m[1mreimport[22m | landscape-offer-no-fuel.png[39m[0m
[   1% ] [90m[1mreimport[22m | landscape-offer-fuel.png[39m[0m
[   1% ] [90m[1mreimport[22m | landscape-mini-expanded-wanted.png[39m[0m
[   1% ] [90m[1mreimport[22m | landscape-mini-collapsed-cleared.png[39m[0m
[   1% ] [90m[1mreimport[22m | landscape-load-no-fuel.png[39m[0m
[   1% ] [90m[1mreimport[22m | landscape-load-fuel.png[39m[0m
[   2% ] [90m[1mreimport[22m | landscape-health-100.png[39m[0m
[   2% ] [90m[1mreimport[22m | landscape-health-45.png[39m[0m
[   2% ] [90m[1mreimport[22m | landscape-health-10.png[39m[0m
[   2% ] [90m[1mreimport[22m | landscape-fuel-quote.png[39m[0m
[   2% ] [90m[1mreimport[22m | landscape-dispatch-no-fuel.png[39m[0m
[   2% ] [90m[1mreimport[22m | landscape-dispatch-fuel.png[39m[0m
[   2% ] [90m[1mreimport[22m | landscape-arrest.png[39m[0m
[   2% ] [90m[1mreimport[22m | landscape-arrest-released.png[39m[0m
[   2% ] [90m[1mreimport[22m | 390x844-skyline-wanted-1.png[39m[0m
[   2% ] [90m[1mreimport[22m | 390x844-skyline-wanted-0.png[39m[0m
[   2% ] [90m[1mreimport[22m | 844x390-dark.png[39m[0m
[   2% ] [90m[1mreimport[22m | 844x390-bright.png[39m[0m
[   2% ] [90m[1mreimport[22m | 390x844-dark.png[39m[0m
[   2% ] [90m[1mreimport[22m | 390x844-bright.png[39m[0m
[   2% ] [90m[1mreimport[22m | 844x390-dark.png[39m[0m
[   2% ] [90m[1mreimport[22m | 844x390-bright.png[39m[0m
[   2% ] [90m[1mreimport[22m | 390x844-dark.png[39m[0m
[   2% ] [90m[1mreimport[22m | 390x844-bright.png[39m[0m
[   3% ] [90m[1mreimport[22m | 844x390-dark.png[39m[0m
[   3% ] [90m[1mreimport[22m | 844x390-bright.png[39m[0m
[   3% ] [90m[1mreimport[22m | 390x844-dark.png[39m[0m
[   3% ] [90m[1mreimport[22m | 390x844-bright.png[39m[0m
[   3% ] [90m[1mreimport[22m | 844x390-dark.png[39m[0m
[   3% ] [90m[1mreimport[22m | 844x390-bright.png[39m[0m
[   3% ] [90m[1mreimport[22m | 390x844-dark.png[39m[0m
[   3% ] [90m[1mreimport[22m | 390x844-bright.png[39m[0m
[   3% ] [90m[1mreimport[22m | portrait-take_next-no-fuel.png[39m[0m
[   3% ] [90m[1mreimport[22m | portrait-take_next-fuel.png[39m[0m
[   3% ] [90m[1mreimport[22m | portrait-retry-no-fuel.png[39m[0m
[   3% ] [90m[1mreimport[22m | portrait-retry-fuel.png[39m[0m
[   3% ] [90m[1mreimport[22m | portrait-offer-no-fuel.png[39m[0m
[   3% ] [90m[1mreimport[22m | portrait-offer-fuel.png[39m[0m
[   3% ] [90m[1mreimport[22m | portrait-mini-expanded-wanted.png[39m[0m
[   3% ] [90m[1mreimport[22m | portrait-mini-collapsed-cleared.png[39m[0m
[   3% ] [90m[1mreimport[22m | portrait-load-no-fuel.png[39m[0m
[   3% ] [90m[1mreimport[22m | landscape-load-fuel.png[39m[0m
[   3% ] [90m[1mreimport[22m | landscape-health-100.png[39m[0m
[   4% ] [90m[1mreimport[22m | landscape-health-45.png[39m[0m
[   4% ] [90m[1mreimport[22m | landscape-health-10.png[39m[0m
[   4% ] [90m[1mreimport[22m | landscape-fuel-quote.png[39m[0m
[   4% ] [90m[1mreimport[22m | landscape-dispatch-no-fuel.png[39m[0m
[   4% ] [90m[1mreimport[22m | landscape-dispatch-fuel.png[39m[0m
[   4% ] [90m[1mreimport[22m | landscape-arrest.png[39m[0m
[   4% ] [90m[1mreimport[22m | landscape-arrest-released.png[39m[0m
[   4% ] [90m[1mreimport[22m | portrait-take_next-no-fuel.png[39m[0m
[   4% ] [90m[1mreimport[22m | portrait-take_next-fuel.png[39m[0m
[   4% ] [90m[1mreimport[22m | portrait-retry-no-fuel.png[39m[0m
[   4% ] [90m[1mreimport[22m | portrait-retry-fuel.png[39m[0m
[   4% ] [90m[1mreimport[22m | portrait-offer-no-fuel.png[39m[0m
[   4% ] [90m[1mreimport[22m | portrait-offer-fuel.png[39m[0m
[   4% ] [90m[1mreimport[22m | portrait-mini-expanded-wanted.png[39m[0m
[   4% ] [90m[1mreimport[22m | portrait-mini-collapsed-cleared.png[39m[0m
[   4% ] [90m[1mreimport[22m | portrait-load-no-fuel.png[39m[0m
[   4% ] [90m[1mreimport[22m | portrait-load-fuel.png[39m[0m
[   4% ] [90m[1mreimport[22m | portrait-health-100.png[39m[0m
[   5% ] [90m[1mreimport[22m | portrait-health-45.png[39m[0m
[   5% ] [90m[1mreimport[22m | portrait-health-10.png[39m[0m
[   5% ] [90m[1mreimport[22m | portrait-fuel-quote.png[39m[0m
[   5% ] [90m[1mreimport[22m | portrait-dispatch-no-fuel.png[39m[0m
[   5% ] [90m[1mreimport[22m | portrait-dispatch-fuel.png[39m[0m
[   5% ] [90m[1mreimport[22m | portrait-arrest.png[39m[0m
[   5% ] [90m[1mreimport[22m | portrait-arrest-released.png[39m[0m
[   5% ] [90m[1mreimport[22m | portrait-take_next-no-fuel.png[39m[0m
[   5% ] [90m[1mreimport[22m | portrait-take_next-fuel.png[39m[0m
[   5% ] [90m[1mreimport[22m | portrait-retry-no-fuel.png[39m[0m
[   5% ] [90m[1mreimport[22m | portrait-retry-fuel.png[39m[0m
[   5% ] [90m[1mreimport[22m | portrait-offer-no-fuel.png[39m[0m
[   5% ] [90m[1mreimport[22m | portrait-offer-fuel.png[39m[0m
[   5% ] [90m[1mreimport[22m | portrait-mini-expanded-wanted.png[39m[0m
[   5% ] [90m[1mreimport[22m | portrait-mini-collapsed-cleared.png[39m[0m
[   5% ] [90m[1mreimport[22m | portrait-load-no-fuel.png[39m[0m
[   5% ] [90m[1mreimport[22m | portrait-load-fuel.png[39m[0m
[   5% ] [90m[1mreimport[22m | portrait-health-100.png[39m[0m
[   6% ] [90m[1mreimport[22m | portrait-health-45.png[39m[0m
[   6% ] [90m[1mreimport[22m | portrait-health-10.png[39m[0m
[   6% ] [90m[1mreimport[22m | portrait-fuel-quote.png[39m[0m
[   6% ] [90m[1mreimport[22m | portrait-dispatch-no-fuel.png[39m[0m
[   6% ] [90m[1mreimport[22m | portrait-dispatch-fuel.png[39m[0m
[   6% ] [90m[1mreimport[22m | portrait-arrest.png[39m[0m
[   6% ] [90m[1mreimport[22m | portrait-arrest-released.png[39m[0m
[   6% ] [90m[1mreimport[22m | landscape-take_next-no-fuel.png[39m[0m
[   6% ] [90m[1mreimport[22m | landscape-take_next-fuel.png[39m[0m
[   6% ] [90m[1mreimport[22m | landscape-retry-no-fuel.png[39m[0m
[   6% ] [90m[1mreimport[22m | landscape-retry-fuel.png[39m[0m
[   6% ] [90m[1mreimport[22m | landscape-offer-no-fuel.png[39m[0m
[   6% ] [90m[1mreimport[22m | landscape-offer-fuel.png[39m[0m
[   6% ] [90m[1mreimport[22m | landscape-mini-expanded-wanted.png[39m[0m
[   6% ] [90m[1mreimport[22m | landscape-mini-collapsed-cleared.png[39m[0m
[   6% ] [90m[1mreimport[22m | landscape-load-no-fuel.png[39m[0m
[   6% ] [90m[1mreimport[22m | 1280x720-skyline-wanted-1.png[39m[0m
[   6% ] [90m[1mreimport[22m | 1280x720-skyline-wanted-0.png[39m[0m
[   6% ] [90m[1mreimport[22m | 1920x1080-street-wanted-3.png[39m[0m
[   7% ] [90m[1mreimport[22m | 1920x1080-street-wanted-2.png[39m[0m
[   7% ] [90m[1mreimport[22m | 1920x1080-street-wanted-1.png[39m[0m
[   7% ] [90m[1mreimport[22m | 1920x1080-street-wanted-0.png[39m[0m
[   7% ] [90m[1mreimport[22m | 1920x1080-skyline-wanted-3.png[39m[0m
[   7% ] [90m[1mreimport[22m | 1920x1080-skyline-wanted-2.png[39m[0m
[   7% ] [90m[1mreimport[22m | 1920x1080-skyline-wanted-1.png[39m[0m
[   7% ] [90m[1mreimport[22m | 1920x1080-skyline-wanted-0.png[39m[0m
[   7% ] [90m[1mreimport[22m | 1280x720-street-wanted-3.png[39m[0m
[   7% ] [90m[1mreimport[22m | 1280x720-street-wanted-2.png[39m[0m
[   7% ] [90m[1mreimport[22m | 1280x720-street-wanted-1.png[39m[0m
[   7% ] [90m[1mreimport[22m | 1280x720-street-wanted-0.png[39m[0m
[   7% ] [90m[1mreimport[22m | 1280x720-skyline-wanted-3.png[39m[0m
[   7% ] [90m[1mreimport[22m | 1280x720-skyline-wanted-2.png[39m[0m
[   7% ] [90m[1mreimport[22m | 1280x720-skyline-wanted-1.png[39m[0m
[   7% ] [90m[1mreimport[22m | 1280x720-skyline-wanted-0.png[39m[0m
[   7% ] [90m[1mreimport[22m | 1920x1080-street-wanted-3.png[39m[0m
[   7% ] [90m[1mreimport[22m | 1920x1080-street-wanted-2.png[39m[0m
[   7% ] [90m[1mreimport[22m | 1920x1080-street-wanted-1.png[39m[0m
[   8% ] [90m[1mreimport[22m | 1920x1080-street-wanted-0.png[39m[0m
[   8% ] [90m[1mreimport[22m | 1920x1080-skyline-wanted-3.png[39m[0m
[   8% ] [90m[1mreimport[22m | 1920x1080-skyline-wanted-2.png[39m[0m
[   8% ] [90m[1mreimport[22m | 1920x1080-skyline-wanted-1.png[39m[0m
[   8% ] [90m[1mreimport[22m | 1920x1080-skyline-wanted-0.png[39m[0m
[   8% ] [90m[1mreimport[22m | 1280x720-street-wanted-3.png[39m[0m
[   8% ] [90m[1mreimport[22m | 1280x720-street-wanted-2.png[39m[0m
[   8% ] [90m[1mreimport[22m | 1280x720-street-wanted-1.png[39m[0m
[   8% ] [90m[1mreimport[22m | 1280x720-fill-paid.png[39m[0m
[   8% ] [90m[1mreimport[22m | 844x390-tow-quote.png[39m[0m
[   8% ] [90m[1mreimport[22m | 844x390-tow-paid.png[39m[0m
[   8% ] [90m[1mreimport[22m | 844x390-salvage-quote.png[39m[0m
[   8% ] [90m[1mreimport[22m | 844x390-salvage-paid.png[39m[0m
[   8% ] [90m[1mreimport[22m | 844x390-fill-quote.png[39m[0m
[   8% ] [90m[1mreimport[22m | 844x390-fill-paid.png[39m[0m
[   8% ] [90m[1mreimport[22m | 390x844-tow-quote.png[39m[0m
[   8% ] [90m[1mreimport[22m | 390x844-tow-paid.png[39m[0m
[   8% ] [90m[1mreimport[22m | 390x844-salvage-quote.png[39m[0m
[   9% ] [90m[1mreimport[22m | 390x844-salvage-paid.png[39m[0m
[   9% ] [90m[1mreimport[22m | 390x844-fill-quote.png[39m[0m
[   9% ] [90m[1mreimport[22m | 390x844-fill-paid.png[39m[0m
[   9% ] [90m[1mreimport[22m | original-user-police-symbol.png[39m[0m
[   9% ] [90m[1mreimport[22m | original-and-rendered-symbol.png[39m[0m
[   9% ] [90m[1mreimport[22m | 1920x1080-street-wanted-3.png[39m[0m
[   9% ] [90m[1mreimport[22m | 1920x1080-street-wanted-2.png[39m[0m
[   9% ] [90m[1mreimport[22m | 1920x1080-street-wanted-1.png[39m[0m
[   9% ] [90m[1mreimport[22m | 1920x1080-street-wanted-0.png[39m[0m
[   9% ] [90m[1mreimport[22m | 1920x1080-skyline-wanted-3.png[39m[0m
[   9% ] [90m[1mreimport[22m | 1920x1080-skyline-wanted-2.png[39m[0m
[   9% ] [90m[1mreimport[22m | 1920x1080-skyline-wanted-1.png[39m[0m
[   9% ] [90m[1mreimport[22m | 1920x1080-skyline-wanted-0.png[39m[0m
[   9% ] [90m[1mreimport[22m | 1280x720-street-wanted-3.png[39m[0m
[   9% ] [90m[1mreimport[22m | 1280x720-street-wanted-2.png[39m[0m
[   9% ] [90m[1mreimport[22m | 1280x720-street-wanted-1.png[39m[0m
[   9% ] [90m[1mreimport[22m | 1280x720-street-wanted-0.png[39m[0m
[   9% ] [90m[1mreimport[22m | 1280x720-skyline-wanted-3.png[39m[0m
[   9% ] [90m[1mreimport[22m | 1280x720-skyline-wanted-2.png[39m[0m
[  10% ] [90m[1mreimport[22m | 844x390-street-wanted-2.png[39m[0m
[  10% ] [90m[1mreimport[22m | 844x390-street-wanted-1.png[39m[0m
[  10% ] [90m[1mreimport[22m | 844x390-street-wanted-0.png[39m[0m
[  10% ] [90m[1mreimport[22m | 844x390-skyline-wanted-3.png[39m[0m
[  10% ] [90m[1mreimport[22m | 844x390-skyline-wanted-2.png[39m[0m
[  10% ] [90m[1mreimport[22m | 844x390-skyline-wanted-1.png[39m[0m
[  10% ] [90m[1mreimport[22m | 844x390-skyline-wanted-0.png[39m[0m
[  10% ] [90m[1mreimport[22m | 390x844-street-wanted-3.png[39m[0m
[  10% ] [90m[1mreimport[22m | 390x844-street-wanted-2.png[39m[0m
[  10% ] [90m[1mreimport[22m | 390x844-street-wanted-1.png[39m[0m
[  10% ] [90m[1mreimport[22m | 390x844-street-wanted-0.png[39m[0m
[  10% ] [90m[1mreimport[22m | 390x844-skyline-wanted-3.png[39m[0m
[  10% ] [90m[1mreimport[22m | 390x844-skyline-wanted-2.png[39m[0m
[  10% ] [90m[1mreimport[22m | 390x844-skyline-wanted-1.png[39m[0m
[  10% ] [90m[1mreimport[22m | 390x844-skyline-wanted-0.png[39m[0m
[  10% ] [90m[1mreimport[22m | 844x390-street-wanted-3.png[39m[0m
[  10% ] [90m[1mreimport[22m | 844x390-street-wanted-2.png[39m[0m
[  10% ] [90m[1mreimport[22m | 844x390-street-wanted-1.png[39m[0m
[  11% ] [90m[1mreimport[22m | 844x390-street-wanted-0.png[39m[0m
[  11% ] [90m[1mreimport[22m | 844x390-skyline-wanted-3.png[39m[0m
[  11% ] [90m[1mreimport[22m | 844x390-skyline-wanted-2.png[39m[0m
[  11% ] [90m[1mreimport[22m | 844x390-skyline-wanted-1.png[39m[0m
[  11% ] [90m[1mreimport[22m | 844x390-skyline-wanted-0.png[39m[0m
[  11% ] [90m[1mreimport[22m | 390x844-street-wanted-3.png[39m[0m
[  11% ] [90m[1mreimport[22m | 390x844-street-wanted-2.png[39m[0m
[  11% ] [90m[1mreimport[22m | 390x844-street-wanted-1.png[39m[0m
[  11% ] [90m[1mreimport[22m | 390x844-street-wanted-0.png[39m[0m
[  11% ] [90m[1mreimport[22m | 390x844-skyline-wanted-3.png[39m[0m
[  11% ] [90m[1mreimport[22m | 390x844-skyline-wanted-2.png[39m[0m
[  11% ] [90m[1mreimport[22m | 1280x720-street-wanted-0.png[39m[0m
[  11% ] [90m[1mreimport[22m | 1280x720-skyline-wanted-3.png[39m[0m
[  11% ] [90m[1mreimport[22m | 1280x720-skyline-wanted-2.png[39m[0m
[  11% ] [90m[1mreimport[22m | 1280x720-skyline-wanted-1.png[39m[0m
[  11% ] [90m[1mreimport[22m | 1280x720-skyline-wanted-0.png[39m[0m
[  11% ] [90m[1mreimport[22m | 1920x1080-street-wanted-3.png[39m[0m
[  11% ] [90m[1mreimport[22m | 1920x1080-street-wanted-2.png[39m[0m
[  12% ] [90m[1mreimport[22m | 1920x1080-street-wanted-1.png[39m[0m
[  12% ] [90m[1mreimport[22m | 1920x1080-street-wanted-0.png[39m[0m
[  12% ] [90m[1mreimport[22m | 1920x1080-skyline-wanted-3.png[39m[0m
[  12% ] [90m[1mreimport[22m | 1920x1080-skyline-wanted-2.png[39m[0m
[  12% ] [90m[1mreimport[22m | 1920x1080-skyline-wanted-1.png[39m[0m
[  12% ] [90m[1mreimport[22m | 1920x1080-skyline-wanted-0.png[39m[0m
[  12% ] [90m[1mreimport[22m | 1280x720-street-wanted-3.png[39m[0m
[  12% ] [90m[1mreimport[22m | 1280x720-street-wanted-2.png[39m[0m
[  12% ] [90m[1mreimport[22m | 1280x720-street-wanted-1.png[39m[0m
[  12% ] [90m[1mreimport[22m | 1280x720-street-wanted-0.png[39m[0m
[  12% ] [90m[1mreimport[22m | 1280x720-skyline-wanted-3.png[39m[0m
[  12% ] [90m[1mreimport[22m | 1280x720-skyline-wanted-2.png[39m[0m
[  12% ] [90m[1mreimport[22m | 1280x720-skyline-wanted-1.png[39m[0m
[  12% ] [90m[1mreimport[22m | 1280x720-skyline-wanted-0.png[39m[0m
[  12% ] [90m[1mreimport[22m | 844x390-rotated-payment.png[39m[0m
[  12% ] [90m[1mreimport[22m | 390x844-rotated-payment.png[39m[0m
[  12% ] [90m[1mreimport[22m | 844x390-rotated-payment.png[39m[0m
[  12% ] [90m[1mreimport[22m | 390x844-rotated-payment.png[39m[0m
[  12% ] [90m[1mreimport[22m | 844x390-rotated-payment.png[39m[0m
[  13% ] [90m[1mreimport[22m | 390x844-rotated-payment.png[39m[0m
[  13% ] [90m[1mreimport[22m | 844x390-rotated-payment.png[39m[0m
[  13% ] [90m[1mreimport[22m | 390x844-rotated-payment.png[39m[0m
[  13% ] [90m[1mreimport[22m | 844x390-street-wanted-3.png[39m[0m
[  13% ] [90m[1mreimport[22m | landscape-tow-quote.png[39m[0m
[  13% ] [90m[1mreimport[22m | landscape-salvage-quote.png[39m[0m
[  13% ] [90m[1mreimport[22m | landscape-run-over.png[39m[0m
[  13% ] [90m[1mreimport[22m | landscape-pedestrian-low-balance.png[39m[0m
[  13% ] [90m[1mreimport[22m | landscape-insufficient-home.png[39m[0m
[  13% ] [90m[1mreimport[22m | landscape-insufficient-fill.png[39m[0m
[  13% ] [90m[1mreimport[22m | landscape-idle.png[39m[0m
[  13% ] [90m[1mreimport[22m | landscape-gig-settled.png[39m[0m
[  13% ] [90m[1mreimport[22m | landscape-gig-pickup.png[39m[0m
[  13% ] [90m[1mreimport[22m | landscape-gig-active.png[39m[0m
[  13% ] [90m[1mreimport[22m | landscape-fill-quote.png[39m[0m
[  13% ] [90m[1mreimport[22m | landscape-cleared.png[39m[0m
[  13% ] [90m[1mreimport[22m | landscape-busted.png[39m[0m
[  13% ] [90m[1mreimport[22m | portrait-vehicle-low-range.png[39m[0m
[  14% ] [90m[1mreimport[22m | portrait-tow-quote.png[39m[0m
[  14% ] [90m[1mreimport[22m | portrait-salvage-quote.png[39m[0m
[  14% ] [90m[1mreimport[22m | portrait-run-over.png[39m[0m
[  14% ] [90m[1mreimport[22m | portrait-pedestrian-low-balance.png[39m[0m
[  14% ] [90m[1mreimport[22m | portrait-insufficient-home.png[39m[0m
[  14% ] [90m[1mreimport[22m | portrait-insufficient-fill.png[39m[0m
[  14% ] [90m[1mreimport[22m | portrait-idle.png[39m[0m
[  14% ] [90m[1mreimport[22m | portrait-gig-settled.png[39m[0m
[  14% ] [90m[1mreimport[22m | portrait-gig-pickup.png[39m[0m
[  14% ] [90m[1mreimport[22m | portrait-gig-active.png[39m[0m
[  14% ] [90m[1mreimport[22m | portrait-fill-quote.png[39m[0m
[  14% ] [90m[1mreimport[22m | portrait-cleared.png[39m[0m
[  14% ] [90m[1mreimport[22m | portrait-busted.png[39m[0m
[  14% ] [90m[1mreimport[22m | landscape-vehicle-low-range.png[39m[0m
[  14% ] [90m[1mreimport[22m | landscape-insufficient-fill.png[39m[0m
[  14% ] [90m[1mreimport[22m | landscape-idle.png[39m[0m
[  14% ] [90m[1mreimport[22m | landscape-gig-settled.png[39m[0m
[  14% ] [90m[1mreimport[22m | landscape-gig-pickup.png[39m[0m
[  15% ] [90m[1mreimport[22m | landscape-gig-active.png[39m[0m
[  15% ] [90m[1mreimport[22m | landscape-fill-quote.png[39m[0m
[  15% ] [90m[1mreimport[22m | landscape-cleared.png[39m[0m
[  15% ] [90m[1mreimport[22m | landscape-busted.png[39m[0m
[  15% ] [90m[1mreimport[22m | tab-quote.png[39m[0m
[  15% ] [90m[1mreimport[22m | tab-cancel.png[39m[0m
[  15% ] [90m[1mreimport[22m | quote.png[39m[0m
[  15% ] [90m[1mreimport[22m | portrait-safe.png[39m[0m
[  15% ] [90m[1mreimport[22m | landscape-safe.png[39m[0m
[  15% ] [90m[1mreimport[22m | escape.png[39m[0m
[  15% ] [90m[1mreimport[22m | portrait-vehicle-low-range.png[39m[0m
[  15% ] [90m[1mreimport[22m | portrait-tow-quote.png[39m[0m
[  15% ] [90m[1mreimport[22m | portrait-salvage-quote.png[39m[0m
[  15% ] [90m[1mreimport[22m | portrait-run-over.png[39m[0m
[  15% ] [90m[1mreimport[22m | portrait-pedestrian-low-balance.png[39m[0m
[  15% ] [90m[1mreimport[22m | portrait-insufficient-home.png[39m[0m
[  15% ] [90m[1mreimport[22m | portrait-insufficient-fill.png[39m[0m
[  15% ] [90m[1mreimport[22m | portrait-idle.png[39m[0m
[  16% ] [90m[1mreimport[22m | portrait-gig-settled.png[39m[0m
[  16% ] [90m[1mreimport[22m | portrait-gig-pickup.png[39m[0m
[  16% ] [90m[1mreimport[22m | portrait-gig-active.png[39m[0m
[  16% ] [90m[1mreimport[22m | portrait-fill-quote.png[39m[0m
[  16% ] [90m[1mreimport[22m | portrait-cleared.png[39m[0m
[  16% ] [90m[1mreimport[22m | portrait-busted.png[39m[0m
[  16% ] [90m[1mreimport[22m | landscape-vehicle-low-range.png[39m[0m
[  16% ] [90m[1mreimport[22m | landscape-idle.png[39m[0m
[  16% ] [90m[1mreimport[22m | landscape-fill-quote.png[39m[0m
[  16% ] [90m[1mreimport[22m | landscape-cleared.png[39m[0m
[  16% ] [90m[1mreimport[22m | landscape-busted.png[39m[0m
[  16% ] [90m[1mreimport[22m | wreck-salvage-confirm.png[39m[0m
[  16% ] [90m[1mreimport[22m | wreck-game-over.png[39m[0m
[  16% ] [90m[1mreimport[22m | portrait-paid.png[39m[0m
[  16% ] [90m[1mreimport[22m | portrait-low-range.png[39m[0m
[  16% ] [90m[1mreimport[22m | portrait-confirm.png[39m[0m
[  16% ] [90m[1mreimport[22m | landscape-paid.png[39m[0m
[  16% ] [90m[1mreimport[22m | landscape-low-range.png[39m[0m
[  16% ] [90m[1mreimport[22m | landscape-confirm.png[39m[0m
[  17% ] [90m[1mreimport[22m | fuel-game-over.png[39m[0m
[  17% ] [90m[1mreimport[22m | empty-tow-confirm.png[39m[0m
[  17% ] [90m[1mreimport[22m | portrait-vehicle-low-range.png[39m[0m
[  17% ] [90m[1mreimport[22m | portrait-tow-quote.png[39m[0m
[  17% ] [90m[1mreimport[22m | portrait-salvage-quote.png[39m[0m
[  17% ] [90m[1mreimport[22m | portrait-run-over.png[39m[0m
[  17% ] [90m[1mreimport[22m | portrait-pedestrian-low-balance.png[39m[0m
[  17% ] [90m[1mreimport[22m | portrait-insufficient-home.png[39m[0m
[  17% ] [90m[1mreimport[22m | portrait-insufficient-fill.png[39m[0m
[  17% ] [90m[1mreimport[22m | portrait-idle.png[39m[0m
[  17% ] [90m[1mreimport[22m | portrait-gig-settled.png[39m[0m
[  17% ] [90m[1mreimport[22m | portrait-gig-pickup.png[39m[0m
[  17% ] [90m[1mreimport[22m | portrait-gig-active.png[39m[0m
[  17% ] [90m[1mreimport[22m | portrait-fill-quote.png[39m[0m
[  17% ] [90m[1mreimport[22m | portrait-cleared.png[39m[0m
[  17% ] [90m[1mreimport[22m | portrait-busted.png[39m[0m
[  17% ] [90m[1mreimport[22m | landscape-vehicle-low-range.png[39m[0m
[  17% ] [90m[1mreimport[22m | landscape-tow-quote.png[39m[0m
[  18% ] [90m[1mreimport[22m | landscape-salvage-quote.png[39m[0m
[  18% ] [90m[1mreimport[22m | landscape-run-over.png[39m[0m
[  18% ] [90m[1mreimport[22m | landscape-pedestrian-low-balance.png[39m[0m
[  18% ] [90m[1mreimport[22m | landscape-insufficient-home.png[39m[0m
[  18% ] [90m[1mreimport[22m | landscape-insufficient-fill.png[39m[0m
[  18% ] [90m[1mreimport[22m | landscape-idle.png[39m[0m
[  18% ] [90m[1mreimport[22m | landscape-gig-settled.png[39m[0m
[  18% ] [90m[1mreimport[22m | landscape-gig-pickup.png[39m[0m
[  18% ] [90m[1mreimport[22m | landscape-gig-active.png[39m[0m
[  18% ] [90m[1mreimport[22m | landscape-fill-quote.png[39m[0m
[  18% ] [90m[1mreimport[22m | landscape-cleared.png[39m[0m
[  18% ] [90m[1mreimport[22m | landscape-busted.png[39m[0m
[  18% ] [90m[1mreimport[22m | portrait-vehicle-low-range.png[39m[0m
[  18% ] [90m[1mreimport[22m | portrait-tow-quote.png[39m[0m
[  18% ] [90m[1mreimport[22m | portrait-salvage-quote.png[39m[0m
[  18% ] [90m[1mreimport[22m | portrait-run-over.png[39m[0m
[  18% ] [90m[1mreimport[22m | portrait-pedestrian-low-balance.png[39m[0m
[  18% ] [90m[1mreimport[22m | portrait-insufficient-fill.png[39m[0m
[  19% ] [90m[1mreimport[22m | portrait-idle.png[39m[0m
[  19% ] [90m[1mreimport[22m | portrait-fill-quote.png[39m[0m
[  19% ] [90m[1mreimport[22m | portrait-cleared.png[39m[0m
[  19% ] [90m[1mreimport[22m | portrait-busted.png[39m[0m
[  19% ] [90m[1mreimport[22m | landscape-vehicle-low-range.png[39m[0m
[  19% ] [90m[1mreimport[22m | landscape-tow-quote.png[39m[0m
[  19% ] [90m[1mreimport[22m | landscape-salvage-quote.png[39m[0m
[  19% ] [90m[1mreimport[22m | landscape-run-over.png[39m[0m
[  19% ] [90m[1mreimport[22m | landscape-pedestrian-low-balance.png[39m[0m
[  19% ] [90m[1mreimport[22m | landscape-insufficient-fill.png[39m[0m
[  19% ] [90m[1mreimport[22m | 390x844-street-wanted-0.png[39m[0m
[  19% ] [90m[1mreimport[22m | 390x844-skyline-wanted-3.png[39m[0m
[  19% ] [90m[1mreimport[22m | 390x844-skyline-wanted-2.png[39m[0m
[  19% ] [90m[1mreimport[22m | 390x844-skyline-wanted-1.png[39m[0m
[  19% ] [90m[1mreimport[22m | 390x844-skyline-wanted-0.png[39m[0m
[  19% ] [90m[1mreimport[22m | 844x390-street-wanted-3.png[39m[0m
[  19% ] [90m[1mreimport[22m | 844x390-street-wanted-2.png[39m[0m
[  19% ] [90m[1mreimport[22m | 844x390-street-wanted-1.png[39m[0m
[  19% ] [90m[1mreimport[22m | 844x390-street-wanted-0.png[39m[0m
[  20% ] [90m[1mreimport[22m | 844x390-skyline-wanted-3.png[39m[0m
[  20% ] [90m[1mreimport[22m | 844x390-skyline-wanted-2.png[39m[0m
[  20% ] [90m[1mreimport[22m | 844x390-skyline-wanted-1.png[39m[0m
[  20% ] [90m[1mreimport[22m | 844x390-skyline-wanted-0.png[39m[0m
[  20% ] [90m[1mreimport[22m | 390x844-street-wanted-3.png[39m[0m
[  20% ] [90m[1mreimport[22m | 390x844-street-wanted-2.png[39m[0m
[  20% ] [90m[1mreimport[22m | 390x844-street-wanted-1.png[39m[0m
[  20% ] [90m[1mreimport[22m | 390x844-street-wanted-0.png[39m[0m
[  20% ] [90m[1mreimport[22m | 390x844-skyline-wanted-3.png[39m[0m
[  20% ] [90m[1mreimport[22m | 390x844-skyline-wanted-2.png[39m[0m
[  20% ] [90m[1mreimport[22m | 390x844-skyline-wanted-1.png[39m[0m
[  20% ] [90m[1mreimport[22m | 390x844-skyline-wanted-0.png[39m[0m
[  20% ] [90m[1mreimport[22m | 1920x1080-dark.png[39m[0m
[  20% ] [90m[1mreimport[22m | 1920x1080-bright.png[39m[0m
[  20% ] [90m[1mreimport[22m | 1280x720-dark.png[39m[0m
[  20% ] [90m[1mreimport[22m | 1280x720-bright.png[39m[0m
[  20% ] [90m[1mreimport[22m | 1920x1080-dark.png[39m[0m
[  20% ] [90m[1mreimport[22m | 1920x1080-bright.png[39m[0m
[  21% ] [90m[1mreimport[22m | 1280x720-dark.png[39m[0m
[  21% ] [90m[1mreimport[22m | landscape-take_next-no-fuel.png[39m[0m
[  21% ] [90m[1mreimport[22m | landscape-take_next-fuel.png[39m[0m
[  21% ] [90m[1mreimport[22m | landscape-retry-no-fuel.png[39m[0m
[  21% ] [90m[1mreimport[22m | landscape-retry-fuel.png[39m[0m
[  21% ] [90m[1mreimport[22m | landscape-offer-no-fuel.png[39m[0m
[  21% ] [90m[1mreimport[22m | landscape-offer-fuel.png[39m[0m
[  21% ] [90m[1mreimport[22m | landscape-mini-expanded-wanted.png[39m[0m
[  21% ] [90m[1mreimport[22m | landscape-mini-collapsed-cleared.png[39m[0m
[  21% ] [90m[1mreimport[22m | landscape-load-no-fuel.png[39m[0m
[  21% ] [90m[1mreimport[22m | landscape-load-fuel.png[39m[0m
[  21% ] [90m[1mreimport[22m | landscape-health-100.png[39m[0m
[  21% ] [90m[1mreimport[22m | landscape-health-45.png[39m[0m
[  21% ] [90m[1mreimport[22m | landscape-health-10.png[39m[0m
[  21% ] [90m[1mreimport[22m | landscape-fuel-quote.png[39m[0m
[  21% ] [90m[1mreimport[22m | landscape-dispatch-no-fuel.png[39m[0m
[  21% ] [90m[1mreimport[22m | landscape-dispatch-fuel.png[39m[0m
[  21% ] [90m[1mreimport[22m | landscape-arrest.png[39m[0m
[  22% ] [90m[1mreimport[22m | landscape-arrest-released.png[39m[0m
[  22% ] [90m[1mreimport[22m | 844x390-street-wanted-3.png[39m[0m
[  22% ] [90m[1mreimport[22m | 844x390-street-wanted-2.png[39m[0m
[  22% ] [90m[1mreimport[22m | 844x390-street-wanted-1.png[39m[0m
[  22% ] [90m[1mreimport[22m | 844x390-street-wanted-0.png[39m[0m
[  22% ] [90m[1mreimport[22m | 844x390-skyline-wanted-3.png[39m[0m
[  22% ] [90m[1mreimport[22m | 844x390-skyline-wanted-2.png[39m[0m
[  22% ] [90m[1mreimport[22m | 844x390-skyline-wanted-1.png[39m[0m
[  22% ] [90m[1mreimport[22m | 844x390-skyline-wanted-0.png[39m[0m
[  22% ] [90m[1mreimport[22m | 390x844-street-wanted-3.png[39m[0m
[  22% ] [90m[1mreimport[22m | 390x844-street-wanted-2.png[39m[0m
[  22% ] [90m[1mreimport[22m | 390x844-street-wanted-1.png[39m[0m
[  22% ] [90m[1mreimport[22m | portrait-confirm.png[39m[0m
[  22% ] [90m[1mreimport[22m | landscape-second-paid.png[39m[0m
[  22% ] [90m[1mreimport[22m | landscape-reloaded.png[39m[0m
[  22% ] [90m[1mreimport[22m | landscape-paid.png[39m[0m
[  22% ] [90m[1mreimport[22m | landscape-confirm.png[39m[0m
[  22% ] [90m[1mreimport[22m | web-portrait-contact.png[39m[0m
[  22% ] [90m[1mreimport[22m | web-landscape-contact.png[39m[0m
[  23% ] [90m[1mreimport[22m | before-contact.png[39m[0m
[  23% ] [90m[1mreimport[22m | after-contact.png[39m[0m
[  23% ] [90m[1mreimport[22m | portrait-vehicle-low-range.png[39m[0m
[  23% ] [90m[1mreimport[22m | portrait-tow-quote.png[39m[0m
[  23% ] [90m[1mreimport[22m | portrait-salvage-quote.png[39m[0m
[  23% ] [90m[1mreimport[22m | portrait-run-over.png[39m[0m
[  23% ] [90m[1mreimport[22m | portrait-pedestrian-low-balance.png[39m[0m
[  23% ] [90m[1mreimport[22m | portrait-insufficient-home.png[39m[0m
[  23% ] [90m[1mreimport[22m | portrait-insufficient-fill.png[39m[0m
[  23% ] [90m[1mreimport[22m | portrait-idle.png[39m[0m
[  23% ] [90m[1mreimport[22m | portrait-gig-settled.png[39m[0m
[  23% ] [90m[1mreimport[22m | portrait-gig-pickup.png[39m[0m
[  23% ] [90m[1mreimport[22m | portrait-gig-active.png[39m[0m
[  23% ] [90m[1mreimport[22m | portrait-fill-quote.png[39m[0m
[  23% ] [90m[1mreimport[22m | portrait-cleared.png[39m[0m
[  23% ] [90m[1mreimport[22m | portrait-busted.png[39m[0m
[  23% ] [90m[1mreimport[22m | landscape-vehicle-low-range.png[39m[0m
[  23% ] [90m[1mreimport[22m | landscape-tow-quote.png[39m[0m
[  24% ] [90m[1mreimport[22m | landscape-salvage-quote.png[39m[0m
[  24% ] [90m[1mreimport[22m | landscape-run-over.png[39m[0m
[  24% ] [90m[1mreimport[22m | landscape-pedestrian-low-balance.png[39m[0m
[  24% ] [90m[1mreimport[22m | landscape-insufficient-home.png[39m[0m
[  24% ] [90m[1mreimport[22m | 1280x720-bright.png[39m[0m
[  24% ] [90m[1mreimport[22m | 1920x1080-dark.png[39m[0m
[  24% ] [90m[1mreimport[22m | 1920x1080-bright.png[39m[0m
[  24% ] [90m[1mreimport[22m | 1280x720-dark.png[39m[0m
[  24% ] [90m[1mreimport[22m | 1280x720-bright.png[39m[0m
[  24% ] [90m[1mreimport[22m | 1920x1080-dark.png[39m[0m
[  24% ] [90m[1mreimport[22m | 1920x1080-bright.png[39m[0m
[  24% ] [90m[1mreimport[22m | 1280x720-dark.png[39m[0m
[  24% ] [90m[1mreimport[22m | 1280x720-bright.png[39m[0m
[  24% ] [90m[1mreimport[22m | 844x390-street-wanted-3.png[39m[0m
[  24% ] [90m[1mreimport[22m | 1280x720-dark.png[39m[0m
[  24% ] [90m[1mreimport[22m | td-207-2-staged-before-portrait.png[39m[0m
[  24% ] [90m[1mreimport[22m | td-207-2-staged-before-landscape.png[39m[0m
[  24% ] [90m[1mreimport[22m | td-207-1-drive-before-portrait.png[39m[0m
[  25% ] [90m[1mreimport[22m | td-207-1-drive-before-landscape.png[39m[0m
[  25% ] [90m[1mreimport[22m | td-207-3-expanded-after-portrait.png[39m[0m
[  25% ] [90m[1mreimport[22m | td-207-3-expanded-after-landscape.png[39m[0m
[  25% ] [90m[1mreimport[22m | td-207-2-staged-after-portrait.png[39m[0m
[  25% ] [90m[1mreimport[22m | td-207-2-staged-after-landscape.png[39m[0m
[  25% ] [90m[1mreimport[22m | td-207-1-drive-after-portrait.png[39m[0m
[  25% ] [90m[1mreimport[22m | td-207-1-drive-after-landscape.png[39m[0m
[  25% ] [90m[1mreimport[22m | station-plan.png[39m[0m
[  25% ] [90m[1mreimport[22m | portrait-range.png[39m[0m
[  25% ] [90m[1mreimport[22m | portrait-confirm.png[39m[0m
[  25% ] [90m[1mreimport[22m | landscape-second-paid.png[39m[0m
[  25% ] [90m[1mreimport[22m | landscape-reloaded.png[39m[0m
[  25% ] [90m[1mreimport[22m | landscape-paid.png[39m[0m
[  25% ] [90m[1mreimport[22m | landscape-confirm.png[39m[0m
[  25% ] [90m[1mreimport[22m | portrait-range.png[39m[0m
[  25% ] [90m[1mreimport[22m | settlement.png[39m[0m
[  25% ] [90m[1mreimport[22m | restored.png[39m[0m
[  25% ] [90m[1mreimport[22m | arrest.png[39m[0m
[  25% ] [90m[1mreimport[22m | wanted-cleared.png[39m[0m
[  26% ] [90m[1mreimport[22m | wanted-3.png[39m[0m
[  26% ] [90m[1mreimport[22m | wanted-2.png[39m[0m
[  26% ] [90m[1mreimport[22m | wanted-1.png[39m[0m
[  26% ] [90m[1mreimport[22m | trench-pursuit.png[39m[0m
[  26% ] [90m[1mreimport[22m | traffic-contact.png[39m[0m
[  26% ] [90m[1mreimport[22m | traffic-approach.png[39m[0m
[  26% ] [90m[1mreimport[22m | sidewalk-walkers.png[39m[0m
[  26% ] [90m[1mreimport[22m | released-start-bay.png[39m[0m
[  26% ] [90m[1mreimport[22m | moving-contact.png[39m[0m
[  26% ] [90m[1mreimport[22m | hud-portrait.png[39m[0m
[  26% ] [90m[1mreimport[22m | hud-landscape.png[39m[0m
[  26% ] [90m[1mreimport[22m | held-throttle-stop.png[39m[0m
[  26% ] [90m[1mreimport[22m | cop-contact.png[39m[0m
[  26% ] [90m[1mreimport[22m | cop-approach.png[39m[0m
[  26% ] [90m[1mreimport[22m | continuous-drive.png[39m[0m
[  26% ] [90m[1mreimport[22m | busted-gig-failure.png[39m[0m
[  26% ] [90m[1mreimport[22m | ui-results.png[39m[0m
[  26% ] [90m[1mreimport[22m | ui-pause.png[39m[0m
[  27% ] [90m[1mreimport[22m | ui-main-menu.png[39m[0m
[  27% ] [90m[1mreimport[22m | ui-lobby-join.png[39m[0m
[  27% ] [90m[1mreimport[22m | ui-lobby-host.png[39m[0m
[  27% ] [90m[1mreimport[22m | ui-loading.png[39m[0m
[  27% ] [90m[1mreimport[22m | ui-hud.png[39m[0m
[  27% ] [90m[1mreimport[22m | yellow-car-zoom.png[39m[0m
[  27% ] [90m[1mreimport[22m | settlement.png[39m[0m
[  27% ] [90m[1mreimport[22m | restored.png[39m[0m
[  27% ] [90m[1mreimport[22m | arrest.png[39m[0m
[  27% ] [90m[1mreimport[22m | settlement.png[39m[0m
[  27% ] [90m[1mreimport[22m | restored.png[39m[0m
[  27% ] [90m[1mreimport[22m | arrest.png[39m[0m
[  27% ] [90m[1mreimport[22m | settlement.png[39m[0m
[  27% ] [90m[1mreimport[22m | restored.png[39m[0m
[  27% ] [90m[1mreimport[22m | arrest.png[39m[0m
[  27% ] [90m[1mreimport[22m | settlement.png[39m[0m
[  27% ] [90m[1mreimport[22m | restored.png[39m[0m
[  27% ] [90m[1mreimport[22m | arrest.png[39m[0m
[  28% ] [90m[1mreimport[22m | settlement.png[39m[0m
[  28% ] [90m[1mreimport[22m | restored.png[39m[0m
[  28% ] [90m[1mreimport[22m | rejected-first-restored.png[39m[0m
[  28% ] [90m[1mreimport[22m | arrest.png[39m[0m
[  28% ] [90m[1mreimport[22m | settlement.png[39m[0m
[  28% ] [90m[1mreimport[22m | restored.png[39m[0m
[  28% ] [90m[1mreimport[22m | arrest.png[39m[0m
[  28% ] [90m[1mreimport[22m | hud-settlement.png[39m[0m
[  28% ] [90m[1mreimport[22m | hud-arrest.png[39m[0m
[  28% ] [90m[1mreimport[22m | drive-away.png[39m[0m
[  28% ] [90m[1mreimport[22m | hud-settlement.png[39m[0m
[  28% ] [90m[1mreimport[22m | hud-arrest.png[39m[0m
[  28% ] [90m[1mreimport[22m | drive-away.png[39m[0m
[  28% ] [90m[1mreimport[22m | settlement.png[39m[0m
[  28% ] [90m[1mreimport[22m | restored.png[39m[0m
[  28% ] [90m[1mreimport[22m | arrest.png[39m[0m
[  28% ] [90m[1mreimport[22m | 1280x720-driving.jpg[39m[0m
[  28% ] [90m[1mreimport[22m | 844x390-overlays.jpg[39m[0m
[  29% ] [90m[1mreimport[22m | 844x390-driving.jpg[39m[0m
[  29% ] [90m[1mreimport[22m | 390x844-overlays.jpg[39m[0m
[  29% ] [90m[1mreimport[22m | 390x844-driving.jpg[39m[0m
[  29% ] [90m[1mreimport[22m | 1920x1080-settlement.png[39m[0m
[  29% ] [90m[1mreimport[22m | 1920x1080-released.png[39m[0m
[  29% ] [90m[1mreimport[22m | 1920x1080-payment.png[39m[0m
[  29% ] [90m[1mreimport[22m | 1920x1080-pause.png[39m[0m
[  29% ] [90m[1mreimport[22m | 1920x1080-menu.png[39m[0m
[  29% ] [90m[1mreimport[22m | 1920x1080-map.png[39m[0m
[  29% ] [90m[1mreimport[22m | 1920x1080-arrest.png[39m[0m
[  29% ] [90m[1mreimport[22m | 1280x720-settlement.png[39m[0m
[  29% ] [90m[1mreimport[22m | 1280x720-released.png[39m[0m
[  29% ] [90m[1mreimport[22m | 1280x720-payment.png[39m[0m
[  29% ] [90m[1mreimport[22m | 1280x720-pause.png[39m[0m
[  29% ] [90m[1mreimport[22m | 1280x720-menu.png[39m[0m
[  29% ] [90m[1mreimport[22m | 1280x720-map.png[39m[0m
[  29% ] [90m[1mreimport[22m | 1280x720-arrest.png[39m[0m
[  29% ] [90m[1mreimport[22m | 844x390-settlement.png[39m[0m
[  29% ] [90m[1mreimport[22m | 844x390-released.png[39m[0m
[  30% ] [90m[1mreimport[22m | 844x390-payment.png[39m[0m
[  30% ] [90m[1mreimport[22m | 844x390-pause.png[39m[0m
[  30% ] [90m[1mreimport[22m | 844x390-menu.png[39m[0m
[  30% ] [90m[1mreimport[22m | 844x390-map.png[39m[0m
[  30% ] [90m[1mreimport[22m | 844x390-arrest.png[39m[0m
[  30% ] [90m[1mreimport[22m | 390x844-settlement.png[39m[0m
[  30% ] [90m[1mreimport[22m | 390x844-released.png[39m[0m
[  30% ] [90m[1mreimport[22m | pairs-before-vs-after-portrait.png[39m[0m
[  30% ] [90m[1mreimport[22m | pairs-before-vs-after-landscape.png[39m[0m
[  30% ] [90m[1mreimport[22m | cars-closeup-jnr_station.png[39m[0m
[  30% ] [90m[1mreimport[22m | cars-closeup-bridge_midpoint.png[39m[0m
[  30% ] [90m[1mreimport[22m | jnr_station-portrait.jpg[39m[0m
[  30% ] [90m[1mreimport[22m | bridge_midpoint-portrait.jpg[39m[0m
[  30% ] [90m[1mreimport[22m | jnr_station-portrait.jpg[39m[0m
[  30% ] [90m[1mreimport[22m | bridge_midpoint-portrait.jpg[39m[0m
[  30% ] [90m[1mreimport[22m | koban_start-portrait.jpg[39m[0m
[  30% ] [90m[1mreimport[22m | koban_start-landscape.jpg[39m[0m
[  30% ] [90m[1mreimport[22m | jnr_station-portrait.jpg[39m[0m
[  31% ] [90m[1mreimport[22m | jnr_station-landscape.jpg[39m[0m
[  31% ] [90m[1mreimport[22m | commercial_arrival-portrait.jpg[39m[0m
[  31% ] [90m[1mreimport[22m | commercial_arrival-landscape.jpg[39m[0m
[  31% ] [90m[1mreimport[22m | bridge_midpoint-portrait.jpg[39m[0m
[  31% ] [90m[1mreimport[22m | bridge_midpoint-landscape.jpg[39m[0m
[  31% ] [90m[1mreimport[22m | koban_start-portrait.jpg[39m[0m
[  31% ] [90m[1mreimport[22m | koban_start-landscape.jpg[39m[0m
[  31% ] [90m[1mreimport[22m | jnr_station-portrait.jpg[39m[0m
[  31% ] [90m[1mreimport[22m | jnr_station-landscape.jpg[39m[0m
[  31% ] [90m[1mreimport[22m | commercial_arrival-portrait.jpg[39m[0m
[  31% ] [90m[1mreimport[22m | commercial_arrival-landscape.jpg[39m[0m
[  31% ] [90m[1mreimport[22m | bridge_midpoint-portrait.jpg[39m[0m
[  31% ] [90m[1mreimport[22m | bridge_midpoint-landscape.jpg[39m[0m
[  31% ] [90m[1mreimport[22m | symbol-reference.png[39m[0m
[  31% ] [90m[1mreimport[22m | retained-legacy-stress.jpg[39m[0m
[  31% ] [90m[1mreimport[22m | 1920x1080-overlays.jpg[39m[0m
[  31% ] [90m[1mreimport[22m | 1920x1080-driving.jpg[39m[0m
[  31% ] [90m[1mreimport[22m | 1280x720-overlays.jpg[39m[0m
[  32% ] [90m[1mreimport[22m | portrait-menu-available.png[39m[0m
[  32% ] [90m[1mreimport[22m | portrait-idle-expanded.png[39m[0m
[  32% ] [90m[1mreimport[22m | portrait-idle-collapsed.png[39m[0m
[  32% ] [90m[1mreimport[22m | landscape-to_dropoff-expanded.png[39m[0m
[  32% ] [90m[1mreimport[22m | landscape-to_dropoff-collapsed.png[39m[0m
[  32% ] [90m[1mreimport[22m | landscape-owner-gas-opens-map.png[39m[0m
[  32% ] [90m[1mreimport[22m | landscape-menu-tracking.png[39m[0m
[  32% ] [90m[1mreimport[22m | landscape-menu-success.png[39m[0m
[  32% ] [90m[1mreimport[22m | landscape-menu-failure.png[39m[0m
[  32% ] [90m[1mreimport[22m | landscape-menu-available.png[39m[0m
[  32% ] [90m[1mreimport[22m | landscape-idle-expanded.png[39m[0m
[  32% ] [90m[1mreimport[22m | landscape-idle-collapsed.png[39m[0m
[  32% ] [90m[1mreimport[22m | settlement.png[39m[0m
[  32% ] [90m[1mreimport[22m | restored.png[39m[0m
[  32% ] [90m[1mreimport[22m | arrest.png[39m[0m
[  32% ] [90m[1mreimport[22m | settlement.png[39m[0m
[  32% ] [90m[1mreimport[22m | restored.png[39m[0m
[  32% ] [90m[1mreimport[22m | arrest.png[39m[0m
[  32% ] [90m[1mreimport[22m | settlement.png[39m[0m
[  33% ] [90m[1mreimport[22m | restored.png[39m[0m
[  33% ] [90m[1mreimport[22m | arrest.png[39m[0m
[  33% ] [90m[1mreimport[22m | settlement.png[39m[0m
[  33% ] [90m[1mreimport[22m | restored.png[39m[0m
[  33% ] [90m[1mreimport[22m | arrest.png[39m[0m
[  33% ] [90m[1mreimport[22m | released.png[39m[0m
[  33% ] [90m[1mreimport[22m | event-04-reset-request.png[39m[0m
[  33% ] [90m[1mreimport[22m | event-03-busted.png[39m[0m
[  33% ] [90m[1mreimport[22m | drive-away.png[39m[0m
[  33% ] [90m[1mreimport[22m | return-bay.png[39m[0m
[  33% ] [90m[1mreimport[22m | drive-away.png[39m[0m
[  33% ] [90m[1mreimport[22m | return-bay.png[39m[0m
[  33% ] [90m[1mreimport[22m | drive-away.png[39m[0m
[  33% ] [90m[1mreimport[22m | return-bay.png[39m[0m
[  33% ] [90m[1mreimport[22m | released.png[39m[0m
[  33% ] [90m[1mreimport[22m | first-drive-away.png[39m[0m
[  33% ] [90m[1mreimport[22m | drive-away.png[39m[0m
[  33% ] [90m[1mreimport[22m | return-bay.png[39m[0m
[  34% ] [90m[1mreimport[22m | released.png[39m[0m
[  34% ] [90m[1mreimport[22m | first-drive-away.png[39m[0m
[  34% ] [90m[1mreimport[22m | drive-away.png[39m[0m
[  34% ] [90m[1mreimport[22m | natural-before.jpg[39m[0m
[  34% ] [90m[1mreimport[22m | natural-after.jpg[39m[0m
[  34% ] [90m[1mreimport[22m | hud-portrait.jpg[39m[0m
[  34% ] [90m[1mreimport[22m | hud-landscape.jpg[39m[0m
[  34% ] [90m[1mreimport[22m | 844x390-collapsed-true.png[39m[0m
[  34% ] [90m[1mreimport[22m | 844x390-collapsed-false.png[39m[0m
[  34% ] [90m[1mreimport[22m | 390x844-collapsed-true.png[39m[0m
[  34% ] [90m[1mreimport[22m | 390x844-collapsed-false.png[39m[0m
[  34% ] [90m[1mreimport[22m | 844x390-collapsed-true.png[39m[0m
[  34% ] [90m[1mreimport[22m | 844x390-collapsed-false.png[39m[0m
[  34% ] [90m[1mreimport[22m | 390x844-collapsed-true.png[39m[0m
[  34% ] [90m[1mreimport[22m | 390x844-collapsed-false.png[39m[0m
[  34% ] [90m[1mreimport[22m | portrait-to_dropoff-expanded.png[39m[0m
[  34% ] [90m[1mreimport[22m | portrait-to_dropoff-collapsed.png[39m[0m
[  34% ] [90m[1mreimport[22m | portrait-menu-tracking.png[39m[0m
[  35% ] [90m[1mreimport[22m | portrait-menu-success.png[39m[0m
[  35% ] [90m[1mreimport[22m | portrait-menu-failure.png[39m[0m
[  35% ] [90m[1mreimport[22m | landscape-owner-gas-opens-map.png[39m[0m
[  35% ] [90m[1mreimport[22m | landscape-menu-tracking.png[39m[0m
[  35% ] [90m[1mreimport[22m | landscape-menu-success.png[39m[0m
[  35% ] [90m[1mreimport[22m | landscape-menu-failure.png[39m[0m
[  35% ] [90m[1mreimport[22m | landscape-menu-available.png[39m[0m
[  35% ] [90m[1mreimport[22m | landscape-idle-expanded.png[39m[0m
[  35% ] [90m[1mreimport[22m | landscape-idle-collapsed.png[39m[0m
[  35% ] [90m[1mreimport[22m | settlement.png[39m[0m
[  35% ] [90m[1mreimport[22m | restored.png[39m[0m
[  35% ] [90m[1mreimport[22m | arrest.png[39m[0m
[  35% ] [90m[1mreimport[22m | settlement.png[39m[0m
[  35% ] [90m[1mreimport[22m | restored.png[39m[0m
[  35% ] [90m[1mreimport[22m | arrest.png[39m[0m
[  35% ] [90m[1mreimport[22m | parallel-capture-notice.png[39m[0m
[  35% ] [90m[1mreimport[22m | portrait.png[39m[0m
[  35% ] [90m[1mreimport[22m | landscape.png[39m[0m
[  35% ] [90m[1mreimport[22m | portrait.png[39m[0m
[  36% ] [90m[1mreimport[22m | landscape.png[39m[0m
[  36% ] [90m[1mreimport[22m | traffic-under.png[39m[0m
[  36% ] [90m[1mreimport[22m | traffic-approach.png[39m[0m
[  36% ] [90m[1mreimport[22m | cop-overlap.png[39m[0m
[  36% ] [90m[1mreimport[22m | cop-approach.png[39m[0m
[  36% ] [90m[1mreimport[22m | settlement.png[39m[0m
[  36% ] [90m[1mreimport[22m | restored.png[39m[0m
[  36% ] [90m[1mreimport[22m | arrest.png[39m[0m
[  36% ] [90m[1mreimport[22m | settlement.png[39m[0m
[  36% ] [90m[1mreimport[22m | restored.png[39m[0m
[  36% ] [90m[1mreimport[22m | arrest.png[39m[0m
[  36% ] [90m[1mreimport[22m | portrait-to_dropoff-expanded.png[39m[0m
[  36% ] [90m[1mreimport[22m | portrait-to_dropoff-collapsed.png[39m[0m
[  36% ] [90m[1mreimport[22m | portrait-idle-expanded.png[39m[0m
[  36% ] [90m[1mreimport[22m | portrait-idle-collapsed.png[39m[0m
[  36% ] [90m[1mreimport[22m | landscape-to_dropoff-expanded.png[39m[0m
[  36% ] [90m[1mreimport[22m | landscape-to_dropoff-collapsed.png[39m[0m
[  36% ] [90m[1mreimport[22m | landscape-owner-gas-opens-map.png[39m[0m
[  37% ] [90m[1mreimport[22m | landscape-idle-expanded.png[39m[0m
[  37% ] [90m[1mreimport[22m | landscape-idle-collapsed.png[39m[0m
[  37% ] [90m[1mreimport[22m | portrait-hit_pedestrian.png[39m[0m
[  37% ] [90m[1mreimport[22m | landscape-hit_pedestrian.png[39m[0m
[  37% ] [90m[1mreimport[22m | 844x390-collapsed-true.png[39m[0m
[  37% ] [90m[1mreimport[22m | 844x390-collapsed-false.png[39m[0m
[  37% ] [90m[1mreimport[22m | 390x844-collapsed-true.png[39m[0m
[  37% ] [90m[1mreimport[22m | 390x844-collapsed-false.png[39m[0m
[  37% ] [90m[1mreimport[22m | 844x390-collapsed-true.png[39m[0m
[  37% ] [90m[1mreimport[22m | 844x390-collapsed-false.png[39m[0m
[  37% ] [90m[1mreimport[22m | 390x844-collapsed-true.png[39m[0m
[  37% ] [90m[1mreimport[22m | 390x844-collapsed-false.png[39m[0m
[  37% ] [90m[1mreimport[22m | portrait-to_dropoff-expanded.png[39m[0m
[  37% ] [90m[1mreimport[22m | portrait-to_dropoff-collapsed.png[39m[0m
[  37% ] [90m[1mreimport[22m | portrait-menu-tracking.png[39m[0m
[  37% ] [90m[1mreimport[22m | portrait-menu-success.png[39m[0m
[  37% ] [90m[1mreimport[22m | portrait-menu-failure.png[39m[0m
[  37% ] [90m[1mreimport[22m | portrait-menu-available.png[39m[0m
[  38% ] [90m[1mreimport[22m | portrait-idle-expanded.png[39m[0m
[  38% ] [90m[1mreimport[22m | portrait-idle-collapsed.png[39m[0m
[  38% ] [90m[1mreimport[22m | landscape-to_dropoff-expanded.png[39m[0m
[  38% ] [90m[1mreimport[22m | landscape-to_dropoff-collapsed.png[39m[0m
[  38% ] [90m[1mreimport[22m | 390x844-map.png[39m[0m
[  38% ] [90m[1mreimport[22m | 390x844-arrest.png[39m[0m
[  38% ] [90m[1mreimport[22m | 1920x1080-tow-quote.png[39m[0m
[  38% ] [90m[1mreimport[22m | 1920x1080-tow-paid.png[39m[0m
[  38% ] [90m[1mreimport[22m | 1920x1080-salvage-quote.png[39m[0m
[  38% ] [90m[1mreimport[22m | 1920x1080-salvage-paid.png[39m[0m
[  38% ] [90m[1mreimport[22m | 1920x1080-fill-quote.png[39m[0m
[  38% ] [90m[1mreimport[22m | 1920x1080-fill-paid.png[39m[0m
[  38% ] [90m[1mreimport[22m | 1280x720-tow-quote.png[39m[0m
[  38% ] [90m[1mreimport[22m | 1280x720-tow-paid.png[39m[0m
[  38% ] [90m[1mreimport[22m | 1280x720-salvage-quote.png[39m[0m
[  38% ] [90m[1mreimport[22m | 1280x720-salvage-paid.png[39m[0m
[  38% ] [90m[1mreimport[22m | 1280x720-fill-quote.png[39m[0m
[  38% ] [90m[1mreimport[22m | 1280x720-fill-paid.png[39m[0m
[  38% ] [90m[1mreimport[22m | 844x390-tow-quote.png[39m[0m
[  39% ] [90m[1mreimport[22m | 844x390-tow-paid.png[39m[0m
[  39% ] [90m[1mreimport[22m | 844x390-salvage-quote.png[39m[0m
[  39% ] [90m[1mreimport[22m | 844x390-salvage-paid.png[39m[0m
[  39% ] [90m[1mreimport[22m | 844x390-fill-quote.png[39m[0m
[  39% ] [90m[1mreimport[22m | 844x390-fill-paid.png[39m[0m
[  39% ] [90m[1mreimport[22m | 390x844-tow-quote.png[39m[0m
[  39% ] [90m[1mreimport[22m | 390x844-tow-paid.png[39m[0m
[  39% ] [90m[1mreimport[22m | 390x844-salvage-quote.png[39m[0m
[  39% ] [90m[1mreimport[22m | 390x844-salvage-paid.png[39m[0m
[  39% ] [90m[1mreimport[22m | 390x844-fill-quote.png[39m[0m
[  39% ] [90m[1mreimport[22m | 390x844-fill-paid.png[39m[0m
[  39% ] [90m[1mreimport[22m | 1920x1080-tow-quote.png[39m[0m
[  39% ] [90m[1mreimport[22m | 1920x1080-tow-paid.png[39m[0m
[  39% ] [90m[1mreimport[22m | 390x844-menu.png[39m[0m
[  39% ] [90m[1mreimport[22m | 390x844-map.png[39m[0m
[  39% ] [90m[1mreimport[22m | 390x844-arrest.png[39m[0m
[  39% ] [90m[1mreimport[22m | 1920x1080-settlement.png[39m[0m
[  39% ] [90m[1mreimport[22m | 1920x1080-released.png[39m[0m
[  40% ] [90m[1mreimport[22m | 1920x1080-payment.png[39m[0m
[  40% ] [90m[1mreimport[22m | 1920x1080-pause.png[39m[0m
[  40% ] [90m[1mreimport[22m | 1920x1080-menu.png[39m[0m
[  40% ] [90m[1mreimport[22m | 1920x1080-map.png[39m[0m
[  40% ] [90m[1mreimport[22m | 1920x1080-arrest.png[39m[0m
[  40% ] [90m[1mreimport[22m | 1280x720-settlement.png[39m[0m
[  40% ] [90m[1mreimport[22m | 1280x720-released.png[39m[0m
[  40% ] [90m[1mreimport[22m | 1280x720-payment.png[39m[0m
[  40% ] [90m[1mreimport[22m | 1280x720-pause.png[39m[0m
[  40% ] [90m[1mreimport[22m | 1280x720-menu.png[39m[0m
[  40% ] [90m[1mreimport[22m | 1280x720-map.png[39m[0m
[  40% ] [90m[1mreimport[22m | 1280x720-arrest.png[39m[0m
[  40% ] [90m[1mreimport[22m | 844x390-settlement.png[39m[0m
[  40% ] [90m[1mreimport[22m | 844x390-released.png[39m[0m
[  40% ] [90m[1mreimport[22m | 844x390-payment.png[39m[0m
[  40% ] [90m[1mreimport[22m | 844x390-pause.png[39m[0m
[  40% ] [90m[1mreimport[22m | 844x390-menu.png[39m[0m
[  40% ] [90m[1mreimport[22m | 844x390-map.png[39m[0m
[  41% ] [90m[1mreimport[22m | 844x390-arrest.png[39m[0m
[  41% ] [90m[1mreimport[22m | 390x844-settlement.png[39m[0m
[  41% ] [90m[1mreimport[22m | 390x844-released.png[39m[0m
[  41% ] [90m[1mreimport[22m | 390x844-payment.png[39m[0m
[  41% ] [90m[1mreimport[22m | 390x844-pause.png[39m[0m
[  41% ] [90m[1mreimport[22m | 390x844-menu.png[39m[0m
[  41% ] [90m[1mreimport[22m | 1280x720-tow-paid.png[39m[0m
[  41% ] [90m[1mreimport[22m | 1280x720-salvage-quote.png[39m[0m
[  41% ] [90m[1mreimport[22m | 1280x720-salvage-paid.png[39m[0m
[  41% ] [90m[1mreimport[22m | 1280x720-fill-quote.png[39m[0m
[  41% ] [90m[1mreimport[22m | 1280x720-fill-paid.png[39m[0m
[  41% ] [90m[1mreimport[22m | 844x390-tow-quote.png[39m[0m
[  41% ] [90m[1mreimport[22m | 844x390-tow-paid.png[39m[0m
[  41% ] [90m[1mreimport[22m | 844x390-salvage-quote.png[39m[0m
[  41% ] [90m[1mreimport[22m | 844x390-salvage-paid.png[39m[0m
[  41% ] [90m[1mreimport[22m | 844x390-fill-quote.png[39m[0m
[  41% ] [90m[1mreimport[22m | 844x390-fill-paid.png[39m[0m
[  41% ] [90m[1mreimport[22m | 390x844-tow-quote.png[39m[0m
[  41% ] [90m[1mreimport[22m | 390x844-tow-paid.png[39m[0m
[  42% ] [90m[1mreimport[22m | 390x844-salvage-quote.png[39m[0m
[  42% ] [90m[1mreimport[22m | 390x844-salvage-paid.png[39m[0m
[  42% ] [90m[1mreimport[22m | 390x844-fill-quote.png[39m[0m
[  42% ] [90m[1mreimport[22m | 390x844-fill-paid.png[39m[0m
[  42% ] [90m[1mreimport[22m | 1920x1080-tow-quote.png[39m[0m
[  42% ] [90m[1mreimport[22m | 1920x1080-tow-paid.png[39m[0m
[  42% ] [90m[1mreimport[22m | 1920x1080-salvage-quote.png[39m[0m
[  42% ] [90m[1mreimport[22m | 1920x1080-salvage-paid.png[39m[0m
[  42% ] [90m[1mreimport[22m | 1920x1080-fill-quote.png[39m[0m
[  42% ] [90m[1mreimport[22m | 1920x1080-fill-paid.png[39m[0m
[  42% ] [90m[1mreimport[22m | 1280x720-tow-quote.png[39m[0m
[  42% ] [90m[1mreimport[22m | 1280x720-tow-paid.png[39m[0m
[  42% ] [90m[1mreimport[22m | 1280x720-salvage-quote.png[39m[0m
[  42% ] [90m[1mreimport[22m | 1280x720-salvage-paid.png[39m[0m
[  42% ] [90m[1mreimport[22m | 1280x720-fill-quote.png[39m[0m
[  42% ] [90m[1mreimport[22m | 1920x1080-salvage-quote.png[39m[0m
[  42% ] [90m[1mreimport[22m | 1920x1080-salvage-paid.png[39m[0m
[  42% ] [90m[1mreimport[22m | 1920x1080-fill-quote.png[39m[0m
[  43% ] [90m[1mreimport[22m | 1920x1080-fill-paid.png[39m[0m
[  43% ] [90m[1mreimport[22m | 1280x720-tow-quote.png[39m[0m
[  43% ] [90m[1mreimport[22m | 1280x720-tow-paid.png[39m[0m
[  43% ] [90m[1mreimport[22m | 1280x720-salvage-quote.png[39m[0m
[  43% ] [90m[1mreimport[22m | 1280x720-salvage-paid.png[39m[0m
[  43% ] [90m[1mreimport[22m | 1280x720-fill-quote.png[39m[0m
[  43% ] [90m[1mreimport[22m | 1280x720-fill-paid.png[39m[0m
[  43% ] [90m[1mreimport[22m | 844x390-tow-quote.png[39m[0m
[  43% ] [90m[1mreimport[22m | 844x390-tow-paid.png[39m[0m
[  43% ] [90m[1mreimport[22m | 844x390-salvage-quote.png[39m[0m
[  43% ] [90m[1mreimport[22m | 844x390-salvage-paid.png[39m[0m
[  43% ] [90m[1mreimport[22m | 844x390-fill-quote.png[39m[0m
[  43% ] [90m[1mreimport[22m | 844x390-fill-paid.png[39m[0m
[  43% ] [90m[1mreimport[22m | 390x844-tow-quote.png[39m[0m
[  43% ] [90m[1mreimport[22m | 390x844-tow-paid.png[39m[0m
[  43% ] [90m[1mreimport[22m | 390x844-salvage-quote.png[39m[0m
[  43% ] [90m[1mreimport[22m | 390x844-salvage-paid.png[39m[0m
[  43% ] [90m[1mreimport[22m | 390x844-fill-quote.png[39m[0m
[  44% ] [90m[1mreimport[22m | 390x844-fill-paid.png[39m[0m
[  44% ] [90m[1mreimport[22m | 1920x1080-tow-quote.png[39m[0m
[  44% ] [90m[1mreimport[22m | 1920x1080-tow-paid.png[39m[0m
[  44% ] [90m[1mreimport[22m | 1920x1080-salvage-quote.png[39m[0m
[  44% ] [90m[1mreimport[22m | 1920x1080-salvage-paid.png[39m[0m
[  44% ] [90m[1mreimport[22m | 1920x1080-fill-quote.png[39m[0m
[  44% ] [90m[1mreimport[22m | 1920x1080-fill-paid.png[39m[0m
[  44% ] [90m[1mreimport[22m | 1280x720-tow-quote.png[39m[0m
[  44% ] [90m[1mreimport[22m | 390x844-pause.png[39m[0m
[  44% ] [90m[1mreimport[22m | 390x844-menu.png[39m[0m
[  44% ] [90m[1mreimport[22m | 390x844-map.png[39m[0m
[  44% ] [90m[1mreimport[22m | 390x844-arrest.png[39m[0m
[  44% ] [90m[1mreimport[22m | portrait-vehicle-low-range.png[39m[0m
[  44% ] [90m[1mreimport[22m | portrait-tow-quote.png[39m[0m
[  44% ] [90m[1mreimport[22m | portrait-salvage-quote.png[39m[0m
[  44% ] [90m[1mreimport[22m | portrait-run-over.png[39m[0m
[  44% ] [90m[1mreimport[22m | portrait-pedestrian-low-balance.png[39m[0m
[  44% ] [90m[1mreimport[22m | portrait-insufficient-home.png[39m[0m
[  45% ] [90m[1mreimport[22m | portrait-insufficient-fill.png[39m[0m
[  45% ] [90m[1mreimport[22m | portrait-idle.png[39m[0m
[  45% ] [90m[1mreimport[22m | portrait-gig-settled.png[39m[0m
[  45% ] [90m[1mreimport[22m | portrait-gig-pickup.png[39m[0m
[  45% ] [90m[1mreimport[22m | portrait-gig-active.png[39m[0m
[  45% ] [90m[1mreimport[22m | portrait-fill-quote.png[39m[0m
[  45% ] [90m[1mreimport[22m | portrait-cleared.png[39m[0m
[  45% ] [90m[1mreimport[22m | portrait-busted.png[39m[0m
[  45% ] [90m[1mreimport[22m | landscape-vehicle-low-range.png[39m[0m
[  45% ] [90m[1mreimport[22m | landscape-tow-quote.png[39m[0m
[  45% ] [90m[1mreimport[22m | landscape-salvage-quote.png[39m[0m
[  45% ] [90m[1mreimport[22m | landscape-run-over.png[39m[0m
[  45% ] [90m[1mreimport[22m | landscape-pedestrian-low-balance.png[39m[0m
[  45% ] [90m[1mreimport[22m | landscape-insufficient-home.png[39m[0m
[  45% ] [90m[1mreimport[22m | landscape-insufficient-fill.png[39m[0m
[  45% ] [90m[1mreimport[22m | landscape-idle.png[39m[0m
[  45% ] [90m[1mreimport[22m | landscape-gig-settled.png[39m[0m
[  45% ] [90m[1mreimport[22m | landscape-gig-pickup.png[39m[0m
[  45% ] [90m[1mreimport[22m | 390x844-payment.png[39m[0m
[  46% ] [90m[1mreimport[22m | 390x844-pause.png[39m[0m
[  46% ] [90m[1mreimport[22m | 390x844-menu.png[39m[0m
[  46% ] [90m[1mreimport[22m | 390x844-map.png[39m[0m
[  46% ] [90m[1mreimport[22m | 390x844-arrest.png[39m[0m
[  46% ] [90m[1mreimport[22m | 1920x1080-settlement.png[39m[0m
[  46% ] [90m[1mreimport[22m | 1920x1080-released.png[39m[0m
[  46% ] [90m[1mreimport[22m | 1920x1080-payment.png[39m[0m
[  46% ] [90m[1mreimport[22m | 1920x1080-pause.png[39m[0m
[  46% ] [90m[1mreimport[22m | 1920x1080-menu.png[39m[0m
[  46% ] [90m[1mreimport[22m | 1920x1080-map.png[39m[0m
[  46% ] [90m[1mreimport[22m | 1920x1080-arrest.png[39m[0m
[  46% ] [90m[1mreimport[22m | 1280x720-settlement.png[39m[0m
[  46% ] [90m[1mreimport[22m | 1280x720-released.png[39m[0m
[  46% ] [90m[1mreimport[22m | 1280x720-payment.png[39m[0m
[  46% ] [90m[1mreimport[22m | 1280x720-pause.png[39m[0m
[  46% ] [90m[1mreimport[22m | 1280x720-menu.png[39m[0m
[  46% ] [90m[1mreimport[22m | 1280x720-map.png[39m[0m
[  46% ] [90m[1mreimport[22m | 1280x720-arrest.png[39m[0m
[  47% ] [90m[1mreimport[22m | 844x390-settlement.png[39m[0m
[  47% ] [90m[1mreimport[22m | 844x390-released.png[39m[0m
[  47% ] [90m[1mreimport[22m | 844x390-payment.png[39m[0m
[  47% ] [90m[1mreimport[22m | 844x390-pause.png[39m[0m
[  47% ] [90m[1mreimport[22m | 844x390-menu.png[39m[0m
[  47% ] [90m[1mreimport[22m | 844x390-map.png[39m[0m
[  47% ] [90m[1mreimport[22m | 844x390-arrest.png[39m[0m
[  47% ] [90m[1mreimport[22m | 390x844-settlement.png[39m[0m
[  47% ] [90m[1mreimport[22m | 390x844-released.png[39m[0m
[  47% ] [90m[1mreimport[22m | 390x844-payment.png[39m[0m
[  47% ] [90m[1mreimport[22m | landscape-fill-quote.png[39m[0m
[  47% ] [90m[1mreimport[22m | landscape-cleared.png[39m[0m
[  47% ] [90m[1mreimport[22m | landscape-busted.png[39m[0m
[  47% ] [90m[1mreimport[22m | 1920x1080-settlement.png[39m[0m
[  47% ] [90m[1mreimport[22m | 1920x1080-released.png[39m[0m
[  47% ] [90m[1mreimport[22m | 1920x1080-payment.png[39m[0m
[  47% ] [90m[1mreimport[22m | 1920x1080-pause.png[39m[0m
[  47% ] [90m[1mreimport[22m | 1920x1080-menu.png[39m[0m
[  48% ] [90m[1mreimport[22m | 1920x1080-map.png[39m[0m
[  48% ] [90m[1mreimport[22m | 1920x1080-arrest.png[39m[0m
[  48% ] [90m[1mreimport[22m | 1280x720-settlement.png[39m[0m
[  48% ] [90m[1mreimport[22m | 1280x720-released.png[39m[0m
[  48% ] [90m[1mreimport[22m | 1280x720-payment.png[39m[0m
[  48% ] [90m[1mreimport[22m | 1280x720-pause.png[39m[0m
[  48% ] [90m[1mreimport[22m | 1280x720-menu.png[39m[0m
[  48% ] [90m[1mreimport[22m | 1280x720-map.png[39m[0m
[  48% ] [90m[1mreimport[22m | 1280x720-arrest.png[39m[0m
[  48% ] [90m[1mreimport[22m | 844x390-settlement.png[39m[0m
[  48% ] [90m[1mreimport[22m | 844x390-released.png[39m[0m
[  48% ] [90m[1mreimport[22m | 844x390-payment.png[39m[0m
[  48% ] [90m[1mreimport[22m | 844x390-pause.png[39m[0m
[  48% ] [90m[1mreimport[22m | 844x390-menu.png[39m[0m
[  48% ] [90m[1mreimport[22m | 844x390-map.png[39m[0m
[  48% ] [90m[1mreimport[22m | 844x390-arrest.png[39m[0m
[  48% ] [90m[1mreimport[22m | 390x844-settlement.png[39m[0m
[  48% ] [90m[1mreimport[22m | 390x844-released.png[39m[0m
[  48% ] [90m[1mreimport[22m | 390x844-payment.png[39m[0m
[  49% ] [90m[1mreimport[22m | 390x844-pause.png[39m[0m
[  49% ] [90m[1mreimport[22m | landscape-gig-active.png[39m[0m
[  49% ] [90m[1mreimport[22m | landscape-fill-quote.png[39m[0m
[  49% ] [90m[1mreimport[22m | landscape-cleared.png[39m[0m
[  49% ] [90m[1mreimport[22m | landscape-busted.png[39m[0m
[  49% ] [90m[1mreimport[22m | portrait-vehicle-low-range.png[39m[0m
[  49% ] [90m[1mreimport[22m | portrait-tow-quote.png[39m[0m
[  49% ] [90m[1mreimport[22m | portrait-salvage-quote.png[39m[0m
[  49% ] [90m[1mreimport[22m | portrait-run-over.png[39m[0m
[  49% ] [90m[1mreimport[22m | portrait-pedestrian-low-balance.png[39m[0m
[  49% ] [90m[1mreimport[22m | portrait-insufficient-home.png[39m[0m
[  49% ] [90m[1mreimport[22m | portrait-insufficient-fill.png[39m[0m
[  49% ] [90m[1mreimport[22m | portrait-idle.png[39m[0m
[  49% ] [90m[1mreimport[22m | portrait-gig-settled.png[39m[0m
[  49% ] [90m[1mreimport[22m | portrait-gig-pickup.png[39m[0m
[  49% ] [90m[1mreimport[22m | portrait-gig-active.png[39m[0m
[  49% ] [90m[1mreimport[22m | portrait-fill-quote.png[39m[0m
[  49% ] [90m[1mreimport[22m | portrait-cleared.png[39m[0m
[  50% ] [90m[1mreimport[22m | portrait-busted.png[39m[0m
[  50% ] [90m[1mreimport[22m | landscape-vehicle-low-range.png[39m[0m
[  50% ] [90m[1mreimport[22m | landscape-tow-quote.png[39m[0m
[  50% ] [90m[1mreimport[22m | landscape-salvage-quote.png[39m[0m
[  50% ] [90m[1mreimport[22m | landscape-run-over.png[39m[0m
[  50% ] [90m[1mreimport[22m | landscape-pedestrian-low-balance.png[39m[0m
[  50% ] [90m[1mreimport[22m | landscape-insufficient-home.png[39m[0m
[  50% ] [90m[1mreimport[22m | landscape-insufficient-fill.png[39m[0m
[  50% ] [90m[1mreimport[22m | landscape-idle.png[39m[0m
[  50% ] [90m[1mreimport[22m | landscape-gig-settled.png[39m[0m
[  50% ] [90m[1mreimport[22m | landscape-gig-pickup.png[39m[0m
[  50% ] [90m[1mreimport[22m | landscape-gig-active.png[39m[0m
[  50% ] [90m[1mreimport[22m | reference_real_2.jpg[39m[0m
[  50% ] [90m[1mreimport[22m | reference_real_1.jpg[39m[0m
[  50% ] [90m[1mreimport[22m | mock-three-quarter.png[39m[0m
[  50% ] [90m[1mreimport[22m | mock-side.png[39m[0m
[  50% ] [90m[1mreimport[22m | mock-rear.png[39m[0m
[  50% ] [90m[1mreimport[22m | mock-front.png[39m[0m
[  51% ] [90m[1mreimport[22m | td-137-criterion-3-before.png[39m[0m
[  51% ] [90m[1mreimport[22m | td-137-criterion-3-after.png[39m[0m
[  51% ] [90m[1mreimport[22m | td-137-criterion-2-before.png[39m[0m
[  51% ] [90m[1mreimport[22m | td-137-criterion-2-after.png[39m[0m
[  51% ] [90m[1mreimport[22m | td-137-criterion-1-before.png[39m[0m
[  51% ] [90m[1mreimport[22m | td-137-criterion-1-after.png[39m[0m
[  51% ] [90m[1mreimport[22m | triptych-ch2150.png[39m[0m
[  51% ] [90m[1mreimport[22m | triptych-ch1745.png[39m[0m
[  51% ] [90m[1mreimport[22m | triptych-ch1032.png[39m[0m
[  51% ] [90m[1mreimport[22m | triptych-ch493.png[39m[0m
[  51% ] [90m[1mreimport[22m | before-after-ch2150-chase.png[39m[0m
[  51% ] [90m[1mreimport[22m | before-after-ch2150-aerial.png[39m[0m
[  51% ] [90m[1mreimport[22m | before-after-ch1745-chase.png[39m[0m
[  51% ] [90m[1mreimport[22m | before-after-ch1745-aerial.png[39m[0m
[  51% ] [90m[1mreimport[22m | before-after-ch1032-chase.png[39m[0m
[  51% ] [90m[1mreimport[22m | before-after-ch1032-aerial.png[39m[0m
[  51% ] [90m[1mreimport[22m | before-after-ch493-chase.png[39m[0m
[  51% ] [90m[1mreimport[22m | before-after-ch493-aerial.png[39m[0m
[  51% ] [90m[1mreimport[22m | ref-05-night-jct-crash-cushion.jpg[39m[0m
[  52% ] [90m[1mreimport[22m | ref-04-day-overhead-jct-signs.jpg[39m[0m
[  52% ] [90m[1mreimport[22m | ref-03-day-split-gore.jpg[39m[0m
[  52% ] [90m[1mreimport[22m | ref-02-day-aerial-jct.jpg[39m[0m
[  52% ] [90m[1mreimport[22m | td-140-pause-triptych.png[39m[0m
[  52% ] [90m[1mreimport[22m | td-140-pause-before-after.png[39m[0m
[  52% ] [90m[1mreimport[22m | td-140-main-menu-triptych.png[39m[0m
[  52% ] [90m[1mreimport[22m | td-140-main-menu-before-after.png[39m[0m
[  52% ] [90m[1mreimport[22m | td-140-lobby-join-triptych.png[39m[0m
[  52% ] [90m[1mreimport[22m | td-140-lobby-join-before-after.png[39m[0m
[  52% ] [90m[1mreimport[22m | td-140-lobby-host-triptych.png[39m[0m
[  52% ] [90m[1mreimport[22m | td-140-lobby-host-before-after.png[39m[0m
[  52% ] [90m[1mreimport[22m | td-140-loading-triptych.png[39m[0m
[  52% ] [90m[1mreimport[22m | td-140-loading-before-after.png[39m[0m
[  52% ] [90m[1mreimport[22m | td-140-hud-triptych.png[39m[0m
[  52% ] [90m[1mreimport[22m | td-140-hud-before-after.png[39m[0m
[  52% ] [90m[1mreimport[22m | td-139-tree-triptych-final.png[39m[0m
[  52% ] [90m[1mreimport[22m | td-139-tower-triptych-final.png[39m[0m
[  52% ] [90m[1mreimport[22m | td-139-signs-shotengai-final.png[39m[0m
[  53% ] [90m[1mreimport[22m | td-139-signs-downtown-final.png[39m[0m
[  53% ] [90m[1mreimport[22m | td-139-gantry-triptych-final.png[39m[0m
[  53% ] [90m[1mreimport[22m | td-139-gantry-side-clearance.png[39m[0m
[  53% ] [90m[1mreimport[22m | ref-tree-night.jpg[39m[0m
[  53% ] [90m[1mreimport[22m | ref-tokyo-tower-night.jpg[39m[0m
[  53% ] [90m[1mreimport[22m | ref-signs-shotengai.jpg[39m[0m
[  53% ] [90m[1mreimport[22m | ref-signs-downtown.jpg[39m[0m
[  53% ] [90m[1mreimport[22m | ref-gantry.jpg[39m[0m
[  53% ] [90m[1mreimport[22m | mock-tree.png[39m[0m
[  53% ] [90m[1mreimport[22m | mock-tokyo-tower.png[39m[0m
[  53% ] [90m[1mreimport[22m | mock-shotengai_storefront.png[39m[0m
[  53% ] [90m[1mreimport[22m | mock-gantry.png[39m[0m
[  53% ] [90m[1mreimport[22m | mock-downtown_facade.png[39m[0m
[  53% ] [90m[1mreimport[22m | frame-0012.png[39m[0m
[  53% ] [90m[1mreimport[22m | frame-0006.png[39m[0m
[  53% ] [90m[1mreimport[22m | frame-0000.png[39m[0m
[  53% ] [90m[1mreimport[22m | frame-0060.png[39m[0m
[  53% ] [90m[1mreimport[22m | frame-0054.png[39m[0m
[  54% ] [90m[1mreimport[22m | frame-0048.png[39m[0m
[  54% ] [90m[1mreimport[22m | frame-0042.png[39m[0m
[  54% ] [90m[1mreimport[22m | frame-0036.png[39m[0m
[  54% ] [90m[1mreimport[22m | frame-0030.png[39m[0m
[  54% ] [90m[1mreimport[22m | frame-0024.png[39m[0m
[  54% ] [90m[1mreimport[22m | frame-0018.png[39m[0m
[  54% ] [90m[1mreimport[22m | frame-0012.png[39m[0m
[  54% ] [90m[1mreimport[22m | frame-0006.png[39m[0m
[  54% ] [90m[1mreimport[22m | frame-0000.png[39m[0m
[  54% ] [90m[1mreimport[22m | td-134-criterion-2-before.png[39m[0m
[  54% ] [90m[1mreimport[22m | td-134-criterion-2-after.png[39m[0m
[  54% ] [90m[1mreimport[22m | td-134-criterion-1-before.png[39m[0m
[  54% ] [90m[1mreimport[22m | td-134-criterion-1-after.png[39m[0m
[  54% ] [90m[1mreimport[22m | td-133-criterion-4-before.png[39m[0m
[  54% ] [90m[1mreimport[22m | td-133-criterion-4-after.png[39m[0m
[  54% ] [90m[1mreimport[22m | td-133-criterion-2-before.png[39m[0m
[  54% ] [90m[1mreimport[22m | td-133-criterion-2-after.png[39m[0m
[  54% ] [90m[1mreimport[22m | td-133-criterion-1-before.png[39m[0m
[  54% ] [90m[1mreimport[22m | td-133-criterion-1-after.png[39m[0m
[  55% ] [90m[1mreimport[22m | td-132-criterion-1-before.png[39m[0m
[  55% ] [90m[1mreimport[22m | td-132-criterion-1-after.png[39m[0m
[  55% ] [90m[1mreimport[22m | td-127-criterion-1-host-before.png[39m[0m
[  55% ] [90m[1mreimport[22m | td-127-criterion-1-host-after.png[39m[0m
[  55% ] [90m[1mreimport[22m | ref-01-night-exit-gore.jpg[39m[0m
[  55% ] [90m[1mreimport[22m | td137_ch2580.png[39m[0m
[  55% ] [90m[1mreimport[22m | td137_ch2500.png[39m[0m
[  55% ] [90m[1mreimport[22m | td137_ch2150.png[39m[0m
[  55% ] [90m[1mreimport[22m | td137_ch1745.png[39m[0m
[  55% ] [90m[1mreimport[22m | td137_ch1032.png[39m[0m
[  55% ] [90m[1mreimport[22m | td137_ch0700.png[39m[0m
[  55% ] [90m[1mreimport[22m | td137_ch0493.png[39m[0m
[  55% ] [90m[1mreimport[22m | td137_ch2580.png[39m[0m
[  55% ] [90m[1mreimport[22m | td137_ch2500.png[39m[0m
[  55% ] [90m[1mreimport[22m | td137_ch2150.png[39m[0m
[  55% ] [90m[1mreimport[22m | td137_ch1745.png[39m[0m
[  55% ] [90m[1mreimport[22m | td137_ch1032.png[39m[0m
[  55% ] [90m[1mreimport[22m | td137_ch0700.png[39m[0m
[  56% ] [90m[1mreimport[22m | td137_ch0493.png[39m[0m
[  56% ] [90m[1mreimport[22m | td-135-criterion-1-before.png[39m[0m
[  56% ] [90m[1mreimport[22m | td-135-criterion-1-after.png[39m[0m
[  56% ] [90m[1mreimport[22m | phone-stutter-trace-before.png[39m[0m
[  56% ] [90m[1mreimport[22m | phone-stutter-trace-after.png[39m[0m
[  56% ] [90m[1mreimport[22m | before-sequence-contact-sheet.png[39m[0m
[  56% ] [90m[1mreimport[22m | after-sequence-contact-sheet.png[39m[0m
[  56% ] [90m[1mreimport[22m | frame-0060.png[39m[0m
[  56% ] [90m[1mreimport[22m | frame-0054.png[39m[0m
[  56% ] [90m[1mreimport[22m | frame-0048.png[39m[0m
[  56% ] [90m[1mreimport[22m | frame-0042.png[39m[0m
[  56% ] [90m[1mreimport[22m | frame-0036.png[39m[0m
[  56% ] [90m[1mreimport[22m | frame-0030.png[39m[0m
[  56% ] [90m[1mreimport[22m | frame-0024.png[39m[0m
[  56% ] [90m[1mreimport[22m | frame-0018.png[39m[0m
[  56% ] [90m[1mreimport[22m | td-163-chase-pair.png[39m[0m
[  56% ] [90m[1mreimport[22m | mock_pole_transformer.png[39m[0m
[  56% ] [90m[1mreimport[22m | before_wide.png[39m[0m
[  57% ] [90m[1mreimport[22m | before_street.png[39m[0m
[  57% ] [90m[1mreimport[22m | before_chase.png[39m[0m
[  57% ] [90m[1mreimport[22m | after_wide.png[39m[0m
[  57% ] [90m[1mreimport[22m | after_street.png[39m[0m
[  57% ] [90m[1mreimport[22m | after_plate_closeup.png[39m[0m
[  57% ] [90m[1mreimport[22m | after_chase.png[39m[0m
[  57% ] [90m[1mreimport[22m | 2d-mock-pole-kit.png[39m[0m
[  57% ] [90m[1mreimport[22m | td-160-before.png[39m[0m
[  57% ] [90m[1mreimport[22m | td-160-bake-Mat_Wheel.png[39m[0m
[  57% ] [90m[1mreimport[22m | td-160-bake-Mat_Car_Body.png[39m[0m
[  57% ] [90m[1mreimport[22m | td-160-after.png[39m[0m
[  57% ] [90m[1mreimport[22m | td-160-after-flat.png[39m[0m
[  57% ] [90m[1mreimport[22m | td-158-2-chase-before.png[39m[0m
[  57% ] [90m[1mreimport[22m | td-158-2-chase-after.png[39m[0m
[  57% ] [90m[1mreimport[22m | td-158-2-beauty-before.png[39m[0m
[  57% ] [90m[1mreimport[22m | td-158-2-beauty-after.png[39m[0m
[  57% ] [90m[1mreimport[22m | td-157-sidewalk-comparison.png[39m[0m
[  57% ] [90m[1mreimport[22m | td-157-facC-comparison.png[39m[0m
[  58% ] [90m[1mreimport[22m | td-157-facB-comparison.png[39m[0m
[  58% ] [90m[1mreimport[22m | td-157-facA-comparison.png[39m[0m
[  58% ] [90m[1mreimport[22m | td-157-asphalt-comparison.png[39m[0m
[  58% ] [90m[1mreimport[22m | td-156-camb-before.png[39m[0m
[  58% ] [90m[1mreimport[22m | td-156-camb-after.png[39m[0m
[  58% ] [90m[1mreimport[22m | td-156-cama-outline.png[39m[0m
[  58% ] [90m[1mreimport[22m | td-156-cama-before.png[39m[0m
[  58% ] [90m[1mreimport[22m | td-168-sento-wide-before.png[39m[0m
[  58% ] [90m[1mreimport[22m | td-168-sento-wide-after.png[39m[0m
[  58% ] [90m[1mreimport[22m | td-168-sento-noren-closeup.png[39m[0m
[  58% ] [90m[1mreimport[22m | td-168-sento-front-before.png[39m[0m
[  58% ] [90m[1mreimport[22m | td-168-sento-front-after.png[39m[0m
[  58% ] [90m[1mreimport[22m | td-168-sento-chimney-closeup.png[39m[0m
[  58% ] [90m[1mreimport[22m | td-168-koban-concrete-before.png[39m[0m
[  58% ] [90m[1mreimport[22m | td-168-koban-concrete-after.png[39m[0m
[  58% ] [90m[1mreimport[22m | td-168-koban-brick-before.png[39m[0m
[  58% ] [90m[1mreimport[22m | td-168-koban-brick-after.png[39m[0m
[  58% ] [90m[1mreimport[22m | td-168-jizo-shed-before.png[39m[0m
[  58% ] [90m[1mreimport[22m | td-168-jizo-shed-after.png[39m[0m
[  59% ] [90m[1mreimport[22m | td-168-jizo-hokora-before.png[39m[0m
[  59% ] [90m[1mreimport[22m | td-168-jizo-hokora-after.png[39m[0m
[  59% ] [90m[1mreimport[22m | triptych_booth.png[39m[0m
[  59% ] [90m[1mreimport[22m | triptych_bank.png[39m[0m
[  59% ] [90m[1mreimport[22m | td-165-wide-after.png[39m[0m
[  59% ] [90m[1mreimport[22m | td-165-booth-before.png[39m[0m
[  59% ] [90m[1mreimport[22m | td-165-booth-after.png[39m[0m
[  59% ] [90m[1mreimport[22m | td-165-bank-before.png[39m[0m
[  59% ] [90m[1mreimport[22m | td-165-bank-after.png[39m[0m
[  59% ] [90m[1mreimport[22m | mock_2d.png[39m[0m
[  59% ] [90m[1mreimport[22m | triptych_signage.png[39m[0m
[  59% ] [90m[1mreimport[22m | before_after_commercial-chase.png[39m[0m
[  59% ] [90m[1mreimport[22m | before_after_commercial-b.png[39m[0m
[  59% ] [90m[1mreimport[22m | before_after_commercial-a.png[39m[0m
[  59% ] [90m[1mreimport[22m | td-163-wide-pair.png[39m[0m
[  59% ] [90m[1mreimport[22m | td-163-triptych.png[39m[0m
[  59% ] [90m[1mreimport[22m | td-163-street-pair.png[39m[0m
[  59% ] [90m[1mreimport[22m | mock-diagram.png[39m[0m
[  60% ] [90m[1mreimport[22m | td-152-headon-before-after.png[39m[0m
[  60% ] [90m[1mreimport[22m | warmup-coverage.png[39m[0m
[  60% ] [90m[1mreimport[22m | td-150-criterion-1-before.png[39m[0m
[  60% ] [90m[1mreimport[22m | td-150-criterion-1-after.png[39m[0m
[  60% ] [90m[1mreimport[22m | loading-art-v1.png[39m[0m
[  60% ] [90m[1mreimport[22m | td-149-wheel-spin-t2.png[39m[0m
[  60% ] [90m[1mreimport[22m | td-149-criterion-3-before.png[39m[0m
[  60% ] [90m[1mreimport[22m | td-149-criterion-3-after.png[39m[0m
[  60% ] [90m[1mreimport[22m | td-149-criterion-2-before.png[39m[0m
[  60% ] [90m[1mreimport[22m | td-149-criterion-2-after.png[39m[0m
[  60% ] [90m[1mreimport[22m | td-149-criterion-1-before.png[39m[0m
[  60% ] [90m[1mreimport[22m | td-149-criterion-1-after.png[39m[0m
[  60% ] [90m[1mreimport[22m | td-147-footprint.svg[39m[0m
[  60% ] [90m[1mreimport[22m | triptych-wagon.png[39m[0m
[  60% ] [90m[1mreimport[22m | triptych-van.png[39m[0m
[  60% ] [90m[1mreimport[22m | triptych-suv.png[39m[0m
[  60% ] [90m[1mreimport[22m | triptych-sedan.png[39m[0m
[  60% ] [90m[1mreimport[22m | triptych-pickup.png[39m[0m
[  61% ] [90m[1mreimport[22m | triptych-minivan.png[39m[0m
[  61% ] [90m[1mreimport[22m | triptych-luxury.png[39m[0m
[  61% ] [90m[1mreimport[22m | triptych-keicar.png[39m[0m
[  61% ] [90m[1mreimport[22m | triptych-hatchback.png[39m[0m
[  61% ] [90m[1mreimport[22m | triptych-coupe.png[39m[0m
[  61% ] [90m[1mreimport[22m | triptych-bus.png[39m[0m
[  61% ] [90m[1mreimport[22m | triptych-boxtruck.png[39m[0m
[  61% ] [90m[1mreimport[22m | td-140-results-triptych.png[39m[0m
[  61% ] [90m[1mreimport[22m | td-140-results-before-after.png[39m[0m
[  61% ] [90m[1mreimport[22m | td-156-cama-after.png[39m[0m
[  61% ] [90m[1mreimport[22m | wagon-before.png[39m[0m
[  61% ] [90m[1mreimport[22m | wagon-after.png[39m[0m
[  61% ] [90m[1mreimport[22m | van-before.png[39m[0m
[  61% ] [90m[1mreimport[22m | van-after.png[39m[0m
[  61% ] [90m[1mreimport[22m | suv-before.png[39m[0m
[  61% ] [90m[1mreimport[22m | suv-after.png[39m[0m
[  61% ] [90m[1mreimport[22m | sedan-before.png[39m[0m
[  61% ] [90m[1mreimport[22m | sedan-after.png[39m[0m
[  61% ] [90m[1mreimport[22m | pickup-before.png[39m[0m
[  62% ] [90m[1mreimport[22m | pickup-after.png[39m[0m
[  62% ] [90m[1mreimport[22m | minivan-before.png[39m[0m
[  62% ] [90m[1mreimport[22m | minivan-after.png[39m[0m
[  62% ] [90m[1mreimport[22m | luxury-before.png[39m[0m
[  62% ] [90m[1mreimport[22m | luxury-after.png[39m[0m
[  62% ] [90m[1mreimport[22m | keicar-before.png[39m[0m
[  62% ] [90m[1mreimport[22m | keicar-after.png[39m[0m
[  62% ] [90m[1mreimport[22m | hatchback-before.png[39m[0m
[  62% ] [90m[1mreimport[22m | hatchback-after.png[39m[0m
[  62% ] [90m[1mreimport[22m | coupe-before.png[39m[0m
[  62% ] [90m[1mreimport[22m | coupe-after.png[39m[0m
[  62% ] [90m[1mreimport[22m | bus-before.png[39m[0m
[  62% ] [90m[1mreimport[22m | bus-after.png[39m[0m
[  62% ] [90m[1mreimport[22m | boxtruck-before.png[39m[0m
[  62% ] [90m[1mreimport[22m | boxtruck-after.png[39m[0m
[  62% ] [90m[1mreimport[22m | triptych-c4-darkfront.png[39m[0m
[  62% ] [90m[1mreimport[22m | triptych-c3-rear34.png[39m[0m
[  62% ] [90m[1mreimport[22m | triptych-c2-side.png[39m[0m
[  63% ] [90m[1mreimport[22m | triptych-c1-front34.png[39m[0m
[  63% ] [90m[1mreimport[22m | triptych-cherry-tree.png[39m[0m
[  63% ] [90m[1mreimport[22m | td-101-street-trees-2-before.png[39m[0m
[  63% ] [90m[1mreimport[22m | td-101-street-trees-2-after.png[39m[0m
[  63% ] [90m[1mreimport[22m | td-101-street-trees-1-before.png[39m[0m
[  63% ] [90m[1mreimport[22m | td-101-street-trees-1-after.png[39m[0m
[  63% ] [90m[1mreimport[22m | td-101-street-tree-zelkova-preview.png[39m[0m
[  63% ] [90m[1mreimport[22m | td-101-street-tree-plane-preview.png[39m[0m
[  63% ] [90m[1mreimport[22m | td-101-street-tree-ginkgo-preview.png[39m[0m
[  63% ] [90m[1mreimport[22m | render-shrub-v6.png[39m[0m
[  63% ] [90m[1mreimport[22m | render-cherry-tree-v3.png[39m[0m
[  63% ] [90m[1mreimport[22m | td-098-create-popup-before.jpg[39m[0m
[  63% ] [90m[1mreimport[22m | td-098-create-no-popup-after.png[39m[0m
[  63% ] [90m[1mreimport[22m | guest-start-line.png[39m[0m
[  63% ] [90m[1mreimport[22m | guest-start-line.png[39m[0m
[  63% ] [90m[1mreimport[22m | td-091-criterion-1-before.png[39m[0m
[  63% ] [90m[1mreimport[22m | td-091-criterion-1-after.png[39m[0m
[  63% ] [90m[1mreimport[22m | trailer-client-2-of-2.png[39m[0m
[  64% ] [90m[1mreimport[22m | leader-client-1-of-2.png[39m[0m
[  64% ] [90m[1mreimport[22m | td-089-criterion-1-lobby.png[39m[0m
[  64% ] [90m[1mreimport[22m | td-089-criterion-1-before.png[39m[0m
[  64% ] [90m[1mreimport[22m | td-089-criterion-1-after.png[39m[0m
[  64% ] [90m[1mreimport[22m | td-087-criterion-2-before.png[39m[0m
[  64% ] [90m[1mreimport[22m | td-087-criterion-1-before.png[39m[0m
[  64% ] [90m[1mreimport[22m | td-085-criterion-2-before.png[39m[0m
[  64% ] [90m[1mreimport[22m | td-085-criterion-2-after.png[39m[0m
[  64% ] [90m[1mreimport[22m | td-085-criterion-1-before.png[39m[0m
[  64% ] [90m[1mreimport[22m | td-085-criterion-1-after.png[39m[0m
[  64% ] [90m[1mreimport[22m | live-deeplink-web.png[39m[0m
[  64% ] [90m[1mreimport[22m | td-109-criterion-2-rear-after-clay.png[39m[0m
[  64% ] [90m[1mreimport[22m | td-109-criterion-2-front-three-quarter-before.png[39m[0m
[  64% ] [90m[1mreimport[22m | td-109-criterion-2-front-three-quarter-before-clay.png[39m[0m
[  64% ] [90m[1mreimport[22m | td-109-criterion-2-front-three-quarter-after.png[39m[0m
[  64% ] [90m[1mreimport[22m | td-109-criterion-2-front-three-quarter-after-clay.png[39m[0m
[  64% ] [90m[1mreimport[22m | td-109-criterion-2-front-before.png[39m[0m
[  64% ] [90m[1mreimport[22m | td-109-criterion-2-front-before-clay.png[39m[0m
[  64% ] [90m[1mreimport[22m | td-109-criterion-2-front-after.png[39m[0m
[  65% ] [90m[1mreimport[22m | td-109-criterion-2-front-after-clay.png[39m[0m
[  65% ] [90m[1mreimport[22m | td-109-criterion-2-chase-before.png[39m[0m
[  65% ] [90m[1mreimport[22m | td-109-criterion-2-chase-before-clay.png[39m[0m
[  65% ] [90m[1mreimport[22m | td-109-criterion-2-chase-after.png[39m[0m
[  65% ] [90m[1mreimport[22m | td-109-criterion-2-chase-after-clay.png[39m[0m
[  65% ] [90m[1mreimport[22m | comparison-material.png[39m[0m
[  65% ] [90m[1mreimport[22m | comparison-clay.png[39m[0m
[  65% ] [90m[1mreimport[22m | rejected-comparison-material.png[39m[0m
[  65% ] [90m[1mreimport[22m | after-rear-three-quarter.png[39m[0m
[  65% ] [90m[1mreimport[22m | after-chase.png[39m[0m
[  65% ] [90m[1mreimport[22m | td-103-criterion-4-before.png[39m[0m
[  65% ] [90m[1mreimport[22m | td-103-criterion-4-after.png[39m[0m
[  65% ] [90m[1mreimport[22m | td-103-criterion-3-before.png[39m[0m
[  65% ] [90m[1mreimport[22m | td-103-criterion-3-after.png[39m[0m
[  65% ] [90m[1mreimport[22m | td-103-criterion-2-before.png[39m[0m
[  65% ] [90m[1mreimport[22m | td-103-criterion-2-after.png[39m[0m
[  65% ] [90m[1mreimport[22m | td-103-criterion-1-before.png[39m[0m
[  65% ] [90m[1mreimport[22m | td-103-criterion-1-after.png[39m[0m
[  66% ] [90m[1mreimport[22m | game-fleet-after.png[39m[0m
[  66% ] [90m[1mreimport[22m | contact-sheet.png[39m[0m
[  66% ] [90m[1mreimport[22m | triptych-shrub-planter.png[39m[0m
[  66% ] [90m[1mreimport[22m | td-023-criterion-1-before.png[39m[0m
[  66% ] [90m[1mreimport[22m | td-023-criterion-1-after.png[39m[0m
[  66% ] [90m[1mreimport[22m | td-022-criterion-2-before.png[39m[0m
[  66% ] [90m[1mreimport[22m | td-022-criterion-2-after.png[39m[0m
[  66% ] [90m[1mreimport[22m | td-022-criterion-1-before.png[39m[0m
[  66% ] [90m[1mreimport[22m | td-022-criterion-1-after.png[39m[0m
[  66% ] [90m[1mreimport[22m | td-022-barrier-ch2150-aerial.png[39m[0m
[  66% ] [90m[1mreimport[22m | td-022-barrier-ch1745-aerial.png[39m[0m
[  66% ] [90m[1mreimport[22m | td-022-barrier-ch1032-aerial.png[39m[0m
[  66% ] [90m[1mreimport[22m | td-042-criterion-1-before.png[39m[0m
[  66% ] [90m[1mreimport[22m | td-042-criterion-1-after.png[39m[0m
[  66% ] [90m[1mreimport[22m | td-038-criterion-1-before.png[39m[0m
[  66% ] [90m[1mreimport[22m | td-038-criterion-1-after.png[39m[0m
[  66% ] [90m[1mreimport[22m | before_pov_2230m.png[39m[0m
[  66% ] [90m[1mreimport[22m | before_pov_1790m.png[39m[0m
[  67% ] [90m[1mreimport[22m | before_pov_1150m.png[39m[0m
[  67% ] [90m[1mreimport[22m | before_pov_0600m.png[39m[0m
[  67% ] [90m[1mreimport[22m | before_aerial_1500m.png[39m[0m
[  67% ] [90m[1mreimport[22m | after_pov_2230m.png[39m[0m
[  67% ] [90m[1mreimport[22m | after_pov_1790m.png[39m[0m
[  67% ] [90m[1mreimport[22m | after_pov_1150m.png[39m[0m
[  67% ] [90m[1mreimport[22m | after_pov_0600m.png[39m[0m
[  67% ] [90m[1mreimport[22m | after_aerial_1500m.png[39m[0m
[  67% ] [90m[1mreimport[22m | td-094-criterion-1-before.png[39m[0m
[  67% ] [90m[1mreimport[22m | td-094-criterion-1-after.png[39m[0m
[  67% ] [90m[1mreimport[22m | input-overlay-giant-join.jpg[39m[0m
[  67% ] [90m[1mreimport[22m | input-overlay-giant-host.jpg[39m[0m
[  67% ] [90m[1mreimport[22m | guest-frozen-start-line.jpg[39m[0m
[  67% ] [90m[1mreimport[22m | td-084-criterion-4-before.png[39m[0m
[  67% ] [90m[1mreimport[22m | td-084-criterion-4-after.png[39m[0m
[  67% ] [90m[1mreimport[22m | td-084-criterion-1-before.png[39m[0m
[  67% ] [90m[1mreimport[22m | td-084-criterion-1-after.png[39m[0m
[  67% ] [90m[1mreimport[22m | 23050_35_elhb.jpg[39m[0m
[  67% ] [90m[1mreimport[22m | 23052_36_g1lh.jpg[39m[0m
[  68% ] [90m[1mreimport[22m | td-078-criterion-2-before.png[39m[0m
[  68% ] [90m[1mreimport[22m | td-078-criterion-2-after.png[39m[0m
[  68% ] [90m[1mreimport[22m | td-078-criterion-1-before.png[39m[0m
[  68% ] [90m[1mreimport[22m | td-078-criterion-1-after.png[39m[0m
[  68% ] [90m[1mreimport[22m | no-traffic-on-road.png[39m[0m
[  68% ] [90m[1mreimport[22m | traffic-on-road.png[39m[0m
[  68% ] [90m[1mreimport[22m | td-076-criterion-2-before.png[39m[0m
[  68% ] [90m[1mreimport[22m | td-076-criterion-2-after.png[39m[0m
[  68% ] [90m[1mreimport[22m | td-076-criterion-1-before.png[39m[0m
[  68% ] [90m[1mreimport[22m | td-076-criterion-1-after.png[39m[0m
[  68% ] [90m[1mreimport[22m | td-049-criterion-1-side.png[39m[0m
[  68% ] [90m[1mreimport[22m | td-049-criterion-1-front.png[39m[0m
[  68% ] [90m[1mreimport[22m | td-049-criterion-1-before.png[39m[0m
[  68% ] [90m[1mreimport[22m | td-049-criterion-1-after.png[39m[0m
[  68% ] [90m[1mreimport[22m | td-029-app-boot-5-staged-build-near-end.png[39m[0m
[  68% ] [90m[1mreimport[22m | td-029-app-boot-4-staged-build-start.png[39m[0m
[  68% ] [90m[1mreimport[22m | td-029-app-boot-3-download-complete.png[39m[0m
[  68% ] [90m[1mreimport[22m | td-029-app-boot-2-downloading-mid.png[39m[0m
[  69% ] [90m[1mreimport[22m | td-029-app-boot-1-downloading.png[39m[0m
[  69% ] [90m[1mreimport[22m | td-023-reference-finish-gantry.jpg[39m[0m
[  69% ] [90m[1mreimport[22m | td-023-mock-finish-gantry.png[39m[0m
[  69% ] [90m[1mreimport[22m | td-023-gantry-preview.png[39m[0m
[  69% ] [90m[1mreimport[22m | td-023-finish-gantry-triptych.png[39m[0m
[  69% ] [90m[1mreimport[22m | tokyo_tower-aaa-compare.png[39m[0m
[  69% ] [90m[1mreimport[22m | street_tree-aaa-compare.png[39m[0m
[  69% ] [90m[1mreimport[22m | street_lamp-aaa-compare.png[39m[0m
[  69% ] [90m[1mreimport[22m | signal_gantry-aaa-compare.png[39m[0m
[  69% ] [90m[1mreimport[22m | shotengai_storefront-aaa-compare.png[39m[0m
[  69% ] [90m[1mreimport[22m | scramble_crossing-aaa-compare.png[39m[0m
[  69% ] [90m[1mreimport[22m | port_crane-aaa-compare.png[39m[0m
[  69% ] [90m[1mreimport[22m | downtown_facade-aaa-compare.png[39m[0m
[  69% ] [90m[1mreimport[22m | bridge_suspension-aaa-compare.png[39m[0m
[  69% ] [90m[1mreimport[22m | local-route-contact-sheet.jpg[39m[0m
[  69% ] [90m[1mreimport[22m | after-top.png[39m[0m
[  69% ] [90m[1mreimport[22m | after-side.png[39m[0m
[  69% ] [90m[1mreimport[22m | after-rear.png[39m[0m
[  70% ] [90m[1mreimport[22m | after-rear-three-quarter.png[39m[0m
[  70% ] [90m[1mreimport[22m | after-front.png[39m[0m
[  70% ] [90m[1mreimport[22m | after-front-three-quarter.png[39m[0m
[  70% ] [90m[1mreimport[22m | after-chase.png[39m[0m
[  70% ] [90m[1mreimport[22m | after-top-clay.png[39m[0m
[  70% ] [90m[1mreimport[22m | after-side-clay.png[39m[0m
[  70% ] [90m[1mreimport[22m | after-rear-three-quarter-clay.png[39m[0m
[  70% ] [90m[1mreimport[22m | after-rear-clay.png[39m[0m
[  70% ] [90m[1mreimport[22m | after-front-three-quarter-clay.png[39m[0m
[  70% ] [90m[1mreimport[22m | after-front-clay.png[39m[0m
[  70% ] [90m[1mreimport[22m | after-chase-clay.png[39m[0m
[  70% ] [90m[1mreimport[22m | td-111-triptych-f3q-iter2.png[39m[0m
[  70% ] [90m[1mreimport[22m | td-111-mock-3q.png[39m[0m
[  70% ] [90m[1mreimport[22m | td-111-c2-before-top.png[39m[0m
[  70% ] [90m[1mreimport[22m | td-111-c2-before-side.png[39m[0m
[  70% ] [90m[1mreimport[22m | td-127-criterion-1-guest-before.png[39m[0m
[  70% ] [90m[1mreimport[22m | td-127-criterion-1-guest-after.png[39m[0m
[  70% ] [90m[1mreimport[22m | td-126-reverify-4-gaveup-results.png[39m[0m
[  70% ] [90m[1mreimport[22m | td-126-reverify-3-recovered.png[39m[0m
[  71% ] [90m[1mreimport[22m | td-126-reverify-2-connection-lost.png[39m[0m
[  71% ] [90m[1mreimport[22m | td-126-reverify-1-healthy.png[39m[0m
[  71% ] [90m[1mreimport[22m | td-126-criterion-3-before.png[39m[0m
[  71% ] [90m[1mreimport[22m | td-126-criterion-3-after.png[39m[0m
[  71% ] [90m[1mreimport[22m | td-126-criterion-1-before.png[39m[0m
[  71% ] [90m[1mreimport[22m | td-126-criterion-1-after.png[39m[0m
[  71% ] [90m[1mreimport[22m | td-119-p3-tokyo_tower-preview.png[39m[0m
[  71% ] [90m[1mreimport[22m | td-119-p3-street_tree-preview.png[39m[0m
[  71% ] [90m[1mreimport[22m | td-119-p3-street_lamp-preview.png[39m[0m
[  71% ] [90m[1mreimport[22m | td-119-p3-signal_gantry-preview.png[39m[0m
[  71% ] [90m[1mreimport[22m | td-119-p3-shotengai_storefront-preview.png[39m[0m
[  71% ] [90m[1mreimport[22m | td-119-p3-scramble_crossing-preview.png[39m[0m
[  71% ] [90m[1mreimport[22m | td-119-p3-port_crane-preview.png[39m[0m
[  71% ] [90m[1mreimport[22m | td-119-p3-downtown_facade-preview.png[39m[0m
[  71% ] [90m[1mreimport[22m | td-119-p3-bridge_suspension-preview.png[39m[0m
[  71% ] [90m[1mreimport[22m | td-119-mock-04-waterfront.jpg[39m[0m
[  71% ] [90m[1mreimport[22m | td-119-mock-03-downtown.jpg[39m[0m
[  71% ] [90m[1mreimport[22m | td-119-mock-02-shotengai.jpg[39m[0m
[  72% ] [90m[1mreimport[22m | td-119-mock-01-bridge-approach.jpg[39m[0m
[  72% ] [90m[1mreimport[22m | td-119-criterion-3-before.png[39m[0m
[  72% ] [90m[1mreimport[22m | td-119-criterion-3-after.png[39m[0m
[  72% ] [90m[1mreimport[22m | td-119-criterion-2-before.png[39m[0m
[  72% ] [90m[1mreimport[22m | td-119-criterion-2-after.png[39m[0m
[  72% ] [90m[1mreimport[22m | td-119-blueprint.svg[39m[0m
[  72% ] [90m[1mreimport[22m | td-119-blueprint.jpg[39m[0m
[  72% ] [90m[1mreimport[22m | td-110-criterion-2-rear-three-quarter-after.png[39m[0m
[  72% ] [90m[1mreimport[22m | td-110-criterion-2-rear-three-quarter-after-clay.png[39m[0m
[  72% ] [90m[1mreimport[22m | td-110-criterion-2-rear-before.png[39m[0m
[  72% ] [90m[1mreimport[22m | td-110-criterion-2-rear-after.png[39m[0m
[  72% ] [90m[1mreimport[22m | td-110-criterion-2-rear-after-clay.png[39m[0m
[  72% ] [90m[1mreimport[22m | td-110-criterion-2-front-three-quarter-before.png[39m[0m
[  72% ] [90m[1mreimport[22m | td-110-criterion-2-front-three-quarter-after.png[39m[0m
[  72% ] [90m[1mreimport[22m | td-110-criterion-2-front-three-quarter-after-clay.png[39m[0m
[  72% ] [90m[1mreimport[22m | td-110-criterion-2-front-before.png[39m[0m
[  72% ] [90m[1mreimport[22m | td-110-criterion-2-front-after.png[39m[0m
[  72% ] [90m[1mreimport[22m | td-110-criterion-2-front-after-clay.png[39m[0m
[  73% ] [90m[1mreimport[22m | td-110-criterion-2-chase-before.png[39m[0m
[  73% ] [90m[1mreimport[22m | td-110-criterion-2-chase-after.png[39m[0m
[  73% ] [90m[1mreimport[22m | td-110-criterion-2-chase-after-clay.png[39m[0m
[  73% ] [90m[1mreimport[22m | after-side.png[39m[0m
[  73% ] [90m[1mreimport[22m | td-109-criterion-3-runtime-before.png[39m[0m
[  73% ] [90m[1mreimport[22m | td-109-criterion-3-runtime-after.png[39m[0m
[  73% ] [90m[1mreimport[22m | td-109-criterion-2-side-before.png[39m[0m
[  73% ] [90m[1mreimport[22m | td-109-criterion-2-side-before-clay.png[39m[0m
[  73% ] [90m[1mreimport[22m | td-109-criterion-2-side-after.png[39m[0m
[  73% ] [90m[1mreimport[22m | td-109-criterion-2-side-after-clay.png[39m[0m
[  73% ] [90m[1mreimport[22m | td-109-criterion-2-rear-three-quarter-before.png[39m[0m
[  73% ] [90m[1mreimport[22m | td-109-criterion-2-rear-three-quarter-before-clay.png[39m[0m
[  73% ] [90m[1mreimport[22m | td-109-criterion-2-rear-three-quarter-after.png[39m[0m
[  73% ] [90m[1mreimport[22m | td-109-criterion-2-rear-three-quarter-after-clay.png[39m[0m
[  73% ] [90m[1mreimport[22m | td-109-criterion-2-rear-before.png[39m[0m
[  73% ] [90m[1mreimport[22m | td-109-criterion-2-rear-before-clay.png[39m[0m
[  73% ] [90m[1mreimport[22m | td-109-criterion-2-rear-after.png[39m[0m
[  73% ] [90m[1mreimport[22m | td-111-c2-before-rear.png[39m[0m
[  74% ] [90m[1mreimport[22m | td-111-c2-before-rear-three-quarter.png[39m[0m
[  74% ] [90m[1mreimport[22m | td-111-c2-before-front.png[39m[0m
[  74% ] [90m[1mreimport[22m | td-111-c2-before-front-three-quarter.png[39m[0m
[  74% ] [90m[1mreimport[22m | td-111-c2-before-chase.png[39m[0m
[  74% ] [90m[1mreimport[22m | td-111-c2-after-top.png[39m[0m
[  74% ] [90m[1mreimport[22m | td-111-c2-after-top-clay.png[39m[0m
[  74% ] [90m[1mreimport[22m | td-111-c2-after-side.png[39m[0m
[  74% ] [90m[1mreimport[22m | td-111-c2-after-side-clay.png[39m[0m
[  74% ] [90m[1mreimport[22m | td-111-c2-after-rear.png[39m[0m
[  74% ] [90m[1mreimport[22m | td-111-c2-after-rear-three-quarter.png[39m[0m
[  74% ] [90m[1mreimport[22m | td-111-c2-after-rear-three-quarter-clay.png[39m[0m
[  74% ] [90m[1mreimport[22m | td-111-c2-after-rear-clay.png[39m[0m
[  74% ] [90m[1mreimport[22m | td-111-c2-after-front.png[39m[0m
[  74% ] [90m[1mreimport[22m | td-111-c2-after-front-three-quarter.png[39m[0m
[  74% ] [90m[1mreimport[22m | td-111-c2-after-front-three-quarter-clay.png[39m[0m
[  74% ] [90m[1mreimport[22m | td-111-c2-after-front-clay.png[39m[0m
[  74% ] [90m[1mreimport[22m | td-111-c2-after-chase.png[39m[0m
[  74% ] [90m[1mreimport[22m | td-111-c2-after-chase-clay.png[39m[0m
[  74% ] [90m[1mreimport[22m | godot-after-side.png[39m[0m
[  75% ] [90m[1mreimport[22m | godot-after-rear-three-quarter.png[39m[0m
[  75% ] [90m[1mreimport[22m | godot-after-front-three-quarter.png[39m[0m
[  75% ] [90m[1mreimport[22m | td-111-triptych-f3q-iter1.png[39m[0m
[  75% ] [90m[1mreimport[22m | triptych-side.png[39m[0m
[  75% ] [90m[1mreimport[22m | triptych-front34.png[39m[0m
[  75% ] [90m[1mreimport[22m | td-110-criterion-2-side-before.png[39m[0m
[  75% ] [90m[1mreimport[22m | td-110-criterion-2-side-after.png[39m[0m
[  75% ] [90m[1mreimport[22m | td-110-criterion-2-side-after-clay.png[39m[0m
[  75% ] [90m[1mreimport[22m | td-110-criterion-2-rear-three-quarter-before.png[39m[0m
[  75% ] [90m[1mreimport[22m | tab-cancel.png[39m[0m
[  75% ] [90m[1mreimport[22m | quote.png[39m[0m
[  75% ] [90m[1mreimport[22m | portrait-safe.png[39m[0m
[  75% ] [90m[1mreimport[22m | landscape-safe.png[39m[0m
[  75% ] [90m[1mreimport[22m | escape.png[39m[0m
[  75% ] [90m[1mreimport[22m | portrait-take_next-no-fuel.png[39m[0m
[  75% ] [90m[1mreimport[22m | portrait-take_next-fuel.png[39m[0m
[  75% ] [90m[1mreimport[22m | portrait-retry-no-fuel.png[39m[0m
[  75% ] [90m[1mreimport[22m | portrait-retry-fuel.png[39m[0m
[  76% ] [90m[1mreimport[22m | portrait-offer-no-fuel.png[39m[0m
[  76% ] [90m[1mreimport[22m | portrait-offer-fuel.png[39m[0m
[  76% ] [90m[1mreimport[22m | portrait-mini-expanded-wanted.png[39m[0m
[  76% ] [90m[1mreimport[22m | portrait-mini-collapsed-cleared.png[39m[0m
[  76% ] [90m[1mreimport[22m | portrait-load-no-fuel.png[39m[0m
[  76% ] [90m[1mreimport[22m | portrait-load-fuel.png[39m[0m
[  76% ] [90m[1mreimport[22m | portrait-health-100.png[39m[0m
[  76% ] [90m[1mreimport[22m | portrait-health-45.png[39m[0m
[  76% ] [90m[1mreimport[22m | portrait-health-10.png[39m[0m
[  76% ] [90m[1mreimport[22m | portrait-fuel-quote.png[39m[0m
[  76% ] [90m[1mreimport[22m | portrait-dispatch-no-fuel.png[39m[0m
[  76% ] [90m[1mreimport[22m | portrait-dispatch-fuel.png[39m[0m
[  76% ] [90m[1mreimport[22m | portrait-arrest.png[39m[0m
[  76% ] [90m[1mreimport[22m | portrait-arrest-released.png[39m[0m
[  76% ] [90m[1mreimport[22m | landscape-take_next-no-fuel.png[39m[0m
[  76% ] [90m[1mreimport[22m | landscape-take_next-fuel.png[39m[0m
[  76% ] [90m[1mreimport[22m | landscape-retry-no-fuel.png[39m[0m
[  76% ] [90m[1mreimport[22m | landscape-retry-fuel.png[39m[0m
[  77% ] [90m[1mreimport[22m | landscape-offer-no-fuel.png[39m[0m
[  77% ] [90m[1mreimport[22m | portrait-load-no-fuel.png[39m[0m
[  77% ] [90m[1mreimport[22m | portrait-load-fuel.png[39m[0m
[  77% ] [90m[1mreimport[22m | portrait-health-100.png[39m[0m
[  77% ] [90m[1mreimport[22m | portrait-health-45.png[39m[0m
[  77% ] [90m[1mreimport[22m | portrait-health-10.png[39m[0m
[  77% ] [90m[1mreimport[22m | portrait-fuel-quote.png[39m[0m
[  77% ] [90m[1mreimport[22m | portrait-dispatch-no-fuel.png[39m[0m
[  77% ] [90m[1mreimport[22m | portrait-dispatch-fuel.png[39m[0m
[  77% ] [90m[1mreimport[22m | portrait-arrest.png[39m[0m
[  77% ] [90m[1mreimport[22m | portrait-arrest-released.png[39m[0m
[  77% ] [90m[1mreimport[22m | landscape-take_next-no-fuel.png[39m[0m
[  77% ] [90m[1mreimport[22m | landscape-take_next-fuel.png[39m[0m
[  77% ] [90m[1mreimport[22m | landscape-retry-no-fuel.png[39m[0m
[  77% ] [90m[1mreimport[22m | landscape-retry-fuel.png[39m[0m
[  77% ] [90m[1mreimport[22m | landscape-offer-no-fuel.png[39m[0m
[  77% ] [90m[1mreimport[22m | landscape-offer-fuel.png[39m[0m
[  77% ] [90m[1mreimport[22m | landscape-mini-expanded-wanted.png[39m[0m
[  77% ] [90m[1mreimport[22m | landscape-mini-collapsed-cleared.png[39m[0m
[  78% ] [90m[1mreimport[22m | landscape-load-no-fuel.png[39m[0m
[  78% ] [90m[1mreimport[22m | landscape-load-fuel.png[39m[0m
[  78% ] [90m[1mreimport[22m | landscape-health-100.png[39m[0m
[  78% ] [90m[1mreimport[22m | landscape-health-45.png[39m[0m
[  78% ] [90m[1mreimport[22m | landscape-health-10.png[39m[0m
[  78% ] [90m[1mreimport[22m | landscape-fuel-quote.png[39m[0m
[  78% ] [90m[1mreimport[22m | landscape-dispatch-no-fuel.png[39m[0m
[  78% ] [90m[1mreimport[22m | landscape-dispatch-fuel.png[39m[0m
[  78% ] [90m[1mreimport[22m | landscape-arrest.png[39m[0m
[  78% ] [90m[1mreimport[22m | landscape-arrest-released.png[39m[0m
[  78% ] [90m[1mreimport[22m | tab-quote.png[39m[0m
[  78% ] [90m[1mreimport[22m | landscape-load-no-fuel.png[39m[0m
[  78% ] [90m[1mreimport[22m | landscape-load-fuel.png[39m[0m
[  78% ] [90m[1mreimport[22m | landscape-dispatch-no-fuel.png[39m[0m
[  78% ] [90m[1mreimport[22m | landscape-dispatch-fuel.png[39m[0m
[  78% ] [90m[1mreimport[22m | portrait-range.png[39m[0m
[  78% ] [90m[1mreimport[22m | portrait-confirm.png[39m[0m
[  78% ] [90m[1mreimport[22m | landscape-second-paid.png[39m[0m
[  79% ] [90m[1mreimport[22m | landscape-reloaded.png[39m[0m
[  79% ] [90m[1mreimport[22m | landscape-paid.png[39m[0m
[  79% ] [90m[1mreimport[22m | landscape-gig-detail.png[39m[0m
[  79% ] [90m[1mreimport[22m | landscape-confirm.png[39m[0m
[  79% ] [90m[1mreimport[22m | portrait-take_next-no-fuel.png[39m[0m
[  79% ] [90m[1mreimport[22m | portrait-take_next-fuel.png[39m[0m
[  79% ] [90m[1mreimport[22m | portrait-retry-no-fuel.png[39m[0m
[  79% ] [90m[1mreimport[22m | portrait-retry-fuel.png[39m[0m
[  79% ] [90m[1mreimport[22m | portrait-offer-no-fuel.png[39m[0m
[  79% ] [90m[1mreimport[22m | portrait-offer-fuel.png[39m[0m
[  79% ] [90m[1mreimport[22m | portrait-mini-expanded-wanted.png[39m[0m
[  79% ] [90m[1mreimport[22m | portrait-mini-collapsed-cleared.png[39m[0m
[  79% ] [90m[1mreimport[22m | portrait-load-no-fuel.png[39m[0m
[  79% ] [90m[1mreimport[22m | portrait-load-fuel.png[39m[0m
[  79% ] [90m[1mreimport[22m | portrait-health-100.png[39m[0m
[  79% ] [90m[1mreimport[22m | portrait-health-45.png[39m[0m
[  79% ] [90m[1mreimport[22m | portrait-health-10.png[39m[0m
[  79% ] [90m[1mreimport[22m | portrait-fuel-quote.png[39m[0m
[  80% ] [90m[1mreimport[22m | portrait-dispatch-no-fuel.png[39m[0m
[  80% ] [90m[1mreimport[22m | portrait-dispatch-fuel.png[39m[0m
[  80% ] [90m[1mreimport[22m | portrait-arrest.png[39m[0m
[  80% ] [90m[1mreimport[22m | landscape-offer-fuel.png[39m[0m
[  80% ] [90m[1mreimport[22m | landscape-mini-expanded-wanted.png[39m[0m
[  80% ] [90m[1mreimport[22m | landscape-mini-collapsed-cleared.png[39m[0m
[  80% ] [90m[1mreimport[22m | landscape-load-no-fuel.png[39m[0m
[  80% ] [90m[1mreimport[22m | landscape-load-fuel.png[39m[0m
[  80% ] [90m[1mreimport[22m | landscape-health-100.png[39m[0m
[  80% ] [90m[1mreimport[22m | landscape-health-45.png[39m[0m
[  80% ] [90m[1mreimport[22m | landscape-health-10.png[39m[0m
[  80% ] [90m[1mreimport[22m | landscape-fuel-quote.png[39m[0m
[  80% ] [90m[1mreimport[22m | landscape-dispatch-no-fuel.png[39m[0m
[  80% ] [90m[1mreimport[22m | landscape-dispatch-fuel.png[39m[0m
[  80% ] [90m[1mreimport[22m | landscape-arrest.png[39m[0m
[  80% ] [90m[1mreimport[22m | landscape-arrest-released.png[39m[0m
[  80% ] [90m[1mreimport[22m | portrait-take_next-no-fuel.png[39m[0m
[  80% ] [90m[1mreimport[22m | portrait-take_next-fuel.png[39m[0m
[  80% ] [90m[1mreimport[22m | portrait-retry-no-fuel.png[39m[0m
[  81% ] [90m[1mreimport[22m | portrait-retry-fuel.png[39m[0m
[  81% ] [90m[1mreimport[22m | portrait-offer-no-fuel.png[39m[0m
[  81% ] [90m[1mreimport[22m | portrait-offer-fuel.png[39m[0m
[  81% ] [90m[1mreimport[22m | portrait-load-no-fuel.png[39m[0m
[  81% ] [90m[1mreimport[22m | portrait-load-fuel.png[39m[0m
[  81% ] [90m[1mreimport[22m | portrait-dispatch-no-fuel.png[39m[0m
[  81% ] [90m[1mreimport[22m | portrait-dispatch-fuel.png[39m[0m
[  81% ] [90m[1mreimport[22m | landscape-take_next-no-fuel.png[39m[0m
[  81% ] [90m[1mreimport[22m | landscape-take_next-fuel.png[39m[0m
[  81% ] [90m[1mreimport[22m | landscape-retry-no-fuel.png[39m[0m
[  81% ] [90m[1mreimport[22m | landscape-retry-fuel.png[39m[0m
[  81% ] [90m[1mreimport[22m | landscape-offer-no-fuel.png[39m[0m
[  81% ] [90m[1mreimport[22m | landscape-offer-fuel.png[39m[0m
[  81% ] [90m[1mreimport[22m | landscape-salvage-quote.png[39m[0m
[  81% ] [90m[1mreimport[22m | landscape-run-over.png[39m[0m
[  81% ] [90m[1mreimport[22m | landscape-pedestrian-low-balance.png[39m[0m
[  81% ] [90m[1mreimport[22m | landscape-insufficient-home.png[39m[0m
[  81% ] [90m[1mreimport[22m | landscape-insufficient-fill.png[39m[0m
[  82% ] [90m[1mreimport[22m | landscape-idle.png[39m[0m
[  82% ] [90m[1mreimport[22m | landscape-gig-settled.png[39m[0m
[  82% ] [90m[1mreimport[22m | landscape-gig-pickup.png[39m[0m
[  82% ] [90m[1mreimport[22m | landscape-gig-active.png[39m[0m
[  82% ] [90m[1mreimport[22m | landscape-fill-quote.png[39m[0m
[  82% ] [90m[1mreimport[22m | landscape-cleared.png[39m[0m
[  82% ] [90m[1mreimport[22m | landscape-busted.png[39m[0m
[  82% ] [90m[1mreimport[22m | tab-quote.png[39m[0m
[  82% ] [90m[1mreimport[22m | tab-cancel.png[39m[0m
[  82% ] [90m[1mreimport[22m | quote.png[39m[0m
[  82% ] [90m[1mreimport[22m | portrait-safe.png[39m[0m
[  82% ] [90m[1mreimport[22m | landscape-safe.png[39m[0m
[  82% ] [90m[1mreimport[22m | escape.png[39m[0m
[  82% ] [90m[1mreimport[22m | tab-quote.png[39m[0m
[  82% ] [90m[1mreimport[22m | tab-cancel.png[39m[0m
[  82% ] [90m[1mreimport[22m | quote.png[39m[0m
[  82% ] [90m[1mreimport[22m | escape.png[39m[0m
[  82% ] [90m[1mreimport[22m | portrait-range.png[39m[0m
[  83% ] [90m[1mreimport[22m | portrait-confirm.png[39m[0m
[  83% ] [90m[1mreimport[22m | landscape-second-paid.png[39m[0m
[  83% ] [90m[1mreimport[22m | landscape-reloaded.png[39m[0m
[  83% ] [90m[1mreimport[22m | landscape-paid.png[39m[0m
[  83% ] [90m[1mreimport[22m | landscape-confirm.png[39m[0m
[  83% ] [90m[1mreimport[22m | landscape-tow-quote.png[39m[0m
[  83% ] [90m[1mreimport[22m | landscape-salvage-quote.png[39m[0m
[  83% ] [90m[1mreimport[22m | landscape-run-over.png[39m[0m
[  83% ] [90m[1mreimport[22m | landscape-pedestrian-low-balance.png[39m[0m
[  83% ] [90m[1mreimport[22m | landscape-insufficient-home.png[39m[0m
[  83% ] [90m[1mreimport[22m | landscape-insufficient-fill.png[39m[0m
[  83% ] [90m[1mreimport[22m | landscape-idle.png[39m[0m
[  83% ] [90m[1mreimport[22m | landscape-gig-settled.png[39m[0m
[  83% ] [90m[1mreimport[22m | landscape-gig-pickup.png[39m[0m
[  83% ] [90m[1mreimport[22m | landscape-gig-active.png[39m[0m
[  83% ] [90m[1mreimport[22m | landscape-fill-quote.png[39m[0m
[  83% ] [90m[1mreimport[22m | landscape-cleared.png[39m[0m
[  83% ] [90m[1mreimport[22m | landscape-busted.png[39m[0m
[  83% ] [90m[1mreimport[22m | portrait-vehicle-low-range.png[39m[0m
[  84% ] [90m[1mreimport[22m | portrait-tow-quote.png[39m[0m
[  84% ] [90m[1mreimport[22m | portrait-salvage-quote.png[39m[0m
[  84% ] [90m[1mreimport[22m | portrait-run-over.png[39m[0m
[  84% ] [90m[1mreimport[22m | portrait-pedestrian-low-balance.png[39m[0m
[  84% ] [90m[1mreimport[22m | portrait-insufficient-home.png[39m[0m
[  84% ] [90m[1mreimport[22m | portrait-insufficient-fill.png[39m[0m
[  84% ] [90m[1mreimport[22m | portrait-idle.png[39m[0m
[  84% ] [90m[1mreimport[22m | portrait-gig-settled.png[39m[0m
[  84% ] [90m[1mreimport[22m | portrait-gig-pickup.png[39m[0m
[  84% ] [90m[1mreimport[22m | portrait-gig-active.png[39m[0m
[  84% ] [90m[1mreimport[22m | portrait-fill-quote.png[39m[0m
[  84% ] [90m[1mreimport[22m | portrait-cleared.png[39m[0m
[  84% ] [90m[1mreimport[22m | portrait-busted.png[39m[0m
[  84% ] [90m[1mreimport[22m | landscape-vehicle-low-range.png[39m[0m
[  84% ] [90m[1mreimport[22m | landscape-tow-quote.png[39m[0m
[  84% ] [90m[1mreimport[22m | portrait-dispatch-no-fuel.png[39m[0m
[  84% ] [90m[1mreimport[22m | portrait-dispatch-fuel.png[39m[0m
[  84% ] [90m[1mreimport[22m | landscape-take_next-no-fuel.png[39m[0m
[  85% ] [90m[1mreimport[22m | landscape-take_next-fuel.png[39m[0m
[  85% ] [90m[1mreimport[22m | landscape-retry-no-fuel.png[39m[0m
[  85% ] [90m[1mreimport[22m | landscape-retry-fuel.png[39m[0m
[  85% ] [90m[1mreimport[22m | landscape-offer-no-fuel.png[39m[0m
[  85% ] [90m[1mreimport[22m | landscape-offer-fuel.png[39m[0m
[  85% ] [90m[1mreimport[22m | landscape-mini-expanded-wanted.png[39m[0m
[  85% ] [90m[1mreimport[22m | landscape-mini-collapsed-cleared.png[39m[0m
[  85% ] [90m[1mreimport[22m | landscape-load-no-fuel.png[39m[0m
[  85% ] [90m[1mreimport[22m | landscape-load-fuel.png[39m[0m
[  85% ] [90m[1mreimport[22m | landscape-health-100.png[39m[0m
[  85% ] [90m[1mreimport[22m | landscape-health-45.png[39m[0m
[  85% ] [90m[1mreimport[22m | landscape-health-10.png[39m[0m
[  85% ] [90m[1mreimport[22m | landscape-fuel-quote.png[39m[0m
[  85% ] [90m[1mreimport[22m | landscape-dispatch-no-fuel.png[39m[0m
[  85% ] [90m[1mreimport[22m | landscape-dispatch-fuel.png[39m[0m
[  85% ] [90m[1mreimport[22m | landscape-arrest.png[39m[0m
[  85% ] [90m[1mreimport[22m | landscape-arrest-released.png[39m[0m
[  85% ] [90m[1mreimport[22m | portrait-take_next-no-fuel.png[39m[0m
[  86% ] [90m[1mreimport[22m | portrait-take_next-fuel.png[39m[0m
[  86% ] [90m[1mreimport[22m | portrait-retry-no-fuel.png[39m[0m
[  86% ] [90m[1mreimport[22m | portrait-retry-fuel.png[39m[0m
[  86% ] [90m[1mreimport[22m | portrait-offer-no-fuel.png[39m[0m
[  86% ] [90m[1mreimport[22m | portrait-offer-fuel.png[39m[0m
[  86% ] [90m[1mreimport[22m | portrait-mini-expanded-wanted.png[39m[0m
[  86% ] [90m[1mreimport[22m | portrait-mini-collapsed-cleared.png[39m[0m
[  86% ] [90m[1mreimport[22m | tab-quote.png[39m[0m
[  86% ] [90m[1mreimport[22m | tab-cancel.png[39m[0m
[  86% ] [90m[1mreimport[22m | quote.png[39m[0m
[  86% ] [90m[1mreimport[22m | escape.png[39m[0m
[  86% ] [90m[1mreimport[22m | tab-quote.png[39m[0m
[  86% ] [90m[1mreimport[22m | tab-cancel.png[39m[0m
[  86% ] [90m[1mreimport[22m | quote.png[39m[0m
[  86% ] [90m[1mreimport[22m | portrait-safe.png[39m[0m
[  86% ] [90m[1mreimport[22m | landscape-safe.png[39m[0m
[  86% ] [90m[1mreimport[22m | escape.png[39m[0m
[  86% ] [90m[1mreimport[22m | wreck-salvage-confirm.png[39m[0m
[  87% ] [90m[1mreimport[22m | wreck-game-over.png[39m[0m
[  87% ] [90m[1mreimport[22m | portrait-paid.png[39m[0m
[  87% ] [90m[1mreimport[22m | portrait-low-range.png[39m[0m
[  87% ] [90m[1mreimport[22m | portrait-confirm.png[39m[0m
[  87% ] [90m[1mreimport[22m | landscape-paid.png[39m[0m
[  87% ] [90m[1mreimport[22m | landscape-low-range.png[39m[0m
[  87% ] [90m[1mreimport[22m | landscape-confirm.png[39m[0m
[  87% ] [90m[1mreimport[22m | fuel-game-over.png[39m[0m
[  87% ] [90m[1mreimport[22m | empty-tow-confirm.png[39m[0m
[  87% ] [90m[1mreimport[22m | quay_west-wide.png[39m[0m
[  87% ] [90m[1mreimport[22m | quay_west-approach.png[39m[0m
[  87% ] [90m[1mreimport[22m | quay_east-wide.png[39m[0m
[  87% ] [90m[1mreimport[22m | quay_east-approach.png[39m[0m
[  87% ] [90m[1mreimport[22m | portrait-take_next-no-fuel.png[39m[0m
[  87% ] [90m[1mreimport[22m | portrait-retry-no-fuel.png[39m[0m
[  87% ] [90m[1mreimport[22m | portrait-retry-fuel.png[39m[0m
[  87% ] [90m[1mreimport[22m | portrait-offer-no-fuel.png[39m[0m
[  87% ] [90m[1mreimport[22m | portrait-offer-fuel.png[39m[0m
[  87% ] [90m[1mreimport[22m | td-194-density-t90.png[39m[0m
[  88% ] [90m[1mreimport[22m | td-194-density-t30.png[39m[0m
[  88% ] [90m[1mreimport[22m | td-194-c1-popin-before.png[39m[0m
[  88% ] [90m[1mreimport[22m | td-194-c1-popin-after.png[39m[0m
[  88% ] [90m[1mreimport[22m | td190-05-decay.png[39m[0m
[  88% ] [90m[1mreimport[22m | td190-04-busted.png[39m[0m
[  88% ] [90m[1mreimport[22m | td190-03-pursuit.png[39m[0m
[  88% ] [90m[1mreimport[22m | td190-02-wanted1.png[39m[0m
[  88% ] [90m[1mreimport[22m | td190-01-establishing.png[39m[0m
[  88% ] [90m[1mreimport[22m | td189-brake-stopped.png[39m[0m
[  88% ] [90m[1mreimport[22m | td189-brake-braking.png[39m[0m
[  88% ] [90m[1mreimport[22m | td189-brake-approach.png[39m[0m
[  88% ] [90m[1mreimport[22m | car-truck-side.png[39m[0m
[  88% ] [90m[1mreimport[22m | car-truck-rear34.png[39m[0m
[  88% ] [90m[1mreimport[22m | car-truck-front34.png[39m[0m
[  88% ] [90m[1mreimport[22m | car-taxi-side.png[39m[0m
[  88% ] [90m[1mreimport[22m | car-taxi-rear34.png[39m[0m
[  88% ] [90m[1mreimport[22m | car-taxi-front34.png[39m[0m
[  88% ] [90m[1mreimport[22m | car-sedan-side.png[39m[0m
[  89% ] [90m[1mreimport[22m | car-sedan-rear34.png[39m[0m
[  89% ] [90m[1mreimport[22m | car-sedan-front34.png[39m[0m
[  89% ] [90m[1mreimport[22m | car-lineup.png[39m[0m
[  89% ] [90m[1mreimport[22m | td-188-walkers.png[39m[0m
[  89% ] [90m[1mreimport[22m | td-188-hit.png[39m[0m
[  89% ] [90m[1mreimport[22m | td-188-hit-zoom.png[39m[0m
[  89% ] [90m[1mreimport[22m | td-188-approach.png[39m[0m
[  89% ] [90m[1mreimport[22m | td-178-sparks.png[39m[0m
[  89% ] [90m[1mreimport[22m | td-178-settled.png[39m[0m
[  89% ] [90m[1mreimport[22m | td-204-2-critical.png[39m[0m
[  89% ] [90m[1mreimport[22m | td-204-1-ok.png[39m[0m
[  89% ] [90m[1mreimport[22m | td-203-7-expand-opens-largemap-after.png[39m[0m
[  89% ] [90m[1mreimport[22m | td-203-6-largemap-player-before.png[39m[0m
[  89% ] [90m[1mreimport[22m | td-203-6-largemap-player-after.png[39m[0m
[  89% ] [90m[1mreimport[22m | td-203-5-target-dropoff-after.png[39m[0m
[  89% ] [90m[1mreimport[22m | td-203-4-target-pickup-before.png[39m[0m
[  89% ] [90m[1mreimport[22m | td-203-4-target-pickup-after.png[39m[0m
[  89% ] [90m[1mreimport[22m | td-203-3-compass-north-before.png[39m[0m
[  90% ] [90m[1mreimport[22m | td-203-3-compass-north-after.png[39m[0m
[  90% ] [90m[1mreimport[22m | td-203-2-minimap-collapsed-after.png[39m[0m
[  90% ] [90m[1mreimport[22m | td-203-1-driving-minimap-before.png[39m[0m
[  90% ] [90m[1mreimport[22m | td-203-1-driving-minimap-after.png[39m[0m
[  90% ] [90m[1mreimport[22m | td-196-4-released.png[39m[0m
[  90% ] [90m[1mreimport[22m | td-196-3-banner-hold.png[39m[0m
[  90% ] [90m[1mreimport[22m | td-196-2-banner.png[39m[0m
[  90% ] [90m[1mreimport[22m | td-196-1-bump.png[39m[0m
[  90% ] [90m[1mreimport[22m | before-td-195-C-beauty.png[39m[0m
[  90% ] [90m[1mreimport[22m | before-td-195-B-result.png[39m[0m
[  90% ] [90m[1mreimport[22m | before-td-195-B-approach.png[39m[0m
[  90% ] [90m[1mreimport[22m | before-td-195-A-result.png[39m[0m
[  90% ] [90m[1mreimport[22m | before-td-195-A-approach.png[39m[0m
[  90% ] [90m[1mreimport[22m | after-td-195-C-beauty.png[39m[0m
[  90% ] [90m[1mreimport[22m | after-td-195-B-result.png[39m[0m
[  90% ] [90m[1mreimport[22m | after-td-195-B-approach.png[39m[0m
[  90% ] [90m[1mreimport[22m | after-td-195-A-result.png[39m[0m
[  90% ] [90m[1mreimport[22m | after-td-195-A-approach.png[39m[0m
[  90% ] [90m[1mreimport[22m | td-194-density-traffic.png[39m[0m
[  91% ] [90m[1mreimport[22m | td-194-density-t150.png[39m[0m
[  91% ] [90m[1mreimport[22m | after-td-174-chasecam.png[39m[0m
[  91% ] [90m[1mreimport[22m | td173-triptych.png[39m[0m
[  91% ] [90m[1mreimport[22m | station-front.png[39m[0m
[  91% ] [90m[1mreimport[22m | gate-row.png[39m[0m
[  91% ] [90m[1mreimport[22m | country-halt.png[39m[0m
[  91% ] [90m[1mreimport[22m | chase-cam.png[39m[0m
[  91% ] [90m[1mreimport[22m | before-station-front.png[39m[0m
[  91% ] [90m[1mreimport[22m | before-gate-row.png[39m[0m
[  91% ] [90m[1mreimport[22m | before-country-halt.png[39m[0m
[  91% ] [90m[1mreimport[22m | before-chase-cam.png[39m[0m
[  91% ] [90m[1mreimport[22m | after-station-front.png[39m[0m
[  91% ] [90m[1mreimport[22m | after-gate-row.png[39m[0m
[  91% ] [90m[1mreimport[22m | after-country-halt.png[39m[0m
[  91% ] [90m[1mreimport[22m | after-chase-cam.png[39m[0m
[  91% ] [90m[1mreimport[22m | variant_worn.png[39m[0m
[  91% ] [90m[1mreimport[22m | variant_retracted.png[39m[0m
[  91% ] [90m[1mreimport[22m | triptych-kit.png[39m[0m
[  92% ] [90m[1mreimport[22m | reference_shotengai.jpg[39m[0m
[  92% ] [90m[1mreimport[22m | mock_awning_kit.png[39m[0m
[  92% ] [90m[1mreimport[22m | before_shopfront.png[39m[0m
[  92% ] [90m[1mreimport[22m | before_driver.png[39m[0m
[  92% ] [90m[1mreimport[22m | after_shopfront.png[39m[0m
[  92% ] [90m[1mreimport[22m | after_driver.png[39m[0m
[  92% ] [90m[1mreimport[22m | triptych-sento.png[39m[0m
[  92% ] [90m[1mreimport[22m | triptych-koban-concrete.png[39m[0m
[  92% ] [90m[1mreimport[22m | triptych-koban-brick.png[39m[0m
[  92% ] [90m[1mreimport[22m | triptych-jizo-shed.png[39m[0m
[  92% ] [90m[1mreimport[22m | triptych-jizo-hokora.png[39m[0m
[  92% ] [90m[1mreimport[22m | td-178-mp-impact.png[39m[0m
[  92% ] [90m[1mreimport[22m | td-178-mp-hud.png[39m[0m
[  92% ] [90m[1mreimport[22m | td-178-ingame-sparks.png[39m[0m
[  92% ] [90m[1mreimport[22m | td-178-ingame-shake2.png[39m[0m
[  92% ] [90m[1mreimport[22m | td-178-ingame-impact.png[39m[0m
[  92% ] [90m[1mreimport[22m | td-178-ingame-hud.png[39m[0m
[  92% ] [90m[1mreimport[22m | td-178-ingame-ghost.png[39m[0m
[  93% ] [90m[1mreimport[22m | td-178-ingame-before.png[39m[0m
[  93% ] [90m[1mreimport[22m | td-178-impact.png[39m[0m
[  93% ] [90m[1mreimport[22m | td-178-ghost.png[39m[0m
[  93% ] [90m[1mreimport[22m | td-178-critical.png[39m[0m
[  93% ] [90m[1mreimport[22m | td-178-before.png[39m[0m
[  93% ] [90m[1mreimport[22m | before_bridge_end_left.png[39m[0m
[  93% ] [90m[1mreimport[22m | after_bridge_end_left.png[39m[0m
[  93% ] [90m[1mreimport[22m | wide.png[39m[0m
[  93% ] [90m[1mreimport[22m | chase.png[39m[0m
[  93% ] [90m[1mreimport[22m | station-wide.png[39m[0m
[  93% ] [90m[1mreimport[22m | priceboard.png[39m[0m
[  93% ] [90m[1mreimport[22m | priceboard-close.png[39m[0m
[  93% ] [90m[1mreimport[22m | kiosk.png[39m[0m
[  93% ] [90m[1mreimport[22m | fascia-road.png[39m[0m
[  93% ] [90m[1mreimport[22m | enamel-closeup.png[39m[0m
[  93% ] [90m[1mreimport[22m | before-td-174-forecourt-wide.png[39m[0m
[  93% ] [90m[1mreimport[22m | before-td-174-forecourt-near.png[39m[0m
[  93% ] [90m[1mreimport[22m | before-td-174-chasecam.png[39m[0m
[  93% ] [90m[1mreimport[22m | after-td-174-triptych-wide.png[39m[0m
[  94% ] [90m[1mreimport[22m | after-td-174-triptych-near.png[39m[0m
[  94% ] [90m[1mreimport[22m | after-td-174-forecourt-wide.png[39m[0m
[  94% ] [90m[1mreimport[22m | after-td-174-forecourt-near.png[39m[0m
[  94% ] [90m[1mreimport[22m | landscape-take_next-no-fuel.png[39m[0m
[  94% ] [90m[1mreimport[22m | landscape-take_next-fuel.png[39m[0m
[  94% ] [90m[1mreimport[22m | landscape-retry-no-fuel.png[39m[0m
[  94% ] [90m[1mreimport[22m | landscape-retry-fuel.png[39m[0m
[  94% ] [90m[1mreimport[22m | landscape-offer-no-fuel.png[39m[0m
[  94% ] [90m[1mreimport[22m | landscape-offer-fuel.png[39m[0m
[  94% ] [90m[1mreimport[22m | landscape-load-no-fuel.png[39m[0m
[  94% ] [90m[1mreimport[22m | landscape-load-fuel.png[39m[0m
[  94% ] [90m[1mreimport[22m | landscape-dispatch-no-fuel.png[39m[0m
[  94% ] [90m[1mreimport[22m | landscape-dispatch-fuel.png[39m[0m
[  94% ] [90m[1mreimport[22m | portrait-take_next-no-fuel.png[39m[0m
[  94% ] [90m[1mreimport[22m | portrait-take_next-fuel.png[39m[0m
[  94% ] [90m[1mreimport[22m | portrait-retry-no-fuel.png[39m[0m
[  94% ] [90m[1mreimport[22m | portrait-retry-fuel.png[39m[0m
[  94% ] [90m[1mreimport[22m | portrait-offer-no-fuel.png[39m[0m
[  95% ] [90m[1mreimport[22m | portrait-offer-fuel.png[39m[0m
[  95% ] [90m[1mreimport[22m | portrait-mini-expanded-wanted.png[39m[0m
[  95% ] [90m[1mreimport[22m | portrait-mini-collapsed-cleared.png[39m[0m
[  95% ] [90m[1mreimport[22m | portrait-load-no-fuel.png[39m[0m
[  95% ] [90m[1mreimport[22m | portrait-load-fuel.png[39m[0m
[  95% ] [90m[1mreimport[22m | portrait-health-100.png[39m[0m
[  95% ] [90m[1mreimport[22m | portrait-health-45.png[39m[0m
[  95% ] [90m[1mreimport[22m | portrait-health-10.png[39m[0m
[  95% ] [90m[1mreimport[22m | portrait-fuel-quote.png[39m[0m
[  95% ] [90m[1mreimport[22m | portrait-dispatch-no-fuel.png[39m[0m
[  95% ] [90m[1mreimport[22m | portrait-dispatch-fuel.png[39m[0m
[  95% ] [90m[1mreimport[22m | portrait-arrest.png[39m[0m
[  95% ] [90m[1mreimport[22m | portrait-arrest-released.png[39m[0m
[  95% ] [90m[1mreimport[22m | portrait-arrest-released.png[39m[0m
[  95% ] [90m[1mreimport[22m | landscape-take_next-no-fuel.png[39m[0m
[  95% ] [90m[1mreimport[22m | landscape-take_next-fuel.png[39m[0m
[  95% ] [90m[1mreimport[22m | landscape-retry-no-fuel.png[39m[0m
[  95% ] [90m[1mreimport[22m | landscape-retry-fuel.png[39m[0m
[  96% ] [90m[1mreimport[22m | landscape-offer-no-fuel.png[39m[0m
[  96% ] [90m[1mreimport[22m | landscape-offer-fuel.png[39m[0m
[  96% ] [90m[1mreimport[22m | landscape-mini-expanded-wanted.png[39m[0m
[  96% ] [90m[1mreimport[22m | landscape-mini-collapsed-cleared.png[39m[0m
[  96% ] [90m[1mreimport[22m | landscape-load-no-fuel.png[39m[0m
[  96% ] [90m[1mreimport[22m | landscape-load-fuel.png[39m[0m
[  96% ] [90m[1mreimport[22m | landscape-health-100.png[39m[0m
[  96% ] [90m[1mreimport[22m | landscape-health-45.png[39m[0m
[  96% ] [90m[1mreimport[22m | landscape-health-10.png[39m[0m
[  96% ] [90m[1mreimport[22m | landscape-fuel-quote.png[39m[0m
[  96% ] [90m[1mreimport[22m | landscape-dispatch-no-fuel.png[39m[0m
[  96% ] [90m[1mreimport[22m | landscape-dispatch-fuel.png[39m[0m
[  96% ] [90m[1mreimport[22m | landscape-arrest.png[39m[0m
[  96% ] [90m[1mreimport[22m | landscape-arrest-released.png[39m[0m
[  96% ] [90m[1mreimport[22m | portrait-take_next-no-fuel.png[39m[0m
[  96% ] [90m[1mreimport[22m | portrait-take_next-fuel.png[39m[0m
[  96% ] [90m[1mreimport[22m | portrait-retry-no-fuel.png[39m[0m
[  96% ] [90m[1mreimport[22m | portrait-retry-fuel.png[39m[0m
[  96% ] [90m[1mreimport[22m | portrait-offer-no-fuel.png[39m[0m
[  97% ] [90m[1mreimport[22m | portrait-offer-fuel.png[39m[0m
[  97% ] [90m[1mreimport[22m | portrait-load-no-fuel.png[39m[0m
[  97% ] [90m[1mreimport[22m | portrait-load-fuel.png[39m[0m
[  97% ] [90m[1mreimport[22m | portrait-dispatch-no-fuel.png[39m[0m
[  97% ] [90m[1mreimport[22m | portrait-dispatch-fuel.png[39m[0m
[  97% ] [90m[1mreimport[22m | quay_east-approach.png[39m[0m
[  97% ] [90m[1mreimport[22m | quay_west-wide.png[39m[0m
[  97% ] [90m[1mreimport[22m | quay_west-approach.png[39m[0m
[  97% ] [90m[1mreimport[22m | quay_east-wide.png[39m[0m
[  97% ] [90m[1mreimport[22m | quay_east-approach.png[39m[0m
[  97% ] [90m[1mreimport[22m | td-205-criterion-4b-before.png[39m[0m
[  97% ] [90m[1mreimport[22m | td-205-criterion-4b-after.png[39m[0m
[  97% ] [90m[1mreimport[22m | td-205-criterion-4a-before.png[39m[0m
[  97% ] [90m[1mreimport[22m | td-205-criterion-4a-after.png[39m[0m
[  97% ] [90m[1mreimport[22m | td-205-criterion-3-before.png[39m[0m
[  97% ] [90m[1mreimport[22m | td-205-criterion-3-after.png[39m[0m
[  97% ] [90m[1mreimport[22m | td-205-criterion-2b-after.png[39m[0m
[  97% ] [90m[1mreimport[22m | td-205-criterion-2-before.png[39m[0m
[  98% ] [90m[1mreimport[22m | td-205-criterion-2-after.png[39m[0m
[  98% ] [90m[1mreimport[22m | td-205-criterion-1-before.png[39m[0m
[  98% ] [90m[1mreimport[22m | td-205-criterion-1-after.png[39m[0m
[  98% ] [90m[1mreimport[22m | td-204-3-prefail.png[39m[0m
[  98% ] [90m[1mreimport[22m | td-204-3-failed.png[39m[0m
[  98% ] [90m[1mreimport[22m | td-204-2-hitbefore.png[39m[0m
[  98% ] [90m[1mreimport[22m | td-204-2-hitafter.png[39m[0m
[  98% ] [90m[1mreimport[22m | td-204-2-damaged.png[39m[0m
[  98% ] [90m[1mreimport[22m | td-204-2-critical.png[39m[0m
[  98% ] [90m[1mreimport[22m | td-204-1-ok.png[39m[0m
[  98% ] [90m[1mreimport[22m | td-204-3-prefail.png[39m[0m
[  98% ] [90m[1mreimport[22m | td-204-3-failed.png[39m[0m
[  98% ] [90m[1mreimport[22m | td-204-2-hitbefore.png[39m[0m
[  98% ] [90m[1mreimport[22m | td-204-2-hitafter.png[39m[0m
[  98% ] [90m[1mreimport[22m | td-204-2-damaged.png[39m[0m
[  98% ] [90m[1mreimport[22m | landscape-take_next-no-fuel.png[39m[0m
[  98% ] [90m[1mreimport[22m | landscape-take_next-fuel.png[39m[0m
[  98% ] [90m[1mreimport[22m | landscape-retry-no-fuel.png[39m[0m
[  99% ] [90m[1mreimport[22m | landscape-retry-fuel.png[39m[0m
[  99% ] [90m[1mreimport[22m | landscape-offer-no-fuel.png[39m[0m
[  99% ] [90m[1mreimport[22m | landscape-offer-fuel.png[39m[0m
[  99% ] [90m[1mreimport[22m | landscape-mini-expanded-wanted.png[39m[0m
[  99% ] [90m[1mreimport[22m | landscape-mini-collapsed-cleared.png[39m[0m
[  99% ] [90m[1mreimport[22m | landscape-load-no-fuel.png[39m[0m
[  99% ] [90m[1mreimport[22m | landscape-load-fuel.png[39m[0m
[  99% ] [90m[1mreimport[22m | landscape-health-100.png[39m[0m
[  99% ] [90m[1mreimport[22m | landscape-health-45.png[39m[0m
[  99% ] [90m[1mreimport[22m | landscape-health-10.png[39m[0m
[  99% ] [90m[1mreimport[22m | landscape-fuel-quote.png[39m[0m
[  99% ] [90m[1mreimport[22m | landscape-dispatch-no-fuel.png[39m[0m
[  99% ] [90m[1mreimport[22m | landscape-dispatch-fuel.png[39m[0m
[  99% ] [90m[1mreimport[22m | landscape-arrest.png[39m[0m
[  99% ] [90m[1mreimport[22m | landscape-arrest-released.png[39m[0m
[  99% ] [90m[1mreimport[22m | quay_west-wide.png[39m[0m
[  99% ] [90m[1mreimport[22m | quay_west-approach.png[39m[0m
[  99% ] [90m[1mreimport[22m | Finalizing Asset Import...[39m[0m
[92m[ DONE ][39m [1mreimport[22m
[0m
[   0% ] [90m[1mreimport[22m | Started (Re)Importing Assets (1830 steps)[39m[0m
[   0% ] [90m[1mreimport[22m | Executing post-reimport operations...[39m[0m
[92m[ DONE ][39m [1mreimport[22m
[0m
[   0% ] [90m[1msavepack[22m | Started Packing (102 steps)[39m[0m
[   1% ] [90m[1msavepack[22m | Storing File: res://.godot/imported/hero_portrait.png-65682f347fb956462e6e73791f9e2b34.ctex[39m[0m
[   1% ] [90m[1msavepack[22m | Storing File: res://assets/backdrop/hero_portrait.png.import[39m[0m
[   1% ] [90m[1msavepack[22m | Storing File: res://.godot/imported/hero_portrait_loading.webp-a4aa47dab5b746ae1768eace0659e356.ctex[39m[0m
[   1% ] [90m[1msavepack[22m | Storing File: res://assets/backdrop/hero_portrait_loading.webp.import[39m[0m
[   1% ] [90m[1msavepack[22m | Storing File: res://.godot/imported/skyline_panorama.png-b3005a54653da3c9e76c9e0c482f16b4.ctex[39m[0m
[   1% ] [90m[1msavepack[22m | Storing File: res://assets/backdrop/skyline_panorama.png.import[39m[0m
[   1% ] [90m[1msavepack[22m | Storing File: res://.godot/imported/colormap.png-e29cdb91e601b67df1d3b9bf160decec.ctex[39m[0m
[   1% ] [90m[1msavepack[22m | Storing File: res://assets/packs/kenney_city_kit_roads/Textures/colormap.png.import[39m[0m
[   1% ] [90m[1msavepack[22m | Storing File: res://.godot/imported/construction-barrier.glb-534c4ccb11dee9500b9306df460447c5.scn[39m[0m
[   1% ] [90m[1msavepack[22m | Storing File: res://assets/packs/kenney_city_kit_roads/construction-barrier.glb.import[39m[0m
[   1% ] [90m[1msavepack[22m | Storing File: res://.godot/imported/construction-cone.glb-dbc6d156f0a7a4a13cade303e63ec718.scn[39m[0m
[   1% ] [90m[1msavepack[22m | Storing File: res://assets/packs/kenney_city_kit_roads/construction-cone.glb.import[39m[0m
[   2% ] [90m[1msavepack[22m | Storing File: res://.godot/imported/road-sign-warning.glb-529fe1f236c80c028bb10427bc83eecf.scn[39m[0m
[   2% ] [90m[1msavepack[22m | Storing File: res://assets/packs/kenney_city_kit_roads/road-sign-warning.glb.import[39m[0m
[   2% ] [90m[1msavepack[22m | Storing File: res://.godot/imported/road-straight-barrier-half.glb-9156a44bef7986bafe192f2eba58e10e.scn[39m[0m
[   2% ] [90m[1msavepack[22m | Storing File: res://assets/packs/kenney_city_kit_roads/road-straight-barrier-half.glb.import[39m[0m
[   2% ] [90m[1msavepack[22m | Storing File: res://.godot/imported/road-straight-barrier.glb-d7e70522b07843ca543c5b0d749dda7f.scn[39m[0m
[   2% ] [90m[1msavepack[22m | Storing File: res://assets/packs/kenney_city_kit_roads/road-straight-barrier.glb.import[39m[0m
[   2% ] [90m[1msavepack[22m | Storing File: res://.godot/imported/sign-highway.glb-581bcf323cafab731ee9578da7ea0489.scn[39m[0m
[   2% ] [90m[1msavepack[22m | Storing File: res://assets/packs/kenney_city_kit_roads/sign-highway.glb.import[39m[0m
[   2% ] [90m[1msavepack[22m | Storing File: res://.godot/imported/traffic-light.glb-6465d65e499c1ad348fc1818939e6553.scn[39m[0m
[   2% ] [90m[1msavepack[22m | Storing File: res://assets/packs/kenney_city_kit_roads/traffic-light.glb.import[39m[0m
[   2% ] [90m[1msavepack[22m | Storing File: res://.godot/imported/Asphalt033_2K-PNG_AmbientOcclusion.png-830dfe5676b189c6474a68c53eb8d0a1.ctex[39m[0m
[   2% ] [90m[1msavepack[22m | Storing File: res://assets/pbr/ambientcg/asphalt/Asphalt033_2K-PNG_AmbientOcclusion.png.import[39m[0m
[   3% ] [90m[1msavepack[22m | Storing File: res://.godot/imported/Asphalt033_2K-PNG_Color.png-bbbb0154baf6b6c941f3d2633c904d7a.ctex[39m[0m
[   3% ] [90m[1msavepack[22m | Storing File: res://assets/pbr/ambientcg/asphalt/Asphalt033_2K-PNG_Color.png.import[39m[0m
[   3% ] [90m[1msavepack[22m | Storing File: res://.godot/imported/Asphalt033_2K-PNG_Displacement.png-4d7bf2213075b982e07bd50fe1324543.ctex[39m[0m
[   3% ] [90m[1msavepack[22m | Storing File: res://assets/pbr/ambientcg/asphalt/Asphalt033_2K-PNG_Displacement.png.import[39m[0m
[   3% ] [90m[1msavepack[22m | Storing File: res://.godot/imported/Asphalt033_2K-PNG_NormalGL.png-985875d9e0edcc700c81e160eea4b006.ctex[39m[0m
[   3% ] [90m[1msavepack[22m | Storing File: res://assets/pbr/ambientcg/asphalt/Asphalt033_2K-PNG_NormalGL.png.import[39m[0m
[   3% ] [90m[1msavepack[22m | Storing File: res://.godot/imported/Asphalt033_2K-PNG_Roughness.png-d00b40512fda8c5505529885f04fa829.ctex[39m[0m
[   3% ] [90m[1msavepack[22m | Storing File: res://assets/pbr/ambientcg/asphalt/Asphalt033_2K-PNG_Roughness.png.import[39m[0m
[   3% ] [90m[1msavepack[22m | Storing File: res://.godot/imported/Concrete034_2K-PNG_Color.png-1b360446b705423296e88d3079acc68e.ctex[39m[0m
[   3% ] [90m[1msavepack[22m | Storing File: res://assets/pbr/ambientcg/concrete/Concrete034_2K-PNG_Color.png.import[39m[0m
[   3% ] [90m[1msavepack[22m | Storing File: res://.godot/imported/Concrete034_2K-PNG_Displacement.png-0ba82393e61e000151aac856161bba26.ctex[39m[0m
[   3% ] [90m[1msavepack[22m | Storing File: res://assets/pbr/ambientcg/concrete/Concrete034_2K-PNG_Displacement.png.import[39m[0m
[   4% ] [90m[1msavepack[22m | Storing File: res://.godot/imported/Concrete034_2K-PNG_NormalGL.png-5c9e8842af15f72a42543d130ba59e5f.ctex[39m[0m
[   4% ] [90m[1msavepack[22m | Storing File: res://assets/pbr/ambientcg/concrete/Concrete034_2K-PNG_NormalGL.png.import[39m[0m
[   4% ] [90m[1msavepack[22m | Storing File: res://.godot/imported/Concrete034_2K-PNG_Roughness.png-179a35ea739d469dc1395e003e91571e.ctex[39m[0m
[   4% ] [90m[1msavepack[22m | Storing File: res://assets/pbr/ambientcg/concrete/Concrete034_2K-PNG_Roughness.png.import[39m[0m
[   4% ] [90m[1msavepack[22m | Storing File: res://.godot/imported/Grass005_2K-PNG_AmbientOcclusion.png-6b1448bcfe2fa262eabbc0e7bc47b60c.ctex[39m[0m
[   4% ] [90m[1msavepack[22m | Storing File: res://assets/pbr/ambientcg/grass/Grass005_2K-PNG_AmbientOcclusion.png.import[39m[0m
[   4% ] [90m[1msavepack[22m | Storing File: res://.godot/imported/Grass005_2K-PNG_Color.png-69b2c8f837e9091d1c98c0392a3080b8.ctex[39m[0m
[   4% ] [90m[1msavepack[22m | Storing File: res://assets/pbr/ambientcg/grass/Grass005_2K-PNG_Color.png.import[39m[0m
[   4% ] [90m[1msavepack[22m | Storing File: res://.godot/imported/Grass005_2K-PNG_Displacement.png-314b7aeef08bd186eb8c96ef2d92413d.ctex[39m[0m
[   4% ] [90m[1msavepack[22m | Storing File: res://assets/pbr/ambientcg/grass/Grass005_2K-PNG_Displacement.png.import[39m[0m
[   4% ] [90m[1msavepack[22m | Storing File: res://.godot/imported/Grass005_2K-PNG_NormalGL.png-7c66f037cbe1278a64c4bd653d8a604a.ctex[39m[0m
[   4% ] [90m[1msavepack[22m | Storing File: res://assets/pbr/ambientcg/grass/Grass005_2K-PNG_NormalGL.png.import[39m[0m
[   5% ] [90m[1msavepack[22m | Storing File: res://.godot/imported/Grass005_2K-PNG_Roughness.png-9c04dabaf61f8b45195ff2d6564045d8.ctex[39m[0m
[   5% ] [90m[1msavepack[22m | Storing File: res://assets/pbr/ambientcg/grass/Grass005_2K-PNG_Roughness.png.import[39m[0m
[   5% ] [90m[1msavepack[22m | Storing File: res://.godot/imported/Gravel043_2K-PNG_AmbientOcclusion.png-805f02273e95b1614701f839f2227867.ctex[39m[0m
[   5% ] [90m[1msavepack[22m | Storing File: res://assets/pbr/ambientcg/gravel/Gravel043_2K-PNG_AmbientOcclusion.png.import[39m[0m
[   5% ] [90m[1msavepack[22m | Storing File: res://.godot/imported/Gravel043_2K-PNG_Color.png-fd01672d7ef787c8a1171aa002ba80f4.ctex[39m[0m
[   5% ] [90m[1msavepack[22m | Storing File: res://assets/pbr/ambientcg/gravel/Gravel043_2K-PNG_Color.png.import[39m[0m
[   5% ] [90m[1msavepack[22m | Storing File: res://.godot/imported/Gravel043_2K-PNG_Displacement.png-b3c43c90b2c9489ffc590a113c639022.ctex[39m[0m
[   5% ] [90m[1msavepack[22m | Storing File: res://assets/pbr/ambientcg/gravel/Gravel043_2K-PNG_Displacement.png.import[39m[0m
[   5% ] [90m[1msavepack[22m | Storing File: res://.godot/imported/Gravel043_2K-PNG_NormalGL.png-f6e8a0c499f7d44c0e27f4b7876f1edc.ctex[39m[0m
[   5% ] [90m[1msavepack[22m | Storing File: res://assets/pbr/ambientcg/gravel/Gravel043_2K-PNG_NormalGL.png.import[39m[0m
[   5% ] [90m[1msavepack[22m | Storing File: res://.godot/imported/Gravel043_2K-PNG_Roughness.png-ed43c36d2d96454cd1245617f4b8dc64.ctex[39m[0m
[   5% ] [90m[1msavepack[22m | Storing File: res://assets/pbr/ambientcg/gravel/Gravel043_2K-PNG_Roughness.png.import[39m[0m
[   6% ] [90m[1msavepack[22m | Storing File: res://.godot/imported/Ground109_2K-PNG_AmbientOcclusion.png-cb68a3abc9559a26809a2ac3ad9d2f1d.ctex[39m[0m
[   6% ] [90m[1msavepack[22m | Storing File: res://assets/pbr/ambientcg/ground/Ground109_2K-PNG_AmbientOcclusion.png.import[39m[0m
[   6% ] [90m[1msavepack[22m | Storing File: res://.godot/imported/Ground109_2K-PNG_Color.png-43b5eb870c80e5018853950a95fb9883.ctex[39m[0m
[   6% ] [90m[1msavepack[22m | Storing File: res://assets/pbr/ambientcg/ground/Ground109_2K-PNG_Color.png.import[39m[0m
[   6% ] [90m[1msavepack[22m | Storing File: res://.godot/imported/Ground109_2K-PNG_Displacement.png-c9e79d6a8cc702efeb0f6d0c5d521f88.ctex[39m[0m
[   6% ] [90m[1msavepack[22m | Storing File: res://assets/pbr/ambientcg/ground/Ground109_2K-PNG_Displacement.png.import[39m[0m
[   6% ] [90m[1msavepack[22m | Storing File: res://.godot/imported/Ground109_2K-PNG_NormalGL.png-a682e67f06141e7d79d81714ba6b4ddf.ctex[39m[0m
[   6% ] [90m[1msavepack[22m | Storing File: res://assets/pbr/ambientcg/ground/Ground109_2K-PNG_NormalGL.png.import[39m[0m
[   6% ] [90m[1msavepack[22m | Storing File: res://.godot/imported/Ground109_2K-PNG_Roughness.png-6a4da79318b42e5427865a13a4aef765.ctex[39m[0m
[   6% ] [90m[1msavepack[22m | Storing File: res://assets/pbr/ambientcg/ground/Ground109_2K-PNG_Roughness.png.import[39m[0m
[   6% ] [90m[1msavepack[22m | Storing File: res://.godot/imported/asphalt_graphic.png-6b7b42c5f9352d4dbfb1c7477dbb7b01.ctex[39m[0m
[   6% ] [90m[1msavepack[22m | Storing File: res://assets/pbr/stylized/asphalt_graphic.png.import[39m[0m
[   7% ] [90m[1msavepack[22m | Storing File: res://.godot/imported/facade_panel.png-0654a1d7934dc4cdcd7a1c526c724e36.ctex[39m[0m
[   7% ] [90m[1msavepack[22m | Storing File: res://assets/pbr/stylized/facade_panel.png.import[39m[0m
[   7% ] [90m[1msavepack[22m | Storing File: res://.godot/imported/foliage_mottle.png-c15e65eae5e482f8219e2d691516ccfa.ctex[39m[0m
[   7% ] [90m[1msavepack[22m | Storing File: res://assets/pbr/stylized/foliage_mottle.png.import[39m[0m
[   7% ] [90m[1msavepack[22m | Storing File: res://.godot/imported/ground_aggregate.png-69615ee5a84dbcdf4d86b528ae3339f4.ctex[39m[0m
[   7% ] [90m[1msavepack[22m | Storing File: res://assets/pbr/stylized/ground_aggregate.png.import[39m[0m
[   7% ] [90m[1msavepack[22m | Storing File: res://.godot/imported/metal_panel_albedo.png-8a82f84ea5919bcc0dca772990baa5ec.ctex[39m[0m
[   7% ] [90m[1msavepack[22m | Storing File: res://assets/pbr/stylized/metal_panel_albedo.png.import[39m[0m
[   7% ] [90m[1msavepack[22m | Storing File: res://.godot/imported/painted_trim_albedo.png-858cc8ad1922ab1ef88bd99e038c24e1.ctex[39m[0m
[   7% ] [90m[1msavepack[22m | Storing File: res://assets/pbr/stylized/painted_trim_albedo.png.import[39m[0m
[   7% ] [90m[1msavepack[22m | Storing File: res://.godot/imported/signage_panel_albedo.png-0dcfce7862723cd3db8d68a44a372cce.ctex[39m[0m
[   7% ] [90m[1msavepack[22m | Storing File: res://assets/pbr/stylized/signage_panel_albedo.png.import[39m[0m
[   8% ] [90m[1msavepack[22m | Storing File: res://.godot/imported/wood_grain_albedo.png-f54284fe5e4f45de20ca45318792da82.ctex[39m[0m
[   8% ] [90m[1msavepack[22m | Storing File: res://assets/pbr/stylized/wood_grain_albedo.png.import[39m[0m
[   8% ] [90m[1msavepack[22m | Storing File: res://.godot/imported/media-generation-tokyo-tower-ref-0-74d4c879-0f9d-45a4-9318-749ad2cf3270.webp-71b66cdc7ec211a9a353f371e9432f8d.ctex[39m[0m
[   8% ] [90m[1msavepack[22m | Storing File: res://assets/prototypes/reconstructed/refs/media-generation-tokyo-tower-ref-0-74d4c879-0f9d-45a4-9318-749ad2cf3270.webp.import[39m[0m
[   8% ] [90m[1msavepack[22m | Storing File: res://assets/prototypes/reconstructed/refs/media-generation-tokyo-tower-ref-1789740294.json[39m[0m
[   8% ] [90m[1msavepack[22m | Storing File: res://.godot/imported/media-generation-torii-gate-ref-0-f17a5aab-8db7-45e6-9a6b-8b5dbfa4f828.webp-86cbcb402e0c87699a3438a6cfe3a03c.ctex[39m[0m
[   8% ] [90m[1msavepack[22m | Storing File: res://assets/prototypes/reconstructed/refs/media-generation-torii-gate-ref-0-f17a5aab-8db7-45e6-9a6b-8b5dbfa4f828.webp.import[39m[0m
[   8% ] [90m[1msavepack[22m | Storing File: res://assets/prototypes/reconstructed/refs/media-generation-torii-gate-ref-1789740288.json[39m[0m
[   8% ] [90m[1msavepack[22m | Storing File: res://.godot/imported/tokyo-tower-ref.png-2d46ed3c5bd1f5bd40a40e93ba182565.ctex[39m[0m
[   8% ] [90m[1msavepack[22m | Storing File: res://assets/prototypes/reconstructed/refs/tokyo-tower-ref.png.import[39m[0m
[   9% ] [90m[1msavepack[22m | Storing File: res://.godot/imported/torii-gate-ref.png-51dd420ccfad026ac96148842722a0bf.ctex[39m[0m
[   9% ] [90m[1msavepack[22m | Storing File: res://assets/prototypes/reconstructed/refs/torii-gate-ref.png.import[39m[0m
[   9% ] [90m[1msavepack[22m | Storing File: res://assets/prototypes/reconstructed/tokyo_tower_stats.json[39m[0m
[   9% ] [90m[1msavepack[22m | Storing File: res://.godot/imported/tokyo_tower_triposr.glb-7fe19edba7a3f9ac48e798a6e5a66336.scn[39m[0m
[   9% ] [90m[1msavepack[22m | Storing File: res://assets/prototypes/reconstructed/tokyo_tower_triposr.glb.import[39m[0m
[   9% ] [90m[1msavepack[22m | Storing File: res://.godot/imported/tokyo_tower_views.png-355f0879e964885cf061c6b07409a105.ctex[39m[0m
[   9% ] [90m[1msavepack[22m | Storing File: res://assets/prototypes/reconstructed/tokyo_tower_views.png.import[39m[0m
[   9% ] [90m[1msavepack[22m | Storing File: res://assets/prototypes/reconstructed/torii_gate_stats.json[39m[0m
[   9% ] [90m[1msavepack[22m | Storing File: res://.godot/imported/torii_gate_triposr.glb-1014dfba60fc8b3adb0cc6a683441cb1.scn[39m[0m
[   9% ] [90m[1msavepack[22m | Storing File: res://assets/prototypes/reconstructed/torii_gate_triposr.glb.import[39m[0m
[  10% ] [90m[1msavepack[22m | Storing File: res://.godot/imported/torii_gate_views.png-c22bd8b769883e2eae3fd559678d86ce.ctex[39m[0m
[  10% ] [90m[1msavepack[22m | Storing File: res://assets/prototypes/reconstructed/torii_gate_views.png.import[39m[0m
[  10% ] [90m[1msavepack[22m | Storing File: res://.godot/imported/enamel_atlas.png-20f7e3dd0f4f614a5500430c2fa2a1b2.ctex[39m[0m
[  10% ] [90m[1msavepack[22m | Storing File: res://assets/showa/tex/enamel_atlas.png.import[39m[0m
[  10% ] [90m[1msavepack[22m | Storing File: res://.godot/imported/sode_izakaya.png-a50a8c5489804146322d4c8bc5a6b6ad.ctex[39m[0m
[  10% ] [90m[1msavepack[22m | Storing File: res://assets/showa/tex/sode_izakaya.png.import[39m[0m
[  10% ] [90m[1msavepack[22m | Storing File: res://.godot/imported/sode_kissaten.png-6b0b59ad61bc992d9ac524e284ebd47e.ctex[39m[0m
[  10% ] [90m[1msavepack[22m | Storing File: res://assets/showa/tex/sode_kissaten.png.import[39m[0m
[  10% ] [90m[1msavepack[22m | Storing File: res://.godot/imported/sode_pachinko.png-5b10b19bbe365673bdbac85abd7ce250.ctex[39m[0m
[  10% ] [90m[1msavepack[22m | Storing File: res://assets/showa/tex/sode_pachinko.png.import[39m[0m
[  10% ] [90m[1msavepack[22m | Storing File: res://.godot/imported/sode_sakaya.png-79e0c68fd9c91a1f6cdfd6642c685b23.ctex[39m[0m
[  10% ] [90m[1msavepack[22m | Storing File: res://assets/showa/tex/sode_sakaya.png.import[39m[0m
[  11% ] [90m[1msavepack[22m | Storing File: res://.godot/imported/sode_soba.png-a36f51ff3762b76038821498d93d36c1.ctex[39m[0m
[  11% ] [90m[1msavepack[22m | Storing File: res://assets/showa/tex/sode_soba.png.import[39m[0m
[  11% ] [90m[1msavepack[22m | Storing File: res://.godot/imported/sode_sushi.png-2d38046355c2620e36913213082f417e.ctex[39m[0m
[  11% ] [90m[1msavepack[22m | Storing File: res://assets/showa/tex/sode_sushi.png.import[39m[0m
[  11% ] [90m[1msavepack[22m | Storing File: res://.godot/imported/sode_tabako.png-d7158ec8606596c2a8a7115e9b982056.ctex[39m[0m
[  11% ] [90m[1msavepack[22m | Storing File: res://assets/showa/tex/sode_tabako.png.import[39m[0m
[  11% ] [90m[1msavepack[22m | Storing File: res://.godot/imported/sode_yakkyoku.png-a688433441c752d37f05fc90d6211161.ctex[39m[0m
[  11% ] [90m[1msavepack[22m | Storing File: res://assets/showa/tex/sode_yakkyoku.png.import[39m[0m
[  11% ] [90m[1msavepack[22m | Storing File: res://.godot/exported/133200997/export-345f69e448a942c351bce90153c65a18-tripo_car_bus.scn[39m[0m
[  11% ] [90m[1msavepack[22m | Storing File: res://.godot/imported/road.png-e6e605e1db3d1a49b9e9ca027d6eeaee.ctex[39m[0m
[  11% ] [90m[1msavepack[22m | Storing File: res://models/track/road.png.import[39m[0m
[  12% ] [90m[1msavepack[22m | Storing File: res://scripts/traffic_fleet_config.gdc[39m[0m
[  12% ] [90m[1msavepack[22m | Storing File: res://.godot/imported/road.obj-17074c9ad5e274f168622a4da221ecb3.mesh[39m[0m
[  12% ] [90m[1msavepack[22m | Storing File: res://models/track/road.obj.import[39m[0m
[  12% ] [90m[1msavepack[22m | Storing File: res://.godot/exported/133200997/export-2b68238f61f63960af92de118aa9fff0-gig_menu.scn[39m[0m
[  12% ] [90m[1msavepack[22m | Storing File: res://.godot/imported/jnr-station-board.glb-34c8c48b8a1161b36c68e4f1ab6d81cb.scn[39m[0m
[  12% ] [90m[1msavepack[22m | Storing File: res://models/props/jnr-station-board.glb.import[39m[0m
[  12% ] [90m[1msavepack[22m | Storing File: res://.godot/exported/133200997/export-9ebb58bd4478c7fe702c339c174c4ca4-tripo_car_boxtruck.scn[39m[0m
[  12% ] [90m[1msavepack[22m | Storing File: res://.godot/imported/jnr-platform-sign.glb-243f9cfe75705ec623fa7409d4d272ea.scn[39m[0m
[  12% ] [90m[1msavepack[22m | Storing File: res://models/props/jnr-platform-sign.glb.import[39m[0m
[  13% ] [90m[1msavepack[22m | Storing File: res://scripts/lower_city/city_data.gdc[39m[0m
[  13% ] [90m[1msavepack[22m | Storing File: res://scripts/vehicle-config.gdc[39m[0m
[  13% ] [90m[1msavepack[22m | Storing File: res://scripts/lower_city/minimap.gdc[39m[0m
[  13% ] [90m[1msavepack[22m | Storing File: res://scripts/td186/td186_pedestrian.gdc[39m[0m
[  13% ] [90m[1msavepack[22m | Storing File: res://scripts/lower_city/city_atmosphere.gdc[39m[0m
[  13% ] [90m[1msavepack[22m | Storing File: res://shaders/anime/anime_sign_text.gdshader[39m[0m
[  14% ] [90m[1msavepack[22m | Storing File: res://.godot/exported/133200997/export-42ea8c6d6803802c4346f3f7419ef87d-tripo_car_keicar.scn[39m[0m
[  14% ] [90m[1msavepack[22m | Storing File: res://scripts/anime/anime_adapter_lower_city.gdc[39m[0m
[  14% ] [90m[1msavepack[22m | Storing File: res://.godot/imported/street_tree_ginkgo.glb-7311b7a79fd1bbb1c843e21ccbb94fec.scn[39m[0m
[  14% ] [90m[1msavepack[22m | Storing File: res://assets/td-101/street_tree_ginkgo.glb.import[39m[0m
[  14% ] [90m[1msavepack[22m | Storing File: res://.godot/imported/street_tree_plane.glb-807658716bcc6b7d889f6ce2add6d1b2.scn[39m[0m
[  14% ] [90m[1msavepack[22m | Storing File: res://assets/td-101/street_tree_plane.glb.import[39m[0m
[  14% ] [90m[1msavepack[22m | Storing File: res://.godot/imported/street_tree_zelkova.glb-ae229b9ac062655b119db3e735a325ce.scn[39m[0m
[  14% ] [90m[1msavepack[22m | Storing File: res://assets/td-101/street_tree_zelkova.glb.import[39m[0m
[  14% ] [90m[1msavepack[22m | Storing File: res://shaders/anime/anime_road.gdshaderinc[39m[0m
[  15% ] [90m[1msavepack[22m | Storing File: res://shaders/race_finish.gdshader[39m[0m
[  15% ] [90m[1msavepack[22m | Storing File: res://shaders/anime/anime_ink_hull.gdshader[39m[0m
[  15% ] [90m[1msavepack[22m | Storing File: res://.godot/exported/133200997/export-534cd2bd706e0b5b2eb305707efb1474-paper_map.scn[39m[0m
[  15% ] [90m[1msavepack[22m | Storing File: res://.godot/exported/133200997/export-010cfec4f768c1bf5f97fe841b24258e-city_traffic.scn[39m[0m
[  15% ] [90m[1msavepack[22m | Storing File: res://scripts/ui/skew_label.gdc[39m[0m
[  15% ] [90m[1msavepack[22m | Storing File: res://shaders/toon/toon_sky.gdshader[39m[0m
[  16% ] [90m[1msavepack[22m | Storing File: res://scripts/ui/striped_bar.gdc[39m[0m
[  16% ] [90m[1msavepack[22m | Storing File: res://.godot/imported/gas_pump_island.glb-35509e56c00793e03465ec1930259afa.scn[39m[0m
[  16% ] [90m[1msavepack[22m | Storing File: res://models/props/td174/gas_pump_island.glb.import[39m[0m
[  16% ] [90m[1msavepack[22m | Storing File: res://.godot/exported/133200997/export-be649b56410f1745d266fce50a02c362-trail-process-material.res[39m[0m
[  16% ] [90m[1msavepack[22m | Storing File: res://scripts/cop_car.gdc[39m[0m
[  16% ] [90m[1msavepack[22m | Storing File: res://scripts/lower_city/gig_dispatch.gdc[39m[0m
[  16% ] [90m[1msavepack[22m | Storing File: res://scripts/slice/planar_reflection.gdc[39m[0m
[  17% ] [90m[1msavepack[22m | Storing File: res://shaders/anime/anime_pool.gdshader[39m[0m
[  17% ] [90m[1msavepack[22m | Storing File: res://scripts/tripo_car_model.gdc[39m[0m
[  17% ] [90m[1msavepack[22m | Storing File: res://scripts/lower_city/gig_menu.gdc[39m[0m
[  17% ] [90m[1msavepack[22m | Storing File: res://scripts/lower_city/city_tenjin_buildings.gdc[39m[0m
[  17% ] [90m[1msavepack[22m | Storing File: res://shaders/anime/anime_facade.gdshader[39m[0m
[  17% ] [90m[1msavepack[22m | Storing File: res://scripts/traffic_ai.gdc[39m[0m
[  18% ] [90m[1msavepack[22m | Storing File: res://scripts/track_decorator.gdc[39m[0m
[  18% ] [90m[1msavepack[22m | Storing File: res://scripts/local-input-provider.gdc[39m[0m
[  18% ] [90m[1msavepack[22m | Storing File: res://scripts/net_config.gdc[39m[0m
[  18% ] [90m[1msavepack[22m | Storing File: res://shaders/slice_asphalt.gdshader[39m[0m
[  18% ] [90m[1msavepack[22m | Storing File: res://scripts/lower_city/paper_map.gdc[39m[0m
[  18% ] [90m[1msavepack[22m | Storing File: res://.godot/exported/133200997/export-06bcd7b3328e06f933c5bb784860e268-tripo_car_luxury.scn[39m[0m
[  19% ] [90m[1msavepack[22m | Storing File: res://scripts/cop_manager.gdc[39m[0m
[  19% ] [90m[1msavepack[22m | Storing File: res://scripts/lower_city/arrest_sequence.gdc[39m[0m
[  19% ] [90m[1msavepack[22m | Storing File: res://shaders/anime/anime_flare.gdshader[39m[0m
[  19% ] [90m[1msavepack[22m | Storing File: res://.godot/imported/jnr-country-halt.glb-1a200ff1246685647df1e6a34f9a8568.scn[39m[0m
[  19% ] [90m[1msavepack[22m | Storing File: res://models/props/jnr-country-halt.glb.import[39m[0m
[  19% ] [90m[1msavepack[22m | Storing File: res://.godot/imported/colormap.png-b620b07607df4a24370aa67d431e36ec.ctex[39m[0m
[  19% ] [90m[1msavepack[22m | Storing File: res://models/props/Textures/colormap.png.import[39m[0m
[  19% ] [90m[1msavepack[22m | Storing File: res://shaders/toon/toon_foliage.gdshader[39m[0m
[  20% ] [90m[1msavepack[22m | Storing File: res://scripts/ui/checkered_strip.gdc[39m[0m
[  20% ] [90m[1msavepack[22m | Storing File: res://scripts/lower_city/fuel_hud_reservations.gdc[39m[0m
[  20% ] [90m[1msavepack[22m | Storing File: res://.godot/exported/133200997/export-0b5757acf5eaee7cffc93fdd8b134f67-tripo_car_pickup.scn[39m[0m
[  20% ] [90m[1msavepack[22m | Storing File: res://.godot/exported/133200997/export-c51c9e31a073edbbaa0f4e43902dc9b4-lower_city.scn[39m[0m
[  20% ] [90m[1msavepack[22m | Storing File: res://scripts/lower_city/gig_hud.gdc[39m[0m
[  21% ] [90m[1msavepack[22m | Storing File: res://.godot/exported/133200997/export-9d2b1819624f9e371f033e38fec4beb0-city_atmosphere.scn[39m[0m
[  21% ] [90m[1msavepack[22m | Storing File: res://shaders/city_surface.gdshader[39m[0m
[  21% ] [90m[1msavepack[22m | Storing File: res://scripts/lower_city/fuel_service.gdc[39m[0m
[  21% ] [90m[1msavepack[22m | Storing File: res://scripts/track_waypoints.gdc[39m[0m
[  21% ] [90m[1msavepack[22m | Storing File: res://.godot/exported/133200997/export-fc26cda20568d950ddef34bce3a7b1b0-tripo_car_sedan.scn[39m[0m
[  21% ] [90m[1msavepack[22m | Storing File: res://scripts/slice/civilian_traffic.gdc[39m[0m
[  22% ] [90m[1msavepack[22m | Storing File: res://shaders/toon/toon_outline.gdshader[39m[0m
[  22% ] [90m[1msavepack[22m | Storing File: res://.godot/exported/133200997/export-3ad5c15c4f3250da0cc7c1af1770d85f-main.scn[39m[0m
[  22% ] [90m[1msavepack[22m | Storing File: res://.godot/exported/133200997/export-8933a3eedb1b852d25093f04c3892b00-tripo_car_wagon.scn[39m[0m
[  22% ] [90m[1msavepack[22m | Storing File: res://.godot/exported/133200997/export-9a4880232a75ae4b9cad1b4cac8d6e83-cop_car.scn[39m[0m
[  22% ] [90m[1msavepack[22m | Storing File: res://.godot/exported/133200997/export-ba97d69562bff0a6f0d281280e135c7c-wanted_hud.scn[39m[0m
[  22% ] [90m[1msavepack[22m | Storing File: res://.godot/exported/133200997/export-c1079e7f525658eb6fe74fb7e13e5719-tokyo_car_config.res[39m[0m
[  23% ] [90m[1msavepack[22m | Storing File: res://scripts/ui/skew_button.gdc[39m[0m
[  23% ] [90m[1msavepack[22m | Storing File: res://scripts/slice/awnings.gdc[39m[0m
[  23% ] [90m[1msavepack[22m | Storing File: res://scripts/anime/anime_palette.gdc[39m[0m
[  23% ] [90m[1msavepack[22m | Storing File: res://shaders/contact_shadow.gdshader[39m[0m
[  23% ] [90m[1msavepack[22m | Storing File: res://.godot/exported/133200997/export-2b8dbe4ff43ad384dbb78cf7a26b5e4d-harbor_slice.scn[39m[0m
[  23% ] [90m[1msavepack[22m | Storing File: res://.godot/imported/smoke.png-4ce44d0c966a6a09693dcb33792d404a.ctex[39m[0m
[  23% ] [90m[1msavepack[22m | Storing File: res://sprites/smoke.png.import[39m[0m
[  24% ] [90m[1msavepack[22m | Storing File: res://scripts/lower_city/city_batch.gdc[39m[0m
[  24% ] [90m[1msavepack[22m | Storing File: res://.godot/exported/133200997/export-a3fbc379cd8b51e72404b30b1ade79e7-tripo_car_minivan.scn[39m[0m
[  24% ] [90m[1msavepack[22m | Storing File: res://scripts/lower_city/fuel_tank.gdc[39m[0m
[  24% ] [90m[1msavepack[22m | Storing File: res://scripts/anime/anime_adapter.gdc[39m[0m
[  24% ] [90m[1msavepack[22m | Storing File: res://.godot/imported/gas_price_board.glb-f2a0587340402b56e788320d23c27214.scn[39m[0m
[  24% ] [90m[1msavepack[22m | Storing File: res://models/props/td174/gas_price_board.glb.import[39m[0m
[  24% ] [90m[1msavepack[22m | Storing File: res://scripts/ui/loading_overlay.gdc[39m[0m
[  25% ] [90m[1msavepack[22m | Storing File: res://scripts/lower_city/city_dressing.gdc[39m[0m
[  25% ] [90m[1msavepack[22m | Storing File: res://.godot/exported/133200997/export-58d70582da7bb6685560cfe1efe892eb-nitro-flame-process-material.res[39m[0m
[  25% ] [90m[1msavepack[22m | Storing File: res://scripts/world_track.gdc[39m[0m
[  25% ] [90m[1msavepack[22m | Storing File: res://scripts/ui/menu_backdrop.gdc[39m[0m
[  25% ] [90m[1msavepack[22m | Storing File: res://scripts/lower_city/lower_city_world.gdc[39m[0m
[  25% ] [90m[1msavepack[22m | Storing File: res://shaders/sky_night.gdshader[39m[0m
[  26% ] [90m[1msavepack[22m | Storing File: res://.godot/exported/133200997/export-6dacc1940ab46a02ee56906b86499358-police_livery.res[39m[0m
[  26% ] [90m[1msavepack[22m | Storing File: res://.godot/exported/133200997/export-624e4f1e9deecb05c9b7da0dca3807ce-harbor_west.scn[39m[0m
[  26% ] [90m[1msavepack[22m | Storing File: res://.godot/exported/133200997/export-612a0e1927a42a1ec076ac4545f7a472-td186_pedestrian.scn[39m[0m
[  26% ] [90m[1msavepack[22m | Storing File: res://scripts/ui/race_results.gdc[39m[0m
[  26% ] [90m[1msavepack[22m | Storing File: res://shaders/anime/anime_arc.gdshader[39m[0m
[  26% ] [90m[1msavepack[22m | Storing File: res://scripts/pedestrian.gdc[39m[0m
[  27% ] [90m[1msavepack[22m | Storing File: res://scripts/night_lighting_rig.gdc[39m[0m
[  27% ] [90m[1msavepack[22m | Storing File: res://scripts/race_loader.gdc[39m[0m
[  27% ] [90m[1msavepack[22m | Storing File: res://scripts/anime/anime_adapter_shuto.gdc[39m[0m
[  27% ] [90m[1msavepack[22m | Storing File: res://scripts/offroute_reset.gdc[39m[0m
[  27% ] [90m[1msavepack[22m | Storing File: res://scripts/lower_city/fuel_hud.gdc[39m[0m
[  27% ] [90m[1msavepack[22m | Storing File: res://scripts/multiplayer_debug_overlay.gdc[39m[0m
[  28% ] [90m[1msavepack[22m | Storing File: res://scripts/slice/anime_look.gdc[39m[0m
[  28% ] [90m[1msavepack[22m | Storing File: res://.godot/imported/gas_pump_red.glb-d1d9997ed3c0f1810e3c2cd75d2b9ae0.scn[39m[0m
[  28% ] [90m[1msavepack[22m | Storing File: res://models/props/td174/gas_pump_red.glb.import[39m[0m
[  28% ] [90m[1msavepack[22m | Storing File: res://scripts/kit/pause_menu.gdc[39m[0m
[  28% ] [90m[1msavepack[22m | Storing File: res://scripts/main_menu.gdc[39m[0m
[  28% ] [90m[1msavepack[22m | Storing File: res://scripts/slice/slice_race.gdc[39m[0m
[  28% ] [90m[1msavepack[22m | Storing File: res://scripts/slice/expressway_belt.gdc[39m[0m
[  29% ] [90m[1msavepack[22m | Storing File: res://scripts/fx/impact_sparks.gdc[39m[0m
[  29% ] [90m[1msavepack[22m | Storing File: res://scripts/slice/showa_signage.gdc[39m[0m
[  29% ] [90m[1msavepack[22m | Storing File: res://.godot/exported/133200997/export-a87fe8c352770fa94be3246f9bc2c95f-pedestrian.scn[39m[0m
[  29% ] [90m[1msavepack[22m | Storing File: res://scripts/drive_input.gdc[39m[0m
[  29% ] [90m[1msavepack[22m | Storing File: res://.godot/exported/133200997/export-7c311fcbf6deec8f44986c948f2e866e-cop_manager.scn[39m[0m
[  29% ] [90m[1msavepack[22m | Storing File: res://shaders/shuto_facade.gdshader[39m[0m
[  30% ] [90m[1msavepack[22m | Storing File: res://.godot/exported/133200997/export-9953c68f21b1abe9a55639e4a7c949cc-toon_test.scn[39m[0m
[  30% ] [90m[1msavepack[22m | Storing File: res://scripts/kit/tuning_panel.gdc[39m[0m
[  30% ] [90m[1msavepack[22m | Storing File: res://shaders/stylized_sky_mobile.gdshader[39m[0m
[  30% ] [90m[1msavepack[22m | Storing File: res://scripts/game_config.gdc[39m[0m
[  30% ] [90m[1msavepack[22m | Storing File: res://scripts/vehicle.gdc[39m[0m
[  30% ] [90m[1msavepack[22m | Storing File: res://scripts/crime_bus.gdc[39m[0m
[  31% ] [90m[1msavepack[22m | Storing File: res://shaders/sedan_finish.gdshader[39m[0m
[  31% ] [90m[1msavepack[22m | Storing File: res://scripts/mp_input_provider.gdc[39m[0m
[  31% ] [90m[1msavepack[22m | Storing File: res://scripts/lower_city/sign_reader.gdc[39m[0m
[  31% ] [90m[1msavepack[22m | Storing File: res://scripts/lower_city/glyph_atlas.gdc[39m[0m
[  31% ] [90m[1msavepack[22m | Storing File: res://.godot/imported/bridge_suspension.glb-0fd5aa13b4bb610cbee7097673516948.scn[39m[0m
[  31% ] [90m[1msavepack[22m | Storing File: res://assets/td-119/bridge_suspension.glb.import[39m[0m
[  31% ] [90m[1msavepack[22m | Storing File: res://.godot/imported/bridge_suspension_bridge_rail.png-09586d70444eb9743da57790c6219a5f.ctex[39m[0m
[  31% ] [90m[1msavepack[22m | Storing File: res://assets/td-119/bridge_suspension_bridge_rail.png.import[39m[0m
[  32% ] [90m[1msavepack[22m | Storing File: res://.godot/imported/bridge_suspension_bridge_road.png-969325df79e23e2304c2b6fb9ac18ec8.ctex[39m[0m
[  32% ] [90m[1msavepack[22m | Storing File: res://assets/td-119/bridge_suspension_bridge_road.png.import[39m[0m
[  32% ] [90m[1msavepack[22m | Storing File: res://.godot/imported/bridge_suspension_truss_grime.png-6aa4b72fb3d59e38bbf4a0034afb1bbb.ctex[39m[0m
[  32% ] [90m[1msavepack[22m | Storing File: res://assets/td-119/bridge_suspension_truss_grime.png.import[39m[0m
[  32% ] [90m[1msavepack[22m | Storing File: res://.godot/imported/downtown_facade.glb-7e6bd1b53169d20e2094302911bd69e1.scn[39m[0m
[  32% ] [90m[1msavepack[22m | Storing File: res://assets/td-119/downtown_facade.glb.import[39m[0m
[  32% ] [90m[1msavepack[22m | Storing File: res://.godot/imported/downtown_facade_awning_diff.png-0cce632f0fdc629ffdf4057c1ff88967.ctex[39m[0m
[  32% ] [90m[1msavepack[22m | Storing File: res://assets/td-119/downtown_facade_awning_diff.png.import[39m[0m
[  32% ] [90m[1msavepack[22m | Storing File: res://.godot/imported/downtown_facade_bb_open24_diff.png-63fca4578cae6efeec5dc723c059fe77.ctex[39m[0m
[  32% ] [90m[1msavepack[22m | Storing File: res://assets/td-119/downtown_facade_bb_open24_diff.png.import[39m[0m
[  32% ] [90m[1msavepack[22m | Storing File: res://.godot/imported/downtown_facade_bb_open24_emis.png-37872da725b7e39eb655c078458629a8.ctex[39m[0m
[  32% ] [90m[1msavepack[22m | Storing File: res://assets/td-119/downtown_facade_bb_open24_emis.png.import[39m[0m
[  33% ] [90m[1msavepack[22m | Storing File: res://.godot/imported/downtown_facade_bb_uri_diff.png-69ca84da29f97ba76745e9699ecf7675.ctex[39m[0m
[  33% ] [90m[1msavepack[22m | Storing File: res://assets/td-119/downtown_facade_bb_uri_diff.png.import[39m[0m
[  33% ] [90m[1msavepack[22m | Storing File: res://.godot/imported/downtown_facade_bb_uri_emis.png-7273b24831907c362cbf23848a586599.ctex[39m[0m
[  33% ] [90m[1msavepack[22m | Storing File: res://assets/td-119/downtown_facade_bb_uri_emis.png.import[39m[0m
[  33% ] [90m[1msavepack[22m | Storing File: res://.godot/imported/downtown_facade_facA_diff.png-366a86d1ccb6d22cbc00b14aa9c98dd4.ctex[39m[0m
[  33% ] [90m[1msavepack[22m | Storing File: res://assets/td-119/downtown_facade_facA_diff.png.import[39m[0m
[  33% ] [90m[1msavepack[22m | Storing File: res://.godot/imported/downtown_facade_facA_emis.png-d047184d5de390ea502805ae01e44005.ctex[39m[0m
[  33% ] [90m[1msavepack[22m | Storing File: res://assets/td-119/downtown_facade_facA_emis.png.import[39m[0m
[  33% ] [90m[1msavepack[22m | Storing File: res://.godot/imported/downtown_facade_facB_diff.png-fe8f3db7817c3ffbc73075a1d7c37d33.ctex[39m[0m
[  33% ] [90m[1msavepack[22m | Storing File: res://assets/td-119/downtown_facade_facB_diff.png.import[39m[0m
[  33% ] [90m[1msavepack[22m | Storing File: res://.godot/imported/downtown_facade_facB_emis.png-6aa7bcbb3b66801f9399e034d7269ecf.ctex[39m[0m
[  33% ] [90m[1msavepack[22m | Storing File: res://assets/td-119/downtown_facade_facB_emis.png.import[39m[0m
[  33% ] [90m[1msavepack[22m | Storing File: res://.godot/imported/downtown_facade_facC_diff.png-25ebef486256c0d7759a0366a45b7dec.ctex[39m[0m
[  33% ] [90m[1msavepack[22m | Storing File: res://assets/td-119/downtown_facade_facC_diff.png.import[39m[0m
[  33% ] [90m[1msavepack[22m | Storing File: res://.godot/imported/downtown_facade_facC_emis.png-746560afc43ac5da28e305585a00554e.ctex[39m[0m
[  33% ] [90m[1msavepack[22m | Storing File: res://assets/td-119/downtown_facade_facC_emis.png.import[39m[0m
[  33% ] [90m[1msavepack[22m | Storing File: res://.godot/imported/downtown_facade_podium_diff.png-935627d0e639ea1c79eee15dcd0e6f58.ctex[39m[0m
[  33% ] [90m[1msavepack[22m | Storing File: res://assets/td-119/downtown_facade_podium_diff.png.import[39m[0m
[  33% ] [90m[1msavepack[22m | Storing File: res://.godot/imported/downtown_facade_podium_emis.png-2f7734f63f254b28b0a2169f76052620.ctex[39m[0m
[  33% ] [90m[1msavepack[22m | Storing File: res://assets/td-119/downtown_facade_podium_emis.png.import[39m[0m
[  33% ] [90m[1msavepack[22m | Storing File: res://.godot/imported/downtown_facade_sideA_diff.png-2ee7744bd253b46e5d97cd71014b9be0.ctex[39m[0m
[  33% ] [90m[1msavepack[22m | Storing File: res://assets/td-119/downtown_facade_sideA_diff.png.import[39m[0m
[  33% ] [90m[1msavepack[22m | Storing File: res://.godot/imported/downtown_facade_sideA_emis.png-3f3951aa39d511e755539791dc5b7ee9.ctex[39m[0m
[  33% ] [90m[1msavepack[22m | Storing File: res://assets/td-119/downtown_facade_sideA_emis.png.import[39m[0m
[  34% ] [90m[1msavepack[22m | Storing File: res://.godot/imported/downtown_facade_sideB_diff.png-18ce4dc677d531e20d78a1a5698ddd61.ctex[39m[0m
[  34% ] [90m[1msavepack[22m | Storing File: res://assets/td-119/downtown_facade_sideB_diff.png.import[39m[0m
[  34% ] [90m[1msavepack[22m | Storing File: res://.godot/imported/downtown_facade_sideB_emis.png-175adcfa82c6ee9e31e4d8de23908541.ctex[39m[0m
[  34% ] [90m[1msavepack[22m | Storing File: res://assets/td-119/downtown_facade_sideB_emis.png.import[39m[0m
[  34% ] [90m[1msavepack[22m | Storing File: res://.godot/imported/downtown_facade_sideC_diff.png-679578a767cda5566a733b7678612fd2.ctex[39m[0m
[  34% ] [90m[1msavepack[22m | Storing File: res://assets/td-119/downtown_facade_sideC_diff.png.import[39m[0m
[  34% ] [90m[1msavepack[22m | Storing File: res://.godot/imported/downtown_facade_sideC_emis.png-6ce37a7b9ce5269f7d803599fb527d79.ctex[39m[0m
[  34% ] [90m[1msavepack[22m | Storing File: res://assets/td-119/downtown_facade_sideC_emis.png.import[39m[0m
[  34% ] [90m[1msavepack[22m | Storing File: res://.godot/imported/downtown_facade_sign_biyouin_diff.png-9db413f9101334285245f287dad45173.ctex[39m[0m
[  34% ] [90m[1msavepack[22m | Storing File: res://assets/td-119/downtown_facade_sign_biyouin_diff.png.import[39m[0m
[  34% ] [90m[1msavepack[22m | Storing File: res://.godot/imported/downtown_facade_sign_biyouin_emis.png-ae2144a32a03895358fc4465494dd582.ctex[39m[0m
[  34% ] [90m[1msavepack[22m | Storing File: res://assets/td-119/downtown_facade_sign_biyouin_emis.png.import[39m[0m
[  35% ] [90m[1msavepack[22m | Storing File: res://.godot/imported/downtown_facade_sign_game_diff.png-966c3dd60a5bfce8592fb97fa67b3e54.ctex[39m[0m
[  35% ] [90m[1msavepack[22m | Storing File: res://assets/td-119/downtown_facade_sign_game_diff.png.import[39m[0m
[  35% ] [90m[1msavepack[22m | Storing File: res://.godot/imported/downtown_facade_sign_game_emis.png-dcb0c3f34b3828acd2151e04ffb11483.ctex[39m[0m
[  35% ] [90m[1msavepack[22m | Storing File: res://assets/td-119/downtown_facade_sign_game_emis.png.import[39m[0m
[  35% ] [90m[1msavepack[22m | Storing File: res://.godot/imported/downtown_facade_sign_izakaya_diff.png-461c8ac1a41e0fbd5042b2f8c917248d.ctex[39m[0m
[  35% ] [90m[1msavepack[22m | Storing File: res://assets/td-119/downtown_facade_sign_izakaya_diff.png.import[39m[0m
[  35% ] [90m[1msavepack[22m | Storing File: res://.godot/imported/downtown_facade_sign_izakaya_emis.png-ad94a2be3d2c6786e7823c4db27f3609.ctex[39m[0m
[  35% ] [90m[1msavepack[22m | Storing File: res://assets/td-119/downtown_facade_sign_izakaya_emis.png.import[39m[0m
[  35% ] [90m[1msavepack[22m | Storing File: res://.godot/imported/downtown_facade_sign_karaoke_diff.png-a3aa755bea1e4629436577f125230d09.ctex[39m[0m
[  35% ] [90m[1msavepack[22m | Storing File: res://assets/td-119/downtown_facade_sign_karaoke_diff.png.import[39m[0m
[  35% ] [90m[1msavepack[22m | Storing File: res://.godot/imported/downtown_facade_sign_karaoke_emis.png-57a1390f7fa7ebe4a6febe84c89880e6.ctex[39m[0m
[  35% ] [90m[1msavepack[22m | Storing File: res://assets/td-119/downtown_facade_sign_karaoke_emis.png.import[39m[0m
[  36% ] [90m[1msavepack[22m | Storing File: res://.godot/imported/downtown_facade_sign_kissaten_diff.png-9b72953cd1c6d23f4acffd00a4dca2fe.ctex[39m[0m
[  36% ] [90m[1msavepack[22m | Storing File: res://assets/td-119/downtown_facade_sign_kissaten_diff.png.import[39m[0m
[  36% ] [90m[1msavepack[22m | Storing File: res://.godot/imported/downtown_facade_sign_kissaten_emis.png-3c3071bc8a30b31e082d051a8afd67ad.ctex[39m[0m
[  36% ] [90m[1msavepack[22m | Storing File: res://assets/td-119/downtown_facade_sign_kissaten_emis.png.import[39m[0m
[  36% ] [90m[1msavepack[22m | Storing File: res://.godot/imported/downtown_facade_sign_pachinko_diff.png-3684a0197c026e446e0fd4c7a1e118d9.ctex[39m[0m
[  36% ] [90m[1msavepack[22m | Storing File: res://assets/td-119/downtown_facade_sign_pachinko_diff.png.import[39m[0m
[  36% ] [90m[1msavepack[22m | Storing File: res://.godot/imported/downtown_facade_sign_pachinko_emis.png-c8e24a7ff60bdf859150c2c7ebf3fa1b.ctex[39m[0m
[  36% ] [90m[1msavepack[22m | Storing File: res://assets/td-119/downtown_facade_sign_pachinko_emis.png.import[39m[0m
[  36% ] [90m[1msavepack[22m | Storing File: res://.godot/imported/downtown_facade_sign_shika_diff.png-54b362678b964bb9d6bc025eabed7439.ctex[39m[0m
[  36% ] [90m[1msavepack[22m | Storing File: res://assets/td-119/downtown_facade_sign_shika_diff.png.import[39m[0m
[  36% ] [90m[1msavepack[22m | Storing File: res://.godot/imported/downtown_facade_sign_shika_emis.png-46109f7283f3356eab0d99fa337f65ca.ctex[39m[0m
[  36% ] [90m[1msavepack[22m | Storing File: res://assets/td-119/downtown_facade_sign_shika_emis.png.import[39m[0m
[  37% ] [90m[1msavepack[22m | Storing File: res://.godot/imported/downtown_facade_sign_shoten_diff.png-763966636fc47641d6000a23eb1b0e85.ctex[39m[0m
[  37% ] [90m[1msavepack[22m | Storing File: res://assets/td-119/downtown_facade_sign_shoten_diff.png.import[39m[0m
[  37% ] [90m[1msavepack[22m | Storing File: res://.godot/imported/downtown_facade_sign_shoten_emis.png-1bd57b8487567843f911ca01df33a581.ctex[39m[0m
[  37% ] [90m[1msavepack[22m | Storing File: res://assets/td-119/downtown_facade_sign_shoten_emis.png.import[39m[0m
[  37% ] [90m[1msavepack[22m | Storing File: res://.godot/imported/downtown_facade_sign_snack_diff.png-2d30fa39e22cddb9034eccf08dd75fde.ctex[39m[0m
[  37% ] [90m[1msavepack[22m | Storing File: res://assets/td-119/downtown_facade_sign_snack_diff.png.import[39m[0m
[  37% ] [90m[1msavepack[22m | Storing File: res://.godot/imported/downtown_facade_sign_snack_emis.png-dc8b98b7fd0f7c3c3b2d3f2994ee3b27.ctex[39m[0m
[  37% ] [90m[1msavepack[22m | Storing File: res://assets/td-119/downtown_facade_sign_snack_emis.png.import[39m[0m
[  37% ] [90m[1msavepack[22m | Storing File: res://.godot/imported/downtown_facade_sign_teishoku_diff.png-0991cf8f18b843741d1fbece5374a56c.ctex[39m[0m
[  37% ] [90m[1msavepack[22m | Storing File: res://assets/td-119/downtown_facade_sign_teishoku_diff.png.import[39m[0m
[  37% ] [90m[1msavepack[22m | Storing File: res://.godot/imported/downtown_facade_sign_teishoku_emis.png-c83640b54e6757bb60ec3ea6e77c3747.ctex[39m[0m
[  37% ] [90m[1msavepack[22m | Storing File: res://assets/td-119/downtown_facade_sign_teishoku_emis.png.import[39m[0m
[  38% ] [90m[1msavepack[22m | Storing File: res://.godot/imported/downtown_facade_sign_yakkyoku_diff.png-bba6cce64f102a4c557629423137acaf.ctex[39m[0m
[  38% ] [90m[1msavepack[22m | Storing File: res://assets/td-119/downtown_facade_sign_yakkyoku_diff.png.import[39m[0m
[  38% ] [90m[1msavepack[22m | Storing File: res://.godot/imported/downtown_facade_sign_yakkyoku_emis.png-0b054ab126e4db584816afe2fe90c5d5.ctex[39m[0m
[  38% ] [90m[1msavepack[22m | Storing File: res://assets/td-119/downtown_facade_sign_yakkyoku_emis.png.import[39m[0m
[  38% ] [90m[1msavepack[22m | Storing File: res://.godot/imported/port_crane.glb-9d8eb396cd519ab6875423611b45e644.scn[39m[0m
[  38% ] [90m[1msavepack[22m | Storing File: res://assets/td-119/port_crane.glb.import[39m[0m
[  38% ] [90m[1msavepack[22m | Storing File: res://.godot/imported/scramble_crossing.glb-6d1e6f1c4b381e126286bed1d253dc92.scn[39m[0m
[  38% ] [90m[1msavepack[22m | Storing File: res://assets/td-119/scramble_crossing.glb.import[39m[0m
[  38% ] [90m[1msavepack[22m | Storing File: res://.godot/imported/scramble_crossing_asphalt_diff.png-75bdb5468aee470878eb1e9e239480e0.ctex[39m[0m
[  38% ] [90m[1msavepack[22m | Storing File: res://assets/td-119/scramble_crossing_asphalt_diff.png.import[39m[0m
[  38% ] [90m[1msavepack[22m | Storing File: res://.godot/imported/scramble_crossing_asphalt_rough.png-8c439ad5d312254736000a6f6179476b.ctex[39m[0m
[  38% ] [90m[1msavepack[22m | Storing File: res://assets/td-119/scramble_crossing_asphalt_rough.png.import[39m[0m
[  39% ] [90m[1msavepack[22m | Storing File: res://.godot/imported/scramble_crossing_paint_worn.png-2ddb4fbd3d24051dee7bb38b799671a7.ctex[39m[0m
[  39% ] [90m[1msavepack[22m | Storing File: res://assets/td-119/scramble_crossing_paint_worn.png.import[39m[0m
[  39% ] [90m[1msavepack[22m | Storing File: res://.godot/imported/scramble_crossing_sidewalk_diff.png-341b38084cae8dcc23d6bde903a03225.ctex[39m[0m
[  39% ] [90m[1msavepack[22m | Storing File: res://assets/td-119/scramble_crossing_sidewalk_diff.png.import[39m[0m
[  39% ] [90m[1msavepack[22m | Storing File: res://.godot/imported/shotengai_storefront.glb-467c9c412ec6106cb1c753d778b4929c.scn[39m[0m
[  39% ] [90m[1msavepack[22m | Storing File: res://assets/td-119/shotengai_storefront.glb.import[39m[0m
[  39% ] [90m[1msavepack[22m | Storing File: res://.godot/imported/shotengai_storefront_chochin_diff.png-2dccc79b6ffd3f000798c30f8fadd743.ctex[39m[0m
[  39% ] [90m[1msavepack[22m | Storing File: res://assets/td-119/shotengai_storefront_chochin_diff.png.import[39m[0m
[  39% ] [90m[1msavepack[22m | Storing File: res://.godot/imported/shotengai_storefront_chochin_emis.png-7280ef9f9388453287680d3833e3bc93.ctex[39m[0m
[  39% ] [90m[1msavepack[22m | Storing File: res://assets/td-119/shotengai_storefront_chochin_emis.png.import[39m[0m
[  40% ] [90m[1msavepack[22m | Storing File: res://.godot/imported/shotengai_storefront_interior_a_diff.png-6438daba3a10b4e983c2e1a887e7c8e9.ctex[39m[0m
[  40% ] [90m[1msavepack[22m | Storing File: res://assets/td-119/shotengai_storefront_interior_a_diff.png.import[39m[0m
[  40% ] [90m[1msavepack[22m | Storing File: res://.godot/imported/shotengai_storefront_interior_a_emis.png-bb15ac2cf24e49ffb9a579909b775a90.ctex[39m[0m
[  40% ] [90m[1msavepack[22m | Storing File: res://assets/td-119/shotengai_storefront_interior_a_emis.png.import[39m[0m
[  40% ] [90m[1msavepack[22m | Storing File: res://.godot/imported/shotengai_storefront_interior_b_diff.png-21194a9149752e92b02e22740a3a5484.ctex[39m[0m
[  40% ] [90m[1msavepack[22m | Storing File: res://assets/td-119/shotengai_storefront_interior_b_diff.png.import[39m[0m
[  40% ] [90m[1msavepack[22m | Storing File: res://.godot/imported/shotengai_storefront_interior_b_emis.png-83d294885b9bc666f9d7acd8ff36edbe.ctex[39m[0m
[  40% ] [90m[1msavepack[22m | Storing File: res://assets/td-119/shotengai_storefront_interior_b_emis.png.import[39m[0m
[  40% ] [90m[1msavepack[22m | Storing File: res://.godot/imported/shotengai_storefront_interior_c_diff.png-c97eff568fb1810d5c11e526cf6efaf7.ctex[39m[0m
[  40% ] [90m[1msavepack[22m | Storing File: res://assets/td-119/shotengai_storefront_interior_c_diff.png.import[39m[0m
[  40% ] [90m[1msavepack[22m | Storing File: res://.godot/imported/shotengai_storefront_interior_c_emis.png-db6d18427afe0c082804dcf02fcef295.ctex[39m[0m
[  40% ] [90m[1msavepack[22m | Storing File: res://assets/td-119/shotengai_storefront_interior_c_emis.png.import[39m[0m
[  41% ] [90m[1msavepack[22m | Storing File: res://.godot/imported/shotengai_storefront_kawara_diff.png-72bf7decc63962e634d48c0de2648f97.ctex[39m[0m
[  41% ] [90m[1msavepack[22m | Storing File: res://assets/td-119/shotengai_storefront_kawara_diff.png.import[39m[0m
[  41% ] [90m[1msavepack[22m | Storing File: res://.godot/imported/shotengai_storefront_lattice_diff.png-c8cbc1867b10434b5b905ac7d478399d.ctex[39m[0m
[  41% ] [90m[1msavepack[22m | Storing File: res://assets/td-119/shotengai_storefront_lattice_diff.png.import[39m[0m
[  41% ] [90m[1msavepack[22m | Storing File: res://.godot/imported/shotengai_storefront_lattice_emis.png-0aec9a6cb91704527d3d2ddcfa839314.ctex[39m[0m
[  41% ] [90m[1msavepack[22m | Storing File: res://assets/td-119/shotengai_storefront_lattice_emis.png.import[39m[0m
[  41% ] [90m[1msavepack[22m | Storing File: res://.godot/imported/shotengai_storefront_noren_ramen_diff.png-2a2cf3d5283e492d9cd7410b4c3c4891.ctex[39m[0m
[  41% ] [90m[1msavepack[22m | Storing File: res://assets/td-119/shotengai_storefront_noren_ramen_diff.png.import[39m[0m
[  41% ] [90m[1msavepack[22m | Storing File: res://.godot/imported/shotengai_storefront_noren_ramen_emis.png-bbeee4e4039458eac1c8cbf99e2cf814.ctex[39m[0m
[  41% ] [90m[1msavepack[22m | Storing File: res://assets/td-119/shotengai_storefront_noren_ramen_emis.png.import[39m[0m
[  41% ] [90m[1msavepack[22m | Storing File: res://.godot/imported/shotengai_storefront_noren_sakaba_diff.png-b0ab2284e06653814826d2d4ca1c03b2.ctex[39m[0m
[  41% ] [90m[1msavepack[22m | Storing File: res://assets/td-119/shotengai_storefront_noren_sakaba_diff.png.import[39m[0m
[  42% ] [90m[1msavepack[22m | Storing File: res://.godot/imported/shotengai_storefront_noren_sakaba_emis.png-05c8089c3e9dad826af80981a9dd2ef6.ctex[39m[0m
[  42% ] [90m[1msavepack[22m | Storing File: res://assets/td-119/shotengai_storefront_noren_sakaba_emis.png.import[39m[0m
[  42% ] [90m[1msavepack[22m | Storing File: res://.godot/imported/shotengai_storefront_noren_sushi_diff.png-bf027b2a69b42e570402f836051a656b.ctex[39m[0m
[  42% ] [90m[1msavepack[22m | Storing File: res://assets/td-119/shotengai_storefront_noren_sushi_diff.png.import[39m[0m
[  42% ] [90m[1msavepack[22m | Storing File: res://.godot/imported/shotengai_storefront_noren_sushi_emis.png-bc2de144f32535ef1f2d0cd2725ad9f6.ctex[39m[0m
[  42% ] [90m[1msavepack[22m | Storing File: res://assets/td-119/shotengai_storefront_noren_sushi_emis.png.import[39m[0m
[  42% ] [90m[1msavepack[22m | Storing File: res://.godot/imported/shotengai_storefront_plaster_diff.png-777a8a6b2201ac9b74ec3a1b89a0441c.ctex[39m[0m
[  42% ] [90m[1msavepack[22m | Storing File: res://assets/td-119/shotengai_storefront_plaster_diff.png.import[39m[0m
[  42% ] [90m[1msavepack[22m | Storing File: res://.godot/imported/shotengai_storefront_sidewalk_diff.png-4746a9f7f3903ac0f4516bb2960c819d.ctex[39m[0m
[  42% ] [90m[1msavepack[22m | Storing File: res://assets/td-119/shotengai_storefront_sidewalk_diff.png.import[39m[0m
[  42% ] [90m[1msavepack[22m | Storing File: res://.godot/imported/shotengai_storefront_sign_cafe_diff.png-d14ab5dbb95d83981d5f5049bb779470.ctex[39m[0m
[  42% ] [90m[1msavepack[22m | Storing File: res://assets/td-119/shotengai_storefront_sign_cafe_diff.png.import[39m[0m
[  43% ] [90m[1msavepack[22m | Storing File: res://.godot/imported/shotengai_storefront_sign_cafe_emis.png-12b33ddc2ac34829cf745cb1c6803dae.ctex[39m[0m
[  43% ] [90m[1msavepack[22m | Storing File: res://assets/td-119/shotengai_storefront_sign_cafe_emis.png.import[39m[0m
[  43% ] [90m[1msavepack[22m | Storing File: res://.godot/imported/shotengai_storefront_sign_cleaning_diff.png-44a6d7ba43ffdf203f88c8a72ebcdccb.ctex[39m[0m
[  43% ] [90m[1msavepack[22m | Storing File: res://assets/td-119/shotengai_storefront_sign_cleaning_diff.png.import[39m[0m
[  43% ] [90m[1msavepack[22m | Storing File: res://.godot/imported/shotengai_storefront_sign_cleaning_emis.png-a1eb41b7fdb90bcf338df5d11aef67fd.ctex[39m[0m
[  43% ] [90m[1msavepack[22m | Storing File: res://assets/td-119/shotengai_storefront_sign_cleaning_emis.png.import[39m[0m
[  43% ] [90m[1msavepack[22m | Storing File: res://.godot/imported/shotengai_storefront_sign_honya_diff.png-4fe475ff2c852fe715e61177f61df94d.ctex[39m[0m
[  43% ] [90m[1msavepack[22m | Storing File: res://assets/td-119/shotengai_storefront_sign_honya_diff.png.import[39m[0m
[  43% ] [90m[1msavepack[22m | Storing File: res://.godot/imported/shotengai_storefront_sign_honya_emis.png-8f03324d22fc2dee8f057536a6d54dac.ctex[39m[0m
[  43% ] [90m[1msavepack[22m | Storing File: res://assets/td-119/shotengai_storefront_sign_honya_emis.png.import[39m[0m
[  43% ] [90m[1msavepack[22m | Storing File: res://.godot/imported/shotengai_storefront_sign_kissaten_diff.png-24d61d07aefa025102b1288348b3a2e6.ctex[39m[0m
[  43% ] [90m[1msavepack[22m | Storing File: res://assets/td-119/shotengai_storefront_sign_kissaten_diff.png.import[39m[0m
[  44% ] [90m[1msavepack[22m | Storing File: res://.godot/imported/shotengai_storefront_sign_kissaten_emis.png-6ca758156f26ae68f7ec7117ac8a8bc0.ctex[39m[0m
[  44% ] [90m[1msavepack[22m | Storing File: res://assets/td-119/shotengai_storefront_sign_kissaten_emis.png.import[39m[0m
[  44% ] [90m[1msavepack[22m | Storing File: res://.godot/imported/shotengai_storefront_sign_ramen_diff.png-d857c7b1a07246e0b262671584745079.ctex[39m[0m
[  44% ] [90m[1msavepack[22m | Storing File: res://assets/td-119/shotengai_storefront_sign_ramen_diff.png.import[39m[0m
[  44% ] [90m[1msavepack[22m | Storing File: res://.godot/imported/shotengai_storefront_sign_ramen_emis.png-647daa1c2993c389690118279a856269.ctex[39m[0m
[  44% ] [90m[1msavepack[22m | Storing File: res://assets/td-119/shotengai_storefront_sign_ramen_emis.png.import[39m[0m
[  44% ] [90m[1msavepack[22m | Storing File: res://.godot/imported/shotengai_storefront_sign_sakaba_diff.png-0b90ba0527d8f155e6b915995c56509c.ctex[39m[0m
[  44% ] [90m[1msavepack[22m | Storing File: res://assets/td-119/shotengai_storefront_sign_sakaba_diff.png.import[39m[0m
[  44% ] [90m[1msavepack[22m | Storing File: res://.godot/imported/shotengai_storefront_sign_sakaba_emis.png-b22114ab02dd20d81ad4fc9cae909b39.ctex[39m[0m
[  44% ] [90m[1msavepack[22m | Storing File: res://assets/td-119/shotengai_storefront_sign_sakaba_emis.png.import[39m[0m
[  44% ] [90m[1msavepack[22m | Storing File: res://.godot/imported/shotengai_storefront_sign_saketen_diff.png-2a840a052923f4a33eb2097a9ea996a3.ctex[39m[0m
[  44% ] [90m[1msavepack[22m | Storing File: res://assets/td-119/shotengai_storefront_sign_saketen_diff.png.import[39m[0m
[  45% ] [90m[1msavepack[22m | Storing File: res://.godot/imported/shotengai_storefront_sign_saketen_emis.png-922edda4e5323283fabd994abb0ffa69.ctex[39m[0m
[  45% ] [90m[1msavepack[22m | Storing File: res://assets/td-119/shotengai_storefront_sign_saketen_emis.png.import[39m[0m
[  45% ] [90m[1msavepack[22m | Storing File: res://.godot/imported/shotengai_storefront_sign_shika_diff.png-6652a1fd765b36b898c54a967206cb09.ctex[39m[0m
[  45% ] [90m[1msavepack[22m | Storing File: res://assets/td-119/shotengai_storefront_sign_shika_diff.png.import[39m[0m
[  45% ] [90m[1msavepack[22m | Storing File: res://.godot/imported/shotengai_storefront_sign_shika_emis.png-b738187f85236ee1f68005087f5b93a5.ctex[39m[0m
[  45% ] [90m[1msavepack[22m | Storing File: res://assets/td-119/shotengai_storefront_sign_shika_emis.png.import[39m[0m
[  45% ] [90m[1msavepack[22m | Storing File: res://.godot/imported/shotengai_storefront_sign_soba_diff.png-658257ceee0934267354be5e5508bbd0.ctex[39m[0m
[  45% ] [90m[1msavepack[22m | Storing File: res://assets/td-119/shotengai_storefront_sign_soba_diff.png.import[39m[0m
[  45% ] [90m[1msavepack[22m | Storing File: res://.godot/imported/shotengai_storefront_sign_soba_emis.png-a99fa47c1b4a242db73b956190d9885e.ctex[39m[0m
[  45% ] [90m[1msavepack[22m | Storing File: res://assets/td-119/shotengai_storefront_sign_soba_emis.png.import[39m[0m
[  45% ] [90m[1msavepack[22m | Storing File: res://.godot/imported/shotengai_storefront_sign_sushi_diff.png-cdc334b669783b5ae15f8f188a7458b7.ctex[39m[0m
[  45% ] [90m[1msavepack[22m | Storing File: res://assets/td-119/shotengai_storefront_sign_sushi_diff.png.import[39m[0m
[  46% ] [90m[1msavepack[22m | Storing File: res://.godot/imported/shotengai_storefront_sign_sushi_emis.png-92aa5f3f07122de75a72227e53cc4615.ctex[39m[0m
[  46% ] [90m[1msavepack[22m | Storing File: res://assets/td-119/shotengai_storefront_sign_sushi_emis.png.import[39m[0m
[  46% ] [90m[1msavepack[22m | Storing File: res://.godot/imported/shotengai_storefront_sign_tabako_diff.png-bbd13ba5d639bae6ae7e0ac4cdbe9990.ctex[39m[0m
[  46% ] [90m[1msavepack[22m | Storing File: res://assets/td-119/shotengai_storefront_sign_tabako_diff.png.import[39m[0m
[  46% ] [90m[1msavepack[22m | Storing File: res://.godot/imported/shotengai_storefront_sign_tabako_emis.png-7bb26060169d67099bff3e91ec236120.ctex[39m[0m
[  46% ] [90m[1msavepack[22m | Storing File: res://assets/td-119/shotengai_storefront_sign_tabako_emis.png.import[39m[0m
[  46% ] [90m[1msavepack[22m | Storing File: res://.godot/imported/shotengai_storefront_sign_teishoku_diff.png-85642bcda70fd5473fa05684b687f5b3.ctex[39m[0m
[  46% ] [90m[1msavepack[22m | Storing File: res://assets/td-119/shotengai_storefront_sign_teishoku_diff.png.import[39m[0m
[  46% ] [90m[1msavepack[22m | Storing File: res://.godot/imported/shotengai_storefront_sign_teishoku_emis.png-bbb9bea9707a8fa70f62c926b2ebb3ef.ctex[39m[0m
[  46% ] [90m[1msavepack[22m | Storing File: res://assets/td-119/shotengai_storefront_sign_teishoku_emis.png.import[39m[0m
[  46% ] [90m[1msavepack[22m | Storing File: res://.godot/imported/shotengai_storefront_sign_udon_diff.png-3e78903cdada1c3ee1185cb19f8cf138.ctex[39m[0m
[  46% ] [90m[1msavepack[22m | Storing File: res://assets/td-119/shotengai_storefront_sign_udon_diff.png.import[39m[0m
[  47% ] [90m[1msavepack[22m | Storing File: res://.godot/imported/shotengai_storefront_sign_udon_emis.png-b8126cedb6cfb801a2becf43e928f809.ctex[39m[0m
[  47% ] [90m[1msavepack[22m | Storing File: res://assets/td-119/shotengai_storefront_sign_udon_emis.png.import[39m[0m
[  47% ] [90m[1msavepack[22m | Storing File: res://.godot/imported/shotengai_storefront_sign_yakiniku_diff.png-89a946ef9e45e8450cfd9012356ea789.ctex[39m[0m
[  47% ] [90m[1msavepack[22m | Storing File: res://assets/td-119/shotengai_storefront_sign_yakiniku_diff.png.import[39m[0m
[  47% ] [90m[1msavepack[22m | Storing File: res://.godot/imported/shotengai_storefront_sign_yakiniku_emis.png-0e6af031cd5c2f67ec24a0c6c347afe8.ctex[39m[0m
[  47% ] [90m[1msavepack[22m | Storing File: res://assets/td-119/shotengai_storefront_sign_yakiniku_emis.png.import[39m[0m
[  47% ] [90m[1msavepack[22m | Storing File: res://.godot/imported/shotengai_storefront_wood_diff.png-2a1de7af491bc98cc841a855450a1fdb.ctex[39m[0m
[  47% ] [90m[1msavepack[22m | Storing File: res://assets/td-119/shotengai_storefront_wood_diff.png.import[39m[0m
[  47% ] [90m[1msavepack[22m | Storing File: res://.godot/imported/signal_gantry.glb-c6687041a7b0e45716e51fe9a84745f2.scn[39m[0m
[  47% ] [90m[1msavepack[22m | Storing File: res://assets/td-119/signal_gantry.glb.import[39m[0m
[  47% ] [90m[1msavepack[22m | Storing File: res://.godot/imported/signal_gantry_gantry_A.png-78563fda1241920b22e35beedc389103.ctex[39m[0m
[  47% ] [90m[1msavepack[22m | Storing File: res://assets/td-119/signal_gantry_gantry_A.png.import[39m[0m
[  48% ] [90m[1msavepack[22m | Storing File: res://.godot/imported/signal_gantry_gantry_B.png-62172a613ccb0d9c42afbeff2c5ef346.ctex[39m[0m
[  48% ] [90m[1msavepack[22m | Storing File: res://assets/td-119/signal_gantry_gantry_B.png.import[39m[0m
[  48% ] [90m[1msavepack[22m | Storing File: res://.godot/imported/signal_gantry_gantry_C.png-31348daec80378718e436a5fecd5282b.ctex[39m[0m
[  48% ] [90m[1msavepack[22m | Storing File: res://assets/td-119/signal_gantry_gantry_C.png.import[39m[0m
[  48% ] [90m[1msavepack[22m | Storing File: res://.godot/imported/signal_gantry_gantry_yellow.png-77d76c6b14487068dae66e22b5934fc3.ctex[39m[0m
[  48% ] [90m[1msavepack[22m | Storing File: res://assets/td-119/signal_gantry_gantry_yellow.png.import[39m[0m
[  48% ] [90m[1msavepack[22m | Storing File: res://.godot/imported/street_lamp.glb-14d23d37eb71745dbb78efc807d79760.scn[39m[0m
[  48% ] [90m[1msavepack[22m | Storing File: res://assets/td-119/street_lamp.glb.import[39m[0m
[  48% ] [90m[1msavepack[22m | Storing File: res://.godot/imported/street_tree.glb-fe688fc466409a39262768db3c48139a.scn[39m[0m
[  48% ] [90m[1msavepack[22m | Storing File: res://assets/td-119/street_tree.glb.import[39m[0m
[  48% ] [90m[1msavepack[22m | Storing File: res://.godot/imported/tokyo_tower.glb-652acbdee407408e2092576913d71c51.scn[39m[0m
[  48% ] [90m[1msavepack[22m | Storing File: res://assets/td-119/tokyo_tower.glb.import[39m[0m
[  49% ] [90m[1msavepack[22m | Storing File: res://.godot/imported/tokyo_tower_deck_tex.png-c1343a778fe4d41cee6c7a404ebd9256.ctex[39m[0m
[  49% ] [90m[1msavepack[22m | Storing File: res://assets/td-119/tokyo_tower_deck_tex.png.import[39m[0m
[  49% ] [90m[1msavepack[22m | Storing File: res://.godot/imported/tokyo_tower_deck_tex_em.png-8c541ceb1f68b76519f6ce1ad950a831.ctex[39m[0m
[  49% ] [90m[1msavepack[22m | Storing File: res://assets/td-119/tokyo_tower_deck_tex_em.png.import[39m[0m
[  49% ] [90m[1msavepack[22m | Storing File: res://.godot/imported/bottle_crate.glb-3851bc09ab00823270783c1e2f8eae31.scn[39m[0m
[  49% ] [90m[1msavepack[22m | Storing File: res://assets/td-165/bottle_crate.glb.import[39m[0m
[  49% ] [90m[1msavepack[22m | Storing File: res://.godot/imported/bottle_crate_crate.png-ecf105736baa7c2ea35fb711a61998db.ctex[39m[0m
[  49% ] [90m[1msavepack[22m | Storing File: res://assets/td-165/bottle_crate_crate.png.import[39m[0m
[  49% ] [90m[1msavepack[22m | Storing File: res://.godot/imported/light_pool.glb-e46e30f446d9978ad3f8c077d95491ca.scn[39m[0m
[  49% ] [90m[1msavepack[22m | Storing File: res://assets/td-165/light_pool.glb.import[39m[0m
[  49% ] [90m[1msavepack[22m | Storing File: res://.godot/imported/light_pool_light_pool_warm.png-7e136d2a500df3e1ceaee4520e9759c8.ctex[39m[0m
[  49% ] [90m[1msavepack[22m | Storing File: res://assets/td-165/light_pool_light_pool_warm.png.import[39m[0m
[  50% ] [90m[1msavepack[22m | Storing File: res://.godot/imported/phone_booth_pillar.glb-14ed2e25beaf84db8e8ce18269ce4d23.scn[39m[0m
[  50% ] [90m[1msavepack[22m | Storing File: res://assets/td-165/phone_booth_pillar.glb.import[39m[0m
[  50% ] [90m[1msavepack[22m | Storing File: res://.godot/imported/phone_booth_pillar_booth_sign_red.png-d7f64468c2ab268eeb0af2d2ba6f437a.ctex[39m[0m
[  50% ] [90m[1msavepack[22m | Storing File: res://assets/td-165/phone_booth_pillar_booth_sign_red.png.import[39m[0m
[  50% ] [90m[1msavepack[22m | Storing File: res://.godot/imported/phone_booth_square.glb-5c4e529549e0a59522b9b7bdd18e81c6.scn[39m[0m
[  50% ] [90m[1msavepack[22m | Storing File: res://assets/td-165/phone_booth_square.glb.import[39m[0m
[  50% ] [90m[1msavepack[22m | Storing File: res://.godot/imported/phone_booth_square_booth_sign_ntt.png-a9723b4103e246eaee89f9b03d0afc9c.ctex[39m[0m
[  50% ] [90m[1msavepack[22m | Storing File: res://assets/td-165/phone_booth_square_booth_sign_ntt.png.import[39m[0m
[  50% ] [90m[1msavepack[22m | Storing File: res://.godot/imported/vending_button80s_pocari.glb-905ec2dc97d3701cf857692a0c062fd6.scn[39m[0m
[  50% ] [90m[1msavepack[22m | Storing File: res://assets/td-165/vending_button80s_pocari.glb.import[39m[0m
[  50% ] [90m[1msavepack[22m | Storing File: res://.godot/imported/vending_button80s_pocari_vend_buttons.png-831434b94aeffb7b81449fe4dc654b79.ctex[39m[0m
[  50% ] [90m[1msavepack[22m | Storing File: res://assets/td-165/vending_button80s_pocari_vend_buttons.png.import[39m[0m
[  51% ] [90m[1msavepack[22m | Storing File: res://.godot/imported/vending_button80s_pocari_vend_front_pocari.png-926c5ee3e5f85c56c85805dd251c6dc1.ctex[39m[0m
[  51% ] [90m[1msavepack[22m | Storing File: res://assets/td-165/vending_button80s_pocari_vend_front_pocari.png.import[39m[0m
[  51% ] [90m[1msavepack[22m | Storing File: res://.godot/imported/vending_button80s_pocari_vend_side_pocari.png-1373b988a5e0440710b23be5381c186c.ctex[39m[0m
[  51% ] [90m[1msavepack[22m | Storing File: res://assets/td-165/vending_button80s_pocari_vend_side_pocari.png.import[39m[0m
[  51% ] [90m[1msavepack[22m | Storing File: res://.godot/imported/vending_button80s_ucc.glb-86b21642a872832e55c81260dedd274c.scn[39m[0m
[  51% ] [90m[1msavepack[22m | Storing File: res://assets/td-165/vending_button80s_ucc.glb.import[39m[0m
[  51% ] [90m[1msavepack[22m | Storing File: res://.godot/imported/vending_button80s_ucc_vend_buttons.png-db2304ba198124598081f644da3632a2.ctex[39m[0m
[  51% ] [90m[1msavepack[22m | Storing File: res://assets/td-165/vending_button80s_ucc_vend_buttons.png.import[39m[0m
[  51% ] [90m[1msavepack[22m | Storing File: res://.godot/imported/vending_button80s_ucc_vend_front_ucc.png-dff6f1cea37cbf39fc593ab28b53a814.ctex[39m[0m
[  51% ] [90m[1msavepack[22m | Storing File: res://assets/td-165/vending_button80s_ucc_vend_front_ucc.png.import[39m[0m
[  51% ] [90m[1msavepack[22m | Storing File: res://.godot/imported/vending_button80s_ucc_vend_side_ucc.png-49da1586405c2fd57c02f28afec3f810.ctex[39m[0m
[  51% ] [90m[1msavepack[22m | Storing File: res://assets/td-165/vending_button80s_ucc_vend_side_ucc.png.import[39m[0m
[  52% ] [90m[1msavepack[22m | Storing File: res://.godot/imported/vending_flat70s_cocacola.glb-cf137ee68c2c98725baea10915511d88.scn[39m[0m
[  52% ] [90m[1msavepack[22m | Storing File: res://assets/td-165/vending_flat70s_cocacola.glb.import[39m[0m
[  52% ] [90m[1msavepack[22m | Storing File: res://.godot/imported/vending_flat70s_cocacola_vend_front_cocacola.png-0ed1215db6ba9148edc3c0b02a7994f1.ctex[39m[0m
[  52% ] [90m[1msavepack[22m | Storing File: res://assets/td-165/vending_flat70s_cocacola_vend_front_cocacola.png.import[39m[0m
[  52% ] [90m[1msavepack[22m | Storing File: res://.godot/imported/vending_flat70s_cocacola_vend_side_cocacola.png-62256aa62bfda09e964cea118b5243aa.ctex[39m[0m
[  52% ] [90m[1msavepack[22m | Storing File: res://assets/td-165/vending_flat70s_cocacola_vend_side_cocacola.png.import[39m[0m
[  52% ] [90m[1msavepack[22m | Storing File: res://.godot/imported/vending_flat70s_pokka.glb-cbb2b869406d2f491f8374c8fc131b89.scn[39m[0m
[  52% ] [90m[1msavepack[22m | Storing File: res://assets/td-165/vending_flat70s_pokka.glb.import[39m[0m
[  52% ] [90m[1msavepack[22m | Storing File: res://.godot/imported/vending_flat70s_pokka_vend_front_pokka.png-28cd2cbf53b3132d1973c69b8eaf072c.ctex[39m[0m
[  52% ] [90m[1msavepack[22m | Storing File: res://assets/td-165/vending_flat70s_pokka_vend_front_pokka.png.import[39m[0m
[  52% ] [90m[1msavepack[22m | Storing File: res://.godot/imported/vending_flat70s_pokka_vend_side_pokka.png-60dc1cb6700c51ce45a6cc3e5c230562.ctex[39m[0m
[  52% ] [90m[1msavepack[22m | Storing File: res://assets/td-165/vending_flat70s_pokka_vend_side_pokka.png.import[39m[0m
[  53% ] [90m[1msavepack[22m | Storing File: res://.godot/imported/jizo_hokora.glb-43fad85e7a9e99856c647ee83f8fc0a3.scn[39m[0m
[  53% ] [90m[1msavepack[22m | Storing File: res://assets/td-168/jizo_hokora.glb.import[39m[0m
[  53% ] [90m[1msavepack[22m | Storing File: res://.godot/imported/jizo_shed.glb-297b4f3ef4bfd7337b7a67ca410d5a82.scn[39m[0m
[  53% ] [90m[1msavepack[22m | Storing File: res://assets/td-168/jizo_shed.glb.import[39m[0m
[  53% ] [90m[1msavepack[22m | Storing File: res://.godot/imported/koban_brick.glb-7df1a4b8d191836cc6af1b246191a7b7.scn[39m[0m
[  53% ] [90m[1msavepack[22m | Storing File: res://assets/td-168/koban_brick.glb.import[39m[0m
[  53% ] [90m[1msavepack[22m | Storing File: res://.godot/imported/koban_concrete.glb-744ded7dfb67b49c84afea1504b21421.scn[39m[0m
[  53% ] [90m[1msavepack[22m | Storing File: res://assets/td-168/koban_concrete.glb.import[39m[0m
[  53% ] [90m[1msavepack[22m | Storing File: res://.godot/imported/sento.glb-23b01410b4445c800101f79a1352ee1b.scn[39m[0m
[  53% ] [90m[1msavepack[22m | Storing File: res://assets/td-168/sento.glb.import[39m[0m
[  53% ] [90m[1msavepack[22m | Storing File: res://scripts/traffic.gdc[39m[0m
[  54% ] [90m[1msavepack[22m | Storing File: res://.godot/exported/133200997/export-c41b23970eca61300535e8a2589536a9-city_signs.scn[39m[0m
[  54% ] [90m[1msavepack[22m | Storing File: res://scripts/ui/damage_vignette.gdc[39m[0m
[  54% ] [90m[1msavepack[22m | Storing File: res://scripts/lower_city/city_signs.gdc[39m[0m
[  54% ] [90m[1msavepack[22m | Storing File: res://scenes/toon_test.gdc[39m[0m
[  54% ] [90m[1msavepack[22m | Storing File: res://.godot/exported/133200997/export-7046372a2f8e05f2458896feb50045f3-tripo_car_coupe.scn[39m[0m
[  54% ] [90m[1msavepack[22m | Storing File: res://scripts/game_signals.gdc[39m[0m
[  55% ] [90m[1msavepack[22m | Storing File: res://scripts/multiplayer_trace.gdc[39m[0m
[  55% ] [90m[1msavepack[22m | Storing File: res://scripts/pedestrian_manager.gdc[39m[0m
[  55% ] [90m[1msavepack[22m | Storing File: res://shaders/anime/anime_city.gdshader[39m[0m
[  55% ] [90m[1msavepack[22m | Storing File: res://shaders/anime/anime_streak.gdshader[39m[0m
[  55% ] [90m[1msavepack[22m | Storing File: res://shaders/anime/anime_road_2s.gdshader[39m[0m
[  55% ] [90m[1msavepack[22m | Storing File: res://scripts/lower_city/fuel_profile.gdc[39m[0m
[  56% ] [90m[1msavepack[22m | Storing File: res://scripts/traffic/city_traffic_ai.gdc[39m[0m
[  56% ] [90m[1msavepack[22m | Storing File: res://scripts/traffic/city_traffic.gdc[39m[0m
[  56% ] [90m[1msavepack[22m | Storing File: res://scripts/slice/pole_kit_placer.gdc[39m[0m
[  56% ] [90m[1msavepack[22m | Storing File: res://.godot/exported/133200997/export-f2fe2f689c20cdc1ccd5ac5035b706f7-tokyo_car.scn[39m[0m
[  56% ] [90m[1msavepack[22m | Storing File: res://scripts/lower_city/wanted_symbol.gdc[39m[0m
[  56% ] [90m[1msavepack[22m | Storing File: res://scripts/remote_snapshot_interpolator.gdc[39m[0m
[  57% ] [90m[1msavepack[22m | Storing File: res://.godot/exported/133200997/export-5b86c651714e890eb8ef161ef4595909-pedestrian_manager.scn[39m[0m
[  57% ] [90m[1msavepack[22m | Storing File: res://scripts/world_builder.gdc[39m[0m
[  57% ] [90m[1msavepack[22m | Storing File: res://.godot/imported/tenjin_slab.glb-8420185d1f471be9bdcdd39cacbeaf0d.scn[39m[0m
[  57% ] [90m[1msavepack[22m | Storing File: res://assets/td-186/buildings/tenjin_slab/tenjin_slab.glb.import[39m[0m
[  57% ] [90m[1msavepack[22m | Storing File: res://.godot/imported/tenjin_slab_albedo.jpg-8cd7a17931955a240439cc36269d728b.ctex[39m[0m
[  57% ] [90m[1msavepack[22m | Storing File: res://assets/td-186/buildings/tenjin_slab/tenjin_slab_albedo.jpg.import[39m[0m
[  57% ] [90m[1msavepack[22m | Storing File: res://.godot/imported/tenjin_slab_emission.jpg-858ee5b496b015d33ee74a3675a74e63.ctex[39m[0m
[  57% ] [90m[1msavepack[22m | Storing File: res://assets/td-186/buildings/tenjin_slab/tenjin_slab_emission.jpg.import[39m[0m
[  57% ] [90m[1msavepack[22m | Storing File: res://scripts/input-provider.gdc[39m[0m
[  58% ] [90m[1msavepack[22m | Storing File: res://.godot/imported/light-curved.glb-6b925e9ec50acf2e31e4894b4977cc7d.scn[39m[0m
[  58% ] [90m[1msavepack[22m | Storing File: res://models/props/light-curved.glb.import[39m[0m
[  58% ] [90m[1msavepack[22m | Storing File: res://scripts/lower_city/map_sheet.gdc[39m[0m
[  58% ] [90m[1msavepack[22m | Storing File: res://.godot/exported/133200997/export-a6fc548292ed53bd2e04f33bcd5160a5-tripo_car_suv.scn[39m[0m
[  58% ] [90m[1msavepack[22m | Storing File: res://.godot/imported/ped_dock_worker.glb-b78f778b9453eae593e0e91860e3de06.scn[39m[0m
[  58% ] [90m[1msavepack[22m | Storing File: res://assets/td-186/peds/ped_dock_worker.glb.import[39m[0m
[  58% ] [90m[1msavepack[22m | Storing File: res://.godot/imported/ped_dock_worker_albedo.jpg-9e775fca560a100a75e093de566ed5cc.ctex[39m[0m
[  58% ] [90m[1msavepack[22m | Storing File: res://assets/td-186/peds/ped_dock_worker_albedo.jpg.import[39m[0m
[  58% ] [90m[1msavepack[22m | Storing File: res://.godot/imported/ped_dock_worker_emission.jpg-0e511f404daa93109a3f18867b2373b4.ctex[39m[0m
[  58% ] [90m[1msavepack[22m | Storing File: res://assets/td-186/peds/ped_dock_worker_emission.jpg.import[39m[0m
[  59% ] [90m[1msavepack[22m | Storing File: res://.godot/imported/ped_patrol_officer.glb-25aed927a1b000550dc5b43b71224823.scn[39m[0m
[  59% ] [90m[1msavepack[22m | Storing File: res://assets/td-186/peds/ped_patrol_officer.glb.import[39m[0m
[  59% ] [90m[1msavepack[22m | Storing File: res://.godot/imported/ped_patrol_officer_albedo.jpg-4d096c1fa6d21bf735813acb4a9bc399.ctex[39m[0m
[  59% ] [90m[1msavepack[22m | Storing File: res://assets/td-186/peds/ped_patrol_officer_albedo.jpg.import[39m[0m
[  59% ] [90m[1msavepack[22m | Storing File: res://.godot/imported/ped_patrol_officer_emission.jpg-8c2834f2ae6fecede0d75828cd1de96c.ctex[39m[0m
[  59% ] [90m[1msavepack[22m | Storing File: res://assets/td-186/peds/ped_patrol_officer_emission.jpg.import[39m[0m
[  59% ] [90m[1msavepack[22m | Storing File: res://.godot/imported/ped_suited_worker.glb-933f7f7625b2a23b77f162c2cb34cca7.scn[39m[0m
[  59% ] [90m[1msavepack[22m | Storing File: res://assets/td-186/peds/ped_suited_worker.glb.import[39m[0m
[  59% ] [90m[1msavepack[22m | Storing File: res://.godot/imported/ped_suited_worker_albedo.jpg-fc5c7b0c278b041959ce4916d7244676.ctex[39m[0m
[  59% ] [90m[1msavepack[22m | Storing File: res://assets/td-186/peds/ped_suited_worker_albedo.jpg.import[39m[0m
[  60% ] [90m[1msavepack[22m | Storing File: res://.godot/imported/ped_suited_worker_emission.jpg-7bb2c6678d846b851c4695933bacc0d9.ctex[39m[0m
[  60% ] [90m[1msavepack[22m | Storing File: res://assets/td-186/peds/ped_suited_worker_emission.jpg.import[39m[0m
[  60% ] [90m[1msavepack[22m | Storing File: res://.godot/imported/ped_vendor.glb-47dea44be7de5fba032aced5fbe1fb91.scn[39m[0m
[  60% ] [90m[1msavepack[22m | Storing File: res://assets/td-186/peds/ped_vendor.glb.import[39m[0m
[  60% ] [90m[1msavepack[22m | Storing File: res://.godot/imported/ped_vendor_albedo.jpg-59ace529388b4524c3c15aaad0386fe2.ctex[39m[0m
[  60% ] [90m[1msavepack[22m | Storing File: res://assets/td-186/peds/ped_vendor_albedo.jpg.import[39m[0m
[  60% ] [90m[1msavepack[22m | Storing File: res://.godot/imported/ped_vendor_emission.jpg-a998c8140b48f7c376303e4edab684b9.ctex[39m[0m
[  60% ] [90m[1msavepack[22m | Storing File: res://assets/td-186/peds/ped_vendor_emission.jpg.import[39m[0m
[  60% ] [90m[1msavepack[22m | Storing File: res://shaders/water_night.gdshader[39m[0m
[  60% ] [90m[1msavepack[22m | Storing File: res://scripts/mp_race.gdc[39m[0m
[  61% ] [90m[1msavepack[22m | Storing File: res://.godot/imported/beacon_pylon.glb-601187d5fc6956aa91bde81b7d454ff5.scn[39m[0m
[  61% ] [90m[1msavepack[22m | Storing File: res://assets/td-186/props/beacon_pylon/beacon_pylon.glb.import[39m[0m
[  61% ] [90m[1msavepack[22m | Storing File: res://.godot/imported/beacon_pylon_albedo.jpg-3c5aff23c3c1f9ef75d0dee1732c656f.ctex[39m[0m
[  61% ] [90m[1msavepack[22m | Storing File: res://assets/td-186/props/beacon_pylon/beacon_pylon_albedo.jpg.import[39m[0m
[  61% ] [90m[1msavepack[22m | Storing File: res://.godot/imported/beacon_pylon_emission.jpg-f5d78823c1dea78b20902deffbe344c3.ctex[39m[0m
[  61% ] [90m[1msavepack[22m | Storing File: res://assets/td-186/props/beacon_pylon/beacon_pylon_emission.jpg.import[39m[0m
[  61% ] [90m[1msavepack[22m | Storing File: res://shaders/city_pop_sky.gdshader[39m[0m
[  61% ] [90m[1msavepack[22m | Storing File: res://.godot/imported/gas_pump_blue.glb-ba4aecc34bb13237c999e5af360f9379.scn[39m[0m
[  61% ] [90m[1msavepack[22m | Storing File: res://models/props/td174/gas_pump_blue.glb.import[39m[0m
[  61% ] [90m[1msavepack[22m | Storing File: res://.godot/imported/curve_mirror.glb-6545a976d5b21ca4086c8db9dcba2103.scn[39m[0m
[  61% ] [90m[1msavepack[22m | Storing File: res://assets/td-186/props/curve_mirror/curve_mirror.glb.import[39m[0m
[  62% ] [90m[1msavepack[22m | Storing File: res://.godot/imported/curve_mirror_albedo.jpg-59068afbc2c7eadd90b15b2e45a35051.ctex[39m[0m
[  62% ] [90m[1msavepack[22m | Storing File: res://assets/td-186/props/curve_mirror/curve_mirror_albedo.jpg.import[39m[0m
[  62% ] [90m[1msavepack[22m | Storing File: res://.godot/exported/133200997/export-dd4d67a5256df6836d416031636662e4-mp_race.scn[39m[0m
[  62% ] [90m[1msavepack[22m | Storing File: res://.godot/exported/133200997/export-bfc76b8a7d4505dd6862fc538172f306-gig_hud.scn[39m[0m
[  62% ] [90m[1msavepack[22m | Storing File: res://scripts/slice/slice_world.gdc[39m[0m
[  62% ] [90m[1msavepack[22m | Storing File: res://scripts/mp_nameplate.gdc[39m[0m
[  62% ] [90m[1msavepack[22m | Storing File: res://shaders/anime/anime_road.gdshader[39m[0m
[  63% ] [90m[1msavepack[22m | Storing File: res://scripts/impact_fx.gdc[39m[0m
[  63% ] [90m[1msavepack[22m | Storing File: res://scripts/lower_city/city_driver.gdc[39m[0m
[  63% ] [90m[1msavepack[22m | Storing File: res://scripts/ui/damage_bar.gdc[39m[0m
[  63% ] [90m[1msavepack[22m | Storing File: res://scripts/lower_city/hud_edge_dock.gdc[39m[0m
[  63% ] [90m[1msavepack[22m | Storing File: res://.godot/exported/133200997/export-9b94f7c17f57ae48ff8be35e1ce3dbc1-city_world.scn[39m[0m
[  63% ] [90m[1msavepack[22m | Storing File: res://.godot/exported/133200997/export-6bde02f316ec9e6576e002fa6c595f9d-trail-smoke-material.res[39m[0m
[  64% ] [90m[1msavepack[22m | Storing File: res://.godot/exported/133200997/export-93cfaa6f4b46d419838f2ffa5220fdd4-arrest_sequence.scn[39m[0m
[  64% ] [90m[1msavepack[22m | Storing File: res://.godot/exported/133200997/export-a5ade3e5df9186812a985c16fc3bfe79-police_trim.res[39m[0m
[  64% ] [90m[1msavepack[22m | Storing File: res://scripts/touch_state.gdc[39m[0m
[  64% ] [90m[1msavepack[22m | Storing File: res://scripts/td186/td186_car_model.gdc[39m[0m
[  64% ] [90m[1msavepack[22m | Storing File: res://shaders/slice_water.gdshader[39m[0m
[  64% ] [90m[1msavepack[22m | Storing File: res://.godot/exported/133200997/export-09a670b8572593c4cd5c4da4e57ee8b8-gig_dispatch.scn[39m[0m
[  65% ] [90m[1msavepack[22m | Storing File: res://scripts/slice/living_city.gdc[39m[0m
[  65% ] [90m[1msavepack[22m | Storing File: res://.godot/imported/jnr-canopy-edge.glb-91f13631fddfbf002b4c996b70f715a3.scn[39m[0m
[  65% ] [90m[1msavepack[22m | Storing File: res://models/props/jnr-canopy-edge.glb.import[39m[0m
[  65% ] [90m[1msavepack[22m | Storing File: res://scripts/touch_controls.gdc[39m[0m
[  65% ] [90m[1msavepack[22m | Storing File: res://.godot/imported/tube_pedestal.glb-a47b5c7e6312d625d3d98a3b4430045e.scn[39m[0m
[  65% ] [90m[1msavepack[22m | Storing File: res://assets/td-186/props/tube_pedestal/tube_pedestal.glb.import[39m[0m
[  65% ] [90m[1msavepack[22m | Storing File: res://.godot/imported/tube_pedestal_albedo.jpg-af25657d4ca7ddac44abea9303032046.ctex[39m[0m
[  65% ] [90m[1msavepack[22m | Storing File: res://assets/td-186/props/tube_pedestal/tube_pedestal_albedo.jpg.import[39m[0m
[  65% ] [90m[1msavepack[22m | Storing File: res://.godot/imported/tube_pedestal_emission.jpg-b2c182ba2a1c3fa68395dac412eb632f.ctex[39m[0m
[  65% ] [90m[1msavepack[22m | Storing File: res://assets/td-186/props/tube_pedestal/tube_pedestal_emission.jpg.import[39m[0m
[  66% ] [90m[1msavepack[22m | Storing File: res://scripts/lower_city/city_router.gdc[39m[0m
[  66% ] [90m[1msavepack[22m | Storing File: res://scripts/lower_city/lower_city.gdc[39m[0m
[  66% ] [90m[1msavepack[22m | Storing File: res://shaders/anime/anime_vcol.gdshader[39m[0m
[  66% ] [90m[1msavepack[22m | Storing File: res://.godot/imported/icon.png-487276ed1e3a0c39cad0279d744ee560.ctex[39m[0m
[  66% ] [90m[1msavepack[22m | Storing File: res://icon.png.import[39m[0m
[  66% ] [90m[1msavepack[22m | Storing File: res://scripts/kenney_car_model.gdc[39m[0m
[  66% ] [90m[1msavepack[22m | Storing File: res://scripts/anime/anime_adapter_slice.gdc[39m[0m
[  66% ] [90m[1msavepack[22m | Storing File: res://shaders/toon/toon_base.gdshader[39m[0m
[  66% ] [90m[1msavepack[22m | Storing File: res://.godot/imported/kissaten.glb-cdab627e67d36d55a2593a41b8a4eb02.scn[39m[0m
[  66% ] [90m[1msavepack[22m | Storing File: res://assets/td-186/storefronts/kissaten/kissaten.glb.import[39m[0m
[  66% ] [90m[1msavepack[22m | Storing File: res://.godot/imported/kissaten_albedo.jpg-86f15a8cd1ecfbb3a1e150317ec98c17.ctex[39m[0m
[  66% ] [90m[1msavepack[22m | Storing File: res://assets/td-186/storefronts/kissaten/kissaten_albedo.jpg.import[39m[0m
[  66% ] [90m[1msavepack[22m | Storing File: res://.godot/imported/kissaten_emission.jpg-b623017316d7d4643f98f3eb24061ae3.ctex[39m[0m
[  66% ] [90m[1msavepack[22m | Storing File: res://assets/td-186/storefronts/kissaten/kissaten_emission.jpg.import[39m[0m
[  66% ] [90m[1msavepack[22m | Storing File: res://.godot/imported/barrierWhite.glb-5300169c5fd72f43d427a5314f0c4c7b.scn[39m[0m
[  66% ] [90m[1msavepack[22m | Storing File: res://models/props/barrierWhite.glb.import[39m[0m
[  66% ] [90m[1msavepack[22m | Storing File: res://shaders/fx/impact_star.gdshader[39m[0m
[  67% ] [90m[1msavepack[22m | Storing File: res://.godot/imported/jnr-ticket-gate.glb-bc8938f7563e3770ad067d9b2e2870bb.scn[39m[0m
[  67% ] [90m[1msavepack[22m | Storing File: res://models/props/jnr-ticket-gate.glb.import[39m[0m
[  67% ] [90m[1msavepack[22m | Storing File: res://.godot/imported/ramen_window.glb-423fd2f7bea7d3e3873be5809a7ea926.scn[39m[0m
[  67% ] [90m[1msavepack[22m | Storing File: res://assets/td-186/storefronts/ramen_window/ramen_window.glb.import[39m[0m
[  67% ] [90m[1msavepack[22m | Storing File: res://.godot/imported/ramen_window_albedo.jpg-75c128b08f151304e42b1695bbc57493.ctex[39m[0m
[  67% ] [90m[1msavepack[22m | Storing File: res://assets/td-186/storefronts/ramen_window/ramen_window_albedo.jpg.import[39m[0m
[  67% ] [90m[1msavepack[22m | Storing File: res://.godot/imported/ramen_window_emission.jpg-61e5554573c25c94ba406a2ffd7d08e8.ctex[39m[0m
[  67% ] [90m[1msavepack[22m | Storing File: res://assets/td-186/storefronts/ramen_window/ramen_window_emission.jpg.import[39m[0m
[  67% ] [90m[1msavepack[22m | Storing File: res://.godot/imported/sakaya.glb-b2951118868098b9d04a908c1cfbecb2.scn[39m[0m
[  67% ] [90m[1msavepack[22m | Storing File: res://assets/td-186/storefronts/sakaya/sakaya.glb.import[39m[0m
[  67% ] [90m[1msavepack[22m | Storing File: res://.godot/imported/sakaya_albedo.jpg-62a2db21dffea165ff4d36cf7b828ed5.ctex[39m[0m
[  67% ] [90m[1msavepack[22m | Storing File: res://assets/td-186/storefronts/sakaya/sakaya_albedo.jpg.import[39m[0m
[  68% ] [90m[1msavepack[22m | Storing File: res://.godot/imported/sakaya_emission.jpg-867b8fc63e8a357c3e8fbf95fb4c54cc.ctex[39m[0m
[  68% ] [90m[1msavepack[22m | Storing File: res://assets/td-186/storefronts/sakaya/sakaya_emission.jpg.import[39m[0m
[  68% ] [90m[1msavepack[22m | Storing File: res://scripts/chase_camera.gdc[39m[0m
[  68% ] [90m[1msavepack[22m | Storing File: res://shaders/ssr_water.gdshader[39m[0m
[  68% ] [90m[1msavepack[22m | Storing File: res://scripts/td109_sedan_model.gdc[39m[0m
[  68% ] [90m[1msavepack[22m | Storing File: res://.godot/imported/tabako_kiosk.glb-e9ac38100cb9dd69ea1ef8e9e3bb9c8c.scn[39m[0m
[  68% ] [90m[1msavepack[22m | Storing File: res://assets/td-186/storefronts/tabako_kiosk/tabako_kiosk.glb.import[39m[0m
[  68% ] [90m[1msavepack[22m | Storing File: res://.godot/imported/tabako_kiosk_albedo.jpg-ead80fa60f0c88925fa6fc7635234afc.ctex[39m[0m
[  68% ] [90m[1msavepack[22m | Storing File: res://assets/td-186/storefronts/tabako_kiosk/tabako_kiosk_albedo.jpg.import[39m[0m
[  69% ] [90m[1msavepack[22m | Storing File: res://.godot/imported/tabako_kiosk_emission.jpg-34b27e5e19ccb0c811c2d2393d65e9ae.ctex[39m[0m
[  69% ] [90m[1msavepack[22m | Storing File: res://assets/td-186/storefronts/tabako_kiosk/tabako_kiosk_emission.jpg.import[39m[0m
[  69% ] [90m[1msavepack[22m | Storing File: res://.godot/imported/yakkyoku.glb-825d5bb9314987a8be6b2c9c002110fc.scn[39m[0m
[  69% ] [90m[1msavepack[22m | Storing File: res://assets/td-186/storefronts/yakkyoku/yakkyoku.glb.import[39m[0m
[  69% ] [90m[1msavepack[22m | Storing File: res://.godot/imported/yakkyoku_albedo.jpg-7d55d2226abcd45bda519cd04e3aac2d.ctex[39m[0m
[  69% ] [90m[1msavepack[22m | Storing File: res://assets/td-186/storefronts/yakkyoku/yakkyoku_albedo.jpg.import[39m[0m
[  69% ] [90m[1msavepack[22m | Storing File: res://.godot/imported/yakkyoku_emission.jpg-95977bfba8444beda549bd09b3fffb5d.ctex[39m[0m
[  69% ] [90m[1msavepack[22m | Storing File: res://assets/td-186/storefronts/yakkyoku/yakkyoku_emission.jpg.import[39m[0m
[  69% ] [90m[1msavepack[22m | Storing File: res://.godot/exported/133200997/export-6a126339b7c4dcaa1e375dcbd0d71e46-bay_strait.scn[39m[0m
[  69% ] [90m[1msavepack[22m | Storing File: res://scripts/vehicle-model.gdc[39m[0m
[  70% ] [90m[1msavepack[22m | Storing File: res://scripts/lower_city/city_touch_controls.gdc[39m[0m
[  70% ] [90m[1msavepack[22m | Storing File: res://.godot/exported/133200997/export-ea5c6ad4629af728dc514cefde332394-main_menu.scn[39m[0m
[  70% ] [90m[1msavepack[22m | Storing File: res://scripts/slice/grounded_terrain.gdc[39m[0m
[  70% ] [90m[1msavepack[22m | Storing File: res://scripts/vehicle_sphere_contacts.gdc[39m[0m
[  70% ] [90m[1msavepack[22m | Storing File: res://scripts/lower_city/fuel_station.gdc[39m[0m
[  70% ] [90m[1msavepack[22m | Storing File: res://scripts/race_bodywork.gdc[39m[0m
[  71% ] [90m[1msavepack[22m | Storing File: res://scripts/net.gdc[39m[0m
[  71% ] [90m[1msavepack[22m | Storing File: res://.godot/exported/133200997/export-c942c58cb9e9cfa5cbf75fc82c4813f4-tokyo_sedan.scn[39m[0m
[  71% ] [90m[1msavepack[22m | Storing File: res://.godot/exported/133200997/export-430fafa7143f07652337be05d58004d3-td186_car_taxi.scn[39m[0m
[  71% ] [90m[1msavepack[22m | Storing File: res://scripts/multiplayer_lobby.gdc[39m[0m
[  71% ] [90m[1msavepack[22m | Storing File: res://shaders/anime/anime_tower.gdshader[39m[0m
[  71% ] [90m[1msavepack[22m | Storing File: res://.godot/exported/133200997/export-e5e2395d8cdee0e96ac4af6cf085892a-tokyo_tripo_coupe.scn[39m[0m
[  72% ] [90m[1msavepack[22m | Storing File: res://.godot/exported/133200997/export-a0a80a2a461912d100f498ffbf04f574-tripo_car_hatchback.scn[39m[0m
[  72% ] [90m[1msavepack[22m | Storing File: res://shaders/anime/anime_car.gdshader[39m[0m
[  72% ] [90m[1msavepack[22m | Storing File: res://.godot/exported/133200997/export-365715d064a9c82d51fe4d2a62c3c8bd-minimap.scn[39m[0m
[  72% ] [90m[1msavepack[22m | Storing File: res://.godot/exported/133200997/export-200ee86a2d726be57580af76f7ac0ad7-tripo_car_van.scn[39m[0m
[  72% ] [90m[1msavepack[22m | Storing File: res://.godot/exported/133200997/export-2ab01637c27761907c2aeecdf14293a9-tokyo_vehicle.scn[39m[0m
[  72% ] [90m[1msavepack[22m | Storing File: res://scripts/lower_city/wanted_hud.gdc[39m[0m
[  73% ] [90m[1msavepack[22m | Storing File: res://scripts/traffic/city_road_graph.gdc[39m[0m
[  73% ] [90m[1msavepack[22m | Storing File: res://scripts/ui/ui_kit.gdc[39m[0m
[  73% ] [90m[1msavepack[22m | Storing File: res://scripts/slice/gas_station.gdc[39m[0m
[  73% ] [90m[1msavepack[22m | Storing File: res://.godot/exported/133200997/export-c5b2add82dde0f4d79438312db7492f9-sedan-nitro.res[39m[0m
[  73% ] [90m[1msavepack[22m | Storing File: res://.godot/imported/taxi.glb-1df786f2262f3d82744f0c1a6e832cc8.scn[39m[0m
[  73% ] [90m[1msavepack[22m | Storing File: res://assets/td-186/vehicles/taxi/taxi.glb.import[39m[0m
[  73% ] [90m[1msavepack[22m | Storing File: res://.godot/imported/taxi_albedo.jpg-14cb19e4336df11351f15bac3a359038.ctex[39m[0m
[  73% ] [90m[1msavepack[22m | Storing File: res://assets/td-186/vehicles/taxi/taxi_albedo.jpg.import[39m[0m
[  74% ] [90m[1msavepack[22m | Storing File: res://.godot/imported/taxi_emission.jpg-d2394158ce398a71696273e40695efb5.ctex[39m[0m
[  74% ] [90m[1msavepack[22m | Storing File: res://assets/td-186/vehicles/taxi/taxi_emission.jpg.import[39m[0m
[  74% ] [90m[1msavepack[22m | Storing File: res://assets/td-186/vehicles/taxi/vehicle_spec.json[39m[0m
[  74% ] [90m[1msavepack[22m | Storing File: res://assets/td-186/pedestrian_spec.json[39m[0m
[  74% ] [90m[1msavepack[22m | Storing File: res://.godot/imported/engine.ogg-254ef2e050080878a082fcee107162bd.oggvorbisstr[39m[0m
[  74% ] [90m[1msavepack[22m | Storing File: res://audio/engine.ogg.import[39m[0m
[  74% ] [90m[1msavepack[22m | Storing File: res://.godot/imported/impact.ogg-269c0252b110415bc0e0bddca8c04785.oggvorbisstr[39m[0m
[  74% ] [90m[1msavepack[22m | Storing File: res://audio/impact.ogg.import[39m[0m
[  74% ] [90m[1msavepack[22m | Storing File: res://.godot/imported/skid.ogg-f546762698e433074668bda7570f884e.oggvorbisstr[39m[0m
[  74% ] [90m[1msavepack[22m | Storing File: res://audio/skid.ogg.import[39m[0m
[  75% ] [90m[1msavepack[22m | Storing File: res://.godot/exported/133200997/export-17cdef3da29a5c55a70074cbe524bbcb-day.res[39m[0m
[  75% ] [90m[1msavepack[22m | Storing File: res://.godot/exported/133200997/export-7436eda63632e9f776fd369c3ce81015-night.res[39m[0m
[  75% ] [90m[1msavepack[22m | Storing File: res://.godot/exported/133200997/export-6c400fe46307aef7be626c1171e2e8ba-shuto_night.res[39m[0m
[  75% ] [90m[1msavepack[22m | Storing File: res://.godot/exported/133200997/export-af626036f31b939711c90debb735e00b-trench.res[39m[0m
[  75% ] [90m[1msavepack[22m | Storing File: res://.godot/exported/133200997/export-fcc1f5c16270f759f396daafb62b8962-starter_coupe.res[39m[0m
[  75% ] [90m[1msavepack[22m | Storing File: res://data/fuel/stations.json[39m[0m
[  76% ] [90m[1msavepack[22m | Storing File: res://data/lower_city/city.json[39m[0m
[  76% ] [90m[1msavepack[22m | Storing File: res://scripts/lower_city/city_kit_batch.gdc[39m[0m
[  76% ] [90m[1msavepack[22m | Storing File: res://data/traffic/sample_roads.json[39m[0m
[  76% ] [90m[1msavepack[22m | Storing File: res://data/vehicles/vehicle_spec.json[39m[0m
[  76% ] [90m[1msavepack[22m | Storing File: res://data/slice_route.json[39m[0m
[  76% ] [90m[1msavepack[22m | Storing File: res://.godot/exported/133200997/export-7b2940adce358aed211a4c4b37b03997-track_waypoints.res[39m[0m
[  77% ] [90m[1msavepack[22m | Storing File: res://.godot/exported/133200997/export-37149a9c9aa5520eb4494777a6862dac-traffic_fleet.res[39m[0m
[  77% ] [90m[1msavepack[22m | Storing File: res://.godot/imported/display-latin.ttf-0ec7a0c4f33f3abb215fabc092bd271e.fontdata[39m[0m
[  77% ] [90m[1msavepack[22m | Storing File: res://fonts/display-latin.ttf.import[39m[0m
[  77% ] [90m[1msavepack[22m | Storing File: res://.godot/imported/jp-neon.otf-7ce4635a0a12164fe60e2c7bd827aa9b.fontdata[39m[0m
[  77% ] [90m[1msavepack[22m | Storing File: res://fonts/jp-neon.otf.import[39m[0m
[  77% ] [90m[1msavepack[22m | Storing File: res://.godot/imported/kicker-cjk.ttf-93bf1bb663af8cf991f462ad5d2e3375.fontdata[39m[0m
[  77% ] [90m[1msavepack[22m | Storing File: res://fonts/kicker-cjk.ttf.import[39m[0m
[  77% ] [90m[1msavepack[22m | Storing File: res://.godot/imported/trench-signs-jp.ttf-f76a857768492233c9eef797864ab685.fontdata[39m[0m
[  77% ] [90m[1msavepack[22m | Storing File: res://fonts/trench-signs-jp.ttf.import[39m[0m
[  77% ] [90m[1msavepack[22m | Storing File: res://.godot/imported/v44-systems-jp.otf-6a822cc20f4fc4c8a586d4ab9db8581e.fontdata[39m[0m
[  77% ] [90m[1msavepack[22m | Storing File: res://fonts/v44-systems-jp.otf.import[39m[0m
[  78% ] [90m[1msavepack[22m | Storing File: res://.godot/imported/colormap.png-86375777d1b73fa48131da87edf7a444.ctex[39m[0m
[  78% ] [90m[1msavepack[22m | Storing File: res://models/cars/Textures/colormap.png.import[39m[0m
[  78% ] [90m[1msavepack[22m | Storing File: res://.godot/imported/tripo-boxtruck.glb-d2b61e47c8bfdd16e8a91283d2931090.scn[39m[0m
[  78% ] [90m[1msavepack[22m | Storing File: res://models/cars/tripo/tripo-boxtruck.glb.import[39m[0m
[  78% ] [90m[1msavepack[22m | Storing File: res://.godot/imported/tripo-boxtruck_boxtruck_color.png-e55a603406d4ae9b227e07b18bcfeb8d.ctex[39m[0m
[  78% ] [90m[1msavepack[22m | Storing File: res://models/cars/tripo/tripo-boxtruck_boxtruck_color.png.import[39m[0m
[  78% ] [90m[1msavepack[22m | Storing File: res://.godot/imported/tripo-boxtruck_NormalGL_c7e1dc33-58f0-462e-ba8e-e48caf03c892.png-76841529a6b83b36675f9e1faf5b28d7.ctex[39m[0m
[  78% ] [90m[1msavepack[22m | Storing File: res://models/cars/tripo/tripo-boxtruck_NormalGL_c7e1dc33-58f0-462e-ba8e-e48caf03c892.png.import[39m[0m
[  78% ] [90m[1msavepack[22m | Storing File: res://.godot/imported/tripo-boxtruck_ORM_c7e1dc33-58f0-462e-ba8e-e48caf03c892.png-d9e65ddb06fbd3dbc7eb7b3374941c2e.ctex[39m[0m
[  78% ] [90m[1msavepack[22m | Storing File: res://models/cars/tripo/tripo-boxtruck_ORM_c7e1dc33-58f0-462e-ba8e-e48caf03c892.png.import[39m[0m
[  79% ] [90m[1msavepack[22m | Storing File: res://.godot/imported/tripo-bus.glb-e915afe8293ecef6eb2b389a85090889.scn[39m[0m
[  79% ] [90m[1msavepack[22m | Storing File: res://models/cars/tripo/tripo-bus.glb.import[39m[0m
[  79% ] [90m[1msavepack[22m | Storing File: res://.godot/imported/tripo-bus_bus_color.png-fe8c02eb47ab718d731d2c9830327a56.ctex[39m[0m
[  79% ] [90m[1msavepack[22m | Storing File: res://models/cars/tripo/tripo-bus_bus_color.png.import[39m[0m
[  79% ] [90m[1msavepack[22m | Storing File: res://.godot/imported/tripo-bus_NormalGL_a89a4f4c-feb7-45be-8a82-315ea24c7d13.png-d34e395d2429af9786936748c868cd85.ctex[39m[0m
[  79% ] [90m[1msavepack[22m | Storing File: res://models/cars/tripo/tripo-bus_NormalGL_a89a4f4c-feb7-45be-8a82-315ea24c7d13.png.import[39m[0m
[  79% ] [90m[1msavepack[22m | Storing File: res://.godot/imported/tripo-bus_ORM_a89a4f4c-feb7-45be-8a82-315ea24c7d13.png-4bfe35f39f52b34089d9a18c07d7666f.ctex[39m[0m
[  79% ] [90m[1msavepack[22m | Storing File: res://models/cars/tripo/tripo-bus_ORM_a89a4f4c-feb7-45be-8a82-315ea24c7d13.png.import[39m[0m
[  79% ] [90m[1msavepack[22m | Storing File: res://.godot/imported/tripo-coupe.glb-daa7f7eb3a9f24938893fdba3f48cb45.scn[39m[0m
[  79% ] [90m[1msavepack[22m | Storing File: res://models/cars/tripo/tripo-coupe.glb.import[39m[0m
[  79% ] [90m[1msavepack[22m | Storing File: res://.godot/imported/tripo-coupe_coupe_color.png-e8754e6420c0cccf13318057cf3e1a6c.ctex[39m[0m
[  79% ] [90m[1msavepack[22m | Storing File: res://models/cars/tripo/tripo-coupe_coupe_color.png.import[39m[0m
[  80% ] [90m[1msavepack[22m | Storing File: res://.godot/imported/tripo-coupe_NormalGL_557ade52-bb43-491b-8c08-4db80f18231a.png-181b230e4137e1bac3a815b16c469cd8.ctex[39m[0m
[  80% ] [90m[1msavepack[22m | Storing File: res://models/cars/tripo/tripo-coupe_NormalGL_557ade52-bb43-491b-8c08-4db80f18231a.png.import[39m[0m
[  80% ] [90m[1msavepack[22m | Storing File: res://.godot/imported/tripo-coupe_ORM_557ade52-bb43-491b-8c08-4db80f18231a.png-4601dc52d521619bab1468a9ac720d54.ctex[39m[0m
[  80% ] [90m[1msavepack[22m | Storing File: res://models/cars/tripo/tripo-coupe_ORM_557ade52-bb43-491b-8c08-4db80f18231a.png.import[39m[0m
[  80% ] [90m[1msavepack[22m | Storing File: res://.godot/imported/tripo-hatchback.glb-d7fdb4ad364637342a25f3c9888dd801.scn[39m[0m
[  80% ] [90m[1msavepack[22m | Storing File: res://models/cars/tripo/tripo-hatchback.glb.import[39m[0m
[  80% ] [90m[1msavepack[22m | Storing File: res://.godot/imported/tripo-hatchback_hatchback_color.png-25edbdc7860be61d9ecff23a8455530f.ctex[39m[0m
[  80% ] [90m[1msavepack[22m | Storing File: res://models/cars/tripo/tripo-hatchback_hatchback_color.png.import[39m[0m
[  80% ] [90m[1msavepack[22m | Storing File: res://.godot/imported/tripo-hatchback_hatchback_ORM.png-f52b728142f821a9405ea4913200bab7.ctex[39m[0m
[  80% ] [90m[1msavepack[22m | Storing File: res://models/cars/tripo/tripo-hatchback_hatchback_ORM.png.import[39m[0m
[  80% ] [90m[1msavepack[22m | Storing File: res://.godot/imported/tripo-hatchback_NormalGL_190af030-f1a5-4577-aa18-bdb548fd2b9f.png-550040f77deb144dd98a49bef3d3cc22.ctex[39m[0m
[  80% ] [90m[1msavepack[22m | Storing File: res://models/cars/tripo/tripo-hatchback_NormalGL_190af030-f1a5-4577-aa18-bdb548fd2b9f.png.import[39m[0m
[  81% ] [90m[1msavepack[22m | Storing File: res://.godot/imported/tripo-keicar.glb-a497e30a894c7f49b4cb80ab768b5cfb.scn[39m[0m
[  81% ] [90m[1msavepack[22m | Storing File: res://models/cars/tripo/tripo-keicar.glb.import[39m[0m
[  81% ] [90m[1msavepack[22m | Storing File: res://.godot/imported/tripo-keicar_keicar_color.png-2eb1b2c8f07bb3eb3dce095def4a9f11.ctex[39m[0m
[  81% ] [90m[1msavepack[22m | Storing File: res://models/cars/tripo/tripo-keicar_keicar_color.png.import[39m[0m
[  81% ] [90m[1msavepack[22m | Storing File: res://.godot/imported/tripo-keicar_NormalGL_aa29fc0d-386a-465e-a1ea-41fe2438b1fc.png-781e44108b333d8ed5eaee2a177acde3.ctex[39m[0m
[  81% ] [90m[1msavepack[22m | Storing File: res://models/cars/tripo/tripo-keicar_NormalGL_aa29fc0d-386a-465e-a1ea-41fe2438b1fc.png.import[39m[0m
[  81% ] [90m[1msavepack[22m | Storing File: res://.godot/imported/tripo-keicar_ORM_aa29fc0d-386a-465e-a1ea-41fe2438b1fc.png-131757e93b987fb509edcb9518eb2fb3.ctex[39m[0m
[  81% ] [90m[1msavepack[22m | Storing File: res://models/cars/tripo/tripo-keicar_ORM_aa29fc0d-386a-465e-a1ea-41fe2438b1fc.png.import[39m[0m
[  81% ] [90m[1msavepack[22m | Storing File: res://.godot/imported/tripo-luxury.glb-18819a52447ee4d2da6828e32371d6f1.scn[39m[0m
[  81% ] [90m[1msavepack[22m | Storing File: res://models/cars/tripo/tripo-luxury.glb.import[39m[0m
[  81% ] [90m[1msavepack[22m | Storing File: res://.godot/imported/tripo-luxury_luxury_color.png-18387c86e56823948399c29ec2ef6aa0.ctex[39m[0m
[  81% ] [90m[1msavepack[22m | Storing File: res://models/cars/tripo/tripo-luxury_luxury_color.png.import[39m[0m
[  82% ] [90m[1msavepack[22m | Storing File: res://.godot/imported/tripo-luxury_NormalGL_8081eb70-41e0-4708-8b82-608dbd0cb818.png-be23418d229950938b89ac947ba3e709.ctex[39m[0m
[  82% ] [90m[1msavepack[22m | Storing File: res://models/cars/tripo/tripo-luxury_NormalGL_8081eb70-41e0-4708-8b82-608dbd0cb818.png.import[39m[0m
[  82% ] [90m[1msavepack[22m | Storing File: res://.godot/imported/tripo-luxury_ORM_8081eb70-41e0-4708-8b82-608dbd0cb818.png-bbf561cadd88e1b407abde64ce13699e.ctex[39m[0m
[  82% ] [90m[1msavepack[22m | Storing File: res://models/cars/tripo/tripo-luxury_ORM_8081eb70-41e0-4708-8b82-608dbd0cb818.png.import[39m[0m
[  82% ] [90m[1msavepack[22m | Storing File: res://.godot/imported/tripo-minivan.glb-980122419048dfd62913fc28645293a9.scn[39m[0m
[  82% ] [90m[1msavepack[22m | Storing File: res://models/cars/tripo/tripo-minivan.glb.import[39m[0m
[  82% ] [90m[1msavepack[22m | Storing File: res://.godot/imported/tripo-minivan_minivan_color.png-ecea22cdd1ee116c8abcf69f6c94002d.ctex[39m[0m
[  82% ] [90m[1msavepack[22m | Storing File: res://models/cars/tripo/tripo-minivan_minivan_color.png.import[39m[0m
[  82% ] [90m[1msavepack[22m | Storing File: res://.godot/imported/tripo-minivan_NormalGL_21d1fd92-ea32-44f3-b0b3-e84a6de25181.png-f3b5b464346418d270a72fe49ab66a8a.ctex[39m[0m
[  82% ] [90m[1msavepack[22m | Storing File: res://models/cars/tripo/tripo-minivan_NormalGL_21d1fd92-ea32-44f3-b0b3-e84a6de25181.png.import[39m[0m
[  82% ] [90m[1msavepack[22m | Storing File: res://.godot/imported/tripo-minivan_ORM_21d1fd92-ea32-44f3-b0b3-e84a6de25181.png-304610f6a33f07ea41a59c7639bfc967.ctex[39m[0m
[  82% ] [90m[1msavepack[22m | Storing File: res://models/cars/tripo/tripo-minivan_ORM_21d1fd92-ea32-44f3-b0b3-e84a6de25181.png.import[39m[0m
[  83% ] [90m[1msavepack[22m | Storing File: res://.godot/imported/tripo-pickup.glb-3766181bb6eccbfcc4b1a78fc0f1a5e8.scn[39m[0m
[  83% ] [90m[1msavepack[22m | Storing File: res://models/cars/tripo/tripo-pickup.glb.import[39m[0m
[  83% ] [90m[1msavepack[22m | Storing File: res://.godot/imported/tripo-pickup_NormalGL_82253d55-4db0-4511-aab5-aec6c1f7fad9.png-7da99ba5c1b47ceb01fa4a806f72a73b.ctex[39m[0m
[  83% ] [90m[1msavepack[22m | Storing File: res://models/cars/tripo/tripo-pickup_NormalGL_82253d55-4db0-4511-aab5-aec6c1f7fad9.png.import[39m[0m
[  83% ] [90m[1msavepack[22m | Storing File: res://.godot/imported/tripo-pickup_ORM_82253d55-4db0-4511-aab5-aec6c1f7fad9.png-3007b956f5df91d07d59c185fe957950.ctex[39m[0m
[  83% ] [90m[1msavepack[22m | Storing File: res://models/cars/tripo/tripo-pickup_ORM_82253d55-4db0-4511-aab5-aec6c1f7fad9.png.import[39m[0m
[  83% ] [90m[1msavepack[22m | Storing File: res://.godot/imported/tripo-pickup_pickup_color.png-47d5d1e85d15f814d7dd877cc0ac1916.ctex[39m[0m
[  83% ] [90m[1msavepack[22m | Storing File: res://models/cars/tripo/tripo-pickup_pickup_color.png.import[39m[0m
[  83% ] [90m[1msavepack[22m | Storing File: res://.godot/imported/tripo-sedan.glb-612773e03c24815fdf6feef57999b70f.scn[39m[0m
[  83% ] [90m[1msavepack[22m | Storing File: res://models/cars/tripo/tripo-sedan.glb.import[39m[0m
[  83% ] [90m[1msavepack[22m | Storing File: res://.godot/imported/tripo-sedan_NormalGL_6ea8a232-82a6-4b5e-838d-1cf1b8702d44.png-3a50e2ca8a5633d7127ba7a68be10e75.ctex[39m[0m
[  83% ] [90m[1msavepack[22m | Storing File: res://models/cars/tripo/tripo-sedan_NormalGL_6ea8a232-82a6-4b5e-838d-1cf1b8702d44.png.import[39m[0m
[  84% ] [90m[1msavepack[22m | Storing File: res://.godot/imported/tripo-sedan_ORM_6ea8a232-82a6-4b5e-838d-1cf1b8702d44.png-f3494b60114376152bfcd11f1a6f5163.ctex[39m[0m
[  84% ] [90m[1msavepack[22m | Storing File: res://models/cars/tripo/tripo-sedan_ORM_6ea8a232-82a6-4b5e-838d-1cf1b8702d44.png.import[39m[0m
[  84% ] [90m[1msavepack[22m | Storing File: res://.godot/imported/tripo-sedan_sedan_color.png-931b8c3406a5a807c18f0c1124be0952.ctex[39m[0m
[  84% ] [90m[1msavepack[22m | Storing File: res://models/cars/tripo/tripo-sedan_sedan_color.png.import[39m[0m
[  84% ] [90m[1msavepack[22m | Storing File: res://.godot/imported/tripo-suv.glb-efb76e9229731296d9d298d07da3876c.scn[39m[0m
[  84% ] [90m[1msavepack[22m | Storing File: res://models/cars/tripo/tripo-suv.glb.import[39m[0m
[  84% ] [90m[1msavepack[22m | Storing File: res://.godot/imported/tripo-suv_NormalGL_7f02e486-c112-4d80-a95e-d2eb9dfcd5f1.png-c38a0e856b023dc4199612ee4df93065.ctex[39m[0m
[  84% ] [90m[1msavepack[22m | Storing File: res://models/cars/tripo/tripo-suv_NormalGL_7f02e486-c112-4d80-a95e-d2eb9dfcd5f1.png.import[39m[0m
[  84% ] [90m[1msavepack[22m | Storing File: res://.godot/imported/tripo-suv_ORM_7f02e486-c112-4d80-a95e-d2eb9dfcd5f1.png-01e683ad02e0f934795c2b37dd5bfc67.ctex[39m[0m
[  84% ] [90m[1msavepack[22m | Storing File: res://models/cars/tripo/tripo-suv_ORM_7f02e486-c112-4d80-a95e-d2eb9dfcd5f1.png.import[39m[0m
[  84% ] [90m[1msavepack[22m | Storing File: res://.godot/imported/tripo-suv_suv_color.png-bd7b1f408cc3eb9a6cee50cfafb17113.ctex[39m[0m
[  84% ] [90m[1msavepack[22m | Storing File: res://models/cars/tripo/tripo-suv_suv_color.png.import[39m[0m
[  85% ] [90m[1msavepack[22m | Storing File: res://.godot/imported/tripo-van.glb-7859ac52a94363c53b2dedb80248dabc.scn[39m[0m
[  85% ] [90m[1msavepack[22m | Storing File: res://models/cars/tripo/tripo-van.glb.import[39m[0m
[  85% ] [90m[1msavepack[22m | Storing File: res://.godot/imported/tripo-van_NormalGL_236f62a2-f447-47e7-ba6b-77b2c23811b7.png-c78e80f24827ff06253f1ffd571b7011.ctex[39m[0m
[  85% ] [90m[1msavepack[22m | Storing File: res://models/cars/tripo/tripo-van_NormalGL_236f62a2-f447-47e7-ba6b-77b2c23811b7.png.import[39m[0m
[  85% ] [90m[1msavepack[22m | Storing File: res://.godot/imported/tripo-van_ORM_236f62a2-f447-47e7-ba6b-77b2c23811b7.png-8f712b9d02ee5647d7f8752d6e1935f5.ctex[39m[0m
[  85% ] [90m[1msavepack[22m | Storing File: res://models/cars/tripo/tripo-van_ORM_236f62a2-f447-47e7-ba6b-77b2c23811b7.png.import[39m[0m
[  85% ] [90m[1msavepack[22m | Storing File: res://.godot/imported/tripo-van_van_color.png-dfb052385c5ca44aba32e6f7650165f5.ctex[39m[0m
[  85% ] [90m[1msavepack[22m | Storing File: res://models/cars/tripo/tripo-van_van_color.png.import[39m[0m
[  85% ] [90m[1msavepack[22m | Storing File: res://.godot/imported/tripo-wagon.glb-025a7c88f981441fb4551de2c35eace0.scn[39m[0m
[  85% ] [90m[1msavepack[22m | Storing File: res://models/cars/tripo/tripo-wagon.glb.import[39m[0m
[  85% ] [90m[1msavepack[22m | Storing File: res://.godot/imported/tripo-wagon_NormalGL_9cd83bf5-b91c-4b1a-ab8d-7557cb40f55c.png-02eb51ea3ac8cc12eab32b24df45c4c5.ctex[39m[0m
[  85% ] [90m[1msavepack[22m | Storing File: res://models/cars/tripo/tripo-wagon_NormalGL_9cd83bf5-b91c-4b1a-ab8d-7557cb40f55c.png.import[39m[0m
[  86% ] [90m[1msavepack[22m | Storing File: res://.godot/imported/tripo-wagon_ORM_9cd83bf5-b91c-4b1a-ab8d-7557cb40f55c.png-58b764433de835912c3eede01113a07b.ctex[39m[0m
[  86% ] [90m[1msavepack[22m | Storing File: res://models/cars/tripo/tripo-wagon_ORM_9cd83bf5-b91c-4b1a-ab8d-7557cb40f55c.png.import[39m[0m
[  86% ] [90m[1msavepack[22m | Storing File: res://.godot/imported/tripo-wagon_wagon_color.png-644f192d51fdd125e808a8c561e2f5aa.ctex[39m[0m
[  86% ] [90m[1msavepack[22m | Storing File: res://models/cars/tripo/tripo-wagon_wagon_color.png.import[39m[0m
[  86% ] [90m[1msavepack[22m | Storing File: res://.godot/imported/race.glb-8057f6fb46c91c19bbadf164e6aaf8d3.scn[39m[0m
[  86% ] [90m[1msavepack[22m | Storing File: res://models/cars/race.glb.import[39m[0m
[  86% ] [90m[1msavepack[22m | Storing File: res://.godot/imported/sedan.glb-1920cc6755965f8c21b3d0bfb3243272.scn[39m[0m
[  86% ] [90m[1msavepack[22m | Storing File: res://models/cars/sedan.glb.import[39m[0m
[  86% ] [90m[1msavepack[22m | Storing File: res://.godot/imported/suv.glb-9f99cacb7cda63a46cccec8b8b3c72a4.scn[39m[0m
[  86% ] [90m[1msavepack[22m | Storing File: res://models/cars/suv.glb.import[39m[0m
[  86% ] [90m[1msavepack[22m | Storing File: res://.godot/imported/taxi.glb-8b23662f3843d532a6382070ee45f59e.scn[39m[0m
[  86% ] [90m[1msavepack[22m | Storing File: res://models/cars/taxi.glb.import[39m[0m
[  87% ] [90m[1msavepack[22m | Storing File: res://.godot/imported/van.glb-999e9be293fac829ec3ce7116d5a428a.scn[39m[0m
[  87% ] [90m[1msavepack[22m | Storing File: res://models/cars/van.glb.import[39m[0m
[  87% ] [90m[1msavepack[22m | Storing File: res://.godot/imported/colormap.png-a0cce347aa4e54d70e22854d2bc50e74.ctex[39m[0m
[  87% ] [90m[1msavepack[22m | Storing File: res://models/city/Textures/colormap.png.import[39m[0m
[  87% ] [90m[1msavepack[22m | Storing File: res://.godot/imported/building-a.glb-d23ab9b44133015f676990e21310a064.scn[39m[0m
[  87% ] [90m[1msavepack[22m | Storing File: res://models/city/building-a.glb.import[39m[0m
[  87% ] [90m[1msavepack[22m | Storing File: res://.godot/imported/building-b.glb-5d9865ef5d65f11184098cf7b1a48cdd.scn[39m[0m
[  87% ] [90m[1msavepack[22m | Storing File: res://models/city/building-b.glb.import[39m[0m
[  87% ] [90m[1msavepack[22m | Storing File: res://.godot/imported/building-c.glb-3b7764f33d5620830522df019762112b.scn[39m[0m
[  87% ] [90m[1msavepack[22m | Storing File: res://models/city/building-c.glb.import[39m[0m
[  87% ] [90m[1msavepack[22m | Storing File: res://.godot/imported/building-d.glb-ac914b8fb5653624a36f84dac90e5ec0.scn[39m[0m
[  87% ] [90m[1msavepack[22m | Storing File: res://models/city/building-d.glb.import[39m[0m
[  88% ] [90m[1msavepack[22m | Storing File: res://.godot/imported/building-e.glb-7918dc021c5fd39be624c2eae1ab69e5.scn[39m[0m
[  88% ] [90m[1msavepack[22m | Storing File: res://models/city/building-e.glb.import[39m[0m
[  88% ] [90m[1msavepack[22m | Storing File: res://.godot/imported/building-f.glb-4c889763b1ff81e49150908d179b8f54.scn[39m[0m
[  88% ] [90m[1msavepack[22m | Storing File: res://models/city/building-f.glb.import[39m[0m
[  88% ] [90m[1msavepack[22m | Storing File: res://.godot/imported/building-skyscraper-a.glb-ad0afaa5006f863cb9518eb7c0ac2e79.scn[39m[0m
[  88% ] [90m[1msavepack[22m | Storing File: res://models/city/building-skyscraper-a.glb.import[39m[0m
[  88% ] [90m[1msavepack[22m | Storing File: res://.godot/imported/building-skyscraper-b.glb-1ce2d54aaa1cdb21a3d0a82096e32e61.scn[39m[0m
[  88% ] [90m[1msavepack[22m | Storing File: res://models/city/building-skyscraper-b.glb.import[39m[0m
[  88% ] [90m[1msavepack[22m | Storing File: res://.godot/imported/banner_hw.png-7bb538098e276f96f3bde986738a084e.ctex[39m[0m
[  88% ] [90m[1msavepack[22m | Storing File: res://models/districts/textures/banner_hw.png.import[39m[0m
[  88% ] [90m[1msavepack[22m | Storing File: res://.godot/imported/sky_night.png-fba766518cc4fd6dafe82322045a99c4.ctex[39m[0m
[  88% ] [90m[1msavepack[22m | Storing File: res://models/districts/textures/sky_night.png.import[39m[0m
[  89% ] [90m[1msavepack[22m | Storing File: res://.godot/imported/town_night.png-4942572d4c7db8558cc910d38eda1a6f.ctex[39m[0m
[  89% ] [90m[1msavepack[22m | Storing File: res://models/districts/textures/town_night.png.import[39m[0m
[  89% ] [90m[1msavepack[22m | Storing File: res://.godot/imported/windows_night.png-4160b7fff613e177ac52721067294556.ctex[39m[0m
[  89% ] [90m[1msavepack[22m | Storing File: res://models/districts/textures/windows_night.png.import[39m[0m
[  89% ] [90m[1msavepack[22m | Storing File: res://.godot/imported/bay_strait.glb-7aaf2f39bae019b2ca267d7b12be8f36.scn[39m[0m
[  89% ] [90m[1msavepack[22m | Storing File: res://models/districts/bay_strait.glb.import[39m[0m
[  89% ] [90m[1msavepack[22m | Storing File: res://.godot/imported/bay_strait_0.png-3891d344fb9ed3f97540957416fb900c.s3tc.ctex[39m[0m
[  89% ] [90m[1msavepack[22m | Storing File: res://models/districts/bay_strait_0.png.import[39m[0m
[  89% ] [90m[1msavepack[22m | Storing File: res://.godot/imported/bay_strait_1.png-c2650d14d7c97a08fe15ef526273e7b5.s3tc.ctex[39m[0m
[  89% ] [90m[1msavepack[22m | Storing File: res://models/districts/bay_strait_1.png.import[39m[0m
[  89% ] [90m[1msavepack[22m | Storing File: res://.godot/imported/bay_strait_2.png-5461b314287d98b79a42bc06490179c7.s3tc.ctex[39m[0m
[  89% ] [90m[1msavepack[22m | Storing File: res://models/districts/bay_strait_2.png.import[39m[0m
[  90% ] [90m[1msavepack[22m | Storing File: res://.godot/imported/bay_strait_3.png-251930428f53b1d92055489cea84839d.s3tc.ctex[39m[0m
[  90% ] [90m[1msavepack[22m | Storing File: res://models/districts/bay_strait_3.png.import[39m[0m
[  90% ] [90m[1msavepack[22m | Storing File: res://.godot/imported/bay_strait_4.png-b64f32d80e2c1f89eb33c937371875ca.s3tc.ctex[39m[0m
[  90% ] [90m[1msavepack[22m | Storing File: res://models/districts/bay_strait_4.png.import[39m[0m
[  90% ] [90m[1msavepack[22m | Storing File: res://.godot/imported/bay_strait_5.png-bca6b2930ed60240daffba0494e2f6d2.s3tc.ctex[39m[0m
[  90% ] [90m[1msavepack[22m | Storing File: res://models/districts/bay_strait_5.png.import[39m[0m
[  90% ] [90m[1msavepack[22m | Storing File: res://.godot/imported/bay_strait_6.png-370e37ab192a09c8d11fd1f77fe33caf.s3tc.ctex[39m[0m
[  90% ] [90m[1msavepack[22m | Storing File: res://models/districts/bay_strait_6.png.import[39m[0m
[  90% ] [90m[1msavepack[22m | Storing File: res://.godot/imported/bay_strait_7.png-ef4416ab8034eac0dd03ecfc51ea3794.s3tc.ctex[39m[0m
[  90% ] [90m[1msavepack[22m | Storing File: res://models/districts/bay_strait_7.png.import[39m[0m
[  90% ] [90m[1msavepack[22m | Storing File: res://.godot/imported/bay_strait_8.png-a4ef306a3068a87d6066f93bcac783be.s3tc.ctex[39m[0m
[  90% ] [90m[1msavepack[22m | Storing File: res://models/districts/bay_strait_8.png.import[39m[0m
[  91% ] [90m[1msavepack[22m | Storing File: res://.godot/imported/bay_strait_9.png-02bd0843693d80b8c966cb3448ac01bb.s3tc.ctex[39m[0m
[  91% ] [90m[1msavepack[22m | Storing File: res://models/districts/bay_strait_9.png.import[39m[0m
[  91% ] [90m[1msavepack[22m | Storing File: res://.godot/imported/bay_strait_10.png-3d1060b7189292069e7602dea778f910.s3tc.ctex[39m[0m
[  91% ] [90m[1msavepack[22m | Storing File: res://models/districts/bay_strait_10.png.import[39m[0m
[  91% ] [90m[1msavepack[22m | Storing File: res://.godot/imported/bay_strait_11.png-32b497079f4c62b7f8e417788eed2049.s3tc.ctex[39m[0m
[  91% ] [90m[1msavepack[22m | Storing File: res://models/districts/bay_strait_11.png.import[39m[0m
[  91% ] [90m[1msavepack[22m | Storing File: res://.godot/imported/bay_strait_12.png-4c8455142aa159f7d40dd480638b1811.s3tc.ctex[39m[0m
[  91% ] [90m[1msavepack[22m | Storing File: res://models/districts/bay_strait_12.png.import[39m[0m
[  91% ] [90m[1msavepack[22m | Storing File: res://.godot/imported/bay_strait_13.png-547e77c162d2ce036cb8fea0a131085a.s3tc.ctex[39m[0m
[  91% ] [90m[1msavepack[22m | Storing File: res://models/districts/bay_strait_13.png.import[39m[0m
[  91% ] [90m[1msavepack[22m | Storing File: res://.godot/imported/bay_strait_14.png-a488f994fe2738885d285dbe10221b2d.s3tc.ctex[39m[0m
[  91% ] [90m[1msavepack[22m | Storing File: res://models/districts/bay_strait_14.png.import[39m[0m
[  92% ] [90m[1msavepack[22m | Storing File: res://.godot/imported/bay_strait_15.png-eec3889da58212b2c40ebdf50867c4b3.s3tc.ctex[39m[0m
[  92% ] [90m[1msavepack[22m | Storing File: res://models/districts/bay_strait_15.png.import[39m[0m
[  92% ] [90m[1msavepack[22m | Storing File: res://.godot/imported/bay_strait_16.png-1f080898b62fea7dcd9f3bc545cd946f.s3tc.ctex[39m[0m
[  92% ] [90m[1msavepack[22m | Storing File: res://models/districts/bay_strait_16.png.import[39m[0m
[  92% ] [90m[1msavepack[22m | Storing File: res://.godot/imported/bay_strait_17.png-476d1d53f5f100b5a214141b14d51be6.s3tc.ctex[39m[0m
[  92% ] [90m[1msavepack[22m | Storing File: res://models/districts/bay_strait_17.png.import[39m[0m
[  92% ] [90m[1msavepack[22m | Storing File: res://.godot/imported/bay_strait_18.png-415f30ee6fb23086bd494c4a4cca472a.s3tc.ctex[39m[0m
[  92% ] [90m[1msavepack[22m | Storing File: res://models/districts/bay_strait_18.png.import[39m[0m
[  92% ] [90m[1msavepack[22m | Storing File: res://.godot/imported/bay_strait_19.png-c2457e5c76cb3253e7419fbbf76d4048.s3tc.ctex[39m[0m
[  92% ] [90m[1msavepack[22m | Storing File: res://models/districts/bay_strait_19.png.import[39m[0m
[  92% ] [90m[1msavepack[22m | Storing File: res://.godot/imported/bay_strait_20.png-0f65ec9f9a030f3866c7a272906f761e.s3tc.ctex[39m[0m
[  92% ] [90m[1msavepack[22m | Storing File: res://models/districts/bay_strait_20.png.import[39m[0m
[  93% ] [90m[1msavepack[22m | Storing File: res://.godot/imported/bay_strait_21.png-4938e0ddb5464296ca059d6c5802d324.s3tc.ctex[39m[0m
[  93% ] [90m[1msavepack[22m | Storing File: res://models/districts/bay_strait_21.png.import[39m[0m
[  93% ] [90m[1msavepack[22m | Storing File: res://.godot/imported/bay_strait_22.png-70a32f643e1b191aaf66b2ec2260224e.s3tc.ctex[39m[0m
[  93% ] [90m[1msavepack[22m | Storing File: res://models/districts/bay_strait_22.png.import[39m[0m
[  93% ] [90m[1msavepack[22m | Storing File: res://.godot/imported/bay_strait_23.png-a5783225d32f7e4d567bf28230094530.s3tc.ctex[39m[0m
[  93% ] [90m[1msavepack[22m | Storing File: res://models/districts/bay_strait_23.png.import[39m[0m
[  93% ] [90m[1msavepack[22m | Storing File: res://.godot/imported/bay_strait_24.png-f05b1fb528a3d2abd292b753f8d14afb.s3tc.ctex[39m[0m
[  93% ] [90m[1msavepack[22m | Storing File: res://models/districts/bay_strait_24.png.import[39m[0m
[  93% ] [90m[1msavepack[22m | Storing File: res://.godot/imported/harbor_west.glb-3e7d88bcecddafa174eb0f73bf898c2b.scn[39m[0m
[  93% ] [90m[1msavepack[22m | Storing File: res://models/districts/harbor_west.glb.import[39m[0m
[  93% ] [90m[1msavepack[22m | Storing File: res://.godot/imported/awning_bluewhite.glb-d4c7afdc6b46f9b6d2cb30a9fadad188.scn[39m[0m
[  93% ] [90m[1msavepack[22m | Storing File: res://models/props/awnings/awning_bluewhite.glb.import[39m[0m
[  94% ] [90m[1msavepack[22m | Storing File: res://.godot/imported/awning_bluewhite_awning_stripes_blue.png-912ee00051cc7685c6f5f17e1edee623.ctex[39m[0m
[  94% ] [90m[1msavepack[22m | Storing File: res://models/props/awnings/awning_bluewhite_awning_stripes_blue.png.import[39m[0m
[  94% ] [90m[1msavepack[22m | Storing File: res://.godot/imported/awning_greenwhite.glb-3122dfe17a34cc955d04be7189108b7d.scn[39m[0m
[  94% ] [90m[1msavepack[22m | Storing File: res://models/props/awnings/awning_greenwhite.glb.import[39m[0m
[  94% ] [90m[1msavepack[22m | Storing File: res://.godot/imported/awning_greenwhite_awning_stripes_green.png-704975e6bf71dab756f4da4327c38a15.ctex[39m[0m
[  94% ] [90m[1msavepack[22m | Storing File: res://models/props/awnings/awning_greenwhite_awning_stripes_green.png.import[39m[0m
[  94% ] [90m[1msavepack[22m | Storing File: res://.godot/imported/awning_redwhite.glb-795e1e788a14339a0ad1155a2d909c40.scn[39m[0m
[  94% ] [90m[1msavepack[22m | Storing File: res://models/props/awnings/awning_redwhite.glb.import[39m[0m
[  94% ] [90m[1msavepack[22m | Storing File: res://.godot/imported/awning_redwhite_awning_stripes_red.png-d2f509a5c799bfd649fe48de37b8605b.ctex[39m[0m
[  94% ] [90m[1msavepack[22m | Storing File: res://models/props/awnings/awning_redwhite_awning_stripes_red.png.import[39m[0m
[  94% ] [90m[1msavepack[22m | Storing File: res://.godot/imported/awning_retracted.glb-71ae83eedc783a2665f2141ac692d88a.scn[39m[0m
[  94% ] [90m[1msavepack[22m | Storing File: res://models/props/awnings/awning_retracted.glb.import[39m[0m
[  95% ] [90m[1msavepack[22m | Storing File: res://.godot/imported/awning_retracted_awning_stripes_red.png-23fbed60c69ac3eca0fce7fc021fc1e2.ctex[39m[0m
[  95% ] [90m[1msavepack[22m | Storing File: res://models/props/awnings/awning_retracted_awning_stripes_red.png.import[39m[0m
[  95% ] [90m[1msavepack[22m | Storing File: res://.godot/imported/awning_worn.glb-ea1be6a31a43756a4fb47af62c9539a8.scn[39m[0m
[  95% ] [90m[1msavepack[22m | Storing File: res://models/props/awnings/awning_worn.glb.import[39m[0m
[  95% ] [90m[1msavepack[22m | Storing File: res://.godot/imported/awning_worn_awning_stripes_worn.png-148f715170aca0ae52ab4481b5d334fe.ctex[39m[0m
[  95% ] [90m[1msavepack[22m | Storing File: res://models/props/awnings/awning_worn_awning_stripes_worn.png.import[39m[0m
[  95% ] [90m[1msavepack[22m | Storing File: res://.godot/imported/att_crossarm_tier.glb-c059dd2f8eb4f4ff43609292d2c62398.scn[39m[0m
[  95% ] [90m[1msavepack[22m | Storing File: res://models/props/showa/att_crossarm_tier.glb.import[39m[0m
[  95% ] [90m[1msavepack[22m | Storing File: res://.godot/imported/att_gooseneck.glb-fe0e5a5f975d1ae26c88a6fd4434731c.scn[39m[0m
[  95% ] [90m[1msavepack[22m | Storing File: res://models/props/showa/att_gooseneck.glb.import[39m[0m
[  95% ] [90m[1msavepack[22m | Storing File: res://.godot/imported/att_horo_kanban.glb-642822011d1bf5394ca54e3ade788726.scn[39m[0m
[  95% ] [90m[1msavepack[22m | Storing File: res://models/props/showa/att_horo_kanban.glb.import[39m[0m
[  96% ] [90m[1msavepack[22m | Storing File: res://.godot/imported/att_id_plate.glb-846a76cbb9fa7a961a3a63985acd18bc.scn[39m[0m
[  96% ] [90m[1msavepack[22m | Storing File: res://models/props/showa/att_id_plate.glb.import[39m[0m
[  96% ] [90m[1msavepack[22m | Storing File: res://.godot/imported/att_insulator.glb-1e555189fa3599d7f8540229577e39de.scn[39m[0m
[  96% ] [90m[1msavepack[22m | Storing File: res://models/props/showa/att_insulator.glb.import[39m[0m
[  96% ] [90m[1msavepack[22m | Storing File: res://.godot/imported/att_transformer.glb-5bc09ff8e70dd6048f264ef2c54d53eb.scn[39m[0m
[  96% ] [90m[1msavepack[22m | Storing File: res://models/props/showa/att_transformer.glb.import[39m[0m
[  96% ] [90m[1msavepack[22m | Storing File: res://.godot/imported/pole_bare.glb-2b88c933025ec791e548771e34d9f7f8.scn[39m[0m
[  96% ] [90m[1msavepack[22m | Storing File: res://models/props/showa/pole_bare.glb.import[39m[0m
[  96% ] [90m[1msavepack[22m | Storing File: res://.godot/imported/pole_corner.glb-8fe397a562539c473a6b4cae4dee9fb1.scn[39m[0m
[  96% ] [90m[1msavepack[22m | Storing File: res://models/props/showa/pole_corner.glb.import[39m[0m
[  96% ] [90m[1msavepack[22m | Storing File: res://.godot/imported/pole_streetlight.glb-7faa3c1036b4877477af1fd76429ce46.scn[39m[0m
[  96% ] [90m[1msavepack[22m | Storing File: res://models/props/showa/pole_streetlight.glb.import[39m[0m
[  97% ] [90m[1msavepack[22m | Storing File: res://.godot/imported/pole_transformer.glb-e441e063526162d5f254c014c411c942.scn[39m[0m
[  97% ] [90m[1msavepack[22m | Storing File: res://models/props/showa/pole_transformer.glb.import[39m[0m
[  97% ] [90m[1msavepack[22m | Storing File: res://.godot/imported/gas_aframe_sign.glb-caa22d5843e736c3bd77c7506cc26448.scn[39m[0m
[  97% ] [90m[1msavepack[22m | Storing File: res://models/props/td174/gas_aframe_sign.glb.import[39m[0m
[  97% ] [90m[1msavepack[22m | Storing File: res://.godot/imported/gas_canopy_fascia_blue.glb-f0408c628e1313c06236a5395f5f06d1.scn[39m[0m
[  97% ] [90m[1msavepack[22m | Storing File: res://models/props/td174/gas_canopy_fascia_blue.glb.import[39m[0m
[  97% ] [90m[1msavepack[22m | Storing File: res://.godot/imported/gas_canopy_fascia_red.glb-9a924940850b3c1d3be6b8f4e4cfc2e2.scn[39m[0m
[  97% ] [90m[1msavepack[22m | Storing File: res://models/props/td174/gas_canopy_fascia_red.glb.import[39m[0m
[  97% ] [90m[1msavepack[22m | Storing File: res://.godot/imported/gas_canopy_roof.glb-83e2b3ffcdfede92c8706f1453c66559.scn[39m[0m
[  97% ] [90m[1msavepack[22m | Storing File: res://models/props/td174/gas_canopy_roof.glb.import[39m[0m
[  97% ] [90m[1msavepack[22m | Storing File: res://.godot/imported/gas_column.glb-7a3f06b0cb2727327c347104a770a8d6.scn[39m[0m
[  97% ] [90m[1msavepack[22m | Storing File: res://models/props/td174/gas_column.glb.import[39m[0m
[  98% ] [90m[1msavepack[22m | Storing File: res://.godot/imported/gas_enamel_plate_blue.glb-7c3c53032a587d4aa844973cb31e4143.scn[39m[0m
[  98% ] [90m[1msavepack[22m | Storing File: res://models/props/td174/gas_enamel_plate_blue.glb.import[39m[0m
[  98% ] [90m[1msavepack[22m | Storing File: res://.godot/imported/gas_enamel_plate_red.glb-3ec018dfb406c28ba80a1fc691e70627.scn[39m[0m
[  98% ] [90m[1msavepack[22m | Storing File: res://models/props/td174/gas_enamel_plate_red.glb.import[39m[0m
[  98% ] [90m[1msavepack[22m | Storing File: res://.godot/imported/gas_forecourt_pad.glb-60d5117eac18dc1df2a7cdd9d77a5e0c.scn[39m[0m
[  98% ] [90m[1msavepack[22m | Storing File: res://models/props/td174/gas_forecourt_pad.glb.import[39m[0m
[  98% ] [90m[1msavepack[22m | Storing File: res://.godot/imported/gas_hose_boom.glb-8a77f6c6b2c31564fdeae9e0c4d642c1.scn[39m[0m
[  98% ] [90m[1msavepack[22m | Storing File: res://models/props/td174/gas_hose_boom.glb.import[39m[0m
[  98% ] [90m[1msavepack[22m | Storing File: res://.godot/imported/gas_kiosk.glb-f0cd33ce88c3dc536f16c2b9865d6218.scn[39m[0m
[  98% ] [90m[1msavepack[22m | Storing File: res://models/props/td174/gas_kiosk.glb.import[39m[0m
[  98% ] [90m[1msavepack[22m | Storing File: res://scenes/tripo_car_bus.tscn.remap[39m[0m
[  98% ] [90m[1msavepack[22m | Storing File: res://scripts/traffic_fleet_config.gd.remap[39m[0m
[  98% ] [90m[1msavepack[22m | Storing File: res://scenes/lower_city/gig_menu.tscn.remap[39m[0m
[  98% ] [90m[1msavepack[22m | Storing File: res://scenes/tripo_car_boxtruck.tscn.remap[39m[0m
[  98% ] [90m[1msavepack[22m | Storing File: res://scripts/lower_city/city_data.gd.remap[39m[0m
[  98% ] [90m[1msavepack[22m | Storing File: res://scripts/vehicle-config.gd.remap[39m[0m
[  98% ] [90m[1msavepack[22m | Storing File: res://scripts/lower_city/minimap.gd.remap[39m[0m
[  98% ] [90m[1msavepack[22m | Storing File: res://scripts/td186/td186_pedestrian.gd.remap[39m[0m
[  98% ] [90m[1msavepack[22m | Storing File: res://scripts/lower_city/city_atmosphere.gd.remap[39m[0m
[  98% ] [90m[1msavepack[22m | Storing File: res://scenes/tripo_car_keicar.tscn.remap[39m[0m
[  98% ] [90m[1msavepack[22m | Storing File: res://scripts/anime/anime_adapter_lower_city.gd.remap[39m[0m
[  98% ] [90m[1msavepack[22m | Storing File: res://scenes/lower_city/paper_map.tscn.remap[39m[0m
[  98% ] [90m[1msavepack[22m | Storing File: res://scenes/city_traffic.tscn.remap[39m[0m
[  98% ] [90m[1msavepack[22m | Storing File: res://scripts/ui/skew_label.gd.remap[39m[0m
[  98% ] [90m[1msavepack[22m | Storing File: res://scripts/ui/striped_bar.gd.remap[39m[0m
[  98% ] [90m[1msavepack[22m | Storing File: res://scenes/trail-process-material.tres.remap[39m[0m
[  98% ] [90m[1msavepack[22m | Storing File: res://scripts/cop_car.gd.remap[39m[0m
[  98% ] [90m[1msavepack[22m | Storing File: res://scripts/lower_city/gig_dispatch.gd.remap[39m[0m
[  98% ] [90m[1msavepack[22m | Storing File: res://scripts/slice/planar_reflection.gd.remap[39m[0m
[  98% ] [90m[1msavepack[22m | Storing File: res://scripts/tripo_car_model.gd.remap[39m[0m
[  98% ] [90m[1msavepack[22m | Storing File: res://scripts/lower_city/gig_menu.gd.remap[39m[0m
[  98% ] [90m[1msavepack[22m | Storing File: res://scripts/lower_city/city_tenjin_buildings.gd.remap[39m[0m
[  98% ] [90m[1msavepack[22m | Storing File: res://scripts/traffic_ai.gd.remap[39m[0m
[  98% ] [90m[1msavepack[22m | Storing File: res://scripts/track_decorator.gd.remap[39m[0m
[  98% ] [90m[1msavepack[22m | Storing File: res://scripts/local-input-provider.gd.remap[39m[0m
[  98% ] [90m[1msavepack[22m | Storing File: res://scripts/net_config.gd.remap[39m[0m
[  98% ] [90m[1msavepack[22m | Storing File: res://scripts/lower_city/paper_map.gd.remap[39m[0m
[  98% ] [90m[1msavepack[22m | Storing File: res://scenes/tripo_car_luxury.tscn.remap[39m[0m
[  98% ] [90m[1msavepack[22m | Storing File: res://scripts/cop_manager.gd.remap[39m[0m
[  98% ] [90m[1msavepack[22m | Storing File: res://scripts/lower_city/arrest_sequence.gd.remap[39m[0m
[  98% ] [90m[1msavepack[22m | Storing File: res://scripts/ui/checkered_strip.gd.remap[39m[0m
[  98% ] [90m[1msavepack[22m | Storing File: res://scripts/lower_city/fuel_hud_reservations.gd.remap[39m[0m
[  98% ] [90m[1msavepack[22m | Storing File: res://scenes/tripo_car_pickup.tscn.remap[39m[0m
[  98% ] [90m[1msavepack[22m | Storing File: res://scenes/lower_city/lower_city.tscn.remap[39m[0m
[  98% ] [90m[1msavepack[22m | Storing File: res://scripts/lower_city/gig_hud.gd.remap[39m[0m
[  98% ] [90m[1msavepack[22m | Storing File: res://scenes/lower_city/city_atmosphere.tscn.remap[39m[0m
[  98% ] [90m[1msavepack[22m | Storing File: res://scripts/lower_city/fuel_service.gd.remap[39m[0m
[  98% ] [90m[1msavepack[22m | Storing File: res://scripts/track_waypoints.gd.remap[39m[0m
[  98% ] [90m[1msavepack[22m | Storing File: res://scenes/tripo_car_sedan.tscn.remap[39m[0m
[  98% ] [90m[1msavepack[22m | Storing File: res://scripts/slice/civilian_traffic.gd.remap[39m[0m
[  98% ] [90m[1msavepack[22m | Storing File: res://scenes/main.tscn.remap[39m[0m
[  98% ] [90m[1msavepack[22m | Storing File: res://scenes/tripo_car_wagon.tscn.remap[39m[0m
[  98% ] [90m[1msavepack[22m | Storing File: res://scenes/cop_car.tscn.remap[39m[0m
[  98% ] [90m[1msavepack[22m | Storing File: res://scenes/lower_city/wanted_hud.tscn.remap[39m[0m
[  98% ] [90m[1msavepack[22m | Storing File: res://scenes/tokyo_car_config.tres.remap[39m[0m
[  98% ] [90m[1msavepack[22m | Storing File: res://scripts/ui/skew_button.gd.remap[39m[0m
[  98% ] [90m[1msavepack[22m | Storing File: res://scripts/slice/awnings.gd.remap[39m[0m
[  98% ] [90m[1msavepack[22m | Storing File: res://scripts/anime/anime_palette.gd.remap[39m[0m
[  98% ] [90m[1msavepack[22m | Storing File: res://scenes/harbor_slice.tscn.remap[39m[0m
[  98% ] [90m[1msavepack[22m | Storing File: res://scripts/lower_city/city_batch.gd.remap[39m[0m
[  98% ] [90m[1msavepack[22m | Storing File: res://scenes/tripo_car_minivan.tscn.remap[39m[0m
[  98% ] [90m[1msavepack[22m | Storing File: res://scripts/lower_city/fuel_tank.gd.remap[39m[0m
[  98% ] [90m[1msavepack[22m | Storing File: res://scripts/anime/anime_adapter.gd.remap[39m[0m
[  98% ] [90m[1msavepack[22m | Storing File: res://scripts/ui/loading_overlay.gd.remap[39m[0m
[  98% ] [90m[1msavepack[22m | Storing File: res://scripts/lower_city/city_dressing.gd.remap[39m[0m
[  98% ] [90m[1msavepack[22m | Storing File: res://scenes/nitro-flame-process-material.tres.remap[39m[0m
[  98% ] [90m[1msavepack[22m | Storing File: res://scripts/world_track.gd.remap[39m[0m
[  98% ] [90m[1msavepack[22m | Storing File: res://scripts/ui/menu_backdrop.gd.remap[39m[0m
[  98% ] [90m[1msavepack[22m | Storing File: res://scripts/lower_city/lower_city_world.gd.remap[39m[0m
[  98% ] [90m[1msavepack[22m | Storing File: res://scenes/police_livery.tres.remap[39m[0m
[  98% ] [90m[1msavepack[22m | Storing File: res://scenes/districts/harbor_west.tscn.remap[39m[0m
[  98% ] [90m[1msavepack[22m | Storing File: res://scenes/td186/td186_pedestrian.tscn.remap[39m[0m
[  98% ] [90m[1msavepack[22m | Storing File: res://scripts/ui/race_results.gd.remap[39m[0m
[  98% ] [90m[1msavepack[22m | Storing File: res://scripts/pedestrian.gd.remap[39m[0m
[  98% ] [90m[1msavepack[22m | Storing File: res://scripts/night_lighting_rig.gd.remap[39m[0m
[  98% ] [90m[1msavepack[22m | Storing File: res://scripts/race_loader.gd.remap[39m[0m
[  98% ] [90m[1msavepack[22m | Storing File: res://scripts/anime/anime_adapter_shuto.gd.remap[39m[0m
[  98% ] [90m[1msavepack[22m | Storing File: res://scripts/offroute_reset.gd.remap[39m[0m
[  98% ] [90m[1msavepack[22m | Storing File: res://scripts/lower_city/fuel_hud.gd.remap[39m[0m
[  98% ] [90m[1msavepack[22m | Storing File: res://scripts/multiplayer_debug_overlay.gd.remap[39m[0m
[  98% ] [90m[1msavepack[22m | Storing File: res://scripts/slice/anime_look.gd.remap[39m[0m
[  98% ] [90m[1msavepack[22m | Storing File: res://scripts/kit/pause_menu.gd.remap[39m[0m
[  98% ] [90m[1msavepack[22m | Storing File: res://scripts/main_menu.gd.remap[39m[0m
[  98% ] [90m[1msavepack[22m | Storing File: res://scripts/slice/slice_race.gd.remap[39m[0m
[  98% ] [90m[1msavepack[22m | Storing File: res://scripts/slice/expressway_belt.gd.remap[39m[0m
[  98% ] [90m[1msavepack[22m | Storing File: res://scripts/fx/impact_sparks.gd.remap[39m[0m
[  98% ] [90m[1msavepack[22m | Storing File: res://scripts/slice/showa_signage.gd.remap[39m[0m
[  98% ] [90m[1msavepack[22m | Storing File: res://scenes/pedestrian.tscn.remap[39m[0m
[  98% ] [90m[1msavepack[22m | Storing File: res://scripts/drive_input.gd.remap[39m[0m
[  98% ] [90m[1msavepack[22m | Storing File: res://scenes/cop_manager.tscn.remap[39m[0m
[  98% ] [90m[1msavepack[22m | Storing File: res://scenes/toon_test.tscn.remap[39m[0m
[  98% ] [90m[1msavepack[22m | Storing File: res://scripts/kit/tuning_panel.gd.remap[39m[0m
[  98% ] [90m[1msavepack[22m | Storing File: res://scripts/game_config.gd.remap[39m[0m
[  98% ] [90m[1msavepack[22m | Storing File: res://scripts/vehicle.gd.remap[39m[0m
[  98% ] [90m[1msavepack[22m | Storing File: res://scripts/crime_bus.gd.remap[39m[0m
[  98% ] [90m[1msavepack[22m | Storing File: res://scripts/mp_input_provider.gd.remap[39m[0m
[  98% ] [90m[1msavepack[22m | Storing File: res://scripts/lower_city/sign_reader.gd.remap[39m[0m
[  98% ] [90m[1msavepack[22m | Storing File: res://scripts/lower_city/glyph_atlas.gd.remap[39m[0m
[  98% ] [90m[1msavepack[22m | Storing File: res://scripts/traffic.gd.remap[39m[0m
[  98% ] [90m[1msavepack[22m | Storing File: res://scenes/lower_city/city_signs.tscn.remap[39m[0m
[  98% ] [90m[1msavepack[22m | Storing File: res://scripts/ui/damage_vignette.gd.remap[39m[0m
[  98% ] [90m[1msavepack[22m | Storing File: res://scripts/lower_city/city_signs.gd.remap[39m[0m
[  98% ] [90m[1msavepack[22m | Storing File: res://scenes/toon_test.gd.remap[39m[0m
[  98% ] [90m[1msavepack[22m | Storing File: res://scenes/tripo_car_coupe.tscn.remap[39m[0m
[  98% ] [90m[1msavepack[22m | Storing File: res://scripts/game_signals.gd.remap[39m[0m
[  98% ] [90m[1msavepack[22m | Storing File: res://scripts/multiplayer_trace.gd.remap[39m[0m
[  98% ] [90m[1msavepack[22m | Storing File: res://scripts/pedestrian_manager.gd.remap[39m[0m
[  98% ] [90m[1msavepack[22m | Storing File: res://scripts/lower_city/fuel_profile.gd.remap[39m[0m
[  98% ] [90m[1msavepack[22m | Storing File: res://scripts/traffic/city_traffic_ai.gd.remap[39m[0m
[  98% ] [90m[1msavepack[22m | Storing File: res://scripts/traffic/city_traffic.gd.remap[39m[0m
[  98% ] [90m[1msavepack[22m | Storing File: res://scripts/slice/pole_kit_placer.gd.remap[39m[0m
[  98% ] [90m[1msavepack[22m | Storing File: res://scenes/tokyo_car.tscn.remap[39m[0m
[  98% ] [90m[1msavepack[22m | Storing File: res://scripts/lower_city/wanted_symbol.gd.remap[39m[0m
[  98% ] [90m[1msavepack[22m | Storing File: res://scripts/remote_snapshot_interpolator.gd.remap[39m[0m
[  98% ] [90m[1msavepack[22m | Storing File: res://scenes/pedestrian_manager.tscn.remap[39m[0m
[  98% ] [90m[1msavepack[22m | Storing File: res://scripts/world_builder.gd.remap[39m[0m
[  98% ] [90m[1msavepack[22m | Storing File: res://scripts/input-provider.gd.remap[39m[0m
[  98% ] [90m[1msavepack[22m | Storing File: res://scripts/lower_city/map_sheet.gd.remap[39m[0m
[  98% ] [90m[1msavepack[22m | Storing File: res://scenes/tripo_car_suv.tscn.remap[39m[0m
[  98% ] [90m[1msavepack[22m | Storing File: res://scripts/mp_race.gd.remap[39m[0m
[  98% ] [90m[1msavepack[22m | Storing File: res://scenes/mp_race.tscn.remap[39m[0m
[  98% ] [90m[1msavepack[22m | Storing File: res://scenes/lower_city/gig_hud.tscn.remap[39m[0m
[  98% ] [90m[1msavepack[22m | Storing File: res://scripts/slice/slice_world.gd.remap[39m[0m
[  98% ] [90m[1msavepack[22m | Storing File: res://scripts/mp_nameplate.gd.remap[39m[0m
[  98% ] [90m[1msavepack[22m | Storing File: res://scripts/impact_fx.gd.remap[39m[0m
[  98% ] [90m[1msavepack[22m | Storing File: res://scripts/lower_city/city_driver.gd.remap[39m[0m
[  98% ] [90m[1msavepack[22m | Storing File: res://scripts/ui/damage_bar.gd.remap[39m[0m
[  98% ] [90m[1msavepack[22m | Storing File: res://scripts/lower_city/hud_edge_dock.gd.remap[39m[0m
[  98% ] [90m[1msavepack[22m | Storing File: res://scenes/lower_city/city_world.tscn.remap[39m[0m
[  98% ] [90m[1msavepack[22m | Storing File: res://scenes/trail-smoke-material.tres.remap[39m[0m
[  98% ] [90m[1msavepack[22m | Storing File: res://scenes/lower_city/arrest_sequence.tscn.remap[39m[0m
[  98% ] [90m[1msavepack[22m | Storing File: res://scenes/police_trim.tres.remap[39m[0m
[  98% ] [90m[1msavepack[22m | Storing File: res://scripts/touch_state.gd.remap[39m[0m
[  98% ] [90m[1msavepack[22m | Storing File: res://scripts/td186/td186_car_model.gd.remap[39m[0m
[  98% ] [90m[1msavepack[22m | Storing File: res://scenes/lower_city/gig_dispatch.tscn.remap[39m[0m
[  98% ] [90m[1msavepack[22m | Storing File: res://scripts/slice/living_city.gd.remap[39m[0m
[  98% ] [90m[1msavepack[22m | Storing File: res://scripts/touch_controls.gd.remap[39m[0m
[  98% ] [90m[1msavepack[22m | Storing File: res://scripts/lower_city/city_router.gd.remap[39m[0m
[  98% ] [90m[1msavepack[22m | Storing File: res://scripts/lower_city/lower_city.gd.remap[39m[0m
[  98% ] [90m[1msavepack[22m | Storing File: res://scripts/kenney_car_model.gd.remap[39m[0m
[  98% ] [90m[1msavepack[22m | Storing File: res://scripts/anime/anime_adapter_slice.gd.remap[39m[0m
[  98% ] [90m[1msavepack[22m | Storing File: res://scripts/chase_camera.gd.remap[39m[0m
[  98% ] [90m[1msavepack[22m | Storing File: res://scripts/td109_sedan_model.gd.remap[39m[0m
[  98% ] [90m[1msavepack[22m | Storing File: res://scenes/districts/bay_strait.tscn.remap[39m[0m
[  98% ] [90m[1msavepack[22m | Storing File: res://scripts/vehicle-model.gd.remap[39m[0m
[  98% ] [90m[1msavepack[22m | Storing File: res://scripts/lower_city/city_touch_controls.gd.remap[39m[0m
[  98% ] [90m[1msavepack[22m | Storing File: res://scenes/main_menu.tscn.remap[39m[0m
[  98% ] [90m[1msavepack[22m | Storing File: res://scripts/slice/grounded_terrain.gd.remap[39m[0m
[  98% ] [90m[1msavepack[22m | Storing File: res://scripts/vehicle_sphere_contacts.gd.remap[39m[0m
[  98% ] [90m[1msavepack[22m | Storing File: res://scripts/lower_city/fuel_station.gd.remap[39m[0m
[  98% ] [90m[1msavepack[22m | Storing File: res://scripts/race_bodywork.gd.remap[39m[0m
[  98% ] [90m[1msavepack[22m | Storing File: res://scripts/net.gd.remap[39m[0m
[  98% ] [90m[1msavepack[22m | Storing File: res://scenes/tokyo_sedan.tscn.remap[39m[0m
[  98% ] [90m[1msavepack[22m | Storing File: res://scenes/td186/td186_car_taxi.tscn.remap[39m[0m
[  98% ] [90m[1msavepack[22m | Storing File: res://scripts/multiplayer_lobby.gd.remap[39m[0m
[  98% ] [90m[1msavepack[22m | Storing File: res://scenes/tokyo_tripo_coupe.tscn.remap[39m[0m
[  98% ] [90m[1msavepack[22m | Storing File: res://scenes/tripo_car_hatchback.tscn.remap[39m[0m
[  98% ] [90m[1msavepack[22m | Storing File: res://scenes/lower_city/minimap.tscn.remap[39m[0m
[  98% ] [90m[1msavepack[22m | Storing File: res://scenes/tripo_car_van.tscn.remap[39m[0m
[  98% ] [90m[1msavepack[22m | Storing File: res://scenes/tokyo_vehicle.tscn.remap[39m[0m
[  98% ] [90m[1msavepack[22m | Storing File: res://scripts/lower_city/wanted_hud.gd.remap[39m[0m
[  98% ] [90m[1msavepack[22m | Storing File: res://scripts/traffic/city_road_graph.gd.remap[39m[0m
[  98% ] [90m[1msavepack[22m | Storing File: res://scripts/ui/ui_kit.gd.remap[39m[0m
[  98% ] [90m[1msavepack[22m | Storing File: res://scripts/slice/gas_station.gd.remap[39m[0m
[  98% ] [90m[1msavepack[22m | Storing File: res://scenes/sedan-nitro.tres.remap[39m[0m
[  98% ] [90m[1msavepack[22m | Storing File: res://data/anime/day.tres.remap[39m[0m
[  98% ] [90m[1msavepack[22m | Storing File: res://data/anime/night.tres.remap[39m[0m
[  98% ] [90m[1msavepack[22m | Storing File: res://data/anime/shuto_night.tres.remap[39m[0m
[  98% ] [90m[1msavepack[22m | Storing File: res://data/anime/trench.tres.remap[39m[0m
[  98% ] [90m[1msavepack[22m | Storing File: res://data/fuel/starter_coupe.tres.remap[39m[0m
[  98% ] [90m[1msavepack[22m | Storing File: res://scripts/lower_city/city_kit_batch.gd.remap[39m[0m
[  98% ] [90m[1msavepack[22m | Storing File: res://data/track_waypoints.tres.remap[39m[0m
[  98% ] [90m[1msavepack[22m | Storing File: res://data/traffic_fleet.tres.remap[39m[0m
[  98% ] [90m[1msavepack[22m | Storing File: res://.godot/global_script_class_cache.cfg[39m[0m
[  98% ] [90m[1msavepack[22m | Storing File: res://icon.png[39m[0m
[  98% ] [90m[1msavepack[22m | Storing File: res://.godot/uid_cache.bin[39m[0m
[  98% ] [90m[1msavepack[22m | Storing File: res://project.binary[39m[0m
[92m[ DONE ][39m [1msavepack[22m
[0m
ERROR: Condition "_sock == -1" is true. Returning: FAILED
   at: _inet_open (drivers/unix/net_socket_unix.cpp:288)
ERROR: Condition "err != OK" is true. Returning: ERR_CANT_CREATE
   at: listen (core/io/tcp_server.cpp:56)
