Godot Engine v4.7.2.stable.official.ed1daf0bf - https://godotengine.org
WARNING: Could not set V-Sync mode, as changing V-Sync mode is not supported by the graphics driver.
     at: set_use_vsync (platform/linuxbsd/x11/gl_manager_x11.cpp:372)
OpenGL API 4.5 (Core Profile) Mesa 25.0.7-2+deb13u1 - Compatibility - Using Device: Mesa - llvmpipe (LLVM 19.1.7, 256 bits)

TD210_SHOT {"camera":{"basis":[[-0.0000000437113882867379,0.0,1.0],[0.0,1.0,0.0],[-1.0,0.0,-0.0000000437113882867379]],"fov":75.0,"position":[1019.03747558594,4.42000007629395,-643.64501953125]},"car":[1019.03747558594,-0.149998098611832,-643.64501953125],"draw_calls":102,"file":"lots/1022/td-210-criterion-1-after.png","height_m":8.84,"host_frame_ms":1921.22,"hud":false,"lot":1022,"objects":102,"ortho_size":33.2899780273438,"street":"uogashi4","triangles":222568,"view":"fixed front orthographic lot survey","viewport":[960,960]}
TD210_SHOT {"camera":{"basis":[[-0.0000000437113882867379,0.0,1.0],[0.0,1.0,0.0],[-1.0,0.0,-0.0000000437113882867379]],"fov":75.0,"position":[1019.03747558594,5.26000022888184,-673.035034179688]},"car":[1019.03747558594,-0.150000005960464,-673.035034179688],"draw_calls":105,"file":"lots/1023/td-210-criterion-1-after.png","height_m":10.52,"host_frame_ms":1921.22,"hud":false,"lot":1023,"objects":105,"ortho_size":39.4900512695312,"street":"uogashi4","triangles":234404,"view":"fixed front orthographic lot survey","viewport":[960,960]}
TD210_SHOT {"camera":{"basis":[[-0.0000000437113882867379,0.0,-1.0],[0.0,1.0,0.0],[1.0,0.0,-0.0000000437113882867379]],"fov":75.0,"position":[1103.02502441406,3.61999988555908,-673.205017089844]},"car":[1103.02502441406,-0.150001913309097,-673.205017089844],"draw_calls":154,"file":"lots/1024/td-210-criterion-1-after.png","height_m":7.24,"host_frame_ms":213.409,"hud":false,"lot":1024,"objects":154,"ortho_size":39.1500244140625,"street":"nishitenjin","triangles":140227,"view":"fixed front orthographic lot survey","viewport":[960,960]}
TD210_CAPTURE_DONE 3
ERROR: 5 shaders of type SceneShaderGLES3 were never freed
   at: ~ShaderGLES3 (drivers/gles3/shader_gles3.cpp:838)
ERROR: Texture with GL ID of 23: leaked 1048575 bytes.
   at: ~Utilities (drivers/gles3/storage/utilities.cpp:82)
ERROR: Texture with GL ID of 24: leaked 1048575 bytes.
   at: ~Utilities (drivers/gles3/storage/utilities.cpp:82)
ERROR: Texture with GL ID of 25: leaked 1048575 bytes.
   at: ~Utilities (drivers/gles3/storage/utilities.cpp:82)
ERROR: Texture with GL ID of 26: leaked 63 bytes.
   at: ~Utilities (drivers/gles3/storage/utilities.cpp:82)
ERROR: Texture with GL ID of 27: leaked 63 bytes.
   at: ~Utilities (drivers/gles3/storage/utilities.cpp:82)
ERROR: Texture with GL ID of 28: leaked 63 bytes.
   at: ~Utilities (drivers/gles3/storage/utilities.cpp:82)
ERROR: Texture with GL ID of 29: leaked 1048575 bytes.
   at: ~Utilities (drivers/gles3/storage/utilities.cpp:82)
ERROR: Texture with GL ID of 30: leaked 63 bytes.
   at: ~Utilities (drivers/gles3/storage/utilities.cpp:82)
ERROR: Texture with GL ID of 31: leaked 786429 bytes.
   at: ~Utilities (drivers/gles3/storage/utilities.cpp:82)
ERROR: Texture with GL ID of 32: leaked 1048575 bytes.
   at: ~Utilities (drivers/gles3/storage/utilities.cpp:82)
ERROR: Texture with GL ID of 33: leaked 262143 bytes.
   at: ~Utilities (drivers/gles3/storage/utilities.cpp:82)
ERROR: Texture with GL ID of 34: leaked 63 bytes.
   at: ~Utilities (drivers/gles3/storage/utilities.cpp:82)
ERROR: Texture with GL ID of 35: leaked 63 bytes.
   at: ~Utilities (drivers/gles3/storage/utilities.cpp:82)
ERROR: Texture with GL ID of 36: leaked 63 bytes.
   at: ~Utilities (drivers/gles3/storage/utilities.cpp:82)
ERROR: Texture with GL ID of 37: leaked 63 bytes.
   at: ~Utilities (drivers/gles3/storage/utilities.cpp:82)
ERROR: Texture with GL ID of 38: leaked 63 bytes.
   at: ~Utilities (drivers/gles3/storage/utilities.cpp:82)
ERROR: Texture with GL ID of 39: leaked 63 bytes.
   at: ~Utilities (drivers/gles3/storage/utilities.cpp:82)
ERROR: Texture with GL ID of 40: leaked 262143 bytes.
   at: ~Utilities (drivers/gles3/storage/utilities.cpp:82)
ERROR: Texture with GL ID of 41: leaked 63 bytes.
   at: ~Utilities (drivers/gles3/storage/utilities.cpp:82)
ERROR: Texture with GL ID of 42: leaked 1048575 bytes.
   at: ~Utilities (drivers/gles3/storage/utilities.cpp:82)
ERROR: Texture with GL ID of 43: leaked 262149 bytes.
   at: ~Utilities (drivers/gles3/storage/utilities.cpp:82)
ERROR: Texture with GL ID of 44: leaked 262143 bytes.
   at: ~Utilities (drivers/gles3/storage/utilities.cpp:82)
ERROR: Texture with GL ID of 45: leaked 63 bytes.
   at: ~Utilities (drivers/gles3/storage/utilities.cpp:82)
ERROR: Texture with GL ID of 46: leaked 63 bytes.
   at: ~Utilities (drivers/gles3/storage/utilities.cpp:82)
ERROR: Texture with GL ID of 47: leaked 63 bytes.
   at: ~Utilities (drivers/gles3/storage/utilities.cpp:82)
ERROR: Texture with GL ID of 48: leaked 1048575 bytes.
   at: ~Utilities (drivers/gles3/storage/utilities.cpp:82)
ERROR: Texture with GL ID of 49: leaked 63 bytes.
   at: ~Utilities (drivers/gles3/storage/utilities.cpp:82)
ERROR: Texture with GL ID of 50: leaked 262143 bytes.
   at: ~Utilities (drivers/gles3/storage/utilities.cpp:82)
ERROR: Texture with GL ID of 51: leaked 63 bytes.
   at: ~Utilities (drivers/gles3/storage/utilities.cpp:82)
ERROR: Texture with GL ID of 52: leaked 1048575 bytes.
   at: ~Utilities (drivers/gles3/storage/utilities.cpp:82)
ERROR: Texture with GL ID of 53: leaked 262149 bytes.
   at: ~Utilities (drivers/gles3/storage/utilities.cpp:82)
ERROR: Texture with GL ID of 54: leaked 262143 bytes.
   at: ~Utilities (drivers/gles3/storage/utilities.cpp:82)
ERROR: Texture with GL ID of 55: leaked 63 bytes.
   at: ~Utilities (drivers/gles3/storage/utilities.cpp:82)
ERROR: Texture with GL ID of 56: leaked 63 bytes.
   at: ~Utilities (drivers/gles3/storage/utilities.cpp:82)
ERROR: Texture with GL ID of 57: leaked 63 bytes.
   at: ~Utilities (drivers/gles3/storage/utilities.cpp:82)
ERROR: Texture with GL ID of 58: leaked 262143 bytes.
   at: ~Utilities (drivers/gles3/storage/utilities.cpp:82)
ERROR: Texture with GL ID of 59: leaked 63 bytes.
   at: ~Utilities (drivers/gles3/storage/utilities.cpp:82)
ERROR: Texture with GL ID of 60: leaked 262143 bytes.
   at: ~Utilities (drivers/gles3/storage/utilities.cpp:82)
ERROR: Texture with GL ID of 61: leaked 65535 bytes.
   at: ~Utilities (drivers/gles3/storage/utilities.cpp:82)
ERROR: Texture with GL ID of 62: leaked 63 bytes.
   at: ~Utilities (drivers/gles3/storage/utilities.cpp:82)
ERROR: Texture with GL ID of 63: leaked 63 bytes.
   at: ~Utilities (drivers/gles3/storage/utilities.cpp:82)
ERROR: Texture with GL ID of 64: leaked 63 bytes.
   at: ~Utilities (drivers/gles3/storage/utilities.cpp:82)
ERROR: Texture with GL ID of 65: leaked 63 bytes.
   at: ~Utilities (drivers/gles3/storage/utilities.cpp:82)
ERROR: Texture with GL ID of 66: leaked 63 bytes.
   at: ~Utilities (drivers/gles3/storage/utilities.cpp:82)
ERROR: Texture with GL ID of 67: leaked 63 bytes.
   at: ~Utilities (drivers/gles3/storage/utilities.cpp:82)
ERROR: Texture with GL ID of 68: leaked 63 bytes.
   at: ~Utilities (drivers/gles3/storage/utilities.cpp:82)
ERROR: Texture with GL ID of 69: leaked 63 bytes.
   at: ~Utilities (drivers/gles3/storage/utilities.cpp:82)
ERROR: Texture with GL ID of 70: leaked 65535 bytes.
   at: ~Utilities (drivers/gles3/storage/utilities.cpp:82)
ERROR: Texture with GL ID of 71: leaked 63 bytes.
   at: ~Utilities (drivers/gles3/storage/utilities.cpp:82)
ERROR: Texture with GL ID of 72: leaked 63 bytes.
   at: ~Utilities (drivers/gles3/storage/utilities.cpp:82)
ERROR: Texture with GL ID of 73: leaked 63 bytes.
   at: ~Utilities (drivers/gles3/storage/utilities.cpp:82)
ERROR: Texture with GL ID of 74: leaked 63 bytes.
   at: ~Utilities (drivers/gles3/storage/utilities.cpp:82)
ERROR: Texture with GL ID of 75: leaked 262143 bytes.
   at: ~Utilities (drivers/gles3/storage/utilities.cpp:82)
ERROR: Texture with GL ID of 76: leaked 262143 bytes.
   at: ~Utilities (drivers/gles3/storage/utilities.cpp:82)
ERROR: Texture with GL ID of 77: leaked 63 bytes.
   at: ~Utilities (drivers/gles3/storage/utilities.cpp:82)
ERROR: Texture with GL ID of 78: leaked 63 bytes.
   at: ~Utilities (drivers/gles3/storage/utilities.cpp:82)
ERROR: Texture with GL ID of 215: leaked 174762 bytes.
   at: ~Utilities (drivers/gles3/storage/utilities.cpp:82)
ERROR: Texture with GL ID of 219: leaked 1398100 bytes.
   at: ~Utilities (drivers/gles3/storage/utilities.cpp:82)
ERROR: Texture with GL ID of 220: leaked 2796202 bytes.
   at: ~Utilities (drivers/gles3/storage/utilities.cpp:82)
ERROR: Texture with GL ID of 221: leaked 699050 bytes.
   at: ~Utilities (drivers/gles3/storage/utilities.cpp:82)
ERROR: Texture with GL ID of 222: leaked 699050 bytes.
   at: ~Utilities (drivers/gles3/storage/utilities.cpp:82)
ERROR: Texture with GL ID of 223: leaked 131072 bytes.
   at: ~Utilities (drivers/gles3/storage/utilities.cpp:82)
ERROR: Texture with GL ID of 224: leaked 174762 bytes.
   at: ~Utilities (drivers/gles3/storage/utilities.cpp:82)
ERROR: Texture with GL ID of 225: leaked 131072 bytes.
   at: ~Utilities (drivers/gles3/storage/utilities.cpp:82)
ERROR: Texture with GL ID of 226: leaked 131072 bytes.
   at: ~Utilities (drivers/gles3/storage/utilities.cpp:82)
ERROR: Texture with GL ID of 227: leaked 131072 bytes.
   at: ~Utilities (drivers/gles3/storage/utilities.cpp:82)
ERROR: Texture with GL ID of 228: leaked 131072 bytes.
   at: ~Utilities (drivers/gles3/storage/utilities.cpp:82)
ERROR: Texture with GL ID of 229: leaked 131072 bytes.
   at: ~Utilities (drivers/gles3/storage/utilities.cpp:82)
ERROR: Texture with GL ID of 230: leaked 131072 bytes.
   at: ~Utilities (drivers/gles3/storage/utilities.cpp:82)
ERROR: Texture with GL ID of 125: leaked 349524 bytes.
   at: ~Utilities (drivers/gles3/storage/utilities.cpp:82)
ERROR: Texture with GL ID of 127: leaked 349524 bytes.
   at: ~Utilities (drivers/gles3/storage/utilities.cpp:82)
ERROR: Texture with GL ID of 147: leaked 174762 bytes.
   at: ~Utilities (drivers/gles3/storage/utilities.cpp:82)
ERROR: Texture with GL ID of 151: leaked 131072 bytes.
   at: ~Utilities (drivers/gles3/storage/utilities.cpp:82)
ERROR: Texture with GL ID of 153: leaked 131072 bytes.
   at: ~Utilities (drivers/gles3/storage/utilities.cpp:82)
ERROR: Texture with GL ID of 155: leaked 131072 bytes.
   at: ~Utilities (drivers/gles3/storage/utilities.cpp:82)
ERROR: Texture with GL ID of 158: leaked 131072 bytes.
   at: ~Utilities (drivers/gles3/storage/utilities.cpp:82)
ERROR: Buffer with GL ID of 31: leaked 87024 bytes.
   at: ~Utilities (drivers/gles3/storage/utilities.cpp:113)
ERROR: Buffer with GL ID of 32: leaked 88026 bytes.
   at: ~Utilities (drivers/gles3/storage/utilities.cpp:113)
ERROR: Buffer with GL ID of 33: leaked 43998 bytes.
   at: ~Utilities (drivers/gles3/storage/utilities.cpp:113)
ERROR: Buffer with GL ID of 34: leaked 21966 bytes.
   at: ~Utilities (drivers/gles3/storage/utilities.cpp:113)
ERROR: Buffer with GL ID of 35: leaked 10974 bytes.
   at: ~Utilities (drivers/gles3/storage/utilities.cpp:113)
ERROR: Buffer with GL ID of 36: leaked 220600 bytes.
   at: ~Utilities (drivers/gles3/storage/utilities.cpp:113)
ERROR: Buffer with GL ID of 37: leaked 88240 bytes.
   at: ~Utilities (drivers/gles3/storage/utilities.cpp:113)
ERROR: Buffer with GL ID of 38: leaked 88026 bytes.
   at: ~Utilities (drivers/gles3/storage/utilities.cpp:113)
ERROR: Buffer with GL ID of 39: leaked 43998 bytes.
   at: ~Utilities (drivers/gles3/storage/utilities.cpp:113)
ERROR: Buffer with GL ID of 40: leaked 21966 bytes.
   at: ~Utilities (drivers/gles3/storage/utilities.cpp:113)
ERROR: Buffer with GL ID of 41: leaked 10974 bytes.
   at: ~Utilities (drivers/gles3/storage/utilities.cpp:113)
ERROR: Buffer with GL ID of 42: leaked 64 bytes.
   at: ~Utilities (drivers/gles3/storage/utilities.cpp:113)
ERROR: Buffer with GL ID of 43: leaked 72 bytes.
   at: ~Utilities (drivers/gles3/storage/utilities.cpp:113)
ERROR: Buffer with GL ID of 44: leaked 64 bytes.
   at: ~Utilities (drivers/gles3/storage/utilities.cpp:113)
ERROR: Buffer with GL ID of 45: leaked 72 bytes.
   at: ~Utilities (drivers/gles3/storage/utilities.cpp:113)
ERROR: Buffer with GL ID of 46: leaked 288 bytes.
   at: ~Utilities (drivers/gles3/storage/utilities.cpp:113)
ERROR: Buffer with GL ID of 47: leaked 96 bytes.
   at: ~Utilities (drivers/gles3/storage/utilities.cpp:113)
ERROR: Buffer with GL ID of 48: leaked 72 bytes.
   at: ~Utilities (drivers/gles3/storage/utilities.cpp:113)
ERROR: Buffer with GL ID of 49: leaked 288 bytes.
   at: ~Utilities (drivers/gles3/storage/utilities.cpp:113)
ERROR: Buffer with GL ID of 50: leaked 96 bytes.
   at: ~Utilities (drivers/gles3/storage/utilities.cpp:113)
ERROR: Buffer with GL ID of 51: leaked 72 bytes.
   at: ~Utilities (drivers/gles3/storage/utilities.cpp:113)
ERROR: Buffer with GL ID of 52: leaked 240 bytes.
   at: ~Utilities (drivers/gles3/storage/utilities.cpp:113)
ERROR: Buffer with GL ID of 53: leaked 696 bytes.
   at: ~Utilities (drivers/gles3/storage/utilities.cpp:113)
ERROR: Buffer with GL ID of 54: leaked 720 bytes.
   at: ~Utilities (drivers/gles3/storage/utilities.cpp:113)
ERROR: Buffer with GL ID of 55: leaked 696 bytes.
   at: ~Utilities (drivers/gles3/storage/utilities.cpp:113)
ERROR: Buffer with GL ID of 56: leaked 2112 bytes.
   at: ~Utilities (drivers/gles3/storage/utilities.cpp:113)
ERROR: Buffer with GL ID of 57: leaked 704 bytes.
   at: ~Utilities (drivers/gles3/storage/utilities.cpp:113)
ERROR: Buffer with GL ID of 58: leaked 696 bytes.
   at: ~Utilities (drivers/gles3/storage/utilities.cpp:113)
ERROR: Buffer with GL ID of 59: leaked 3600 bytes.
   at: ~Utilities (drivers/gles3/storage/utilities.cpp:113)
ERROR: Buffer with GL ID of 60: leaked 1440 bytes.
   at: ~Utilities (drivers/gles3/storage/utilities.cpp:113)
ERROR: Buffer with GL ID of 61: leaked 696 bytes.
   at: ~Utilities (drivers/gles3/storage/utilities.cpp:113)
ERROR: Buffer with GL ID of 62: leaked 64 bytes.
   at: ~Utilities (drivers/gles3/storage/utilities.cpp:113)
ERROR: Buffer with GL ID of 63: leaked 72 bytes.
   at: ~Utilities (drivers/gles3/storage/utilities.cpp:113)
ERROR: Buffer with GL ID of 64: leaked 64 bytes.
   at: ~Utilities (drivers/gles3/storage/utilities.cpp:113)
ERROR: Buffer with GL ID of 65: leaked 72 bytes.
   at: ~Utilities (drivers/gles3/storage/utilities.cpp:113)
ERROR: Buffer with GL ID of 66: leaked 288 bytes.
   at: ~Utilities (drivers/gles3/storage/utilities.cpp:113)
ERROR: Buffer with GL ID of 67: leaked 96 bytes.
   at: ~Utilities (drivers/gles3/storage/utilities.cpp:113)
ERROR: Buffer with GL ID of 68: leaked 72 bytes.
   at: ~Utilities (drivers/gles3/storage/utilities.cpp:113)
ERROR: Buffer with GL ID of 69: leaked 288 bytes.
   at: ~Utilities (drivers/gles3/storage/utilities.cpp:113)
ERROR: Buffer with GL ID of 70: leaked 96 bytes.
   at: ~Utilities (drivers/gles3/storage/utilities.cpp:113)
ERROR: Buffer with GL ID of 71: leaked 72 bytes.
   at: ~Utilities (drivers/gles3/storage/utilities.cpp:113)
ERROR: Buffer with GL ID of 72: leaked 64 bytes.
   at: ~Utilities (drivers/gles3/storage/utilities.cpp:113)
ERROR: Buffer with GL ID of 73: leaked 72 bytes.
   at: ~Utilities (drivers/gles3/storage/utilities.cpp:113)
ERROR: Buffer with GL ID of 74: leaked 64 bytes.
   at: ~Utilities (drivers/gles3/storage/utilities.cpp:113)
ERROR: Buffer with GL ID of 75: leaked 72 bytes.
   at: ~Utilities (drivers/gles3/storage/utilities.cpp:113)
ERROR: Buffer with GL ID of 76: leaked 288 bytes.
   at: ~Utilities (drivers/gles3/storage/utilities.cpp:113)
ERROR: Buffer with GL ID of 77: leaked 96 bytes.
   at: ~Utilities (drivers/gles3/storage/utilities.cpp:113)
ERROR: Buffer with GL ID of 78: leaked 72 bytes.
   at: ~Utilities (drivers/gles3/storage/utilities.cpp:113)
ERROR: Buffer with GL ID of 79: leaked 288 bytes.
   at: ~Utilities (drivers/gles3/storage/utilities.cpp:113)
ERROR: Buffer with GL ID of 80: leaked 96 bytes.
   at: ~Utilities (drivers/gles3/storage/utilities.cpp:113)
ERROR: Buffer with GL ID of 81: leaked 72 bytes.
   at: ~Utilities (drivers/gles3/storage/utilities.cpp:113)
ERROR: Buffer with GL ID of 82: leaked 64 bytes.
   at: ~Utilities (drivers/gles3/storage/utilities.cpp:113)
ERROR: Buffer with GL ID of 83: leaked 72 bytes.
   at: ~Utilities (drivers/gles3/storage/utilities.cpp:113)
ERROR: Buffer with GL ID of 84: leaked 64 bytes.
   at: ~Utilities (drivers/gles3/storage/utilities.cpp:113)
ERROR: Buffer with GL ID of 85: leaked 72 bytes.
   at: ~Utilities (drivers/gles3/storage/utilities.cpp:113)
ERROR: Buffer with GL ID of 86: leaked 288 bytes.
   at: ~Utilities (drivers/gles3/storage/utilities.cpp:113)
ERROR: Buffer with GL ID of 87: leaked 96 bytes.
   at: ~Utilities (drivers/gles3/storage/utilities.cpp:113)
ERROR: Buffer with GL ID of 88: leaked 72 bytes.
   at: ~Utilities (drivers/gles3/storage/utilities.cpp:113)
ERROR: Buffer with GL ID of 89: leaked 288 bytes.
   at: ~Utilities (drivers/gles3/storage/utilities.cpp:113)
ERROR: Buffer with GL ID of 90: leaked 96 bytes.
   at: ~Utilities (drivers/gles3/storage/utilities.cpp:113)
ERROR: Buffer with GL ID of 91: leaked 72 bytes.
   at: ~Utilities (drivers/gles3/storage/utilities.cpp:113)
ERROR: Buffer with GL ID of 92: leaked 64 bytes.
   at: ~Utilities (drivers/gles3/storage/utilities.cpp:113)
ERROR: Buffer with GL ID of 93: leaked 72 bytes.
   at: ~Utilities (drivers/gles3/storage/utilities.cpp:113)
ERROR: Buffer with GL ID of 94: leaked 64 bytes.
   at: ~Utilities (drivers/gles3/storage/utilities.cpp:113)
ERROR: Buffer with GL ID of 95: leaked 72 bytes.
   at: ~Utilities (drivers/gles3/storage/utilities.cpp:113)
ERROR: Buffer with GL ID of 96: leaked 288 bytes.
   at: ~Utilities (drivers/gles3/storage/utilities.cpp:113)
ERROR: Buffer with GL ID of 97: leaked 96 bytes.
   at: ~Utilities (drivers/gles3/storage/utilities.cpp:113)
ERROR: Buffer with GL ID of 98: leaked 72 bytes.
   at: ~Utilities (drivers/gles3/storage/utilities.cpp:113)
ERROR: Buffer with GL ID of 99: leaked 288 bytes.
   at: ~Utilities (drivers/gles3/storage/utilities.cpp:113)
ERROR: Buffer with GL ID of 100: leaked 96 bytes.
   at: ~Utilities (drivers/gles3/storage/utilities.cpp:113)
ERROR: Buffer with GL ID of 101: leaked 72 bytes.
   at: ~Utilities (drivers/gles3/storage/utilities.cpp:113)
ERROR: Buffer with GL ID of 102: leaked 64 bytes.
   at: ~Utilities (drivers/gles3/storage/utilities.cpp:113)
ERROR: Buffer with GL ID of 103: leaked 72 bytes.
   at: ~Utilities (drivers/gles3/storage/utilities.cpp:113)
ERROR: Buffer with GL ID of 104: leaked 64 bytes.
   at: ~Utilities (drivers/gles3/storage/utilities.cpp:113)
ERROR: Buffer with GL ID of 105: leaked 72 bytes.
   at: ~Utilities (drivers/gles3/storage/utilities.cpp:113)
ERROR: Buffer with GL ID of 106: leaked 288 bytes.
   at: ~Utilities (drivers/gles3/storage/utilities.cpp:113)
ERROR: Buffer with GL ID of 107: leaked 96 bytes.
   at: ~Utilities (drivers/gles3/storage/utilities.cpp:113)
ERROR: Buffer with GL ID of 108: leaked 72 bytes.
   at: ~Utilities (drivers/gles3/storage/utilities.cpp:113)
ERROR: Buffer with GL ID of 109: leaked 288 bytes.
   at: ~Utilities (drivers/gles3/storage/utilities.cpp:113)
ERROR: Buffer with GL ID of 110: leaked 96 bytes.
   at: ~Utilities (drivers/gles3/storage/utilities.cpp:113)
ERROR: Buffer with GL ID of 111: leaked 72 bytes.
   at: ~Utilities (drivers/gles3/storage/utilities.cpp:113)
ERROR: Buffer with GL ID of 112: leaked 64 bytes.
   at: ~Utilities (drivers/gles3/storage/utilities.cpp:113)
ERROR: Buffer with GL ID of 113: leaked 72 bytes.
   at: ~Utilities (drivers/gles3/storage/utilities.cpp:113)
ERROR: Buffer with GL ID of 114: leaked 64 bytes.
   at: ~Utilities (drivers/gles3/storage/utilities.cpp:113)
ERROR: Buffer with GL ID of 115: leaked 72 bytes.
   at: ~Utilities (drivers/gles3/storage/utilities.cpp:113)
ERROR: Buffer with GL ID of 116: leaked 288 bytes.
   at: ~Utilities (drivers/gles3/storage/utilities.cpp:113)
ERROR: Buffer with GL ID of 117: leaked 96 bytes.
   at: ~Utilities (drivers/gles3/storage/utilities.cpp:113)
ERROR: Buffer with GL ID of 118: leaked 72 bytes.
   at: ~Utilities (drivers/gles3/storage/utilities.cpp:113)
ERROR: Buffer with GL ID of 119: leaked 288 bytes.
   at: ~Utilities (drivers/gles3/storage/utilities.cpp:113)
ERROR: Buffer with GL ID of 120: leaked 96 bytes.
   at: ~Utilities (drivers/gles3/storage/utilities.cpp:113)
ERROR: Buffer with GL ID of 121: leaked 72 bytes.
   at: ~Utilities (drivers/gles3/storage/utilities.cpp:113)
ERROR: Buffer with GL ID of 122: leaked 48 bytes.
   at: ~Utilities (drivers/gles3/storage/utilities.cpp:113)
ERROR: Buffer with GL ID of 123: leaked 48 bytes.
   at: ~Utilities (drivers/gles3/storage/utilities.cpp:113)
ERROR: Buffer with GL ID of 124: leaked 48 bytes.
   at: ~Utilities (drivers/gles3/storage/utilities.cpp:113)
ERROR: Buffer with GL ID of 125: leaked 48 bytes.
   at: ~Utilities (drivers/gles3/storage/utilities.cpp:113)
ERROR: Buffer with GL ID of 126: leaked 216 bytes.
   at: ~Utilities (drivers/gles3/storage/utilities.cpp:113)
ERROR: Buffer with GL ID of 127: leaked 72 bytes.
   at: ~Utilities (drivers/gles3/storage/utilities.cpp:113)
ERROR: Buffer with GL ID of 128: leaked 48 bytes.
   at: ~Utilities (drivers/gles3/storage/utilities.cpp:113)
ERROR: Buffer with GL ID of 129: leaked 216 bytes.
   at: ~Utilities (drivers/gles3/storage/utilities.cpp:113)
ERROR: Buffer with GL ID of 130: leaked 72 bytes.
   at: ~Utilities (drivers/gles3/storage/utilities.cpp:113)
ERROR: Buffer with GL ID of 131: leaked 48 bytes.
   at: ~Utilities (drivers/gles3/storage/utilities.cpp:113)
ERROR: Buffer with GL ID of 132: leaked 48 bytes.
   at: ~Utilities (drivers/gles3/storage/utilities.cpp:113)
ERROR: Buffer with GL ID of 133: leaked 48 bytes.
   at: ~Utilities (drivers/gles3/storage/utilities.cpp:113)
ERROR: Buffer with GL ID of 134: leaked 48 bytes.
   at: ~Utilities (drivers/gles3/storage/utilities.cpp:113)
ERROR: Buffer with GL ID of 135: leaked 48 bytes.
   at: ~Utilities (drivers/gles3/storage/utilities.cpp:113)
ERROR: Buffer with GL ID of 136: leaked 216 bytes.
   at: ~Utilities (drivers/gles3/storage/utilities.cpp:113)
ERROR: Buffer with GL ID of 137: leaked 72 bytes.
   at: ~Utilities (drivers/gles3/storage/utilities.cpp:113)
ERROR: Buffer with GL ID of 138: leaked 48 bytes.
   at: ~Utilities (drivers/gles3/storage/utilities.cpp:113)
ERROR: Buffer with GL ID of 139: leaked 216 bytes.
   at: ~Utilities (drivers/gles3/storage/utilities.cpp:113)
ERROR: Buffer with GL ID of 140: leaked 72 bytes.
   at: ~Utilities (drivers/gles3/storage/utilities.cpp:113)
ERROR: Buffer with GL ID of 141: leaked 48 bytes.
   at: ~Utilities (drivers/gles3/storage/utilities.cpp:113)
ERROR: Buffer with GL ID of 142: leaked 64 bytes.
   at: ~Utilities (drivers/gles3/storage/utilities.cpp:113)
ERROR: Buffer with GL ID of 143: leaked 72 bytes.
   at: ~Utilities (drivers/gles3/storage/utilities.cpp:113)
ERROR: Buffer with GL ID of 144: leaked 64 bytes.
   at: ~Utilities (drivers/gles3/storage/utilities.cpp:113)
ERROR: Buffer with GL ID of 145: leaked 72 bytes.
   at: ~Utilities (drivers/gles3/storage/utilities.cpp:113)
ERROR: Buffer with GL ID of 146: leaked 288 bytes.
   at: ~Utilities (drivers/gles3/storage/utilities.cpp:113)
ERROR: Buffer with GL ID of 147: leaked 96 bytes.
   at: ~Utilities (drivers/gles3/storage/utilities.cpp:113)
ERROR: Buffer with GL ID of 148: leaked 72 bytes.
   at: ~Utilities (drivers/gles3/storage/utilities.cpp:113)
ERROR: Buffer with GL ID of 149: leaked 288 bytes.
   at: ~Utilities (drivers/gles3/storage/utilities.cpp:113)
ERROR: Buffer with GL ID of 150: leaked 96 bytes.
   at: ~Utilities (drivers/gles3/storage/utilities.cpp:113)
ERROR: Buffer with GL ID of 151: leaked 72 bytes.
   at: ~Utilities (drivers/gles3/storage/utilities.cpp:113)
ERROR: Buffer with GL ID of 152: leaked 64 bytes.
   at: ~Utilities (drivers/gles3/storage/utilities.cpp:113)
ERROR: Buffer with GL ID of 153: leaked 72 bytes.
   at: ~Utilities (drivers/gles3/storage/utilities.cpp:113)
ERROR: Buffer with GL ID of 154: leaked 64 bytes.
   at: ~Utilities (drivers/gles3/storage/utilities.cpp:113)
ERROR: Buffer with GL ID of 155: leaked 72 bytes.
   at: ~Utilities (drivers/gles3/storage/utilities.cpp:113)
ERROR: Buffer with GL ID of 156: leaked 288 bytes.
   at: ~Utilities (drivers/gles3/storage/utilities.cpp:113)
ERROR: Buffer with GL ID of 157: leaked 96 bytes.
   at: ~Utilities (drivers/gles3/storage/utilities.cpp:113)
ERROR: Buffer with GL ID of 158: leaked 72 bytes.
   at: ~Utilities (drivers/gles3/storage/utilities.cpp:113)
ERROR: Buffer with GL ID of 159: leaked 288 bytes.
   at: ~Utilities (drivers/gles3/storage/utilities.cpp:113)
ERROR: Buffer with GL ID of 160: leaked 96 bytes.
   at: ~Utilities (drivers/gles3/storage/utilities.cpp:113)
ERROR: Buffer with GL ID of 161: leaked 72 bytes.
   at: ~Utilities (drivers/gles3/storage/utilities.cpp:113)
ERROR: Buffer with GL ID of 162: leaked 64 bytes.
   at: ~Utilities (drivers/gles3/storage/utilities.cpp:113)
ERROR: Buffer with GL ID of 163: leaked 72 bytes.
   at: ~Utilities (drivers/gles3/storage/utilities.cpp:113)
ERROR: Buffer with GL ID of 164: leaked 64 bytes.
   at: ~Utilities (drivers/gles3/storage/utilities.cpp:113)
ERROR: Buffer with GL ID of 165: leaked 72 bytes.
   at: ~Utilities (drivers/gles3/storage/utilities.cpp:113)
ERROR: Buffer with GL ID of 166: leaked 288 bytes.
   at: ~Utilities (drivers/gles3/storage/utilities.cpp:113)
ERROR: Buffer with GL ID of 167: leaked 96 bytes.
   at: ~Utilities (drivers/gles3/storage/utilities.cpp:113)
ERROR: Buffer with GL ID of 168: leaked 72 bytes.
   at: ~Utilities (drivers/gles3/storage/utilities.cpp:113)
ERROR: Buffer with GL ID of 169: leaked 288 bytes.
   at: ~Utilities (drivers/gles3/storage/utilities.cpp:113)
ERROR: Buffer with GL ID of 170: leaked 96 bytes.
   at: ~Utilities (drivers/gles3/storage/utilities.cpp:113)
ERROR: Buffer with GL ID of 171: leaked 72 bytes.
   at: ~Utilities (drivers/gles3/storage/utilities.cpp:113)
ERROR: Buffer with GL ID of 172: leaked 64 bytes.
   at: ~Utilities (drivers/gles3/storage/utilities.cpp:113)
ERROR: Buffer with GL ID of 173: leaked 72 bytes.
   at: ~Utilities (drivers/gles3/storage/utilities.cpp:113)
ERROR: Buffer with GL ID of 174: leaked 64 bytes.
   at: ~Utilities (drivers/gles3/storage/utilities.cpp:113)
ERROR: Buffer with GL ID of 175: leaked 72 bytes.
   at: ~Utilities (drivers/gles3/storage/utilities.cpp:113)
ERROR: Buffer with GL ID of 176: leaked 288 bytes.
   at: ~Utilities (drivers/gles3/storage/utilities.cpp:113)
ERROR: Buffer with GL ID of 177: leaked 96 bytes.
   at: ~Utilities (drivers/gles3/storage/utilities.cpp:113)
ERROR: Buffer with GL ID of 178: leaked 72 bytes.
   at: ~Utilities (drivers/gles3/storage/utilities.cpp:113)
ERROR: Buffer with GL ID of 179: leaked 288 bytes.
   at: ~Utilities (drivers/gles3/storage/utilities.cpp:113)
ERROR: Buffer with GL ID of 180: leaked 96 bytes.
   at: ~Utilities (drivers/gles3/storage/utilities.cpp:113)
ERROR: Buffer with GL ID of 181: leaked 72 bytes.
   at: ~Utilities (drivers/gles3/storage/utilities.cpp:113)
ERROR: Buffer with GL ID of 182: leaked 64 bytes.
   at: ~Utilities (drivers/gles3/storage/utilities.cpp:113)
ERROR: Buffer with GL ID of 183: leaked 72 bytes.
   at: ~Utilities (drivers/gles3/storage/utilities.cpp:113)
ERROR: Buffer with GL ID of 184: leaked 64 bytes.
   at: ~Utilities (drivers/gles3/storage/utilities.cpp:113)
ERROR: Buffer with GL ID of 185: leaked 72 bytes.
   at: ~Utilities (drivers/gles3/storage/utilities.cpp:113)
ERROR: Buffer with GL ID of 186: leaked 288 bytes.
   at: ~Utilities (drivers/gles3/storage/utilities.cpp:113)
ERROR: Buffer with GL ID of 187: leaked 96 bytes.
   at: ~Utilities (drivers/gles3/storage/utilities.cpp:113)
ERROR: Buffer with GL ID of 188: leaked 72 bytes.
   at: ~Utilities (drivers/gles3/storage/utilities.cpp:113)
ERROR: Buffer with GL ID of 189: leaked 288 bytes.
   at: ~Utilities (drivers/gles3/storage/utilities.cpp:113)
ERROR: Buffer with GL ID of 190: leaked 96 bytes.
   at: ~Utilities (drivers/gles3/storage/utilities.cpp:113)
ERROR: Buffer with GL ID of 191: leaked 72 bytes.
   at: ~Utilities (drivers/gles3/storage/utilities.cpp:113)
ERROR: Buffer with GL ID of 192: leaked 64 bytes.
   at: ~Utilities (drivers/gles3/storage/utilities.cpp:113)
ERROR: Buffer with GL ID of 193: leaked 72 bytes.
   at: ~Utilities (drivers/gles3/storage/utilities.cpp:113)
ERROR: Buffer with GL ID of 194: leaked 64 bytes.
   at: ~Utilities (drivers/gles3/storage/utilities.cpp:113)
ERROR: Buffer with GL ID of 195: leaked 72 bytes.
   at: ~Utilities (drivers/gles3/storage/utilities.cpp:113)
ERROR: Buffer with GL ID of 196: leaked 288 bytes.
   at: ~Utilities (drivers/gles3/storage/utilities.cpp:113)
ERROR: Buffer with GL ID of 197: leaked 96 bytes.
   at: ~Utilities (drivers/gles3/storage/utilities.cpp:113)
ERROR: Buffer with GL ID of 198: leaked 72 bytes.
   at: ~Utilities (drivers/gles3/storage/utilities.cpp:113)
ERROR: Buffer with GL ID of 199: leaked 288 bytes.
   at: ~Utilities (drivers/gles3/storage/utilities.cpp:113)
ERROR: Buffer with GL ID of 200: leaked 96 bytes.
   at: ~Utilities (drivers/gles3/storage/utilities.cpp:113)
ERROR: Buffer with GL ID of 201: leaked 72 bytes.
   at: ~Utilities (drivers/gles3/storage/utilities.cpp:113)
ERROR: Buffer with GL ID of 202: leaked 64 bytes.
   at: ~Utilities (drivers/gles3/storage/utilities.cpp:113)
ERROR: Buffer with GL ID of 203: leaked 72 bytes.
   at: ~Utilities (drivers/gles3/storage/utilities.cpp:113)
ERROR: Buffer with GL ID of 204: leaked 64 bytes.
   at: ~Utilities (drivers/gles3/storage/utilities.cpp:113)
ERROR: Buffer with GL ID of 205: leaked 72 bytes.
   at: ~Utilities (drivers/gles3/storage/utilities.cpp:113)
ERROR: Buffer with GL ID of 206: leaked 288 bytes.
   at: ~Utilities (drivers/gles3/storage/utilities.cpp:113)
ERROR: Buffer with GL ID of 207: leaked 96 bytes.
   at: ~Utilities (drivers/gles3/storage/utilities.cpp:113)
ERROR: Buffer with GL ID of 208: leaked 72 bytes.
   at: ~Utilities (drivers/gles3/storage/utilities.cpp:113)
ERROR: Buffer with GL ID of 209: leaked 288 bytes.
   at: ~Utilities (drivers/gles3/storage/utilities.cpp:113)
ERROR: Buffer with GL ID of 210: leaked 96 bytes.
   at: ~Utilities (drivers/gles3/storage/utilities.cpp:113)
ERROR: Buffer with GL ID of 211: leaked 72 bytes.
   at: ~Utilities (drivers/gles3/storage/utilities.cpp:113)
ERROR: Buffer with GL ID of 212: leaked 64 bytes.
   at: ~Utilities (drivers/gles3/storage/utilities.cpp:113)
ERROR: Buffer with GL ID of 213: leaked 72 bytes.
   at: ~Utilities (drivers/gles3/storage/utilities.cpp:113)
ERROR: Buffer with GL ID of 214: leaked 64 bytes.
   at: ~Utilities (drivers/gles3/storage/utilities.cpp:113)
ERROR: Buffer with GL ID of 215: leaked 72 bytes.
   at: ~Utilities (drivers/gles3/storage/utilities.cpp:113)
ERROR: Buffer with GL ID of 216: leaked 288 bytes.
   at: ~Utilities (drivers/gles3/storage/utilities.cpp:113)
ERROR: Buffer with GL ID of 217: leaked 96 bytes.
   at: ~Utilities (drivers/gles3/storage/utilities.cpp:113)
ERROR: Buffer with GL ID of 218: leaked 72 bytes.
   at: ~Utilities (drivers/gles3/storage/utilities.cpp:113)
ERROR: Buffer with GL ID of 219: leaked 288 bytes.
   at: ~Utilities (drivers/gles3/storage/utilities.cpp:113)
ERROR: Buffer with GL ID of 220: leaked 96 bytes.
   at: ~Utilities (drivers/gles3/storage/utilities.cpp:113)
ERROR: Buffer with GL ID of 221: leaked 72 bytes.
   at: ~Utilities (drivers/gles3/storage/utilities.cpp:113)
ERROR: Buffer with GL ID of 222: leaked 64 bytes.
   at: ~Utilities (drivers/gles3/storage/utilities.cpp:113)
ERROR: Buffer with GL ID of 223: leaked 72 bytes.
   at: ~Utilities (drivers/gles3/storage/utilities.cpp:113)
ERROR: Buffer with GL ID of 224: leaked 64 bytes.
   at: ~Utilities (drivers/gles3/storage/utilities.cpp:113)
ERROR: Buffer with GL ID of 225: leaked 72 bytes.
   at: ~Utilities (drivers/gles3/storage/utilities.cpp:113)
ERROR: Buffer with GL ID of 226: leaked 288 bytes.
   at: ~Utilities (drivers/gles3/storage/utilities.cpp:113)
ERROR: Buffer with GL ID of 227: leaked 96 bytes.
   at: ~Utilities (drivers/gles3/storage/utilities.cpp:113)
ERROR: Buffer with GL ID of 228: leaked 72 bytes.
   at: ~Utilities (drivers/gles3/storage/utilities.cpp:113)
ERROR: Buffer with GL ID of 229: leaked 288 bytes.
   at: ~Utilities (drivers/gles3/storage/utilities.cpp:113)
ERROR: Buffer with GL ID of 230: leaked 96 bytes.
   at: ~Utilities (drivers/gles3/storage/utilities.cpp:113)
ERROR: Buffer with GL ID of 231: leaked 72 bytes.
   at: ~Utilities (drivers/gles3/storage/utilities.cpp:113)
ERROR: Buffer with GL ID of 232: leaked 64 bytes.
   at: ~Utilities (drivers/gles3/storage/utilities.cpp:113)
ERROR: Buffer with GL ID of 233: leaked 72 bytes.
   at: ~Utilities (drivers/gles3/storage/utilities.cpp:113)
ERROR: Buffer with GL ID of 234: leaked 64 bytes.
   at: ~Utilities (drivers/gles3/storage/utilities.cpp:113)
ERROR: Buffer with GL ID of 235: leaked 72 bytes.
   at: ~Utilities (drivers/gles3/storage/utilities.cpp:113)
ERROR: Buffer with GL ID of 236: leaked 288 bytes.
   at: ~Utilities (drivers/gles3/storage/utilities.cpp:113)
ERROR: Buffer with GL ID of 237: leaked 96 bytes.
   at: ~Utilities (drivers/gles3/storage/utilities.cpp:113)
ERROR: Buffer with GL ID of 238: leaked 72 bytes.
   at: ~Utilities (drivers/gles3/storage/utilities.cpp:113)
ERROR: Buffer with GL ID of 239: leaked 288 bytes.
   at: ~Utilities (drivers/gles3/storage/utilities.cpp:113)
ERROR: Buffer with GL ID of 240: leaked 96 bytes.
   at: ~Utilities (drivers/gles3/storage/utilities.cpp:113)
ERROR: Buffer with GL ID of 241: leaked 72 bytes.
   at: ~Utilities (drivers/gles3/storage/utilities.cpp:113)
ERROR: Buffer with GL ID of 242: leaked 64 bytes.
   at: ~Utilities (drivers/gles3/storage/utilities.cpp:113)
ERROR: Buffer with GL ID of 243: leaked 72 bytes.
   at: ~Utilities (drivers/gles3/storage/utilities.cpp:113)
ERROR: Buffer with GL ID of 244: leaked 288 bytes.
   at: ~Utilities (drivers/gles3/storage/utilities.cpp:113)
ERROR: Buffer with GL ID of 245: leaked 96 bytes.
   at: ~Utilities (drivers/gles3/storage/utilities.cpp:113)
ERROR: Buffer with GL ID of 246: leaked 72 bytes.
   at: ~Utilities (drivers/gles3/storage/utilities.cpp:113)
ERROR: Buffer with GL ID of 247: leaked 64 bytes.
   at: ~Utilities (drivers/gles3/storage/utilities.cpp:113)
ERROR: Buffer with GL ID of 248: leaked 72 bytes.
   at: ~Utilities (drivers/gles3/storage/utilities.cpp:113)
ERROR: Buffer with GL ID of 249: leaked 288 bytes.
   at: ~Utilities (drivers/gles3/storage/utilities.cpp:113)
ERROR: Buffer with GL ID of 250: leaked 96 bytes.
   at: ~Utilities (drivers/gles3/storage/utilities.cpp:113)
ERROR: Buffer with GL ID of 251: leaked 72 bytes.
   at: ~Utilities (drivers/gles3/storage/utilities.cpp:113)
ERROR: Buffer with GL ID of 252: leaked 128 bytes.
   at: ~Utilities (drivers/gles3/storage/utilities.cpp:113)
ERROR: Buffer with GL ID of 253: leaked 168 bytes.
   at: ~Utilities (drivers/gles3/storage/utilities.cpp:113)
ERROR: Buffer with GL ID of 254: leaked 576 bytes.
   at: ~Utilities (drivers/gles3/storage/utilities.cpp:113)
ERROR: Buffer with GL ID of 255: leaked 192 bytes.
   at: ~Utilities (drivers/gles3/storage/utilities.cpp:113)
ERROR: Buffer with GL ID of 256: leaked 168 bytes.
   at: ~Utilities (drivers/gles3/storage/utilities.cpp:113)
ERROR: Buffer with GL ID of 257: leaked 128 bytes.
   at: ~Utilities (drivers/gles3/storage/utilities.cpp:113)
ERROR: Buffer with GL ID of 258: leaked 168 bytes.
   at: ~Utilities (drivers/gles3/storage/utilities.cpp:113)
ERROR: Buffer with GL ID of 259: leaked 576 bytes.
   at: ~Utilities (drivers/gles3/storage/utilities.cpp:113)
ERROR: Buffer with GL ID of 260: leaked 192 bytes.
   at: ~Utilities (drivers/gles3/storage/utilities.cpp:113)
ERROR: Buffer with GL ID of 261: leaked 168 bytes.
   at: ~Utilities (drivers/gles3/storage/utilities.cpp:113)
ERROR: Buffer with GL ID of 262: leaked 128 bytes.
   at: ~Utilities (drivers/gles3/storage/utilities.cpp:113)
ERROR: Buffer with GL ID of 263: leaked 168 bytes.
   at: ~Utilities (drivers/gles3/storage/utilities.cpp:113)
ERROR: Buffer with GL ID of 264: leaked 576 bytes.
   at: ~Utilities (drivers/gles3/storage/utilities.cpp:113)
ERROR: Buffer with GL ID of 265: leaked 192 bytes.
   at: ~Utilities (drivers/gles3/storage/utilities.cpp:113)
ERROR: Buffer with GL ID of 266: leaked 168 bytes.
   at: ~Utilities (drivers/gles3/storage/utilities.cpp:113)
ERROR: Buffer with GL ID of 267: leaked 128 bytes.
   at: ~Utilities (drivers/gles3/storage/utilities.cpp:113)
ERROR: Buffer with GL ID of 268: leaked 168 bytes.
   at: ~Utilities (drivers/gles3/storage/utilities.cpp:113)
ERROR: Buffer with GL ID of 269: leaked 576 bytes.
   at: ~Utilities (drivers/gles3/storage/utilities.cpp:113)
ERROR: Buffer with GL ID of 270: leaked 192 bytes.
   at: ~Utilities (drivers/gles3/storage/utilities.cpp:113)
ERROR: Buffer with GL ID of 271: leaked 168 bytes.
   at: ~Utilities (drivers/gles3/storage/utilities.cpp:113)
ERROR: Buffer with GL ID of 272: leaked 128 bytes.
   at: ~Utilities (drivers/gles3/storage/utilities.cpp:113)
ERROR: Buffer with GL ID of 273: leaked 168 bytes.
   at: ~Utilities (drivers/gles3/storage/utilities.cpp:113)
ERROR: Buffer with GL ID of 274: leaked 576 bytes.
   at: ~Utilities (drivers/gles3/storage/utilities.cpp:113)
ERROR: Buffer with GL ID of 275: leaked 192 bytes.
   at: ~Utilities (drivers/gles3/storage/utilities.cpp:113)
ERROR: Buffer with GL ID of 276: leaked 168 bytes.
   at: ~Utilities (drivers/gles3/storage/utilities.cpp:113)
ERROR: Buffer with GL ID of 277: leaked 128 bytes.
   at: ~Utilities (drivers/gles3/storage/utilities.cpp:113)
ERROR: Buffer with GL ID of 278: leaked 168 bytes.
   at: ~Utilities (drivers/gles3/storage/utilities.cpp:113)
ERROR: Buffer with GL ID of 279: leaked 576 bytes.
   at: ~Utilities (drivers/gles3/storage/utilities.cpp:113)
ERROR: Buffer with GL ID of 280: leaked 192 bytes.
   at: ~Utilities (drivers/gles3/storage/utilities.cpp:113)
ERROR: Buffer with GL ID of 281: leaked 168 bytes.
   at: ~Utilities (drivers/gles3/storage/utilities.cpp:113)
ERROR: Buffer with GL ID of 282: leaked 128 bytes.
   at: ~Utilities (drivers/gles3/storage/utilities.cpp:113)
ERROR: Buffer with GL ID of 283: leaked 168 bytes.
   at: ~Utilities (drivers/gles3/storage/utilities.cpp:113)
ERROR: Buffer with GL ID of 284: leaked 576 bytes.
   at: ~Utilities (drivers/gles3/storage/utilities.cpp:113)
ERROR: Buffer with GL ID of 285: leaked 192 bytes.
   at: ~Utilities (drivers/gles3/storage/utilities.cpp:113)
ERROR: Buffer with GL ID of 286: leaked 168 bytes.
   at: ~Utilities (drivers/gles3/storage/utilities.cpp:113)
ERROR: Buffer with GL ID of 287: leaked 128 bytes.
   at: ~Utilities (drivers/gles3/storage/utilities.cpp:113)
ERROR: Buffer with GL ID of 288: leaked 168 bytes.
   at: ~Utilities (drivers/gles3/storage/utilities.cpp:113)
ERROR: Buffer with GL ID of 289: leaked 576 bytes.
   at: ~Utilities (drivers/gles3/storage/utilities.cpp:113)
ERROR: Buffer with GL ID of 290: leaked 192 bytes.
   at: ~Utilities (drivers/gles3/storage/utilities.cpp:113)
ERROR: Buffer with GL ID of 291: leaked 168 bytes.
   at: ~Utilities (drivers/gles3/storage/utilities.cpp:113)
ERROR: Buffer with GL ID of 292: leaked 128 bytes.
   at: ~Utilities (drivers/gles3/storage/utilities.cpp:113)
ERROR: Buffer with GL ID of 293: leaked 168 bytes.
   at: ~Utilities (drivers/gles3/storage/utilities.cpp:113)
ERROR: Buffer with GL ID of 294: leaked 576 bytes.
   at: ~Utilities (drivers/gles3/storage/utilities.cpp:113)
ERROR: Buffer with GL ID of 295: leaked 192 bytes.
   at: ~Utilities (drivers/gles3/storage/utilities.cpp:113)
ERROR: Buffer with GL ID of 296: leaked 168 bytes.
   at: ~Utilities (drivers/gles3/storage/utilities.cpp:113)
ERROR: Buffer with GL ID of 297: leaked 128 bytes.
   at: ~Utilities (drivers/gles3/storage/utilities.cpp:113)
ERROR: Buffer with GL ID of 298: leaked 168 bytes.
   at: ~Utilities (drivers/gles3/storage/utilities.cpp:113)
ERROR: Buffer with GL ID of 299: leaked 576 bytes.
   at: ~Utilities (drivers/gles3/storage/utilities.cpp:113)
ERROR: Buffer with GL ID of 300: leaked 192 bytes.
   at: ~Utilities (drivers/gles3/storage/utilities.cpp:113)
ERROR: Buffer with GL ID of 301: leaked 168 bytes.
   at: ~Utilities (drivers/gles3/storage/utilities.cpp:113)
ERROR: Buffer with GL ID of 302: leaked 128 bytes.
   at: ~Utilities (drivers/gles3/storage/utilities.cpp:113)
ERROR: Buffer with GL ID of 303: leaked 168 bytes.
   at: ~Utilities (drivers/gles3/storage/utilities.cpp:113)
ERROR: Buffer with GL ID of 304: leaked 576 bytes.
   at: ~Utilities (drivers/gles3/storage/utilities.cpp:113)
ERROR: Buffer with GL ID of 305: leaked 192 bytes.
   at: ~Utilities (drivers/gles3/storage/utilities.cpp:113)
ERROR: Buffer with GL ID of 306: leaked 168 bytes.
   at: ~Utilities (drivers/gles3/storage/utilities.cpp:113)
ERROR: Buffer with GL ID of 307: leaked 128 bytes.
   at: ~Utilities (drivers/gles3/storage/utilities.cpp:113)
ERROR: Buffer with GL ID of 308: leaked 168 bytes.
   at: ~Utilities (drivers/gles3/storage/utilities.cpp:113)
ERROR: Buffer with GL ID of 309: leaked 576 bytes.
   at: ~Utilities (drivers/gles3/storage/utilities.cpp:113)
ERROR: Buffer with GL ID of 310: leaked 192 bytes.
   at: ~Utilities (drivers/gles3/storage/utilities.cpp:113)
ERROR: Buffer with GL ID of 311: leaked 168 bytes.
   at: ~Utilities (drivers/gles3/storage/utilities.cpp:113)
ERROR: Buffer with GL ID of 312: leaked 128 bytes.
   at: ~Utilities (drivers/gles3/storage/utilities.cpp:113)
ERROR: Buffer with GL ID of 313: leaked 168 bytes.
   at: ~Utilities (drivers/gles3/storage/utilities.cpp:113)
ERROR: Buffer with GL ID of 314: leaked 576 bytes.
   at: ~Utilities (drivers/gles3/storage/utilities.cpp:113)
ERROR: Buffer with GL ID of 315: leaked 192 bytes.
   at: ~Utilities (drivers/gles3/storage/utilities.cpp:113)
ERROR: Buffer with GL ID of 316: leaked 168 bytes.
   at: ~Utilities (drivers/gles3/storage/utilities.cpp:113)
ERROR: Buffer with GL ID of 317: leaked 128 bytes.
   at: ~Utilities (drivers/gles3/storage/utilities.cpp:113)
ERROR: Buffer with GL ID of 318: leaked 168 bytes.
   at: ~Utilities (drivers/gles3/storage/utilities.cpp:113)
ERROR: Buffer with GL ID of 319: leaked 576 bytes.
   at: ~Utilities (drivers/gles3/storage/utilities.cpp:113)
ERROR: Buffer with GL ID of 320: leaked 192 bytes.
   at: ~Utilities (drivers/gles3/storage/utilities.cpp:113)
ERROR: Buffer with GL ID of 321: leaked 168 bytes.
   at: ~Utilities (drivers/gles3/storage/utilities.cpp:113)
ERROR: Buffer with GL ID of 322: leaked 1024 bytes.
   at: ~Utilities (drivers/gles3/storage/utilities.cpp:113)
ERROR: Buffer with GL ID of 323: leaked 1536 bytes.
   at: ~Utilities (drivers/gles3/storage/utilities.cpp:113)
ERROR: Buffer with GL ID of 324: leaked 6144 bytes.
   at: ~Utilities (drivers/gles3/storage/utilities.cpp:113)
ERROR: Buffer with GL ID of 325: leaked 2048 bytes.
   at: ~Utilities (drivers/gles3/storage/utilities.cpp:113)
ERROR: Buffer with GL ID of 326: leaked 1536 bytes.
   at: ~Utilities (drivers/gles3/storage/utilities.cpp:113)
ERROR: Buffer with GL ID of 327: leaked 1024 bytes.
   at: ~Utilities (drivers/gles3/storage/utilities.cpp:113)
ERROR: Buffer with GL ID of 328: leaked 1536 bytes.
   at: ~Utilities (drivers/gles3/storage/utilities.cpp:113)
ERROR: Buffer with GL ID of 329: leaked 6144 bytes.
   at: ~Utilities (drivers/gles3/storage/utilities.cpp:113)
ERROR: Buffer with GL ID of 330: leaked 2048 bytes.
   at: ~Utilities (drivers/gles3/storage/utilities.cpp:113)
ERROR: Buffer with GL ID of 331: leaked 1536 bytes.
   at: ~Utilities (drivers/gles3/storage/utilities.cpp:113)
ERROR: Buffer with GL ID of 332: leaked 1024 bytes.
   at: ~Utilities (drivers/gles3/storage/utilities.cpp:113)
ERROR: Buffer with GL ID of 333: leaked 1536 bytes.
   at: ~Utilities (drivers/gles3/storage/utilities.cpp:113)
ERROR: Buffer with GL ID of 334: leaked 6144 bytes.
   at: ~Utilities (drivers/gles3/storage/utilities.cpp:113)
ERROR: Buffer with GL ID of 335: leaked 2048 bytes.
   at: ~Utilities (drivers/gles3/storage/utilities.cpp:113)
ERROR: Buffer with GL ID of 336: leaked 1536 bytes.
   at: ~Utilities (drivers/gles3/storage/utilities.cpp:113)
ERROR: Buffer with GL ID of 337: leaked 1024 bytes.
   at: ~Utilities (drivers/gles3/storage/utilities.cpp:113)
ERROR: Buffer with GL ID of 338: leaked 1536 bytes.
   at: ~Utilities (drivers/gles3/storage/utilities.cpp:113)
ERROR: Buffer with GL ID of 339: leaked 6144 bytes.
   at: ~Utilities (drivers/gles3/storage/utilities.cpp:113)
ERROR: Buffer with GL ID of 340: leaked 2048 bytes.
   at: ~Utilities (drivers/gles3/storage/utilities.cpp:113)
ERROR: Buffer with GL ID of 341: leaked 1536 bytes.
   at: ~Utilities (drivers/gles3/storage/utilities.cpp:113)
ERROR: Buffer with GL ID of 342: leaked 128 bytes.
   at: ~Utilities (drivers/gles3/storage/utilities.cpp:113)
ERROR: Buffer with GL ID of 343: leaked 168 bytes.
   at: ~Utilities (drivers/gles3/storage/utilities.cpp:113)
ERROR: Buffer with GL ID of 344: leaked 128 bytes.
   at: ~Utilities (drivers/gles3/storage/utilities.cpp:113)
ERROR: Buffer with GL ID of 345: leaked 168 bytes.
   at: ~Utilities (drivers/gles3/storage/utilities.cpp:113)
ERROR: Buffer with GL ID of 346: leaked 576 bytes.
   at: ~Utilities (drivers/gles3/storage/utilities.cpp:113)
ERROR: Buffer with GL ID of 347: leaked 192 bytes.
   at: ~Utilities (drivers/gles3/storage/utilities.cpp:113)
ERROR: Buffer with GL ID of 348: leaked 168 bytes.
   at: ~Utilities (drivers/gles3/storage/utilities.cpp:113)
ERROR: Buffer with GL ID of 349: leaked 576 bytes.
   at: ~Utilities (drivers/gles3/storage/utilities.cpp:113)
ERROR: Buffer with GL ID of 350: leaked 192 bytes.
   at: ~Utilities (drivers/gles3/storage/utilities.cpp:113)
ERROR: Buffer with GL ID of 351: leaked 168 bytes.
   at: ~Utilities (drivers/gles3/storage/utilities.cpp:113)
ERROR: Buffer with GL ID of 352: leaked 128 bytes.
   at: ~Utilities (drivers/gles3/storage/utilities.cpp:113)
ERROR: Buffer with GL ID of 353: leaked 168 bytes.
   at: ~Utilities (drivers/gles3/storage/utilities.cpp:113)
ERROR: Buffer with GL ID of 354: leaked 128 bytes.
   at: ~Utilities (drivers/gles3/storage/utilities.cpp:113)
ERROR: Buffer with GL ID of 355: leaked 168 bytes.
   at: ~Utilities (drivers/gles3/storage/utilities.cpp:113)
ERROR: Buffer with GL ID of 356: leaked 576 bytes.
   at: ~Utilities (drivers/gles3/storage/utilities.cpp:113)
ERROR: Buffer with GL ID of 357: leaked 192 bytes.
   at: ~Utilities (drivers/gles3/storage/utilities.cpp:113)
ERROR: Buffer with GL ID of 358: leaked 168 bytes.
   at: ~Utilities (drivers/gles3/storage/utilities.cpp:113)
ERROR: Buffer with GL ID of 359: leaked 576 bytes.
   at: ~Utilities (drivers/gles3/storage/utilities.cpp:113)
ERROR: Buffer with GL ID of 360: leaked 192 bytes.
   at: ~Utilities (drivers/gles3/storage/utilities.cpp:113)
ERROR: Buffer with GL ID of 361: leaked 168 bytes.
   at: ~Utilities (drivers/gles3/storage/utilities.cpp:113)
ERROR: Buffer with GL ID of 362: leaked 64 bytes.
   at: ~Utilities (drivers/gles3/storage/utilities.cpp:113)
ERROR: Buffer with GL ID of 363: leaked 72 bytes.
   at: ~Utilities (drivers/gles3/storage/utilities.cpp:113)
ERROR: Buffer with GL ID of 364: leaked 64 bytes.
   at: ~Utilities (drivers/gles3/storage/utilities.cpp:113)
ERROR: Buffer with GL ID of 365: leaked 72 bytes.
   at: ~Utilities (drivers/gles3/storage/utilities.cpp:113)
ERROR: Buffer with GL ID of 366: leaked 288 bytes.
   at: ~Utilities (drivers/gles3/storage/utilities.cpp:113)
ERROR: Buffer with GL ID of 367: leaked 96 bytes.
   at: ~Utilities (drivers/gles3/storage/utilities.cpp:113)
ERROR: Buffer with GL ID of 368: leaked 72 bytes.
   at: ~Utilities (drivers/gles3/storage/utilities.cpp:113)
ERROR: Buffer with GL ID of 369: leaked 288 bytes.
   at: ~Utilities (drivers/gles3/storage/utilities.cpp:113)
ERROR: Buffer with GL ID of 370: leaked 96 bytes.
   at: ~Utilities (drivers/gles3/storage/utilities.cpp:113)
ERROR: Buffer with GL ID of 371: leaked 72 bytes.
   at: ~Utilities (drivers/gles3/storage/utilities.cpp:113)
ERROR: Buffer with GL ID of 372: leaked 480 bytes.
   at: ~Utilities (drivers/gles3/storage/utilities.cpp:113)
ERROR: Buffer with GL ID of 373: leaked 456 bytes.
   at: ~Utilities (drivers/gles3/storage/utilities.cpp:113)
ERROR: Buffer with GL ID of 374: leaked 228 bytes.
   at: ~Utilities (drivers/gles3/storage/utilities.cpp:113)
ERROR: Buffer with GL ID of 375: leaked 108 bytes.
   at: ~Utilities (drivers/gles3/storage/utilities.cpp:113)
ERROR: Buffer with GL ID of 376: leaked 48 bytes.
   at: ~Utilities (drivers/gles3/storage/utilities.cpp:113)
ERROR: Buffer with GL ID of 377: leaked 480 bytes.
   at: ~Utilities (drivers/gles3/storage/utilities.cpp:113)
ERROR: Buffer with GL ID of 378: leaked 456 bytes.
   at: ~Utilities (drivers/gles3/storage/utilities.cpp:113)
ERROR: Buffer with GL ID of 379: leaked 228 bytes.
   at: ~Utilities (drivers/gles3/storage/utilities.cpp:113)
ERROR: Buffer with GL ID of 380: leaked 108 bytes.
   at: ~Utilities (drivers/gles3/storage/utilities.cpp:113)
ERROR: Buffer with GL ID of 381: leaked 48 bytes.
   at: ~Utilities (drivers/gles3/storage/utilities.cpp:113)
ERROR: Buffer with GL ID of 382: leaked 2400 bytes.
   at: ~Utilities (drivers/gles3/storage/utilities.cpp:113)
ERROR: Buffer with GL ID of 383: leaked 960 bytes.
   at: ~Utilities (drivers/gles3/storage/utilities.cpp:113)
ERROR: Buffer with GL ID of 384: leaked 456 bytes.
   at: ~Utilities (drivers/gles3/storage/utilities.cpp:113)
ERROR: Buffer with GL ID of 385: leaked 228 bytes.
   at: ~Utilities (drivers/gles3/storage/utilities.cpp:113)
ERROR: Buffer with GL ID of 386: leaked 108 bytes.
   at: ~Utilities (drivers/gles3/storage/utilities.cpp:113)
ERROR: Buffer with GL ID of 387: leaked 48 bytes.
   at: ~Utilities (drivers/gles3/storage/utilities.cpp:113)
ERROR: Buffer with GL ID of 388: leaked 2400 bytes.
   at: ~Utilities (drivers/gles3/storage/utilities.cpp:113)
ERROR: Buffer with GL ID of 389: leaked 960 bytes.
   at: ~Utilities (drivers/gles3/storage/utilities.cpp:113)
ERROR: Buffer with GL ID of 390: leaked 456 bytes.
   at: ~Utilities (drivers/gles3/storage/utilities.cpp:113)
ERROR: Buffer with GL ID of 391: leaked 228 bytes.
   at: ~Utilities (drivers/gles3/storage/utilities.cpp:113)
ERROR: Buffer with GL ID of 392: leaked 108 bytes.
   at: ~Utilities (drivers/gles3/storage/utilities.cpp:113)
ERROR: Buffer with GL ID of 393: leaked 48 bytes.
   at: ~Utilities (drivers/gles3/storage/utilities.cpp:113)
ERROR: Buffer with GL ID of 394: leaked 64 bytes.
   at: ~Utilities (drivers/gles3/storage/utilities.cpp:113)
ERROR: Buffer with GL ID of 395: leaked 72 bytes.
   at: ~Utilities (drivers/gles3/storage/utilities.cpp:113)
ERROR: Buffer with GL ID of 396: leaked 64 bytes.
   at: ~Utilities (drivers/gles3/storage/utilities.cpp:113)
ERROR: Buffer with GL ID of 397: leaked 72 bytes.
   at: ~Utilities (drivers/gles3/storage/utilities.cpp:113)
ERROR: Buffer with GL ID of 398: leaked 288 bytes.
   at: ~Utilities (drivers/gles3/storage/utilities.cpp:113)
ERROR: Buffer with GL ID of 399: leaked 96 bytes.
   at: ~Utilities (drivers/gles3/storage/utilities.cpp:113)
ERROR: Buffer with GL ID of 400: leaked 72 bytes.
   at: ~Utilities (drivers/gles3/storage/utilities.cpp:113)
ERROR: Buffer with GL ID of 401: leaked 288 bytes.
   at: ~Utilities (drivers/gles3/storage/utilities.cpp:113)
ERROR: Buffer with GL ID of 402: leaked 96 bytes.
   at: ~Utilities (drivers/gles3/storage/utilities.cpp:113)
ERROR: Buffer with GL ID of 403: leaked 72 bytes.
   at: ~Utilities (drivers/gles3/storage/utilities.cpp:113)
ERROR: Buffer with GL ID of 404: leaked 912 bytes.
   at: ~Utilities (drivers/gles3/storage/utilities.cpp:113)
ERROR: Buffer with GL ID of 405: leaked 1344 bytes.
   at: ~Utilities (drivers/gles3/storage/utilities.cpp:113)
ERROR: Buffer with GL ID of 406: leaked 912 bytes.
   at: ~Utilities (drivers/gles3/storage/utilities.cpp:113)
ERROR: Buffer with GL ID of 407: leaked 1344 bytes.
   at: ~Utilities (drivers/gles3/storage/utilities.cpp:113)
ERROR: Buffer with GL ID of 408: leaked 5760 bytes.
   at: ~Utilities (drivers/gles3/storage/utilities.cpp:113)
ERROR: Buffer with GL ID of 409: leaked 1920 bytes.
   at: ~Utilities (drivers/gles3/storage/utilities.cpp:113)
ERROR: Buffer with GL ID of 410: leaked 1344 bytes.
   at: ~Utilities (drivers/gles3/storage/utilities.cpp:113)
ERROR: Buffer with GL ID of 411: leaked 5760 bytes.
   at: ~Utilities (drivers/gles3/storage/utilities.cpp:113)
ERROR: Buffer with GL ID of 412: leaked 1920 bytes.
   at: ~Utilities (drivers/gles3/storage/utilities.cpp:113)
ERROR: Buffer with GL ID of 413: leaked 1344 bytes.
   at: ~Utilities (drivers/gles3/storage/utilities.cpp:113)
ERROR: Buffer with GL ID of 414: leaked 64 bytes.
   at: ~Utilities (drivers/gles3/storage/utilities.cpp:113)
ERROR: Buffer with GL ID of 415: leaked 72 bytes.
   at: ~Utilities (drivers/gles3/storage/utilities.cpp:113)
ERROR: Buffer with GL ID of 416: leaked 64 bytes.
   at: ~Utilities (drivers/gles3/storage/utilities.cpp:113)
ERROR: Buffer with GL ID of 417: leaked 72 bytes.
   at: ~Utilities (drivers/gles3/storage/utilities.cpp:113)
ERROR: Buffer with GL ID of 418: leaked 288 bytes.
   at: ~Utilities (drivers/gles3/storage/utilities.cpp:113)
ERROR: Buffer with GL ID of 419: leaked 96 bytes.
   at: ~Utilities (drivers/gles3/storage/utilities.cpp:113)
ERROR: Buffer with GL ID of 420: leaked 72 bytes.
   at: ~Utilities (drivers/gles3/storage/utilities.cpp:113)
ERROR: Buffer with GL ID of 421: leaked 288 bytes.
   at: ~Utilities (drivers/gles3/storage/utilities.cpp:113)
ERROR: Buffer with GL ID of 422: leaked 96 bytes.
   at: ~Utilities (drivers/gles3/storage/utilities.cpp:113)
ERROR: Buffer with GL ID of 423: leaked 72 bytes.
   at: ~Utilities (drivers/gles3/storage/utilities.cpp:113)
ERROR: Buffer with GL ID of 424: leaked 64 bytes.
   at: ~Utilities (drivers/gles3/storage/utilities.cpp:113)
ERROR: Buffer with GL ID of 425: leaked 72 bytes.
   at: ~Utilities (drivers/gles3/storage/utilities.cpp:113)
ERROR: Buffer with GL ID of 426: leaked 64 bytes.
   at: ~Utilities (drivers/gles3/storage/utilities.cpp:113)
ERROR: Buffer with GL ID of 427: leaked 72 bytes.
   at: ~Utilities (drivers/gles3/storage/utilities.cpp:113)
ERROR: Buffer with GL ID of 428: leaked 288 bytes.
   at: ~Utilities (drivers/gles3/storage/utilities.cpp:113)
ERROR: Buffer with GL ID of 429: leaked 96 bytes.
   at: ~Utilities (drivers/gles3/storage/utilities.cpp:113)
ERROR: Buffer with GL ID of 430: leaked 72 bytes.
   at: ~Utilities (drivers/gles3/storage/utilities.cpp:113)
ERROR: Buffer with GL ID of 431: leaked 288 bytes.
   at: ~Utilities (drivers/gles3/storage/utilities.cpp:113)
ERROR: Buffer with GL ID of 432: leaked 96 bytes.
   at: ~Utilities (drivers/gles3/storage/utilities.cpp:113)
ERROR: Buffer with GL ID of 433: leaked 72 bytes.
   at: ~Utilities (drivers/gles3/storage/utilities.cpp:113)
ERROR: Buffer with GL ID of 434: leaked 64 bytes.
   at: ~Utilities (drivers/gles3/storage/utilities.cpp:113)
ERROR: Buffer with GL ID of 435: leaked 72 bytes.
   at: ~Utilities (drivers/gles3/storage/utilities.cpp:113)
ERROR: Buffer with GL ID of 436: leaked 64 bytes.
   at: ~Utilities (drivers/gles3/storage/utilities.cpp:113)
ERROR: Buffer with GL ID of 437: leaked 72 bytes.
   at: ~Utilities (drivers/gles3/storage/utilities.cpp:113)
ERROR: Buffer with GL ID of 438: leaked 288 bytes.
   at: ~Utilities (drivers/gles3/storage/utilities.cpp:113)
ERROR: Buffer with GL ID of 439: leaked 96 bytes.
   at: ~Utilities (drivers/gles3/storage/utilities.cpp:113)
ERROR: Buffer with GL ID of 440: leaked 72 bytes.
   at: ~Utilities (drivers/gles3/storage/utilities.cpp:113)
ERROR: Buffer with GL ID of 441: leaked 288 bytes.
   at: ~Utilities (drivers/gles3/storage/utilities.cpp:113)
ERROR: Buffer with GL ID of 442: leaked 96 bytes.
   at: ~Utilities (drivers/gles3/storage/utilities.cpp:113)
ERROR: Buffer with GL ID of 443: leaked 72 bytes.
   at: ~Utilities (drivers/gles3/storage/utilities.cpp:113)
ERROR: Buffer with GL ID of 444: leaked 64 bytes.
   at: ~Utilities (drivers/gles3/storage/utilities.cpp:113)
ERROR: Buffer with GL ID of 445: leaked 72 bytes.
   at: ~Utilities (drivers/gles3/storage/utilities.cpp:113)
ERROR: Buffer with GL ID of 446: leaked 64 bytes.
   at: ~Utilities (drivers/gles3/storage/utilities.cpp:113)
ERROR: Buffer with GL ID of 447: leaked 72 bytes.
   at: ~Utilities (drivers/gles3/storage/utilities.cpp:113)
ERROR: Buffer with GL ID of 448: leaked 288 bytes.
   at: ~Utilities (drivers/gles3/storage/utilities.cpp:113)
ERROR: Buffer with GL ID of 449: leaked 96 bytes.
   at: ~Utilities (drivers/gles3/storage/utilities.cpp:113)
ERROR: Buffer with GL ID of 450: leaked 72 bytes.
   at: ~Utilities (drivers/gles3/storage/utilities.cpp:113)
ERROR: Buffer with GL ID of 451: leaked 288 bytes.
   at: ~Utilities (drivers/gles3/storage/utilities.cpp:113)
ERROR: Buffer with GL ID of 452: leaked 96 bytes.
   at: ~Utilities (drivers/gles3/storage/utilities.cpp:113)
ERROR: Buffer with GL ID of 453: leaked 72 bytes.
   at: ~Utilities (drivers/gles3/storage/utilities.cpp:113)
ERROR: Buffer with GL ID of 454: leaked 64 bytes.
   at: ~Utilities (drivers/gles3/storage/utilities.cpp:113)
ERROR: Buffer with GL ID of 455: leaked 72 bytes.
   at: ~Utilities (drivers/gles3/storage/utilities.cpp:113)
ERROR: Buffer with GL ID of 456: leaked 64 bytes.
   at: ~Utilities (drivers/gles3/storage/utilities.cpp:113)
ERROR: Buffer with GL ID of 457: leaked 72 bytes.
   at: ~Utilities (drivers/gles3/storage/utilities.cpp:113)
ERROR: Buffer with GL ID of 458: leaked 288 bytes.
   at: ~Utilities (drivers/gles3/storage/utilities.cpp:113)
ERROR: Buffer with GL ID of 459: leaked 96 bytes.
   at: ~Utilities (drivers/gles3/storage/utilities.cpp:113)
ERROR: Buffer with GL ID of 460: leaked 72 bytes.
   at: ~Utilities (drivers/gles3/storage/utilities.cpp:113)
ERROR: Buffer with GL ID of 461: leaked 288 bytes.
   at: ~Utilities (drivers/gles3/storage/utilities.cpp:113)
ERROR: Buffer with GL ID of 462: leaked 96 bytes.
   at: ~Utilities (drivers/gles3/storage/utilities.cpp:113)
ERROR: Buffer with GL ID of 463: leaked 72 bytes.
   at: ~Utilities (drivers/gles3/storage/utilities.cpp:113)
ERROR: Buffer with GL ID of 464: leaked 64 bytes.
   at: ~Utilities (drivers/gles3/storage/utilities.cpp:113)
ERROR: Buffer with GL ID of 465: leaked 72 bytes.
   at: ~Utilities (drivers/gles3/storage/utilities.cpp:113)
ERROR: Buffer with GL ID of 466: leaked 64 bytes.
   at: ~Utilities (drivers/gles3/storage/utilities.cpp:113)
ERROR: Buffer with GL ID of 467: leaked 72 bytes.
   at: ~Utilities (drivers/gles3/storage/utilities.cpp:113)
ERROR: Buffer with GL ID of 468: leaked 288 bytes.
   at: ~Utilities (drivers/gles3/storage/utilities.cpp:113)
ERROR: Buffer with GL ID of 469: leaked 96 bytes.
   at: ~Utilities (drivers/gles3/storage/utilities.cpp:113)
ERROR: Buffer with GL ID of 470: leaked 72 bytes.
   at: ~Utilities (drivers/gles3/storage/utilities.cpp:113)
ERROR: Buffer with GL ID of 471: leaked 288 bytes.
   at: ~Utilities (drivers/gles3/storage/utilities.cpp:113)
ERROR: Buffer with GL ID of 472: leaked 96 bytes.
   at: ~Utilities (drivers/gles3/storage/utilities.cpp:113)
ERROR: Buffer with GL ID of 473: leaked 72 bytes.
   at: ~Utilities (drivers/gles3/storage/utilities.cpp:113)
ERROR: Buffer with GL ID of 474: leaked 64 bytes.
   at: ~Utilities (drivers/gles3/storage/utilities.cpp:113)
ERROR: Buffer with GL ID of 475: leaked 72 bytes.
   at: ~Utilities (drivers/gles3/storage/utilities.cpp:113)
ERROR: Buffer with GL ID of 476: leaked 64 bytes.
   at: ~Utilities (drivers/gles3/storage/utilities.cpp:113)
ERROR: Buffer with GL ID of 477: leaked 72 bytes.
   at: ~Utilities (drivers/gles3/storage/utilities.cpp:113)
ERROR: Buffer with GL ID of 478: leaked 288 bytes.
   at: ~Utilities (drivers/gles3/storage/utilities.cpp:113)
ERROR: Buffer with GL ID of 479: leaked 96 bytes.
   at: ~Utilities (drivers/gles3/storage/utilities.cpp:113)
ERROR: Buffer with GL ID of 480: leaked 72 bytes.
   at: ~Utilities (drivers/gles3/storage/utilities.cpp:113)
ERROR: Buffer with GL ID of 481: leaked 288 bytes.
   at: ~Utilities (drivers/gles3/storage/utilities.cpp:113)
ERROR: Buffer with GL ID of 482: leaked 96 bytes.
   at: ~Utilities (drivers/gles3/storage/utilities.cpp:113)
ERROR: Buffer with GL ID of 483: leaked 72 bytes.
   at: ~Utilities (drivers/gles3/storage/utilities.cpp:113)
ERROR: Buffer with GL ID of 484: leaked 64 bytes.
   at: ~Utilities (drivers/gles3/storage/utilities.cpp:113)
ERROR: Buffer with GL ID of 485: leaked 72 bytes.
   at: ~Utilities (drivers/gles3/storage/utilities.cpp:113)
ERROR: Buffer with GL ID of 486: leaked 288 bytes.
   at: ~Utilities (drivers/gles3/storage/utilities.cpp:113)
ERROR: Buffer with GL ID of 487: leaked 96 bytes.
   at: ~Utilities (drivers/gles3/storage/utilities.cpp:113)
ERROR: Buffer with GL ID of 488: leaked 72 bytes.
   at: ~Utilities (drivers/gles3/storage/utilities.cpp:113)
ERROR: Buffer with GL ID of 489: leaked 64 bytes.
   at: ~Utilities (drivers/gles3/storage/utilities.cpp:113)
ERROR: Buffer with GL ID of 490: leaked 72 bytes.
   at: ~Utilities (drivers/gles3/storage/utilities.cpp:113)
ERROR: Buffer with GL ID of 491: leaked 288 bytes.
   at: ~Utilities (drivers/gles3/storage/utilities.cpp:113)
ERROR: Buffer with GL ID of 492: leaked 96 bytes.
   at: ~Utilities (drivers/gles3/storage/utilities.cpp:113)
ERROR: Buffer with GL ID of 493: leaked 72 bytes.
   at: ~Utilities (drivers/gles3/storage/utilities.cpp:113)
ERROR: Buffer with GL ID of 494: leaked 128 bytes.
   at: ~Utilities (drivers/gles3/storage/utilities.cpp:113)
ERROR: Buffer with GL ID of 495: leaked 168 bytes.
   at: ~Utilities (drivers/gles3/storage/utilities.cpp:113)
ERROR: Buffer with GL ID of 496: leaked 576 bytes.
   at: ~Utilities (drivers/gles3/storage/utilities.cpp:113)
ERROR: Buffer with GL ID of 497: leaked 192 bytes.
   at: ~Utilities (drivers/gles3/storage/utilities.cpp:113)
ERROR: Buffer with GL ID of 498: leaked 168 bytes.
   at: ~Utilities (drivers/gles3/storage/utilities.cpp:113)
ERROR: Buffer with GL ID of 499: leaked 128 bytes.
   at: ~Utilities (drivers/gles3/storage/utilities.cpp:113)
ERROR: Buffer with GL ID of 500: leaked 168 bytes.
   at: ~Utilities (drivers/gles3/storage/utilities.cpp:113)
ERROR: Buffer with GL ID of 501: leaked 576 bytes.
   at: ~Utilities (drivers/gles3/storage/utilities.cpp:113)
ERROR: Buffer with GL ID of 502: leaked 192 bytes.
   at: ~Utilities (drivers/gles3/storage/utilities.cpp:113)
ERROR: Buffer with GL ID of 503: leaked 168 bytes.
   at: ~Utilities (drivers/gles3/storage/utilities.cpp:113)
ERROR: Buffer with GL ID of 504: leaked 128 bytes.
   at: ~Utilities (drivers/gles3/storage/utilities.cpp:113)
ERROR: Buffer with GL ID of 505: leaked 168 bytes.
   at: ~Utilities (drivers/gles3/storage/utilities.cpp:113)
ERROR: Buffer with GL ID of 506: leaked 576 bytes.
   at: ~Utilities (drivers/gles3/storage/utilities.cpp:113)
ERROR: Buffer with GL ID of 507: leaked 192 bytes.
   at: ~Utilities (drivers/gles3/storage/utilities.cpp:113)
ERROR: Buffer with GL ID of 508: leaked 168 bytes.
   at: ~Utilities (drivers/gles3/storage/utilities.cpp:113)
ERROR: Buffer with GL ID of 509: leaked 128 bytes.
   at: ~Utilities (drivers/gles3/storage/utilities.cpp:113)
ERROR: Buffer with GL ID of 510: leaked 168 bytes.
   at: ~Utilities (drivers/gles3/storage/utilities.cpp:113)
ERROR: Buffer with GL ID of 511: leaked 576 bytes.
   at: ~Utilities (drivers/gles3/storage/utilities.cpp:113)
ERROR: Buffer with GL ID of 512: leaked 192 bytes.
   at: ~Utilities (drivers/gles3/storage/utilities.cpp:113)
ERROR: Buffer with GL ID of 513: leaked 168 bytes.
   at: ~Utilities (drivers/gles3/storage/utilities.cpp:113)
ERROR: Buffer with GL ID of 514: leaked 128 bytes.
   at: ~Utilities (drivers/gles3/storage/utilities.cpp:113)
ERROR: Buffer with GL ID of 515: leaked 168 bytes.
   at: ~Utilities (drivers/gles3/storage/utilities.cpp:113)
ERROR: Buffer with GL ID of 516: leaked 576 bytes.
   at: ~Utilities (drivers/gles3/storage/utilities.cpp:113)
ERROR: Buffer with GL ID of 517: leaked 192 bytes.
   at: ~Utilities (drivers/gles3/storage/utilities.cpp:113)
ERROR: Buffer with GL ID of 518: leaked 168 bytes.
   at: ~Utilities (drivers/gles3/storage/utilities.cpp:113)
ERROR: Buffer with GL ID of 519: leaked 128 bytes.
   at: ~Utilities (drivers/gles3/storage/utilities.cpp:113)
ERROR: Buffer with GL ID of 520: leaked 168 bytes.
   at: ~Utilities (drivers/gles3/storage/utilities.cpp:113)
ERROR: Buffer with GL ID of 521: leaked 576 bytes.
   at: ~Utilities (drivers/gles3/storage/utilities.cpp:113)
ERROR: Buffer with GL ID of 522: leaked 192 bytes.
   at: ~Utilities (drivers/gles3/storage/utilities.cpp:113)
ERROR: Buffer with GL ID of 523: leaked 168 bytes.
   at: ~Utilities (drivers/gles3/storage/utilities.cpp:113)
ERROR: Buffer with GL ID of 524: leaked 128 bytes.
   at: ~Utilities (drivers/gles3/storage/utilities.cpp:113)
ERROR: Buffer with GL ID of 525: leaked 168 bytes.
   at: ~Utilities (drivers/gles3/storage/utilities.cpp:113)
ERROR: Buffer with GL ID of 526: leaked 576 bytes.
   at: ~Utilities (drivers/gles3/storage/utilities.cpp:113)
ERROR: Buffer with GL ID of 527: leaked 192 bytes.
   at: ~Utilities (drivers/gles3/storage/utilities.cpp:113)
ERROR: Buffer with GL ID of 528: leaked 168 bytes.
   at: ~Utilities (drivers/gles3/storage/utilities.cpp:113)
ERROR: Buffer with GL ID of 529: leaked 128 bytes.
   at: ~Utilities (drivers/gles3/storage/utilities.cpp:113)
ERROR: Buffer with GL ID of 530: leaked 168 bytes.
   at: ~Utilities (drivers/gles3/storage/utilities.cpp:113)
ERROR: Buffer with GL ID of 531: leaked 576 bytes.
   at: ~Utilities (drivers/gles3/storage/utilities.cpp:113)
ERROR: Buffer with GL ID of 532: leaked 192 bytes.
   at: ~Utilities (drivers/gles3/storage/utilities.cpp:113)
ERROR: Buffer with GL ID of 533: leaked 168 bytes.
   at: ~Utilities (drivers/gles3/storage/utilities.cpp:113)
ERROR: Buffer with GL ID of 534: leaked 128 bytes.
   at: ~Utilities (drivers/gles3/storage/utilities.cpp:113)
ERROR: Buffer with GL ID of 535: leaked 168 bytes.
   at: ~Utilities (drivers/gles3/storage/utilities.cpp:113)
ERROR: Buffer with GL ID of 536: leaked 576 bytes.
   at: ~Utilities (drivers/gles3/storage/utilities.cpp:113)
ERROR: Buffer with GL ID of 537: leaked 192 bytes.
   at: ~Utilities (drivers/gles3/storage/utilities.cpp:113)
ERROR: Buffer with GL ID of 538: leaked 168 bytes.
   at: ~Utilities (drivers/gles3/storage/utilities.cpp:113)
ERROR: Buffer with GL ID of 539: leaked 128 bytes.
   at: ~Utilities (drivers/gles3/storage/utilities.cpp:113)
ERROR: Buffer with GL ID of 540: leaked 168 bytes.
   at: ~Utilities (drivers/gles3/storage/utilities.cpp:113)
ERROR: Buffer with GL ID of 541: leaked 576 bytes.
   at: ~Utilities (drivers/gles3/storage/utilities.cpp:113)
ERROR: Buffer with GL ID of 542: leaked 192 bytes.
   at: ~Utilities (drivers/gles3/storage/utilities.cpp:113)
ERROR: Buffer with GL ID of 543: leaked 168 bytes.
   at: ~Utilities (drivers/gles3/storage/utilities.cpp:113)
ERROR: Buffer with GL ID of 544: leaked 128 bytes.
   at: ~Utilities (drivers/gles3/storage/utilities.cpp:113)
ERROR: Buffer with GL ID of 545: leaked 168 bytes.
   at: ~Utilities (drivers/gles3/storage/utilities.cpp:113)
ERROR: Buffer with GL ID of 546: leaked 576 bytes.
   at: ~Utilities (drivers/gles3/storage/utilities.cpp:113)
ERROR: Buffer with GL ID of 547: leaked 192 bytes.
   at: ~Utilities (drivers/gles3/storage/utilities.cpp:113)
ERROR: Buffer with GL ID of 548: leaked 168 bytes.
   at: ~Utilities (drivers/gles3/storage/utilities.cpp:113)
ERROR: Buffer with GL ID of 549: leaked 128 bytes.
   at: ~Utilities (drivers/gles3/storage/utilities.cpp:113)
ERROR: Buffer with GL ID of 550: leaked 168 bytes.
   at: ~Utilities (drivers/gles3/storage/utilities.cpp:113)
ERROR: Buffer with GL ID of 551: leaked 576 bytes.
   at: ~Utilities (drivers/gles3/storage/utilities.cpp:113)
ERROR: Buffer with GL ID of 552: leaked 192 bytes.
   at: ~Utilities (drivers/gles3/storage/utilities.cpp:113)
ERROR: Buffer with GL ID of 553: leaked 168 bytes.
   at: ~Utilities (drivers/gles3/storage/utilities.cpp:113)
ERROR: Buffer with GL ID of 554: leaked 128 bytes.
   at: ~Utilities (drivers/gles3/storage/utilities.cpp:113)
ERROR: Buffer with GL ID of 555: leaked 168 bytes.
   at: ~Utilities (drivers/gles3/storage/utilities.cpp:113)
ERROR: Buffer with GL ID of 556: leaked 576 bytes.
   at: ~Utilities (drivers/gles3/storage/utilities.cpp:113)
ERROR: Buffer with GL ID of 557: leaked 192 bytes.
   at: ~Utilities (drivers/gles3/storage/utilities.cpp:113)
ERROR: Buffer with GL ID of 558: leaked 168 bytes.
   at: ~Utilities (drivers/gles3/storage/utilities.cpp:113)
ERROR: Buffer with GL ID of 559: leaked 128 bytes.
   at: ~Utilities (drivers/gles3/storage/utilities.cpp:113)
ERROR: Buffer with GL ID of 560: leaked 168 bytes.
   at: ~Utilities (drivers/gles3/storage/utilities.cpp:113)
ERROR: Buffer with GL ID of 561: leaked 576 bytes.
   at: ~Utilities (drivers/gles3/storage/utilities.cpp:113)
ERROR: Buffer with GL ID of 562: leaked 192 bytes.
   at: ~Utilities (drivers/gles3/storage/utilities.cpp:113)
ERROR: Buffer with GL ID of 563: leaked 168 bytes.
   at: ~Utilities (drivers/gles3/storage/utilities.cpp:113)
ERROR: Buffer with GL ID of 564: leaked 1024 bytes.
   at: ~Utilities (drivers/gles3/storage/utilities.cpp:113)
ERROR: Buffer with GL ID of 565: leaked 1536 bytes.
   at: ~Utilities (drivers/gles3/storage/utilities.cpp:113)
ERROR: Buffer with GL ID of 566: leaked 6144 bytes.
   at: ~Utilities (drivers/gles3/storage/utilities.cpp:113)
ERROR: Buffer with GL ID of 567: leaked 2048 bytes.
   at: ~Utilities (drivers/gles3/storage/utilities.cpp:113)
ERROR: Buffer with GL ID of 568: leaked 1536 bytes.
   at: ~Utilities (drivers/gles3/storage/utilities.cpp:113)
ERROR: Buffer with GL ID of 569: leaked 1024 bytes.
   at: ~Utilities (drivers/gles3/storage/utilities.cpp:113)
ERROR: Buffer with GL ID of 570: leaked 1536 bytes.
   at: ~Utilities (drivers/gles3/storage/utilities.cpp:113)
ERROR: Buffer with GL ID of 571: leaked 6144 bytes.
   at: ~Utilities (drivers/gles3/storage/utilities.cpp:113)
ERROR: Buffer with GL ID of 572: leaked 2048 bytes.
   at: ~Utilities (drivers/gles3/storage/utilities.cpp:113)
ERROR: Buffer with GL ID of 573: leaked 1536 bytes.
   at: ~Utilities (drivers/gles3/storage/utilities.cpp:113)
ERROR: Buffer with GL ID of 574: leaked 1024 bytes.
   at: ~Utilities (drivers/gles3/storage/utilities.cpp:113)
ERROR: Buffer with GL ID of 575: leaked 1536 bytes.
   at: ~Utilities (drivers/gles3/storage/utilities.cpp:113)
ERROR: Buffer with GL ID of 576: leaked 6144 bytes.
   at: ~Utilities (drivers/gles3/storage/utilities.cpp:113)
ERROR: Buffer with GL ID of 577: leaked 2048 bytes.
   at: ~Utilities (drivers/gles3/storage/utilities.cpp:113)
ERROR: Buffer with GL ID of 578: leaked 1536 bytes.
   at: ~Utilities (drivers/gles3/storage/utilities.cpp:113)
ERROR: Buffer with GL ID of 579: leaked 1024 bytes.
   at: ~Utilities (drivers/gles3/storage/utilities.cpp:113)
ERROR: Buffer with GL ID of 580: leaked 1536 bytes.
   at: ~Utilities (drivers/gles3/storage/utilities.cpp:113)
ERROR: Buffer with GL ID of 581: leaked 6144 bytes.
   at: ~Utilities (drivers/gles3/storage/utilities.cpp:113)
ERROR: Buffer with GL ID of 582: leaked 2048 bytes.
   at: ~Utilities (drivers/gles3/storage/utilities.cpp:113)
ERROR: Buffer with GL ID of 583: leaked 1536 bytes.
   at: ~Utilities (drivers/gles3/storage/utilities.cpp:113)
ERROR: Buffer with GL ID of 584: leaked 128 bytes.
   at: ~Utilities (drivers/gles3/storage/utilities.cpp:113)
ERROR: Buffer with GL ID of 585: leaked 168 bytes.
   at: ~Utilities (drivers/gles3/storage/utilities.cpp:113)
ERROR: Buffer with GL ID of 586: leaked 128 bytes.
   at: ~Utilities (drivers/gles3/storage/utilities.cpp:113)
ERROR: Buffer with GL ID of 587: leaked 168 bytes.
   at: ~Utilities (drivers/gles3/storage/utilities.cpp:113)
ERROR: Buffer with GL ID of 588: leaked 576 bytes.
   at: ~Utilities (drivers/gles3/storage/utilities.cpp:113)
ERROR: Buffer with GL ID of 589: leaked 192 bytes.
   at: ~Utilities (drivers/gles3/storage/utilities.cpp:113)
ERROR: Buffer with GL ID of 590: leaked 168 bytes.
   at: ~Utilities (drivers/gles3/storage/utilities.cpp:113)
ERROR: Buffer with GL ID of 591: leaked 576 bytes.
   at: ~Utilities (drivers/gles3/storage/utilities.cpp:113)
ERROR: Buffer with GL ID of 592: leaked 192 bytes.
   at: ~Utilities (drivers/gles3/storage/utilities.cpp:113)
ERROR: Buffer with GL ID of 593: leaked 168 bytes.
   at: ~Utilities (drivers/gles3/storage/utilities.cpp:113)
ERROR: Buffer with GL ID of 594: leaked 128 bytes.
   at: ~Utilities (drivers/gles3/storage/utilities.cpp:113)
ERROR: Buffer with GL ID of 595: leaked 168 bytes.
   at: ~Utilities (drivers/gles3/storage/utilities.cpp:113)
ERROR: Buffer with GL ID of 596: leaked 128 bytes.
   at: ~Utilities (drivers/gles3/storage/utilities.cpp:113)
ERROR: Buffer with GL ID of 597: leaked 168 bytes.
   at: ~Utilities (drivers/gles3/storage/utilities.cpp:113)
ERROR: Buffer with GL ID of 598: leaked 576 bytes.
   at: ~Utilities (drivers/gles3/storage/utilities.cpp:113)
ERROR: Buffer with GL ID of 599: leaked 192 bytes.
   at: ~Utilities (drivers/gles3/storage/utilities.cpp:113)
ERROR: Buffer with GL ID of 600: leaked 168 bytes.
   at: ~Utilities (drivers/gles3/storage/utilities.cpp:113)
ERROR: Buffer with GL ID of 601: leaked 576 bytes.
   at: ~Utilities (drivers/gles3/storage/utilities.cpp:113)
ERROR: Buffer with GL ID of 602: leaked 192 bytes.
   at: ~Utilities (drivers/gles3/storage/utilities.cpp:113)
ERROR: Buffer with GL ID of 603: leaked 168 bytes.
   at: ~Utilities (drivers/gles3/storage/utilities.cpp:113)
ERROR: Buffer with GL ID of 604: leaked 64 bytes.
   at: ~Utilities (drivers/gles3/storage/utilities.cpp:113)
ERROR: Buffer with GL ID of 605: leaked 72 bytes.
   at: ~Utilities (drivers/gles3/storage/utilities.cpp:113)
ERROR: Buffer with GL ID of 606: leaked 64 bytes.
   at: ~Utilities (drivers/gles3/storage/utilities.cpp:113)
ERROR: Buffer with GL ID of 607: leaked 72 bytes.
   at: ~Utilities (drivers/gles3/storage/utilities.cpp:113)
ERROR: Buffer with GL ID of 608: leaked 288 bytes.
   at: ~Utilities (drivers/gles3/storage/utilities.cpp:113)
ERROR: Buffer with GL ID of 609: leaked 96 bytes.
   at: ~Utilities (drivers/gles3/storage/utilities.cpp:113)
ERROR: Buffer with GL ID of 610: leaked 72 bytes.
   at: ~Utilities (drivers/gles3/storage/utilities.cpp:113)
ERROR: Buffer with GL ID of 611: leaked 288 bytes.
   at: ~Utilities (drivers/gles3/storage/utilities.cpp:113)
ERROR: Buffer with GL ID of 612: leaked 96 bytes.
   at: ~Utilities (drivers/gles3/storage/utilities.cpp:113)
ERROR: Buffer with GL ID of 613: leaked 72 bytes.
   at: ~Utilities (drivers/gles3/storage/utilities.cpp:113)
ERROR: Buffer with GL ID of 614: leaked 64 bytes.
   at: ~Utilities (drivers/gles3/storage/utilities.cpp:113)
ERROR: Buffer with GL ID of 615: leaked 72 bytes.
   at: ~Utilities (drivers/gles3/storage/utilities.cpp:113)
ERROR: Buffer with GL ID of 616: leaked 64 bytes.
   at: ~Utilities (drivers/gles3/storage/utilities.cpp:113)
ERROR: Buffer with GL ID of 617: leaked 72 bytes.
   at: ~Utilities (drivers/gles3/storage/utilities.cpp:113)
ERROR: Buffer with GL ID of 618: leaked 288 bytes.
   at: ~Utilities (drivers/gles3/storage/utilities.cpp:113)
ERROR: Buffer with GL ID of 619: leaked 96 bytes.
   at: ~Utilities (drivers/gles3/storage/utilities.cpp:113)
ERROR: Buffer with GL ID of 620: leaked 72 bytes.
   at: ~Utilities (drivers/gles3/storage/utilities.cpp:113)
ERROR: Buffer with GL ID of 621: leaked 288 bytes.
   at: ~Utilities (drivers/gles3/storage/utilities.cpp:113)
ERROR: Buffer with GL ID of 622: leaked 96 bytes.
   at: ~Utilities (drivers/gles3/storage/utilities.cpp:113)
ERROR: Buffer with GL ID of 623: leaked 72 bytes.
   at: ~Utilities (drivers/gles3/storage/utilities.cpp:113)
ERROR: Buffer with GL ID of 624: leaked 64 bytes.
   at: ~Utilities (drivers/gles3/storage/utilities.cpp:113)
ERROR: Buffer with GL ID of 625: leaked 72 bytes.
   at: ~Utilities (drivers/gles3/storage/utilities.cpp:113)
ERROR: Buffer with GL ID of 626: leaked 64 bytes.
   at: ~Utilities (drivers/gles3/storage/utilities.cpp:113)
ERROR: Buffer with GL ID of 627: leaked 72 bytes.
   at: ~Utilities (drivers/gles3/storage/utilities.cpp:113)
ERROR: Buffer with GL ID of 628: leaked 288 bytes.
   at: ~Utilities (drivers/gles3/storage/utilities.cpp:113)
ERROR: Buffer with GL ID of 629: leaked 96 bytes.
   at: ~Utilities (drivers/gles3/storage/utilities.cpp:113)
ERROR: Buffer with GL ID of 630: leaked 72 bytes.
   at: ~Utilities (drivers/gles3/storage/utilities.cpp:113)
ERROR: Buffer with GL ID of 631: leaked 288 bytes.
   at: ~Utilities (drivers/gles3/storage/utilities.cpp:113)
ERROR: Buffer with GL ID of 632: leaked 96 bytes.
   at: ~Utilities (drivers/gles3/storage/utilities.cpp:113)
ERROR: Buffer with GL ID of 633: leaked 72 bytes.
   at: ~Utilities (drivers/gles3/storage/utilities.cpp:113)
ERROR: Buffer with GL ID of 634: leaked 64 bytes.
   at: ~Utilities (drivers/gles3/storage/utilities.cpp:113)
ERROR: Buffer with GL ID of 635: leaked 72 bytes.
   at: ~Utilities (drivers/gles3/storage/utilities.cpp:113)
ERROR: Buffer with GL ID of 636: leaked 64 bytes.
   at: ~Utilities (drivers/gles3/storage/utilities.cpp:113)
ERROR: Buffer with GL ID of 637: leaked 72 bytes.
   at: ~Utilities (drivers/gles3/storage/utilities.cpp:113)
ERROR: Buffer with GL ID of 638: leaked 288 bytes.
   at: ~Utilities (drivers/gles3/storage/utilities.cpp:113)
ERROR: Buffer with GL ID of 639: leaked 96 bytes.
   at: ~Utilities (drivers/gles3/storage/utilities.cpp:113)
ERROR: Buffer with GL ID of 640: leaked 72 bytes.
   at: ~Utilities (drivers/gles3/storage/utilities.cpp:113)
ERROR: Buffer with GL ID of 641: leaked 288 bytes.
   at: ~Utilities (drivers/gles3/storage/utilities.cpp:113)
ERROR: Buffer with GL ID of 642: leaked 96 bytes.
   at: ~Utilities (drivers/gles3/storage/utilities.cpp:113)
ERROR: Buffer with GL ID of 643: leaked 72 bytes.
   at: ~Utilities (drivers/gles3/storage/utilities.cpp:113)
ERROR: Buffer with GL ID of 644: leaked 64 bytes.
   at: ~Utilities (drivers/gles3/storage/utilities.cpp:113)
ERROR: Buffer with GL ID of 645: leaked 72 bytes.
   at: ~Utilities (drivers/gles3/storage/utilities.cpp:113)
ERROR: Buffer with GL ID of 646: leaked 64 bytes.
   at: ~Utilities (drivers/gles3/storage/utilities.cpp:113)
ERROR: Buffer with GL ID of 647: leaked 72 bytes.
   at: ~Utilities (drivers/gles3/storage/utilities.cpp:113)
ERROR: Buffer with GL ID of 648: leaked 288 bytes.
   at: ~Utilities (drivers/gles3/storage/utilities.cpp:113)
ERROR: Buffer with GL ID of 649: leaked 96 bytes.
   at: ~Utilities (drivers/gles3/storage/utilities.cpp:113)
ERROR: Buffer with GL ID of 650: leaked 72 bytes.
   at: ~Utilities (drivers/gles3/storage/utilities.cpp:113)
ERROR: Buffer with GL ID of 651: leaked 288 bytes.
   at: ~Utilities (drivers/gles3/storage/utilities.cpp:113)
ERROR: Buffer with GL ID of 652: leaked 96 bytes.
   at: ~Utilities (drivers/gles3/storage/utilities.cpp:113)
ERROR: Buffer with GL ID of 653: leaked 72 bytes.
   at: ~Utilities (drivers/gles3/storage/utilities.cpp:113)
ERROR: Buffer with GL ID of 654: leaked 480 bytes.
   at: ~Utilities (drivers/gles3/storage/utilities.cpp:113)
ERROR: Buffer with GL ID of 655: leaked 456 bytes.
   at: ~Utilities (drivers/gles3/storage/utilities.cpp:113)
ERROR: Buffer with GL ID of 656: leaked 228 bytes.
   at: ~Utilities (drivers/gles3/storage/utilities.cpp:113)
ERROR: Buffer with GL ID of 657: leaked 108 bytes.
   at: ~Utilities (drivers/gles3/storage/utilities.cpp:113)
ERROR: Buffer with GL ID of 658: leaked 48 bytes.
   at: ~Utilities (drivers/gles3/storage/utilities.cpp:113)
ERROR: Buffer with GL ID of 659: leaked 480 bytes.
   at: ~Utilities (drivers/gles3/storage/utilities.cpp:113)
ERROR: Buffer with GL ID of 660: leaked 456 bytes.
   at: ~Utilities (drivers/gles3/storage/utilities.cpp:113)
ERROR: Buffer with GL ID of 661: leaked 228 bytes.
   at: ~Utilities (drivers/gles3/storage/utilities.cpp:113)
ERROR: Buffer with GL ID of 662: leaked 108 bytes.
   at: ~Utilities (drivers/gles3/storage/utilities.cpp:113)
ERROR: Buffer with GL ID of 663: leaked 48 bytes.
   at: ~Utilities (drivers/gles3/storage/utilities.cpp:113)
ERROR: Buffer with GL ID of 664: leaked 2400 bytes.
   at: ~Utilities (drivers/gles3/storage/utilities.cpp:113)
ERROR: Buffer with GL ID of 665: leaked 960 bytes.
   at: ~Utilities (drivers/gles3/storage/utilities.cpp:113)
ERROR: Buffer with GL ID of 666: leaked 456 bytes.
   at: ~Utilities (drivers/gles3/storage/utilities.cpp:113)
ERROR: Buffer with GL ID of 667: leaked 228 bytes.
   at: ~Utilities (drivers/gles3/storage/utilities.cpp:113)
ERROR: Buffer with GL ID of 668: leaked 108 bytes.
   at: ~Utilities (drivers/gles3/storage/utilities.cpp:113)
ERROR: Buffer with GL ID of 669: leaked 48 bytes.
   at: ~Utilities (drivers/gles3/storage/utilities.cpp:113)
ERROR: Buffer with GL ID of 670: leaked 2400 bytes.
   at: ~Utilities (drivers/gles3/storage/utilities.cpp:113)
ERROR: Buffer with GL ID of 671: leaked 960 bytes.
   at: ~Utilities (drivers/gles3/storage/utilities.cpp:113)
ERROR: Buffer with GL ID of 672: leaked 456 bytes.
   at: ~Utilities (drivers/gles3/storage/utilities.cpp:113)
ERROR: Buffer with GL ID of 673: leaked 228 bytes.
   at: ~Utilities (drivers/gles3/storage/utilities.cpp:113)
ERROR: Buffer with GL ID of 674: leaked 108 bytes.
   at: ~Utilities (drivers/gles3/storage/utilities.cpp:113)
ERROR: Buffer with GL ID of 675: leaked 48 bytes.
   at: ~Utilities (drivers/gles3/storage/utilities.cpp:113)
ERROR: Buffer with GL ID of 676: leaked 64 bytes.
   at: ~Utilities (drivers/gles3/storage/utilities.cpp:113)
ERROR: Buffer with GL ID of 677: leaked 72 bytes.
   at: ~Utilities (drivers/gles3/storage/utilities.cpp:113)
ERROR: Buffer with GL ID of 678: leaked 64 bytes.
   at: ~Utilities (drivers/gles3/storage/utilities.cpp:113)
ERROR: Buffer with GL ID of 679: leaked 72 bytes.
   at: ~Utilities (drivers/gles3/storage/utilities.cpp:113)
ERROR: Buffer with GL ID of 680: leaked 288 bytes.
   at: ~Utilities (drivers/gles3/storage/utilities.cpp:113)
ERROR: Buffer with GL ID of 681: leaked 96 bytes.
   at: ~Utilities (drivers/gles3/storage/utilities.cpp:113)
ERROR: Buffer with GL ID of 682: leaked 72 bytes.
   at: ~Utilities (drivers/gles3/storage/utilities.cpp:113)
ERROR: Buffer with GL ID of 683: leaked 288 bytes.
   at: ~Utilities (drivers/gles3/storage/utilities.cpp:113)
ERROR: Buffer with GL ID of 684: leaked 96 bytes.
   at: ~Utilities (drivers/gles3/storage/utilities.cpp:113)
ERROR: Buffer with GL ID of 685: leaked 72 bytes.
   at: ~Utilities (drivers/gles3/storage/utilities.cpp:113)
ERROR: Buffer with GL ID of 686: leaked 912 bytes.
   at: ~Utilities (drivers/gles3/storage/utilities.cpp:113)
ERROR: Buffer with GL ID of 687: leaked 1344 bytes.
   at: ~Utilities (drivers/gles3/storage/utilities.cpp:113)
ERROR: Buffer with GL ID of 688: leaked 912 bytes.
   at: ~Utilities (drivers/gles3/storage/utilities.cpp:113)
ERROR: Buffer with GL ID of 689: leaked 1344 bytes.
   at: ~Utilities (drivers/gles3/storage/utilities.cpp:113)
ERROR: Buffer with GL ID of 690: leaked 5760 bytes.
   at: ~Utilities (drivers/gles3/storage/utilities.cpp:113)
ERROR: Buffer with GL ID of 691: leaked 1920 bytes.
   at: ~Utilities (drivers/gles3/storage/utilities.cpp:113)
ERROR: Buffer with GL ID of 692: leaked 1344 bytes.
   at: ~Utilities (drivers/gles3/storage/utilities.cpp:113)
ERROR: Buffer with GL ID of 693: leaked 5760 bytes.
   at: ~Utilities (drivers/gles3/storage/utilities.cpp:113)
ERROR: Buffer with GL ID of 694: leaked 1920 bytes.
   at: ~Utilities (drivers/gles3/storage/utilities.cpp:113)
ERROR: Buffer with GL ID of 695: leaked 1344 bytes.
   at: ~Utilities (drivers/gles3/storage/utilities.cpp:113)
ERROR: Buffer with GL ID of 696: leaked 64 bytes.
   at: ~Utilities (drivers/gles3/storage/utilities.cpp:113)
ERROR: Buffer with GL ID of 697: leaked 72 bytes.
   at: ~Utilities (drivers/gles3/storage/utilities.cpp:113)
ERROR: Buffer with GL ID of 698: leaked 64 bytes.
   at: ~Utilities (drivers/gles3/storage/utilities.cpp:113)
ERROR: Buffer with GL ID of 699: leaked 72 bytes.
   at: ~Utilities (drivers/gles3/storage/utilities.cpp:113)
ERROR: Buffer with GL ID of 700: leaked 288 bytes.
   at: ~Utilities (drivers/gles3/storage/utilities.cpp:113)
ERROR: Buffer with GL ID of 701: leaked 96 bytes.
   at: ~Utilities (drivers/gles3/storage/utilities.cpp:113)
ERROR: Buffer with GL ID of 702: leaked 72 bytes.
   at: ~Utilities (drivers/gles3/storage/utilities.cpp:113)
ERROR: Buffer with GL ID of 703: leaked 288 bytes.
   at: ~Utilities (drivers/gles3/storage/utilities.cpp:113)
ERROR: Buffer with GL ID of 704: leaked 96 bytes.
   at: ~Utilities (drivers/gles3/storage/utilities.cpp:113)
ERROR: Buffer with GL ID of 705: leaked 72 bytes.
   at: ~Utilities (drivers/gles3/storage/utilities.cpp:113)
ERROR: Buffer with GL ID of 706: leaked 64 bytes.
   at: ~Utilities (drivers/gles3/storage/utilities.cpp:113)
ERROR: Buffer with GL ID of 707: leaked 72 bytes.
   at: ~Utilities (drivers/gles3/storage/utilities.cpp:113)
ERROR: Buffer with GL ID of 708: leaked 64 bytes.
   at: ~Utilities (drivers/gles3/storage/utilities.cpp:113)
ERROR: Buffer with GL ID of 709: leaked 72 bytes.
   at: ~Utilities (drivers/gles3/storage/utilities.cpp:113)
ERROR: Buffer with GL ID of 710: leaked 288 bytes.
   at: ~Utilities (drivers/gles3/storage/utilities.cpp:113)
ERROR: Buffer with GL ID of 711: leaked 96 bytes.
   at: ~Utilities (drivers/gles3/storage/utilities.cpp:113)
ERROR: Buffer with GL ID of 712: leaked 72 bytes.
   at: ~Utilities (drivers/gles3/storage/utilities.cpp:113)
ERROR: Buffer with GL ID of 713: leaked 288 bytes.
   at: ~Utilities (drivers/gles3/storage/utilities.cpp:113)
ERROR: Buffer with GL ID of 714: leaked 96 bytes.
   at: ~Utilities (drivers/gles3/storage/utilities.cpp:113)
ERROR: Buffer with GL ID of 715: leaked 72 bytes.
   at: ~Utilities (drivers/gles3/storage/utilities.cpp:113)
ERROR: Buffer with GL ID of 716: leaked 64 bytes.
   at: ~Utilities (drivers/gles3/storage/utilities.cpp:113)
ERROR: Buffer with GL ID of 717: leaked 72 bytes.
   at: ~Utilities (drivers/gles3/storage/utilities.cpp:113)
ERROR: Buffer with GL ID of 718: leaked 64 bytes.
   at: ~Utilities (drivers/gles3/storage/utilities.cpp:113)
ERROR: Buffer with GL ID of 719: leaked 72 bytes.
   at: ~Utilities (drivers/gles3/storage/utilities.cpp:113)
ERROR: Buffer with GL ID of 720: leaked 288 bytes.
   at: ~Utilities (drivers/gles3/storage/utilities.cpp:113)
ERROR: Buffer with GL ID of 721: leaked 96 bytes.
   at: ~Utilities (drivers/gles3/storage/utilities.cpp:113)
ERROR: Buffer with GL ID of 722: leaked 72 bytes.
   at: ~Utilities (drivers/gles3/storage/utilities.cpp:113)
ERROR: Buffer with GL ID of 723: leaked 288 bytes.
   at: ~Utilities (drivers/gles3/storage/utilities.cpp:113)
ERROR: Buffer with GL ID of 724: leaked 96 bytes.
   at: ~Utilities (drivers/gles3/storage/utilities.cpp:113)
ERROR: Buffer with GL ID of 725: leaked 72 bytes.
   at: ~Utilities (drivers/gles3/storage/utilities.cpp:113)
ERROR: Buffer with GL ID of 726: leaked 64 bytes.
   at: ~Utilities (drivers/gles3/storage/utilities.cpp:113)
ERROR: Buffer with GL ID of 727: leaked 72 bytes.
   at: ~Utilities (drivers/gles3/storage/utilities.cpp:113)
ERROR: Buffer with GL ID of 728: leaked 64 bytes.
   at: ~Utilities (drivers/gles3/storage/utilities.cpp:113)
ERROR: Buffer with GL ID of 729: leaked 72 bytes.
   at: ~Utilities (drivers/gles3/storage/utilities.cpp:113)
ERROR: Buffer with GL ID of 730: leaked 288 bytes.
   at: ~Utilities (drivers/gles3/storage/utilities.cpp:113)
ERROR: Buffer with GL ID of 731: leaked 96 bytes.
   at: ~Utilities (drivers/gles3/storage/utilities.cpp:113)
ERROR: Buffer with GL ID of 732: leaked 72 bytes.
   at: ~Utilities (drivers/gles3/storage/utilities.cpp:113)
ERROR: Buffer with GL ID of 733: leaked 288 bytes.
   at: ~Utilities (drivers/gles3/storage/utilities.cpp:113)
ERROR: Buffer with GL ID of 734: leaked 96 bytes.
   at: ~Utilities (drivers/gles3/storage/utilities.cpp:113)
ERROR: Buffer with GL ID of 735: leaked 72 bytes.
   at: ~Utilities (drivers/gles3/storage/utilities.cpp:113)
ERROR: Buffer with GL ID of 736: leaked 64 bytes.
   at: ~Utilities (drivers/gles3/storage/utilities.cpp:113)
ERROR: Buffer with GL ID of 737: leaked 72 bytes.
   at: ~Utilities (drivers/gles3/storage/utilities.cpp:113)
ERROR: Buffer with GL ID of 738: leaked 64 bytes.
   at: ~Utilities (drivers/gles3/storage/utilities.cpp:113)
ERROR: Buffer with GL ID of 739: leaked 72 bytes.
   at: ~Utilities (drivers/gles3/storage/utilities.cpp:113)
ERROR: Buffer with GL ID of 740: leaked 288 bytes.
   at: ~Utilities (drivers/gles3/storage/utilities.cpp:113)
ERROR: Buffer with GL ID of 741: leaked 96 bytes.
   at: ~Utilities (drivers/gles3/storage/utilities.cpp:113)
ERROR: Buffer with GL ID of 742: leaked 72 bytes.
   at: ~Utilities (drivers/gles3/storage/utilities.cpp:113)
ERROR: Buffer with GL ID of 743: leaked 288 bytes.
   at: ~Utilities (drivers/gles3/storage/utilities.cpp:113)
ERROR: Buffer with GL ID of 744: leaked 96 bytes.
   at: ~Utilities (drivers/gles3/storage/utilities.cpp:113)
ERROR: Buffer with GL ID of 745: leaked 72 bytes.
   at: ~Utilities (drivers/gles3/storage/utilities.cpp:113)
ERROR: Buffer with GL ID of 746: leaked 272 bytes.
   at: ~Utilities (drivers/gles3/storage/utilities.cpp:113)
ERROR: Buffer with GL ID of 747: leaked 384 bytes.
   at: ~Utilities (drivers/gles3/storage/utilities.cpp:113)
ERROR: Buffer with GL ID of 748: leaked 1728 bytes.
   at: ~Utilities (drivers/gles3/storage/utilities.cpp:113)
ERROR: Buffer with GL ID of 749: leaked 576 bytes.
   at: ~Utilities (drivers/gles3/storage/utilities.cpp:113)
ERROR: Buffer with GL ID of 750: leaked 384 bytes.
   at: ~Utilities (drivers/gles3/storage/utilities.cpp:113)
ERROR: Buffer with GL ID of 751: leaked 272 bytes.
   at: ~Utilities (drivers/gles3/storage/utilities.cpp:113)
ERROR: Buffer with GL ID of 752: leaked 384 bytes.
   at: ~Utilities (drivers/gles3/storage/utilities.cpp:113)
ERROR: Buffer with GL ID of 753: leaked 1728 bytes.
   at: ~Utilities (drivers/gles3/storage/utilities.cpp:113)
ERROR: Buffer with GL ID of 754: leaked 576 bytes.
   at: ~Utilities (drivers/gles3/storage/utilities.cpp:113)
ERROR: Buffer with GL ID of 755: leaked 384 bytes.
   at: ~Utilities (drivers/gles3/storage/utilities.cpp:113)
ERROR: Buffer with GL ID of 756: leaked 272 bytes.
   at: ~Utilities (drivers/gles3/storage/utilities.cpp:113)
ERROR: Buffer with GL ID of 757: leaked 384 bytes.
   at: ~Utilities (drivers/gles3/storage/utilities.cpp:113)
ERROR: Buffer with GL ID of 758: leaked 1728 bytes.
   at: ~Utilities (drivers/gles3/storage/utilities.cpp:113)
ERROR: Buffer with GL ID of 759: leaked 576 bytes.
   at: ~Utilities (drivers/gles3/storage/utilities.cpp:113)
ERROR: Buffer with GL ID of 760: leaked 384 bytes.
   at: ~Utilities (drivers/gles3/storage/utilities.cpp:113)
ERROR: Buffer with GL ID of 761: leaked 272 bytes.
   at: ~Utilities (drivers/gles3/storage/utilities.cpp:113)
ERROR: Buffer with GL ID of 762: leaked 384 bytes.
   at: ~Utilities (drivers/gles3/storage/utilities.cpp:113)
ERROR: Buffer with GL ID of 763: leaked 1728 bytes.
   at: ~Utilities (drivers/gles3/storage/utilities.cpp:113)
ERROR: Buffer with GL ID of 764: leaked 576 bytes.
   at: ~Utilities (drivers/gles3/storage/utilities.cpp:113)
ERROR: Buffer with GL ID of 765: leaked 384 bytes.
   at: ~Utilities (drivers/gles3/storage/utilities.cpp:113)
ERROR: Buffer with GL ID of 766: leaked 272 bytes.
   at: ~Utilities (drivers/gles3/storage/utilities.cpp:113)
ERROR: Buffer with GL ID of 767: leaked 384 bytes.
   at: ~Utilities (drivers/gles3/storage/utilities.cpp:113)
ERROR: Buffer with GL ID of 768: leaked 1728 bytes.
   at: ~Utilities (drivers/gles3/storage/utilities.cpp:113)
ERROR: Buffer with GL ID of 769: leaked 576 bytes.
   at: ~Utilities (drivers/gles3/storage/utilities.cpp:113)
ERROR: Buffer with GL ID of 770: leaked 384 bytes.
   at: ~Utilities (drivers/gles3/storage/utilities.cpp:113)
ERROR: Buffer with GL ID of 771: leaked 272 bytes.
   at: ~Utilities (drivers/gles3/storage/utilities.cpp:113)
ERROR: Buffer with GL ID of 772: leaked 384 bytes.
   at: ~Utilities (drivers/gles3/storage/utilities.cpp:113)
ERROR: Buffer with GL ID of 773: leaked 1728 bytes.
   at: ~Utilities (drivers/gles3/storage/utilities.cpp:113)
ERROR: Buffer with GL ID of 774: leaked 576 bytes.
   at: ~Utilities (drivers/gles3/storage/utilities.cpp:113)
ERROR: Buffer with GL ID of 775: leaked 384 bytes.
   at: ~Utilities (drivers/gles3/storage/utilities.cpp:113)
ERROR: Buffer with GL ID of 776: leaked 64 bytes.
   at: ~Utilities (drivers/gles3/storage/utilities.cpp:113)
ERROR: Buffer with GL ID of 777: leaked 72 bytes.
   at: ~Utilities (drivers/gles3/storage/utilities.cpp:113)
ERROR: Buffer with GL ID of 778: leaked 64 bytes.
   at: ~Utilities (drivers/gles3/storage/utilities.cpp:113)
ERROR: Buffer with GL ID of 779: leaked 72 bytes.
   at: ~Utilities (drivers/gles3/storage/utilities.cpp:113)
ERROR: Buffer with GL ID of 780: leaked 288 bytes.
   at: ~Utilities (drivers/gles3/storage/utilities.cpp:113)
ERROR: Buffer with GL ID of 781: leaked 96 bytes.
   at: ~Utilities (drivers/gles3/storage/utilities.cpp:113)
ERROR: Buffer with GL ID of 782: leaked 72 bytes.
   at: ~Utilities (drivers/gles3/storage/utilities.cpp:113)
ERROR: Buffer with GL ID of 783: leaked 288 bytes.
   at: ~Utilities (drivers/gles3/storage/utilities.cpp:113)
ERROR: Buffer with GL ID of 784: leaked 96 bytes.
   at: ~Utilities (drivers/gles3/storage/utilities.cpp:113)
ERROR: Buffer with GL ID of 785: leaked 72 bytes.
   at: ~Utilities (drivers/gles3/storage/utilities.cpp:113)
ERROR: Buffer with GL ID of 786: leaked 64 bytes.
   at: ~Utilities (drivers/gles3/storage/utilities.cpp:113)
ERROR: Buffer with GL ID of 787: leaked 72 bytes.
   at: ~Utilities (drivers/gles3/storage/utilities.cpp:113)
ERROR: Buffer with GL ID of 788: leaked 64 bytes.
   at: ~Utilities (drivers/gles3/storage/utilities.cpp:113)
ERROR: Buffer with GL ID of 789: leaked 72 bytes.
   at: ~Utilities (drivers/gles3/storage/utilities.cpp:113)
ERROR: Buffer with GL ID of 790: leaked 288 bytes.
   at: ~Utilities (drivers/gles3/storage/utilities.cpp:113)
ERROR: Buffer with GL ID of 791: leaked 96 bytes.
   at: ~Utilities (drivers/gles3/storage/utilities.cpp:113)
ERROR: Buffer with GL ID of 792: leaked 72 bytes.
   at: ~Utilities (drivers/gles3/storage/utilities.cpp:113)
ERROR: Buffer with GL ID of 793: leaked 288 bytes.
   at: ~Utilities (drivers/gles3/storage/utilities.cpp:113)
ERROR: Buffer with GL ID of 794: leaked 96 bytes.
   at: ~Utilities (drivers/gles3/storage/utilities.cpp:113)
ERROR: Buffer with GL ID of 795: leaked 72 bytes.
   at: ~Utilities (drivers/gles3/storage/utilities.cpp:113)
ERROR: Buffer with GL ID of 796: leaked 64 bytes.
   at: ~Utilities (drivers/gles3/storage/utilities.cpp:113)
ERROR: Buffer with GL ID of 797: leaked 72 bytes.
   at: ~Utilities (drivers/gles3/storage/utilities.cpp:113)
ERROR: Buffer with GL ID of 798: leaked 64 bytes.
   at: ~Utilities (drivers/gles3/storage/utilities.cpp:113)
ERROR: Buffer with GL ID of 799: leaked 72 bytes.
   at: ~Utilities (drivers/gles3/storage/utilities.cpp:113)
ERROR: Buffer with GL ID of 800: leaked 288 bytes.
   at: ~Utilities (drivers/gles3/storage/utilities.cpp:113)
ERROR: Buffer with GL ID of 801: leaked 96 bytes.
   at: ~Utilities (drivers/gles3/storage/utilities.cpp:113)
ERROR: Buffer with GL ID of 802: leaked 72 bytes.
   at: ~Utilities (drivers/gles3/storage/utilities.cpp:113)
ERROR: Buffer with GL ID of 803: leaked 288 bytes.
   at: ~Utilities (drivers/gles3/storage/utilities.cpp:113)
ERROR: Buffer with GL ID of 804: leaked 96 bytes.
   at: ~Utilities (drivers/gles3/storage/utilities.cpp:113)
ERROR: Buffer with GL ID of 805: leaked 72 bytes.
   at: ~Utilities (drivers/gles3/storage/utilities.cpp:113)
ERROR: Buffer with GL ID of 806: leaked 64 bytes.
   at: ~Utilities (drivers/gles3/storage/utilities.cpp:113)
ERROR: Buffer with GL ID of 807: leaked 72 bytes.
   at: ~Utilities (drivers/gles3/storage/utilities.cpp:113)
ERROR: Buffer with GL ID of 808: leaked 64 bytes.
   at: ~Utilities (drivers/gles3/storage/utilities.cpp:113)
ERROR: Buffer with GL ID of 809: leaked 72 bytes.
   at: ~Utilities (drivers/gles3/storage/utilities.cpp:113)
ERROR: Buffer with GL ID of 810: leaked 288 bytes.
   at: ~Utilities (drivers/gles3/storage/utilities.cpp:113)
ERROR: Buffer with GL ID of 811: leaked 96 bytes.
   at: ~Utilities (drivers/gles3/storage/utilities.cpp:113)
ERROR: Buffer with GL ID of 812: leaked 72 bytes.
   at: ~Utilities (drivers/gles3/storage/utilities.cpp:113)
ERROR: Buffer with GL ID of 813: leaked 288 bytes.
   at: ~Utilities (drivers/gles3/storage/utilities.cpp:113)
ERROR: Buffer with GL ID of 814: leaked 96 bytes.
   at: ~Utilities (drivers/gles3/storage/utilities.cpp:113)
ERROR: Buffer with GL ID of 815: leaked 72 bytes.
   at: ~Utilities (drivers/gles3/storage/utilities.cpp:113)
ERROR: Buffer with GL ID of 816: leaked 64 bytes.
   at: ~Utilities (drivers/gles3/storage/utilities.cpp:113)
ERROR: Buffer with GL ID of 817: leaked 72 bytes.
   at: ~Utilities (drivers/gles3/storage/utilities.cpp:113)
ERROR: Buffer with GL ID of 818: leaked 64 bytes.
   at: ~Utilities (drivers/gles3/storage/utilities.cpp:113)
ERROR: Buffer with GL ID of 819: leaked 72 bytes.
   at: ~Utilities (drivers/gles3/storage/utilities.cpp:113)
ERROR: Buffer with GL ID of 820: leaked 288 bytes.
   at: ~Utilities (drivers/gles3/storage/utilities.cpp:113)
ERROR: Buffer with GL ID of 821: leaked 96 bytes.
   at: ~Utilities (drivers/gles3/storage/utilities.cpp:113)
ERROR: Buffer with GL ID of 822: leaked 72 bytes.
   at: ~Utilities (drivers/gles3/storage/utilities.cpp:113)
ERROR: Buffer with GL ID of 823: leaked 288 bytes.
   at: ~Utilities (drivers/gles3/storage/utilities.cpp:113)
ERROR: Buffer with GL ID of 824: leaked 96 bytes.
   at: ~Utilities (drivers/gles3/storage/utilities.cpp:113)
ERROR: Buffer with GL ID of 825: leaked 72 bytes.
   at: ~Utilities (drivers/gles3/storage/utilities.cpp:113)
ERROR: Buffer with GL ID of 826: leaked 64 bytes.
   at: ~Utilities (drivers/gles3/storage/utilities.cpp:113)
ERROR: Buffer with GL ID of 827: leaked 72 bytes.
   at: ~Utilities (drivers/gles3/storage/utilities.cpp:113)
ERROR: Buffer with GL ID of 828: leaked 64 bytes.
   at: ~Utilities (drivers/gles3/storage/utilities.cpp:113)
ERROR: Buffer with GL ID of 829: leaked 72 bytes.
   at: ~Utilities (drivers/gles3/storage/utilities.cpp:113)
ERROR: Buffer with GL ID of 830: leaked 288 bytes.
   at: ~Utilities (drivers/gles3/storage/utilities.cpp:113)
ERROR: Buffer with GL ID of 831: leaked 96 bytes.
   at: ~Utilities (drivers/gles3/storage/utilities.cpp:113)
ERROR: Buffer with GL ID of 832: leaked 72 bytes.
   at: ~Utilities (drivers/gles3/storage/utilities.cpp:113)
ERROR: Buffer with GL ID of 833: leaked 288 bytes.
   at: ~Utilities (drivers/gles3/storage/utilities.cpp:113)
ERROR: Buffer with GL ID of 834: leaked 96 bytes.
   at: ~Utilities (drivers/gles3/storage/utilities.cpp:113)
ERROR: Buffer with GL ID of 835: leaked 72 bytes.
   at: ~Utilities (drivers/gles3/storage/utilities.cpp:113)
ERROR: Buffer with GL ID of 836: leaked 64 bytes.
   at: ~Utilities (drivers/gles3/storage/utilities.cpp:113)
ERROR: Buffer with GL ID of 837: leaked 72 bytes.
   at: ~Utilities (drivers/gles3/storage/utilities.cpp:113)
ERROR: Buffer with GL ID of 838: leaked 64 bytes.
   at: ~Utilities (drivers/gles3/storage/utilities.cpp:113)
ERROR: Buffer with GL ID of 839: leaked 72 bytes.
   at: ~Utilities (drivers/gles3/storage/utilities.cpp:113)
ERROR: Buffer with GL ID of 840: leaked 288 bytes.
   at: ~Utilities (drivers/gles3/storage/utilities.cpp:113)
ERROR: Buffer with GL ID of 841: leaked 96 bytes.
   at: ~Utilities (drivers/gles3/storage/utilities.cpp:113)
ERROR: Buffer with GL ID of 842: leaked 72 bytes.
   at: ~Utilities (drivers/gles3/storage/utilities.cpp:113)
ERROR: Buffer with GL ID of 843: leaked 288 bytes.
   at: ~Utilities (drivers/gles3/storage/utilities.cpp:113)
ERROR: Buffer with GL ID of 844: leaked 96 bytes.
   at: ~Utilities (drivers/gles3/storage/utilities.cpp:113)
ERROR: Buffer with GL ID of 845: leaked 72 bytes.
   at: ~Utilities (drivers/gles3/storage/utilities.cpp:113)
ERROR: Buffer with GL ID of 846: leaked 64 bytes.
   at: ~Utilities (drivers/gles3/storage/utilities.cpp:113)
ERROR: Buffer with GL ID of 847: leaked 72 bytes.
   at: ~Utilities (drivers/gles3/storage/utilities.cpp:113)
ERROR: Buffer with GL ID of 848: leaked 64 bytes.
   at: ~Utilities (drivers/gles3/storage/utilities.cpp:113)
ERROR: Buffer with GL ID of 849: leaked 72 bytes.
   at: ~Utilities (drivers/gles3/storage/utilities.cpp:113)
ERROR: Buffer with GL ID of 850: leaked 288 bytes.
   at: ~Utilities (drivers/gles3/storage/utilities.cpp:113)
ERROR: Buffer with GL ID of 851: leaked 96 bytes.
   at: ~Utilities (drivers/gles3/storage/utilities.cpp:113)
ERROR: Buffer with GL ID of 852: leaked 72 bytes.
   at: ~Utilities (drivers/gles3/storage/utilities.cpp:113)
ERROR: Buffer with GL ID of 853: leaked 288 bytes.
   at: ~Utilities (drivers/gles3/storage/utilities.cpp:113)
ERROR: Buffer with GL ID of 854: leaked 96 bytes.
   at: ~Utilities (drivers/gles3/storage/utilities.cpp:113)
ERROR: Buffer with GL ID of 855: leaked 72 bytes.
   at: ~Utilities (drivers/gles3/storage/utilities.cpp:113)
ERROR: Buffer with GL ID of 856: leaked 64 bytes.
   at: ~Utilities (drivers/gles3/storage/utilities.cpp:113)
ERROR: Buffer with GL ID of 857: leaked 72 bytes.
   at: ~Utilities (drivers/gles3/storage/utilities.cpp:113)
ERROR: Buffer with GL ID of 858: leaked 64 bytes.
   at: ~Utilities (drivers/gles3/storage/utilities.cpp:113)
ERROR: Buffer with GL ID of 859: leaked 72 bytes.
   at: ~Utilities (drivers/gles3/storage/utilities.cpp:113)
ERROR: Buffer with GL ID of 860: leaked 288 bytes.
   at: ~Utilities (drivers/gles3/storage/utilities.cpp:113)
ERROR: Buffer with GL ID of 861: leaked 96 bytes.
   at: ~Utilities (drivers/gles3/storage/utilities.cpp:113)
ERROR: Buffer with GL ID of 862: leaked 72 bytes.
   at: ~Utilities (drivers/gles3/storage/utilities.cpp:113)
ERROR: Buffer with GL ID of 863: leaked 288 bytes.
   at: ~Utilities (drivers/gles3/storage/utilities.cpp:113)
ERROR: Buffer with GL ID of 864: leaked 96 bytes.
   at: ~Utilities (drivers/gles3/storage/utilities.cpp:113)
ERROR: Buffer with GL ID of 865: leaked 72 bytes.
   at: ~Utilities (drivers/gles3/storage/utilities.cpp:113)
ERROR: Buffer with GL ID of 866: leaked 64 bytes.
   at: ~Utilities (drivers/gles3/storage/utilities.cpp:113)
ERROR: Buffer with GL ID of 867: leaked 72 bytes.
   at: ~Utilities (drivers/gles3/storage/utilities.cpp:113)
ERROR: Buffer with GL ID of 868: leaked 64 bytes.
   at: ~Utilities (drivers/gles3/storage/utilities.cpp:113)
ERROR: Buffer with GL ID of 869: leaked 72 bytes.
   at: ~Utilities (drivers/gles3/storage/utilities.cpp:113)
ERROR: Buffer with GL ID of 870: leaked 288 bytes.
   at: ~Utilities (drivers/gles3/storage/utilities.cpp:113)
ERROR: Buffer with GL ID of 871: leaked 96 bytes.
   at: ~Utilities (drivers/gles3/storage/utilities.cpp:113)
ERROR: Buffer with GL ID of 872: leaked 72 bytes.
   at: ~Utilities (drivers/gles3/storage/utilities.cpp:113)
ERROR: Buffer with GL ID of 873: leaked 288 bytes.
   at: ~Utilities (drivers/gles3/storage/utilities.cpp:113)
ERROR: Buffer with GL ID of 874: leaked 96 bytes.
   at: ~Utilities (drivers/gles3/storage/utilities.cpp:113)
ERROR: Buffer with GL ID of 875: leaked 72 bytes.
   at: ~Utilities (drivers/gles3/storage/utilities.cpp:113)
ERROR: Buffer with GL ID of 876: leaked 64 bytes.
   at: ~Utilities (drivers/gles3/storage/utilities.cpp:113)
ERROR: Buffer with GL ID of 877: leaked 72 bytes.
   at: ~Utilities (drivers/gles3/storage/utilities.cpp:113)
ERROR: Buffer with GL ID of 878: leaked 64 bytes.
   at: ~Utilities (drivers/gles3/storage/utilities.cpp:113)
ERROR: Buffer with GL ID of 879: leaked 72 bytes.
   at: ~Utilities (drivers/gles3/storage/utilities.cpp:113)
ERROR: Buffer with GL ID of 880: leaked 288 bytes.
   at: ~Utilities (drivers/gles3/storage/utilities.cpp:113)
ERROR: Buffer with GL ID of 881: leaked 96 bytes.
   at: ~Utilities (drivers/gles3/storage/utilities.cpp:113)
ERROR: Buffer with GL ID of 882: leaked 72 bytes.
   at: ~Utilities (drivers/gles3/storage/utilities.cpp:113)
ERROR: Buffer with GL ID of 883: leaked 288 bytes.
   at: ~Utilities (drivers/gles3/storage/utilities.cpp:113)
ERROR: Buffer with GL ID of 884: leaked 96 bytes.
   at: ~Utilities (drivers/gles3/storage/utilities.cpp:113)
ERROR: Buffer with GL ID of 885: leaked 72 bytes.
   at: ~Utilities (drivers/gles3/storage/utilities.cpp:113)
ERROR: Buffer with GL ID of 886: leaked 192 bytes.
   at: ~Utilities (drivers/gles3/storage/utilities.cpp:113)
ERROR: Buffer with GL ID of 887: leaked 264 bytes.
   at: ~Utilities (drivers/gles3/storage/utilities.cpp:113)
ERROR: Buffer with GL ID of 888: leaked 192 bytes.
   at: ~Utilities (drivers/gles3/storage/utilities.cpp:113)
ERROR: Buffer with GL ID of 889: leaked 264 bytes.
   at: ~Utilities (drivers/gles3/storage/utilities.cpp:113)
ERROR: Buffer with GL ID of 890: leaked 864 bytes.
   at: ~Utilities (drivers/gles3/storage/utilities.cpp:113)
ERROR: Buffer with GL ID of 891: leaked 288 bytes.
   at: ~Utilities (drivers/gles3/storage/utilities.cpp:113)
ERROR: Buffer with GL ID of 892: leaked 264 bytes.
   at: ~Utilities (drivers/gles3/storage/utilities.cpp:113)
ERROR: Buffer with GL ID of 893: leaked 864 bytes.
   at: ~Utilities (drivers/gles3/storage/utilities.cpp:113)
ERROR: Buffer with GL ID of 894: leaked 288 bytes.
   at: ~Utilities (drivers/gles3/storage/utilities.cpp:113)
ERROR: Buffer with GL ID of 895: leaked 264 bytes.
   at: ~Utilities (drivers/gles3/storage/utilities.cpp:113)
ERROR: Buffer with GL ID of 896: leaked 192 bytes.
   at: ~Utilities (drivers/gles3/storage/utilities.cpp:113)
ERROR: Buffer with GL ID of 897: leaked 264 bytes.
   at: ~Utilities (drivers/gles3/storage/utilities.cpp:113)
ERROR: Buffer with GL ID of 898: leaked 192 bytes.
   at: ~Utilities (drivers/gles3/storage/utilities.cpp:113)
ERROR: Buffer with GL ID of 899: leaked 264 bytes.
   at: ~Utilities (drivers/gles3/storage/utilities.cpp:113)
ERROR: Buffer with GL ID of 900: leaked 864 bytes.
   at: ~Utilities (drivers/gles3/storage/utilities.cpp:113)
ERROR: Buffer with GL ID of 901: leaked 288 bytes.
   at: ~Utilities (drivers/gles3/storage/utilities.cpp:113)
ERROR: Buffer with GL ID of 902: leaked 264 bytes.
   at: ~Utilities (drivers/gles3/storage/utilities.cpp:113)
ERROR: Buffer with GL ID of 903: leaked 864 bytes.
   at: ~Utilities (drivers/gles3/storage/utilities.cpp:113)
ERROR: Buffer with GL ID of 904: leaked 288 bytes.
   at: ~Utilities (drivers/gles3/storage/utilities.cpp:113)
ERROR: Buffer with GL ID of 905: leaked 264 bytes.
   at: ~Utilities (drivers/gles3/storage/utilities.cpp:113)
ERROR: Buffer with GL ID of 906: leaked 496 bytes.
   at: ~Utilities (drivers/gles3/storage/utilities.cpp:113)
ERROR: Buffer with GL ID of 907: leaked 720 bytes.
   at: ~Utilities (drivers/gles3/storage/utilities.cpp:113)
ERROR: Buffer with GL ID of 908: leaked 496 bytes.
   at: ~Utilities (drivers/gles3/storage/utilities.cpp:113)
ERROR: Buffer with GL ID of 909: leaked 720 bytes.
   at: ~Utilities (drivers/gles3/storage/utilities.cpp:113)
ERROR: Buffer with GL ID of 910: leaked 3084 bytes.
   at: ~Utilities (drivers/gles3/storage/utilities.cpp:113)
ERROR: Buffer with GL ID of 911: leaked 1028 bytes.
   at: ~Utilities (drivers/gles3/storage/utilities.cpp:113)
ERROR: Buffer with GL ID of 912: leaked 720 bytes.
   at: ~Utilities (drivers/gles3/storage/utilities.cpp:113)
ERROR: Buffer with GL ID of 913: leaked 3084 bytes.
   at: ~Utilities (drivers/gles3/storage/utilities.cpp:113)
ERROR: Buffer with GL ID of 914: leaked 1028 bytes.
   at: ~Utilities (drivers/gles3/storage/utilities.cpp:113)
ERROR: Buffer with GL ID of 915: leaked 720 bytes.
   at: ~Utilities (drivers/gles3/storage/utilities.cpp:113)
ERROR: Buffer with GL ID of 916: leaked 912 bytes.
   at: ~Utilities (drivers/gles3/storage/utilities.cpp:113)
ERROR: Buffer with GL ID of 917: leaked 1344 bytes.
   at: ~Utilities (drivers/gles3/storage/utilities.cpp:113)
ERROR: Buffer with GL ID of 918: leaked 912 bytes.
   at: ~Utilities (drivers/gles3/storage/utilities.cpp:113)
ERROR: Buffer with GL ID of 919: leaked 1344 bytes.
   at: ~Utilities (drivers/gles3/storage/utilities.cpp:113)
ERROR: Buffer with GL ID of 920: leaked 5760 bytes.
   at: ~Utilities (drivers/gles3/storage/utilities.cpp:113)
ERROR: Buffer with GL ID of 921: leaked 1920 bytes.
   at: ~Utilities (drivers/gles3/storage/utilities.cpp:113)
ERROR: Buffer with GL ID of 922: leaked 1344 bytes.
   at: ~Utilities (drivers/gles3/storage/utilities.cpp:113)
ERROR: Buffer with GL ID of 923: leaked 5760 bytes.
   at: ~Utilities (drivers/gles3/storage/utilities.cpp:113)
ERROR: Buffer with GL ID of 924: leaked 1920 bytes.
   at: ~Utilities (drivers/gles3/storage/utilities.cpp:113)
ERROR: Buffer with GL ID of 925: leaked 1344 bytes.
   at: ~Utilities (drivers/gles3/storage/utilities.cpp:113)
ERROR: Buffer with GL ID of 926: leaked 192 bytes.
   at: ~Utilities (drivers/gles3/storage/utilities.cpp:113)
ERROR: Buffer with GL ID of 927: leaked 264 bytes.
   at: ~Utilities (drivers/gles3/storage/utilities.cpp:113)
ERROR: Buffer with GL ID of 928: leaked 192 bytes.
   at: ~Utilities (drivers/gles3/storage/utilities.cpp:113)
ERROR: Buffer with GL ID of 929: leaked 264 bytes.
   at: ~Utilities (drivers/gles3/storage/utilities.cpp:113)
ERROR: Buffer with GL ID of 930: leaked 864 bytes.
   at: ~Utilities (drivers/gles3/storage/utilities.cpp:113)
ERROR: Buffer with GL ID of 931: leaked 288 bytes.
   at: ~Utilities (drivers/gles3/storage/utilities.cpp:113)
ERROR: Buffer with GL ID of 932: leaked 264 bytes.
   at: ~Utilities (drivers/gles3/storage/utilities.cpp:113)
ERROR: Buffer with GL ID of 933: leaked 864 bytes.
   at: ~Utilities (drivers/gles3/storage/utilities.cpp:113)
ERROR: Buffer with GL ID of 934: leaked 288 bytes.
   at: ~Utilities (drivers/gles3/storage/utilities.cpp:113)
ERROR: Buffer with GL ID of 935: leaked 264 bytes.
   at: ~Utilities (drivers/gles3/storage/utilities.cpp:113)
ERROR: Buffer with GL ID of 936: leaked 160 bytes.
   at: ~Utilities (drivers/gles3/storage/utilities.cpp:113)
ERROR: Buffer with GL ID of 937: leaked 216 bytes.
   at: ~Utilities (drivers/gles3/storage/utilities.cpp:113)
ERROR: Buffer with GL ID of 938: leaked 160 bytes.
   at: ~Utilities (drivers/gles3/storage/utilities.cpp:113)
ERROR: Buffer with GL ID of 939: leaked 216 bytes.
   at: ~Utilities (drivers/gles3/storage/utilities.cpp:113)
ERROR: Buffer with GL ID of 940: leaked 720 bytes.
   at: ~Utilities (drivers/gles3/storage/utilities.cpp:113)
ERROR: Buffer with GL ID of 941: leaked 240 bytes.
   at: ~Utilities (drivers/gles3/storage/utilities.cpp:113)
ERROR: Buffer with GL ID of 942: leaked 216 bytes.
   at: ~Utilities (drivers/gles3/storage/utilities.cpp:113)
ERROR: Buffer with GL ID of 943: leaked 720 bytes.
   at: ~Utilities (drivers/gles3/storage/utilities.cpp:113)
ERROR: Buffer with GL ID of 944: leaked 240 bytes.
   at: ~Utilities (drivers/gles3/storage/utilities.cpp:113)
ERROR: Buffer with GL ID of 945: leaked 216 bytes.
   at: ~Utilities (drivers/gles3/storage/utilities.cpp:113)
ERROR: Buffer with GL ID of 946: leaked 96 bytes.
   at: ~Utilities (drivers/gles3/storage/utilities.cpp:113)
ERROR: Buffer with GL ID of 947: leaked 120 bytes.
   at: ~Utilities (drivers/gles3/storage/utilities.cpp:113)
ERROR: Buffer with GL ID of 948: leaked 432 bytes.
   at: ~Utilities (drivers/gles3/storage/utilities.cpp:113)
ERROR: Buffer with GL ID of 949: leaked 144 bytes.
   at: ~Utilities (drivers/gles3/storage/utilities.cpp:113)
ERROR: Buffer with GL ID of 950: leaked 120 bytes.
   at: ~Utilities (drivers/gles3/storage/utilities.cpp:113)
ERROR: Buffer with GL ID of 951: leaked 96 bytes.
   at: ~Utilities (drivers/gles3/storage/utilities.cpp:113)
ERROR: Buffer with GL ID of 952: leaked 120 bytes.
   at: ~Utilities (drivers/gles3/storage/utilities.cpp:113)
ERROR: Buffer with GL ID of 953: leaked 432 bytes.
   at: ~Utilities (drivers/gles3/storage/utilities.cpp:113)
ERROR: Buffer with GL ID of 954: leaked 144 bytes.
   at: ~Utilities (drivers/gles3/storage/utilities.cpp:113)
ERROR: Buffer with GL ID of 955: leaked 120 bytes.
   at: ~Utilities (drivers/gles3/storage/utilities.cpp:113)
ERROR: Buffer with GL ID of 956: leaked 160 bytes.
   at: ~Utilities (drivers/gles3/storage/utilities.cpp:113)
ERROR: Buffer with GL ID of 957: leaked 216 bytes.
   at: ~Utilities (drivers/gles3/storage/utilities.cpp:113)
ERROR: Buffer with GL ID of 958: leaked 160 bytes.
   at: ~Utilities (drivers/gles3/storage/utilities.cpp:113)
ERROR: Buffer with GL ID of 959: leaked 216 bytes.
   at: ~Utilities (drivers/gles3/storage/utilities.cpp:113)
ERROR: Buffer with GL ID of 960: leaked 720 bytes.
   at: ~Utilities (drivers/gles3/storage/utilities.cpp:113)
ERROR: Buffer with GL ID of 961: leaked 240 bytes.
   at: ~Utilities (drivers/gles3/storage/utilities.cpp:113)
ERROR: Buffer with GL ID of 962: leaked 216 bytes.
   at: ~Utilities (drivers/gles3/storage/utilities.cpp:113)
ERROR: Buffer with GL ID of 963: leaked 720 bytes.
   at: ~Utilities (drivers/gles3/storage/utilities.cpp:113)
ERROR: Buffer with GL ID of 964: leaked 240 bytes.
   at: ~Utilities (drivers/gles3/storage/utilities.cpp:113)
ERROR: Buffer with GL ID of 965: leaked 216 bytes.
   at: ~Utilities (drivers/gles3/storage/utilities.cpp:113)
ERROR: Buffer with GL ID of 966: leaked 160 bytes.
   at: ~Utilities (drivers/gles3/storage/utilities.cpp:113)
ERROR: Buffer with GL ID of 967: leaked 216 bytes.
   at: ~Utilities (drivers/gles3/storage/utilities.cpp:113)
ERROR: Buffer with GL ID of 968: leaked 160 bytes.
   at: ~Utilities (drivers/gles3/storage/utilities.cpp:113)
ERROR: Buffer with GL ID of 969: leaked 216 bytes.
   at: ~Utilities (drivers/gles3/storage/utilities.cpp:113)
ERROR: Buffer with GL ID of 970: leaked 720 bytes.
   at: ~Utilities (drivers/gles3/storage/utilities.cpp:113)
ERROR: Buffer with GL ID of 971: leaked 240 bytes.
   at: ~Utilities (drivers/gles3/storage/utilities.cpp:113)
ERROR: Buffer with GL ID of 972: leaked 216 bytes.
   at: ~Utilities (drivers/gles3/storage/utilities.cpp:113)
ERROR: Buffer with GL ID of 973: leaked 720 bytes.
   at: ~Utilities (drivers/gles3/storage/utilities.cpp:113)
ERROR: Buffer with GL ID of 974: leaked 240 bytes.
   at: ~Utilities (drivers/gles3/storage/utilities.cpp:113)
ERROR: Buffer with GL ID of 975: leaked 216 bytes.
   at: ~Utilities (drivers/gles3/storage/utilities.cpp:113)
ERROR: Buffer with GL ID of 976: leaked 272 bytes.
   at: ~Utilities (drivers/gles3/storage/utilities.cpp:113)
ERROR: Buffer with GL ID of 977: leaked 384 bytes.
   at: ~Utilities (drivers/gles3/storage/utilities.cpp:113)
ERROR: Buffer with GL ID of 978: leaked 1728 bytes.
   at: ~Utilities (drivers/gles3/storage/utilities.cpp:113)
ERROR: Buffer with GL ID of 979: leaked 576 bytes.
   at: ~Utilities (drivers/gles3/storage/utilities.cpp:113)
ERROR: Buffer with GL ID of 980: leaked 384 bytes.
   at: ~Utilities (drivers/gles3/storage/utilities.cpp:113)
ERROR: Buffer with GL ID of 981: leaked 272 bytes.
   at: ~Utilities (drivers/gles3/storage/utilities.cpp:113)
ERROR: Buffer with GL ID of 982: leaked 384 bytes.
   at: ~Utilities (drivers/gles3/storage/utilities.cpp:113)
ERROR: Buffer with GL ID of 983: leaked 1728 bytes.
   at: ~Utilities (drivers/gles3/storage/utilities.cpp:113)
ERROR: Buffer with GL ID of 984: leaked 576 bytes.
   at: ~Utilities (drivers/gles3/storage/utilities.cpp:113)
ERROR: Buffer with GL ID of 985: leaked 384 bytes.
   at: ~Utilities (drivers/gles3/storage/utilities.cpp:113)
ERROR: Buffer with GL ID of 986: leaked 272 bytes.
   at: ~Utilities (drivers/gles3/storage/utilities.cpp:113)
ERROR: Buffer with GL ID of 987: leaked 384 bytes.
   at: ~Utilities (drivers/gles3/storage/utilities.cpp:113)
ERROR: Buffer with GL ID of 988: leaked 1728 bytes.
   at: ~Utilities (drivers/gles3/storage/utilities.cpp:113)
ERROR: Buffer with GL ID of 989: leaked 576 bytes.
   at: ~Utilities (drivers/gles3/storage/utilities.cpp:113)
ERROR: Buffer with GL ID of 990: leaked 384 bytes.
   at: ~Utilities (drivers/gles3/storage/utilities.cpp:113)
ERROR: Buffer with GL ID of 991: leaked 272 bytes.
   at: ~Utilities (drivers/gles3/storage/utilities.cpp:113)
ERROR: Buffer with GL ID of 992: leaked 384 bytes.
   at: ~Utilities (drivers/gles3/storage/utilities.cpp:113)
ERROR: Buffer with GL ID of 993: leaked 1728 bytes.
   at: ~Utilities (drivers/gles3/storage/utilities.cpp:113)
ERROR: Buffer with GL ID of 994: leaked 576 bytes.
   at: ~Utilities (drivers/gles3/storage/utilities.cpp:113)
ERROR: Buffer with GL ID of 995: leaked 384 bytes.
   at: ~Utilities (drivers/gles3/storage/utilities.cpp:113)
ERROR: Buffer with GL ID of 996: leaked 272 bytes.
   at: ~Utilities (drivers/gles3/storage/utilities.cpp:113)
ERROR: Buffer with GL ID of 997: leaked 384 bytes.
   at: ~Utilities (drivers/gles3/storage/utilities.cpp:113)
ERROR: Buffer with GL ID of 998: leaked 1728 bytes.
   at: ~Utilities (drivers/gles3/storage/utilities.cpp:113)
ERROR: Buffer with GL ID of 999: leaked 576 bytes.
   at: ~Utilities (drivers/gles3/storage/utilities.cpp:113)
ERROR: Buffer with GL ID of 1000: leaked 384 bytes.
   at: ~Utilities (drivers/gles3/storage/utilities.cpp:113)
ERROR: Buffer with GL ID of 1001: leaked 272 bytes.
   at: ~Utilities (drivers/gles3/storage/utilities.cpp:113)
ERROR: Buffer with GL ID of 1002: leaked 384 bytes.
   at: ~Utilities (drivers/gles3/storage/utilities.cpp:113)
ERROR: Buffer with GL ID of 1003: leaked 1728 bytes.
   at: ~Utilities (drivers/gles3/storage/utilities.cpp:113)
ERROR: Buffer with GL ID of 1004: leaked 576 bytes.
   at: ~Utilities (drivers/gles3/storage/utilities.cpp:113)
ERROR: Buffer with GL ID of 1005: leaked 384 bytes.
   at: ~Utilities (drivers/gles3/storage/utilities.cpp:113)
ERROR: Buffer with GL ID of 1006: leaked 192 bytes.
   at: ~Utilities (drivers/gles3/storage/utilities.cpp:113)
ERROR: Buffer with GL ID of 1007: leaked 264 bytes.
   at: ~Utilities (drivers/gles3/storage/utilities.cpp:113)
ERROR: Buffer with GL ID of 1008: leaked 192 bytes.
   at: ~Utilities (drivers/gles3/storage/utilities.cpp:113)
ERROR: Buffer with GL ID of 1009: leaked 264 bytes.
   at: ~Utilities (drivers/gles3/storage/utilities.cpp:113)
ERROR: Buffer with GL ID of 1010: leaked 864 bytes.
   at: ~Utilities (drivers/gles3/storage/utilities.cpp:113)
ERROR: Buffer with GL ID of 1011: leaked 288 bytes.
   at: ~Utilities (drivers/gles3/storage/utilities.cpp:113)
ERROR: Buffer with GL ID of 1012: leaked 264 bytes.
   at: ~Utilities (drivers/gles3/storage/utilities.cpp:113)
ERROR: Buffer with GL ID of 1013: leaked 864 bytes.
   at: ~Utilities (drivers/gles3/storage/utilities.cpp:113)
ERROR: Buffer with GL ID of 1014: leaked 288 bytes.
   at: ~Utilities (drivers/gles3/storage/utilities.cpp:113)
ERROR: Buffer with GL ID of 1015: leaked 264 bytes.
   at: ~Utilities (drivers/gles3/storage/utilities.cpp:113)
ERROR: Buffer with GL ID of 1016: leaked 192 bytes.
   at: ~Utilities (drivers/gles3/storage/utilities.cpp:113)
ERROR: Buffer with GL ID of 1017: leaked 264 bytes.
   at: ~Utilities (drivers/gles3/storage/utilities.cpp:113)
ERROR: Buffer with GL ID of 1018: leaked 192 bytes.
   at: ~Utilities (drivers/gles3/storage/utilities.cpp:113)
ERROR: Buffer with GL ID of 1019: leaked 264 bytes.
   at: ~Utilities (drivers/gles3/storage/utilities.cpp:113)
ERROR: Buffer with GL ID of 1020: leaked 864 bytes.
   at: ~Utilities (drivers/gles3/storage/utilities.cpp:113)
ERROR: Buffer with GL ID of 1021: leaked 288 bytes.
   at: ~Utilities (drivers/gles3/storage/utilities.cpp:113)
ERROR: Buffer with GL ID of 1022: leaked 264 bytes.
   at: ~Utilities (drivers/gles3/storage/utilities.cpp:113)
ERROR: Buffer with GL ID of 1023: leaked 864 bytes.
   at: ~Utilities (drivers/gles3/storage/utilities.cpp:113)
ERROR: Buffer with GL ID of 1024: leaked 288 bytes.
   at: ~Utilities (drivers/gles3/storage/utilities.cpp:113)
ERROR: Buffer with GL ID of 1025: leaked 264 bytes.
   at: ~Utilities (drivers/gles3/storage/utilities.cpp:113)
ERROR: Buffer with GL ID of 1026: leaked 496 bytes.
   at: ~Utilities (drivers/gles3/storage/utilities.cpp:113)
ERROR: Buffer with GL ID of 1027: leaked 720 bytes.
   at: ~Utilities (drivers/gles3/storage/utilities.cpp:113)
ERROR: Buffer with GL ID of 1028: leaked 496 bytes.
   at: ~Utilities (drivers/gles3/storage/utilities.cpp:113)
ERROR: Buffer with GL ID of 1029: leaked 720 bytes.
   at: ~Utilities (drivers/gles3/storage/utilities.cpp:113)
ERROR: Buffer with GL ID of 1030: leaked 3084 bytes.
   at: ~Utilities (drivers/gles3/storage/utilities.cpp:113)
ERROR: Buffer with GL ID of 1031: leaked 1028 bytes.
   at: ~Utilities (drivers/gles3/storage/utilities.cpp:113)
ERROR: Buffer with GL ID of 1032: leaked 720 bytes.
   at: ~Utilities (drivers/gles3/storage/utilities.cpp:113)
ERROR: Buffer with GL ID of 1033: leaked 3084 bytes.
   at: ~Utilities (drivers/gles3/storage/utilities.cpp:113)
ERROR: Buffer with GL ID of 1034: leaked 1028 bytes.
   at: ~Utilities (drivers/gles3/storage/utilities.cpp:113)
ERROR: Buffer with GL ID of 1035: leaked 720 bytes.
   at: ~Utilities (drivers/gles3/storage/utilities.cpp:113)
ERROR: Buffer with GL ID of 1036: leaked 912 bytes.
   at: ~Utilities (drivers/gles3/storage/utilities.cpp:113)
ERROR: Buffer with GL ID of 1037: leaked 1344 bytes.
   at: ~Utilities (drivers/gles3/storage/utilities.cpp:113)
ERROR: Buffer with GL ID of 1038: leaked 912 bytes.
   at: ~Utilities (drivers/gles3/storage/utilities.cpp:113)
ERROR: Buffer with GL ID of 1039: leaked 1344 bytes.
   at: ~Utilities (drivers/gles3/storage/utilities.cpp:113)
ERROR: Buffer with GL ID of 1040: leaked 5760 bytes.
   at: ~Utilities (drivers/gles3/storage/utilities.cpp:113)
ERROR: Buffer with GL ID of 1041: leaked 1920 bytes.
   at: ~Utilities (drivers/gles3/storage/utilities.cpp:113)
ERROR: Buffer with GL ID of 1042: leaked 1344 bytes.
   at: ~Utilities (drivers/gles3/storage/utilities.cpp:113)
ERROR: Buffer with GL ID of 1043: leaked 5760 bytes.
   at: ~Utilities (drivers/gles3/storage/utilities.cpp:113)
ERROR: Buffer with GL ID of 1044: leaked 1920 bytes.
   at: ~Utilities (drivers/gles3/storage/utilities.cpp:113)
ERROR: Buffer with GL ID of 1045: leaked 1344 bytes.
   at: ~Utilities (drivers/gles3/storage/utilities.cpp:113)
ERROR: Buffer with GL ID of 1046: leaked 192 bytes.
   at: ~Utilities (drivers/gles3/storage/utilities.cpp:113)
ERROR: Buffer with GL ID of 1047: leaked 264 bytes.
   at: ~Utilities (drivers/gles3/storage/utilities.cpp:113)
ERROR: Buffer with GL ID of 1048: leaked 192 bytes.
   at: ~Utilities (drivers/gles3/storage/utilities.cpp:113)
ERROR: Buffer with GL ID of 1049: leaked 264 bytes.
   at: ~Utilities (drivers/gles3/storage/utilities.cpp:113)
ERROR: Buffer with GL ID of 1050: leaked 864 bytes.
   at: ~Utilities (drivers/gles3/storage/utilities.cpp:113)
ERROR: Buffer with GL ID of 1051: leaked 288 bytes.
   at: ~Utilities (drivers/gles3/storage/utilities.cpp:113)
ERROR: Buffer with GL ID of 1052: leaked 264 bytes.
   at: ~Utilities (drivers/gles3/storage/utilities.cpp:113)
ERROR: Buffer with GL ID of 1053: leaked 864 bytes.
   at: ~Utilities (drivers/gles3/storage/utilities.cpp:113)
ERROR: Buffer with GL ID of 1054: leaked 288 bytes.
   at: ~Utilities (drivers/gles3/storage/utilities.cpp:113)
ERROR: Buffer with GL ID of 1055: leaked 264 bytes.
   at: ~Utilities (drivers/gles3/storage/utilities.cpp:113)
ERROR: Buffer with GL ID of 1056: leaked 160 bytes.
   at: ~Utilities (drivers/gles3/storage/utilities.cpp:113)
ERROR: Buffer with GL ID of 1057: leaked 216 bytes.
   at: ~Utilities (drivers/gles3/storage/utilities.cpp:113)
ERROR: Buffer with GL ID of 1058: leaked 160 bytes.
   at: ~Utilities (drivers/gles3/storage/utilities.cpp:113)
ERROR: Buffer with GL ID of 1059: leaked 216 bytes.
   at: ~Utilities (drivers/gles3/storage/utilities.cpp:113)
ERROR: Buffer with GL ID of 1060: leaked 720 bytes.
   at: ~Utilities (drivers/gles3/storage/utilities.cpp:113)
ERROR: Buffer with GL ID of 1061: leaked 240 bytes.
   at: ~Utilities (drivers/gles3/storage/utilities.cpp:113)
ERROR: Buffer with GL ID of 1062: leaked 216 bytes.
   at: ~Utilities (drivers/gles3/storage/utilities.cpp:113)
ERROR: Buffer with GL ID of 1063: leaked 720 bytes.
   at: ~Utilities (drivers/gles3/storage/utilities.cpp:113)
ERROR: Buffer with GL ID of 1064: leaked 240 bytes.
   at: ~Utilities (drivers/gles3/storage/utilities.cpp:113)
ERROR: Buffer with GL ID of 1065: leaked 216 bytes.
   at: ~Utilities (drivers/gles3/storage/utilities.cpp:113)
ERROR: Buffer with GL ID of 1066: leaked 64 bytes.
   at: ~Utilities (drivers/gles3/storage/utilities.cpp:113)
ERROR: Buffer with GL ID of 1067: leaked 72 bytes.
   at: ~Utilities (drivers/gles3/storage/utilities.cpp:113)
ERROR: Buffer with GL ID of 1068: leaked 64 bytes.
   at: ~Utilities (drivers/gles3/storage/utilities.cpp:113)
ERROR: Buffer with GL ID of 1069: leaked 72 bytes.
   at: ~Utilities (drivers/gles3/storage/utilities.cpp:113)
ERROR: Buffer with GL ID of 1070: leaked 288 bytes.
   at: ~Utilities (drivers/gles3/storage/utilities.cpp:113)
ERROR: Buffer with GL ID of 1071: leaked 96 bytes.
   at: ~Utilities (drivers/gles3/storage/utilities.cpp:113)
ERROR: Buffer with GL ID of 1072: leaked 72 bytes.
   at: ~Utilities (drivers/gles3/storage/utilities.cpp:113)
ERROR: Buffer with GL ID of 1073: leaked 288 bytes.
   at: ~Utilities (drivers/gles3/storage/utilities.cpp:113)
ERROR: Buffer with GL ID of 1074: leaked 96 bytes.
   at: ~Utilities (drivers/gles3/storage/utilities.cpp:113)
ERROR: Buffer with GL ID of 1075: leaked 72 bytes.
   at: ~Utilities (drivers/gles3/storage/utilities.cpp:113)
ERROR: Buffer with GL ID of 1076: leaked 64 bytes.
   at: ~Utilities (drivers/gles3/storage/utilities.cpp:113)
ERROR: Buffer with GL ID of 1077: leaked 72 bytes.
   at: ~Utilities (drivers/gles3/storage/utilities.cpp:113)
ERROR: Buffer with GL ID of 1078: leaked 64 bytes.
   at: ~Utilities (drivers/gles3/storage/utilities.cpp:113)
ERROR: Buffer with GL ID of 1079: leaked 72 bytes.
   at: ~Utilities (drivers/gles3/storage/utilities.cpp:113)
ERROR: Buffer with GL ID of 1080: leaked 288 bytes.
   at: ~Utilities (drivers/gles3/storage/utilities.cpp:113)
ERROR: Buffer with GL ID of 1081: leaked 96 bytes.
   at: ~Utilities (drivers/gles3/storage/utilities.cpp:113)
ERROR: Buffer with GL ID of 1082: leaked 72 bytes.
   at: ~Utilities (drivers/gles3/storage/utilities.cpp:113)
ERROR: Buffer with GL ID of 1083: leaked 288 bytes.
   at: ~Utilities (drivers/gles3/storage/utilities.cpp:113)
ERROR: Buffer with GL ID of 1084: leaked 96 bytes.
   at: ~Utilities (drivers/gles3/storage/utilities.cpp:113)
ERROR: Buffer with GL ID of 1085: leaked 72 bytes.
   at: ~Utilities (drivers/gles3/storage/utilities.cpp:113)
ERROR: Buffer with GL ID of 1086: leaked 64 bytes.
   at: ~Utilities (drivers/gles3/storage/utilities.cpp:113)
ERROR: Buffer with GL ID of 1087: leaked 72 bytes.
   at: ~Utilities (drivers/gles3/storage/utilities.cpp:113)
ERROR: Buffer with GL ID of 1088: leaked 64 bytes.
   at: ~Utilities (drivers/gles3/storage/utilities.cpp:113)
ERROR: Buffer with GL ID of 1089: leaked 72 bytes.
   at: ~Utilities (drivers/gles3/storage/utilities.cpp:113)
ERROR: Buffer with GL ID of 1090: leaked 288 bytes.
   at: ~Utilities (drivers/gles3/storage/utilities.cpp:113)
ERROR: Buffer with GL ID of 1091: leaked 96 bytes.
   at: ~Utilities (drivers/gles3/storage/utilities.cpp:113)
ERROR: Buffer with GL ID of 1092: leaked 72 bytes.
   at: ~Utilities (drivers/gles3/storage/utilities.cpp:113)
ERROR: Buffer with GL ID of 1093: leaked 288 bytes.
   at: ~Utilities (drivers/gles3/storage/utilities.cpp:113)
ERROR: Buffer with GL ID of 1094: leaked 96 bytes.
   at: ~Utilities (drivers/gles3/storage/utilities.cpp:113)
ERROR: Buffer with GL ID of 1095: leaked 72 bytes.
   at: ~Utilities (drivers/gles3/storage/utilities.cpp:113)
ERROR: Buffer with GL ID of 1096: leaked 64 bytes.
   at: ~Utilities (drivers/gles3/storage/utilities.cpp:113)
ERROR: Buffer with GL ID of 1097: leaked 72 bytes.
   at: ~Utilities (drivers/gles3/storage/utilities.cpp:113)
ERROR: Buffer with GL ID of 1098: leaked 64 bytes.
   at: ~Utilities (drivers/gles3/storage/utilities.cpp:113)
ERROR: Buffer with GL ID of 1099: leaked 72 bytes.
   at: ~Utilities (drivers/gles3/storage/utilities.cpp:113)
ERROR: Buffer with GL ID of 1100: leaked 288 bytes.
   at: ~Utilities (drivers/gles3/storage/utilities.cpp:113)
ERROR: Buffer with GL ID of 1101: leaked 96 bytes.
   at: ~Utilities (drivers/gles3/storage/utilities.cpp:113)
ERROR: Buffer with GL ID of 1102: leaked 72 bytes.
   at: ~Utilities (drivers/gles3/storage/utilities.cpp:113)
ERROR: Buffer with GL ID of 1103: leaked 288 bytes.
   at: ~Utilities (drivers/gles3/storage/utilities.cpp:113)
ERROR: Buffer with GL ID of 1104: leaked 96 bytes.
   at: ~Utilities (drivers/gles3/storage/utilities.cpp:113)
ERROR: Buffer with GL ID of 1105: leaked 72 bytes.
   at: ~Utilities (drivers/gles3/storage/utilities.cpp:113)
ERROR: Buffer with GL ID of 1106: leaked 64 bytes.
   at: ~Utilities (drivers/gles3/storage/utilities.cpp:113)
ERROR: Buffer with GL ID of 1107: leaked 72 bytes.
   at: ~Utilities (drivers/gles3/storage/utilities.cpp:113)
ERROR: Buffer with GL ID of 1108: leaked 64 bytes.
   at: ~Utilities (drivers/gles3/storage/utilities.cpp:113)
ERROR: Buffer with GL ID of 1109: leaked 72 bytes.
   at: ~Utilities (drivers/gles3/storage/utilities.cpp:113)
ERROR: Buffer with GL ID of 1110: leaked 288 bytes.
   at: ~Utilities (drivers/gles3/storage/utilities.cpp:113)
ERROR: Buffer with GL ID of 1111: leaked 96 bytes.
   at: ~Utilities (drivers/gles3/storage/utilities.cpp:113)
ERROR: Buffer with GL ID of 1112: leaked 72 bytes.
   at: ~Utilities (drivers/gles3/storage/utilities.cpp:113)
ERROR: Buffer with GL ID of 1113: leaked 288 bytes.
   at: ~Utilities (drivers/gles3/storage/utilities.cpp:113)
ERROR: Buffer with GL ID of 1114: leaked 96 bytes.
   at: ~Utilities (drivers/gles3/storage/utilities.cpp:113)
ERROR: Buffer with GL ID of 1115: leaked 72 bytes.
   at: ~Utilities (drivers/gles3/storage/utilities.cpp:113)
ERROR: Buffer with GL ID of 1116: leaked 64 bytes.
   at: ~Utilities (drivers/gles3/storage/utilities.cpp:113)
ERROR: Buffer with GL ID of 1117: leaked 72 bytes.
   at: ~Utilities (drivers/gles3/storage/utilities.cpp:113)
ERROR: Buffer with GL ID of 1118: leaked 64 bytes.
   at: ~Utilities (drivers/gles3/storage/utilities.cpp:113)
ERROR: Buffer with GL ID of 1119: leaked 72 bytes.
   at: ~Utilities (drivers/gles3/storage/utilities.cpp:113)
ERROR: Buffer with GL ID of 1120: leaked 288 bytes.
   at: ~Utilities (drivers/gles3/storage/utilities.cpp:113)
ERROR: Buffer with GL ID of 1121: leaked 96 bytes.
   at: ~Utilities (drivers/gles3/storage/utilities.cpp:113)
ERROR: Buffer with GL ID of 1122: leaked 72 bytes.
   at: ~Utilities (drivers/gles3/storage/utilities.cpp:113)
ERROR: Buffer with GL ID of 1123: leaked 288 bytes.
   at: ~Utilities (drivers/gles3/storage/utilities.cpp:113)
ERROR: Buffer with GL ID of 1124: leaked 96 bytes.
   at: ~Utilities (drivers/gles3/storage/utilities.cpp:113)
ERROR: Buffer with GL ID of 1125: leaked 72 bytes.
   at: ~Utilities (drivers/gles3/storage/utilities.cpp:113)
ERROR: Buffer with GL ID of 1126: leaked 64 bytes.
   at: ~Utilities (drivers/gles3/storage/utilities.cpp:113)
ERROR: Buffer with GL ID of 1127: leaked 72 bytes.
   at: ~Utilities (drivers/gles3/storage/utilities.cpp:113)
ERROR: Buffer with GL ID of 1128: leaked 64 bytes.
   at: ~Utilities (drivers/gles3/storage/utilities.cpp:113)
ERROR: Buffer with GL ID of 1129: leaked 72 bytes.
   at: ~Utilities (drivers/gles3/storage/utilities.cpp:113)
ERROR: Buffer with GL ID of 1130: leaked 288 bytes.
   at: ~Utilities (drivers/gles3/storage/utilities.cpp:113)
ERROR: Buffer with GL ID of 1131: leaked 96 bytes.
   at: ~Utilities (drivers/gles3/storage/utilities.cpp:113)
ERROR: Buffer with GL ID of 1132: leaked 72 bytes.
   at: ~Utilities (drivers/gles3/storage/utilities.cpp:113)
ERROR: Buffer with GL ID of 1133: leaked 288 bytes.
   at: ~Utilities (drivers/gles3/storage/utilities.cpp:113)
ERROR: Buffer with GL ID of 1134: leaked 96 bytes.
   at: ~Utilities (drivers/gles3/storage/utilities.cpp:113)
ERROR: Buffer with GL ID of 1135: leaked 72 bytes.
   at: ~Utilities (drivers/gles3/storage/utilities.cpp:113)
ERROR: Buffer with GL ID of 1136: leaked 64 bytes.
   at: ~Utilities (drivers/gles3/storage/utilities.cpp:113)
ERROR: Buffer with GL ID of 1137: leaked 72 bytes.
   at: ~Utilities (drivers/gles3/storage/utilities.cpp:113)
ERROR: Buffer with GL ID of 1138: leaked 64 bytes.
   at: ~Utilities (drivers/gles3/storage/utilities.cpp:113)
ERROR: Buffer with GL ID of 1139: leaked 72 bytes.
   at: ~Utilities (drivers/gles3/storage/utilities.cpp:113)
ERROR: Buffer with GL ID of 1140: leaked 288 bytes.
   at: ~Utilities (drivers/gles3/storage/utilities.cpp:113)
ERROR: Buffer with GL ID of 1141: leaked 96 bytes.
   at: ~Utilities (drivers/gles3/storage/utilities.cpp:113)
ERROR: Buffer with GL ID of 1142: leaked 72 bytes.
   at: ~Utilities (drivers/gles3/storage/utilities.cpp:113)
ERROR: Buffer with GL ID of 1143: leaked 288 bytes.
   at: ~Utilities (drivers/gles3/storage/utilities.cpp:113)
ERROR: Buffer with GL ID of 1144: leaked 96 bytes.
   at: ~Utilities (drivers/gles3/storage/utilities.cpp:113)
ERROR: Buffer with GL ID of 1145: leaked 72 bytes.
   at: ~Utilities (drivers/gles3/storage/utilities.cpp:113)
ERROR: Buffer with GL ID of 1146: leaked 64 bytes.
   at: ~Utilities (drivers/gles3/storage/utilities.cpp:113)
ERROR: Buffer with GL ID of 1147: leaked 72 bytes.
   at: ~Utilities (drivers/gles3/storage/utilities.cpp:113)
ERROR: Buffer with GL ID of 1148: leaked 64 bytes.
   at: ~Utilities (drivers/gles3/storage/utilities.cpp:113)
ERROR: Buffer with GL ID of 1149: leaked 72 bytes.
   at: ~Utilities (drivers/gles3/storage/utilities.cpp:113)
ERROR: Buffer with GL ID of 1150: leaked 288 bytes.
   at: ~Utilities (drivers/gles3/storage/utilities.cpp:113)
ERROR: Buffer with GL ID of 1151: leaked 96 bytes.
   at: ~Utilities (drivers/gles3/storage/utilities.cpp:113)
ERROR: Buffer with GL ID of 1152: leaked 72 bytes.
   at: ~Utilities (drivers/gles3/storage/utilities.cpp:113)
ERROR: Buffer with GL ID of 1153: leaked 288 bytes.
   at: ~Utilities (drivers/gles3/storage/utilities.cpp:113)
ERROR: Buffer with GL ID of 1154: leaked 96 bytes.
   at: ~Utilities (drivers/gles3/storage/utilities.cpp:113)
ERROR: Buffer with GL ID of 1155: leaked 72 bytes.
   at: ~Utilities (drivers/gles3/storage/utilities.cpp:113)
ERROR: Buffer with GL ID of 1156: leaked 64 bytes.
   at: ~Utilities (drivers/gles3/storage/utilities.cpp:113)
ERROR: Buffer with GL ID of 1157: leaked 72 bytes.
   at: ~Utilities (drivers/gles3/storage/utilities.cpp:113)
ERROR: Buffer with GL ID of 1158: leaked 64 bytes.
   at: ~Utilities (drivers/gles3/storage/utilities.cpp:113)
ERROR: Buffer with GL ID of 1159: leaked 72 bytes.
   at: ~Utilities (drivers/gles3/storage/utilities.cpp:113)
ERROR: Buffer with GL ID of 1160: leaked 288 bytes.
   at: ~Utilities (drivers/gles3/storage/utilities.cpp:113)
ERROR: Buffer with GL ID of 1161: leaked 96 bytes.
   at: ~Utilities (drivers/gles3/storage/utilities.cpp:113)
ERROR: Buffer with GL ID of 1162: leaked 72 bytes.
   at: ~Utilities (drivers/gles3/storage/utilities.cpp:113)
ERROR: Buffer with GL ID of 1163: leaked 288 bytes.
   at: ~Utilities (drivers/gles3/storage/utilities.cpp:113)
ERROR: Buffer with GL ID of 1164: leaked 96 bytes.
   at: ~Utilities (drivers/gles3/storage/utilities.cpp:113)
ERROR: Buffer with GL ID of 1165: leaked 72 bytes.
   at: ~Utilities (drivers/gles3/storage/utilities.cpp:113)
ERROR: Buffer with GL ID of 1166: leaked 96 bytes.
   at: ~Utilities (drivers/gles3/storage/utilities.cpp:113)
ERROR: Buffer with GL ID of 1167: leaked 120 bytes.
   at: ~Utilities (drivers/gles3/storage/utilities.cpp:113)
ERROR: Buffer with GL ID of 1168: leaked 432 bytes.
   at: ~Utilities (drivers/gles3/storage/utilities.cpp:113)
ERROR: Buffer with GL ID of 1169: leaked 144 bytes.
   at: ~Utilities (drivers/gles3/storage/utilities.cpp:113)
ERROR: Buffer with GL ID of 1170: leaked 120 bytes.
   at: ~Utilities (drivers/gles3/storage/utilities.cpp:113)
ERROR: Buffer with GL ID of 1171: leaked 96 bytes.
   at: ~Utilities (drivers/gles3/storage/utilities.cpp:113)
ERROR: Buffer with GL ID of 1172: leaked 120 bytes.
   at: ~Utilities (drivers/gles3/storage/utilities.cpp:113)
ERROR: Buffer with GL ID of 1173: leaked 432 bytes.
   at: ~Utilities (drivers/gles3/storage/utilities.cpp:113)
ERROR: Buffer with GL ID of 1174: leaked 144 bytes.
   at: ~Utilities (drivers/gles3/storage/utilities.cpp:113)
ERROR: Buffer with GL ID of 1175: leaked 120 bytes.
   at: ~Utilities (drivers/gles3/storage/utilities.cpp:113)
ERROR: Buffer with GL ID of 1176: leaked 160 bytes.
   at: ~Utilities (drivers/gles3/storage/utilities.cpp:113)
ERROR: Buffer with GL ID of 1177: leaked 216 bytes.
   at: ~Utilities (drivers/gles3/storage/utilities.cpp:113)
ERROR: Buffer with GL ID of 1178: leaked 160 bytes.
   at: ~Utilities (drivers/gles3/storage/utilities.cpp:113)
ERROR: Buffer with GL ID of 1179: leaked 216 bytes.
   at: ~Utilities (drivers/gles3/storage/utilities.cpp:113)
ERROR: Buffer with GL ID of 1180: leaked 720 bytes.
   at: ~Utilities (drivers/gles3/storage/utilities.cpp:113)
ERROR: Buffer with GL ID of 1181: leaked 240 bytes.
   at: ~Utilities (drivers/gles3/storage/utilities.cpp:113)
ERROR: Buffer with GL ID of 1182: leaked 216 bytes.
   at: ~Utilities (drivers/gles3/storage/utilities.cpp:113)
ERROR: Buffer with GL ID of 1183: leaked 720 bytes.
   at: ~Utilities (drivers/gles3/storage/utilities.cpp:113)
ERROR: Buffer with GL ID of 1184: leaked 240 bytes.
   at: ~Utilities (drivers/gles3/storage/utilities.cpp:113)
ERROR: Buffer with GL ID of 1185: leaked 216 bytes.
   at: ~Utilities (drivers/gles3/storage/utilities.cpp:113)
ERROR: Buffer with GL ID of 1186: leaked 160 bytes.
   at: ~Utilities (drivers/gles3/storage/utilities.cpp:113)
ERROR: Buffer with GL ID of 1187: leaked 216 bytes.
   at: ~Utilities (drivers/gles3/storage/utilities.cpp:113)
ERROR: Buffer with GL ID of 1188: leaked 160 bytes.
   at: ~Utilities (drivers/gles3/storage/utilities.cpp:113)
ERROR: Buffer with GL ID of 1189: leaked 216 bytes.
   at: ~Utilities (drivers/gles3/storage/utilities.cpp:113)
ERROR: Buffer with GL ID of 1190: leaked 720 bytes.
   at: ~Utilities (drivers/gles3/storage/utilities.cpp:113)
ERROR: Buffer with GL ID of 1191: leaked 240 bytes.
   at: ~Utilities (drivers/gles3/storage/utilities.cpp:113)
ERROR: Buffer with GL ID of 1192: leaked 216 bytes.
   at: ~Utilities (drivers/gles3/storage/utilities.cpp:113)
ERROR: Buffer with GL ID of 1193: leaked 720 bytes.
   at: ~Utilities (drivers/gles3/storage/utilities.cpp:113)
ERROR: Buffer with GL ID of 1194: leaked 240 bytes.
   at: ~Utilities (drivers/gles3/storage/utilities.cpp:113)
ERROR: Buffer with GL ID of 1195: leaked 216 bytes.
   at: ~Utilities (drivers/gles3/storage/utilities.cpp:113)
ERROR: Buffer with GL ID of 8593: leaked 480 bytes.
   at: ~Utilities (drivers/gles3/storage/utilities.cpp:113)
ERROR: Buffer with GL ID of 8594: leaked 192 bytes.
   at: ~Utilities (drivers/gles3/storage/utilities.cpp:113)
ERROR: Buffer with GL ID of 8595: leaked 72 bytes.
   at: ~Utilities (drivers/gles3/storage/utilities.cpp:113)
WARNING: 605 ObjectDB instances were leaked at exit (run with `--verbose` for details).
   at: cleanup (core/object/object.cpp:2536)
ERROR: 471 resources still in use at exit (run with --verbose for details).
   at: clear (core/io/resource.cpp:822)
ERROR: 285 RID allocations of type 'N5GLES34MeshE' were leaked at exit.
ERROR: 58 RID allocations of type 'N5GLES38MaterialE' were leaked at exit.
ERROR: 5 RID allocations of type 'N5GLES36ShaderE' were leaked at exit.
ERROR: 74 RID allocations of type 'N5GLES37TextureE' were leaked at exit.
ERROR: 3 RID allocations of type 'PN18TextServerAdvanced22ShapedTextDataAdvancedE' were leaked at exit.
ERROR: 4 RID allocations of type 'PN18TextServerAdvanced12FontAdvancedE' were leaked at exit.
ERROR: Pages in use exist at exit in PagedAllocator: N12VariantPools12BucketMediumE
   at: ~PagedAllocator (./core/templates/paged_allocator.h:170)
ERROR: Pages in use exist at exit in PagedAllocator: N12VariantPools11BucketSmallE
   at: ~PagedAllocator (./core/templates/paged_allocator.h:170)
