Godot Engine v4.7.2.stable.official.ed1daf0bf - https://godotengine.org
WARNING: Could not set V-Sync mode, as changing V-Sync mode is not supported by the graphics driver.
     at: set_use_vsync (platform/linuxbsd/x11/gl_manager_x11.cpp:372)
OpenGL API 4.5 (Core Profile) Mesa 25.0.7-2+deb13u1 - Compatibility - Using Device: Mesa - llvmpipe (LLVM 19.1.7, 256 bits)

ERROR: Resource file not found: res://models/cars/tripo/tripo-sedan_sedan_color.png (expected type: Texture2D)
   at: _load (core/io/resource_loader.cpp:325)
   GDScript backtrace (most recent call first):
       [0] run (res://qa/td-210/capture.gd:50)
ERROR: Resource file not found: res://models/cars/tripo/tripo-sedan_ORM_6ea8a232-82a6-4b5e-838d-1cf1b8702d44.png (expected type: Texture2D)
   at: _load (core/io/resource_loader.cpp:325)
   GDScript backtrace (most recent call first):
       [0] run (res://qa/td-210/capture.gd:50)
ERROR: Resource file not found: res://models/cars/tripo/tripo-sedan_NormalGL_6ea8a232-82a6-4b5e-838d-1cf1b8702d44.png (expected type: Texture2D)
   at: _load (core/io/resource_loader.cpp:325)
   GDScript backtrace (most recent call first):
       [0] run (res://qa/td-210/capture.gd:50)
ERROR: Can't load dependency: 'res://models/cars/tripo/tripo-sedan_sedan_color.png'.
   at: parse_variant (core/io/resource_format_binary.cpp:444)
   GDScript backtrace (most recent call first):
       [0] run (res://qa/td-210/capture.gd:50)
ERROR: Failed loading resource: res://.godot/imported/tripo-sedan.glb-612773e03c24815fdf6feef57999b70f.scn.
   at: _load (core/io/resource_loader.cpp:317)
   GDScript backtrace (most recent call first):
       [0] run (res://qa/td-210/capture.gd:50)
ERROR: Failed loading resource: res://models/cars/tripo/tripo-sedan.glb.
   at: _load (core/io/resource_loader.cpp:317)
   GDScript backtrace (most recent call first):
       [0] run (res://qa/td-210/capture.gd:50)
ERROR: res://scenes/tripo_car_sedan.tscn:23 - Parse Error: [ext_resource] referenced non-existent resource at: res://models/cars/tripo/tripo-sedan.glb.
   at: _printerr (scene/resources/resource_format_text.cpp:41)
   GDScript backtrace (most recent call first):
       [0] run (res://qa/td-210/capture.gd:50)
SCRIPT ERROR: Parse Error: Preload file "res://assets/td-168/sento.glb" has no resource loaders (unrecognized file extension).
          at: GDScript::reload (res://scripts/slice/slice_world.gd:15)
          GDScript backtrace (most recent call first):
              [0] run (res://qa/td-210/capture.gd:50)
SCRIPT ERROR: Parse Error: Preload file "res://assets/td-168/koban_concrete.glb" has no resource loaders (unrecognized file extension).
          at: GDScript::reload (res://scripts/slice/slice_world.gd:16)
          GDScript backtrace (most recent call first):
              [0] run (res://qa/td-210/capture.gd:50)
SCRIPT ERROR: Parse Error: Preload file "res://assets/td-168/koban_brick.glb" has no resource loaders (unrecognized file extension).
          at: GDScript::reload (res://scripts/slice/slice_world.gd:17)
          GDScript backtrace (most recent call first):
              [0] run (res://qa/td-210/capture.gd:50)
SCRIPT ERROR: Parse Error: Preload file "res://assets/td-168/jizo_hokora.glb" has no resource loaders (unrecognized file extension).
          at: GDScript::reload (res://scripts/slice/slice_world.gd:18)
          GDScript backtrace (most recent call first):
              [0] run (res://qa/td-210/capture.gd:50)
SCRIPT ERROR: Parse Error: Preload file "res://assets/td-168/jizo_shed.glb" has no resource loaders (unrecognized file extension).
          at: GDScript::reload (res://scripts/slice/slice_world.gd:19)
          GDScript backtrace (most recent call first):
              [0] run (res://qa/td-210/capture.gd:50)
SCRIPT ERROR: Compile Error: Failed to compile depended scripts.
          at: GDScript::reload (res://scripts/slice/civilian_traffic.gd:0)
          GDScript backtrace (most recent call first):
              [0] run (res://qa/td-210/capture.gd:50)
SCRIPT ERROR: Compile Error: Failed to compile depended scripts.
          at: GDScript::reload (res://scripts/slice/anime_look.gd:0)
          GDScript backtrace (most recent call first):
              [0] run (res://qa/td-210/capture.gd:50)
ERROR: Failed to load script "res://scripts/slice/anime_look.gd" with error "Compilation failed".
   at: load (modules/gdscript/gdscript_resource_format.cpp:46)
   GDScript backtrace (most recent call first):
       [0] run (res://qa/td-210/capture.gd:50)
ERROR: Resource file not found: res://models/cars/tripo/tripo-coupe_coupe_color.png (expected type: Texture2D)
   at: _load (core/io/resource_loader.cpp:325)
   GDScript backtrace (most recent call first):
       [0] _spawn_car (res://scripts/lower_city/lower_city.gd:108)
       [1] _ready (res://scripts/lower_city/lower_city.gd:45)
       [2] run (res://qa/td-210/capture.gd:51)
ERROR: Resource file not found: res://models/cars/tripo/tripo-coupe_ORM_557ade52-bb43-491b-8c08-4db80f18231a.png (expected type: Texture2D)
   at: _load (core/io/resource_loader.cpp:325)
   GDScript backtrace (most recent call first):
       [0] _spawn_car (res://scripts/lower_city/lower_city.gd:108)
       [1] _ready (res://scripts/lower_city/lower_city.gd:45)
       [2] run (res://qa/td-210/capture.gd:51)
ERROR: Resource file not found: res://models/cars/tripo/tripo-coupe_NormalGL_557ade52-bb43-491b-8c08-4db80f18231a.png (expected type: Texture2D)
   at: _load (core/io/resource_loader.cpp:325)
   GDScript backtrace (most recent call first):
       [0] _spawn_car (res://scripts/lower_city/lower_city.gd:108)
       [1] _ready (res://scripts/lower_city/lower_city.gd:45)
       [2] run (res://qa/td-210/capture.gd:51)
ERROR: Can't load dependency: 'res://models/cars/tripo/tripo-coupe_coupe_color.png'.
   at: parse_variant (core/io/resource_format_binary.cpp:444)
   GDScript backtrace (most recent call first):
       [0] _spawn_car (res://scripts/lower_city/lower_city.gd:108)
       [1] _ready (res://scripts/lower_city/lower_city.gd:45)
       [2] run (res://qa/td-210/capture.gd:51)
ERROR: Failed loading resource: res://.godot/imported/tripo-coupe.glb-daa7f7eb3a9f24938893fdba3f48cb45.scn.
   at: _load (core/io/resource_loader.cpp:317)
   GDScript backtrace (most recent call first):
       [0] _spawn_car (res://scripts/lower_city/lower_city.gd:108)
       [1] _ready (res://scripts/lower_city/lower_city.gd:45)
       [2] run (res://qa/td-210/capture.gd:51)
ERROR: Failed loading resource: res://models/cars/tripo/tripo-coupe.glb.
   at: _load (core/io/resource_loader.cpp:317)
   GDScript backtrace (most recent call first):
       [0] _spawn_car (res://scripts/lower_city/lower_city.gd:108)
       [1] _ready (res://scripts/lower_city/lower_city.gd:45)
       [2] run (res://qa/td-210/capture.gd:51)
ERROR: res://scenes/tripo_car_coupe.tscn:23 - Parse Error: [ext_resource] referenced non-existent resource at: res://models/cars/tripo/tripo-coupe.glb.
   at: _printerr (scene/resources/resource_format_text.cpp:41)
   GDScript backtrace (most recent call first):
       [0] _spawn_car (res://scripts/lower_city/lower_city.gd:108)
       [1] _ready (res://scripts/lower_city/lower_city.gd:45)
       [2] run (res://qa/td-210/capture.gd:51)
WARNING: Node './Body' was modified from inside an instance, but it has vanished.
     at: instantiate (scene/resources/packed_scene.cpp:312)
     GDScript backtrace (most recent call first):
         [0] _ready (res://scripts/vehicle.gd:129)
         [1] _spawn_car (res://scripts/lower_city/lower_city.gd:113)
         [2] _ready (res://scripts/lower_city/lower_city.gd:45)
         [3] run (res://qa/td-210/capture.gd:51)
WARNING: Parent path './Body' for node 'HeadlightL' has vanished when instantiating: 'res://scenes/tripo_car_coupe.tscn'.
     at: instantiate (scene/resources/packed_scene.cpp:213)
     GDScript backtrace (most recent call first):
         [0] _ready (res://scripts/vehicle.gd:129)
         [1] _spawn_car (res://scripts/lower_city/lower_city.gd:113)
         [2] _ready (res://scripts/lower_city/lower_city.gd:45)
         [3] run (res://qa/td-210/capture.gd:51)
WARNING: Parent path './Body' for node 'HeadlightR' has vanished when instantiating: 'res://scenes/tripo_car_coupe.tscn'.
     at: instantiate (scene/resources/packed_scene.cpp:213)
     GDScript backtrace (most recent call first):
         [0] _ready (res://scripts/vehicle.gd:129)
         [1] _spawn_car (res://scripts/lower_city/lower_city.gd:113)
         [2] _ready (res://scripts/lower_city/lower_city.gd:45)
         [3] run (res://qa/td-210/capture.gd:51)
WARNING: TripoCarModel: Body node missing
     at: push_warning (core/variant/variant_utility.cpp:1033)
     GDScript backtrace (most recent call first):
         [0] _build_wheels (res://scripts/tripo_car_model.gd:151)
         [1] _ready (res://scripts/tripo_car_model.gd:101)
         [2] _ready (res://scripts/vehicle.gd:130)
         [3] _spawn_car (res://scripts/lower_city/lower_city.gd:113)
         [4] _ready (res://scripts/lower_city/lower_city.gd:45)
         [5] run (res://qa/td-210/capture.gd:51)
WARNING: TripoCarModel: headlight missing: HeadlightL
     at: push_warning (core/variant/variant_utility.cpp:1033)
     GDScript backtrace (most recent call first):
         [0] _tune_headlights (res://scripts/tripo_car_model.gd:261)
         [1] _ready (res://scripts/tripo_car_model.gd:102)
         [2] _ready (res://scripts/vehicle.gd:130)
         [3] _spawn_car (res://scripts/lower_city/lower_city.gd:113)
         [4] _ready (res://scripts/lower_city/lower_city.gd:45)
         [5] run (res://qa/td-210/capture.gd:51)
WARNING: TripoCarModel: headlight missing: HeadlightR
     at: push_warning (core/variant/variant_utility.cpp:1033)
     GDScript backtrace (most recent call first):
         [0] _tune_headlights (res://scripts/tripo_car_model.gd:261)
         [1] _ready (res://scripts/tripo_car_model.gd:102)
         [2] _ready (res://scripts/vehicle.gd:130)
         [3] _spawn_car (res://scripts/lower_city/lower_city.gd:113)
         [4] _ready (res://scripts/lower_city/lower_city.gd:45)
         [5] run (res://qa/td-210/capture.gd:51)
WARNING: Node './Body' was modified from inside an instance, but it has vanished.
     at: instantiate (scene/resources/packed_scene.cpp:312)
     GDScript backtrace (most recent call first):
         [0] _ready (res://scripts/vehicle.gd:129)
         [1] _spawn_car (res://scripts/traffic/city_traffic.gd:286)
         [2] _ready (res://scripts/traffic/city_traffic.gd:120)
         [3] _spawn_traffic (res://scripts/lower_city/lower_city.gd:187)
         [4] _ready (res://scripts/lower_city/lower_city.gd:49)
         [5] run (res://qa/td-210/capture.gd:51)
WARNING: Parent path './Body' for node 'HeadlightL' has vanished when instantiating: 'res://scenes/tripo_car_sedan.tscn'.
     at: instantiate (scene/resources/packed_scene.cpp:213)
     GDScript backtrace (most recent call first):
         [0] _ready (res://scripts/vehicle.gd:129)
         [1] _spawn_car (res://scripts/traffic/city_traffic.gd:286)
         [2] _ready (res://scripts/traffic/city_traffic.gd:120)
         [3] _spawn_traffic (res://scripts/lower_city/lower_city.gd:187)
         [4] _ready (res://scripts/lower_city/lower_city.gd:49)
         [5] run (res://qa/td-210/capture.gd:51)
WARNING: Parent path './Body' for node 'HeadlightR' has vanished when instantiating: 'res://scenes/tripo_car_sedan.tscn'.
     at: instantiate (scene/resources/packed_scene.cpp:213)
     GDScript backtrace (most recent call first):
         [0] _ready (res://scripts/vehicle.gd:129)
         [1] _spawn_car (res://scripts/traffic/city_traffic.gd:286)
         [2] _ready (res://scripts/traffic/city_traffic.gd:120)
         [3] _spawn_traffic (res://scripts/lower_city/lower_city.gd:187)
         [4] _ready (res://scripts/lower_city/lower_city.gd:49)
         [5] run (res://qa/td-210/capture.gd:51)
WARNING: TripoCarModel: Body node missing
     at: push_warning (core/variant/variant_utility.cpp:1033)
     GDScript backtrace (most recent call first):
         [0] _build_wheels (res://scripts/tripo_car_model.gd:151)
         [1] _ready (res://scripts/tripo_car_model.gd:101)
         [2] _ready (res://scripts/vehicle.gd:130)
         [3] _spawn_car (res://scripts/traffic/city_traffic.gd:286)
         [4] _ready (res://scripts/traffic/city_traffic.gd:120)
         [5] _spawn_traffic (res://scripts/lower_city/lower_city.gd:187)
         [6] _ready (res://scripts/lower_city/lower_city.gd:49)
         [7] run (res://qa/td-210/capture.gd:51)
WARNING: TripoCarModel: headlight missing: HeadlightL
     at: push_warning (core/variant/variant_utility.cpp:1033)
     GDScript backtrace (most recent call first):
         [0] _tune_headlights (res://scripts/tripo_car_model.gd:261)
         [1] _ready (res://scripts/tripo_car_model.gd:102)
         [2] _ready (res://scripts/vehicle.gd:130)
         [3] _spawn_car (res://scripts/traffic/city_traffic.gd:286)
         [4] _ready (res://scripts/traffic/city_traffic.gd:120)
         [5] _spawn_traffic (res://scripts/lower_city/lower_city.gd:187)
         [6] _ready (res://scripts/lower_city/lower_city.gd:49)
         [7] run (res://qa/td-210/capture.gd:51)
WARNING: TripoCarModel: headlight missing: HeadlightR
     at: push_warning (core/variant/variant_utility.cpp:1033)
     GDScript backtrace (most recent call first):
         [0] _tune_headlights (res://scripts/tripo_car_model.gd:261)
         [1] _ready (res://scripts/tripo_car_model.gd:102)
         [2] _ready (res://scripts/vehicle.gd:130)
         [3] _spawn_car (res://scripts/traffic/city_traffic.gd:286)
         [4] _ready (res://scripts/traffic/city_traffic.gd:120)
         [5] _spawn_traffic (res://scripts/lower_city/lower_city.gd:187)
         [6] _ready (res://scripts/lower_city/lower_city.gd:49)
         [7] run (res://qa/td-210/capture.gd:51)
WARNING: Node './Body' was modified from inside an instance, but it has vanished.
     at: instantiate (scene/resources/packed_scene.cpp:312)
     GDScript backtrace (most recent call first):
         [0] _ready (res://scripts/vehicle.gd:129)
         [1] _spawn_car (res://scripts/traffic/city_traffic.gd:286)
         [2] _ready (res://scripts/traffic/city_traffic.gd:120)
         [3] _spawn_traffic (res://scripts/lower_city/lower_city.gd:187)
         [4] _ready (res://scripts/lower_city/lower_city.gd:49)
         [5] run (res://qa/td-210/capture.gd:51)
WARNING: Parent path './Body' for node 'HeadlightL' has vanished when instantiating: 'res://scenes/tripo_car_coupe.tscn'.
     at: instantiate (scene/resources/packed_scene.cpp:213)
     GDScript backtrace (most recent call first):
         [0] _ready (res://scripts/vehicle.gd:129)
         [1] _spawn_car (res://scripts/traffic/city_traffic.gd:286)
         [2] _ready (res://scripts/traffic/city_traffic.gd:120)
         [3] _spawn_traffic (res://scripts/lower_city/lower_city.gd:187)
         [4] _ready (res://scripts/lower_city/lower_city.gd:49)
         [5] run (res://qa/td-210/capture.gd:51)
WARNING: Parent path './Body' for node 'HeadlightR' has vanished when instantiating: 'res://scenes/tripo_car_coupe.tscn'.
     at: instantiate (scene/resources/packed_scene.cpp:213)
     GDScript backtrace (most recent call first):
         [0] _ready (res://scripts/vehicle.gd:129)
         [1] _spawn_car (res://scripts/traffic/city_traffic.gd:286)
         [2] _ready (res://scripts/traffic/city_traffic.gd:120)
         [3] _spawn_traffic (res://scripts/lower_city/lower_city.gd:187)
         [4] _ready (res://scripts/lower_city/lower_city.gd:49)
         [5] run (res://qa/td-210/capture.gd:51)
WARNING: TripoCarModel: Body node missing
     at: push_warning (core/variant/variant_utility.cpp:1033)
     GDScript backtrace (most recent call first):
         [0] _build_wheels (res://scripts/tripo_car_model.gd:151)
         [1] _ready (res://scripts/tripo_car_model.gd:101)
         [2] _ready (res://scripts/vehicle.gd:130)
         [3] _spawn_car (res://scripts/traffic/city_traffic.gd:286)
         [4] _ready (res://scripts/traffic/city_traffic.gd:120)
         [5] _spawn_traffic (res://scripts/lower_city/lower_city.gd:187)
         [6] _ready (res://scripts/lower_city/lower_city.gd:49)
         [7] run (res://qa/td-210/capture.gd:51)
WARNING: TripoCarModel: headlight missing: HeadlightL
     at: push_warning (core/variant/variant_utility.cpp:1033)
     GDScript backtrace (most recent call first):
         [0] _tune_headlights (res://scripts/tripo_car_model.gd:261)
         [1] _ready (res://scripts/tripo_car_model.gd:102)
         [2] _ready (res://scripts/vehicle.gd:130)
         [3] _spawn_car (res://scripts/traffic/city_traffic.gd:286)
         [4] _ready (res://scripts/traffic/city_traffic.gd:120)
         [5] _spawn_traffic (res://scripts/lower_city/lower_city.gd:187)
         [6] _ready (res://scripts/lower_city/lower_city.gd:49)
         [7] run (res://qa/td-210/capture.gd:51)
WARNING: TripoCarModel: headlight missing: HeadlightR
     at: push_warning (core/variant/variant_utility.cpp:1033)
     GDScript backtrace (most recent call first):
         [0] _tune_headlights (res://scripts/tripo_car_model.gd:261)
         [1] _ready (res://scripts/tripo_car_model.gd:102)
         [2] _ready (res://scripts/vehicle.gd:130)
         [3] _spawn_car (res://scripts/traffic/city_traffic.gd:286)
         [4] _ready (res://scripts/traffic/city_traffic.gd:120)
         [5] _spawn_traffic (res://scripts/lower_city/lower_city.gd:187)
         [6] _ready (res://scripts/lower_city/lower_city.gd:49)
         [7] run (res://qa/td-210/capture.gd:51)
ERROR: Resource file not found: res://models/cars/tripo/tripo-suv_suv_color.png (expected type: Texture2D)
   at: _load (core/io/resource_loader.cpp:325)
   GDScript backtrace (most recent call first):
       [0] _vehicle_model_for (res://scripts/traffic/city_traffic.gd:130)
       [1] _spawn_car (res://scripts/traffic/city_traffic.gd:233)
       [2] _ready (res://scripts/traffic/city_traffic.gd:120)
       [3] _spawn_traffic (res://scripts/lower_city/lower_city.gd:187)
       [4] _ready (res://scripts/lower_city/lower_city.gd:49)
       [5] run (res://qa/td-210/capture.gd:51)
ERROR: Resource file not found: res://models/cars/tripo/tripo-suv_ORM_7f02e486-c112-4d80-a95e-d2eb9dfcd5f1.png (expected type: Texture2D)
   at: _load (core/io/resource_loader.cpp:325)
   GDScript backtrace (most recent call first):
       [0] _vehicle_model_for (res://scripts/traffic/city_traffic.gd:130)
       [1] _spawn_car (res://scripts/traffic/city_traffic.gd:233)
       [2] _ready (res://scripts/traffic/city_traffic.gd:120)
       [3] _spawn_traffic (res://scripts/lower_city/lower_city.gd:187)
       [4] _ready (res://scripts/lower_city/lower_city.gd:49)
       [5] run (res://qa/td-210/capture.gd:51)
ERROR: Resource file not found: res://models/cars/tripo/tripo-suv_NormalGL_7f02e486-c112-4d80-a95e-d2eb9dfcd5f1.png (expected type: Texture2D)
   at: _load (core/io/resource_loader.cpp:325)
   GDScript backtrace (most recent call first):
       [0] _vehicle_model_for (res://scripts/traffic/city_traffic.gd:130)
       [1] _spawn_car (res://scripts/traffic/city_traffic.gd:233)
       [2] _ready (res://scripts/traffic/city_traffic.gd:120)
       [3] _spawn_traffic (res://scripts/lower_city/lower_city.gd:187)
       [4] _ready (res://scripts/lower_city/lower_city.gd:49)
       [5] run (res://qa/td-210/capture.gd:51)
ERROR: Can't load dependency: 'res://models/cars/tripo/tripo-suv_suv_color.png'.
   at: parse_variant (core/io/resource_format_binary.cpp:444)
   GDScript backtrace (most recent call first):
       [0] _vehicle_model_for (res://scripts/traffic/city_traffic.gd:130)
       [1] _spawn_car (res://scripts/traffic/city_traffic.gd:233)
       [2] _ready (res://scripts/traffic/city_traffic.gd:120)
       [3] _spawn_traffic (res://scripts/lower_city/lower_city.gd:187)
       [4] _ready (res://scripts/lower_city/lower_city.gd:49)
       [5] run (res://qa/td-210/capture.gd:51)
ERROR: Failed loading resource: res://.godot/imported/tripo-suv.glb-efb76e9229731296d9d298d07da3876c.scn.
   at: _load (core/io/resource_loader.cpp:317)
   GDScript backtrace (most recent call first):
       [0] _vehicle_model_for (res://scripts/traffic/city_traffic.gd:130)
       [1] _spawn_car (res://scripts/traffic/city_traffic.gd:233)
       [2] _ready (res://scripts/traffic/city_traffic.gd:120)
       [3] _spawn_traffic (res://scripts/lower_city/lower_city.gd:187)
       [4] _ready (res://scripts/lower_city/lower_city.gd:49)
       [5] run (res://qa/td-210/capture.gd:51)
ERROR: Failed loading resource: res://models/cars/tripo/tripo-suv.glb.
   at: _load (core/io/resource_loader.cpp:317)
   GDScript backtrace (most recent call first):
       [0] _vehicle_model_for (res://scripts/traffic/city_traffic.gd:130)
       [1] _spawn_car (res://scripts/traffic/city_traffic.gd:233)
       [2] _ready (res://scripts/traffic/city_traffic.gd:120)
       [3] _spawn_traffic (res://scripts/lower_city/lower_city.gd:187)
       [4] _ready (res://scripts/lower_city/lower_city.gd:49)
       [5] run (res://qa/td-210/capture.gd:51)
ERROR: res://scenes/tripo_car_suv.tscn:23 - Parse Error: [ext_resource] referenced non-existent resource at: res://models/cars/tripo/tripo-suv.glb.
   at: _printerr (scene/resources/resource_format_text.cpp:41)
   GDScript backtrace (most recent call first):
       [0] _vehicle_model_for (res://scripts/traffic/city_traffic.gd:130)
       [1] _spawn_car (res://scripts/traffic/city_traffic.gd:233)
       [2] _ready (res://scripts/traffic/city_traffic.gd:120)
       [3] _spawn_traffic (res://scripts/lower_city/lower_city.gd:187)
       [4] _ready (res://scripts/lower_city/lower_city.gd:49)
       [5] run (res://qa/td-210/capture.gd:51)
WARNING: Node './Body' was modified from inside an instance, but it has vanished.
     at: instantiate (scene/resources/packed_scene.cpp:312)
     GDScript backtrace (most recent call first):
         [0] _ready (res://scripts/vehicle.gd:129)
         [1] _spawn_car (res://scripts/traffic/city_traffic.gd:286)
         [2] _ready (res://scripts/traffic/city_traffic.gd:120)
         [3] _spawn_traffic (res://scripts/lower_city/lower_city.gd:187)
         [4] _ready (res://scripts/lower_city/lower_city.gd:49)
         [5] run (res://qa/td-210/capture.gd:51)
WARNING: Parent path './Body' for node 'HeadlightL' has vanished when instantiating: 'res://scenes/tripo_car_suv.tscn'.
     at: instantiate (scene/resources/packed_scene.cpp:213)
     GDScript backtrace (most recent call first):
         [0] _ready (res://scripts/vehicle.gd:129)
         [1] _spawn_car (res://scripts/traffic/city_traffic.gd:286)
         [2] _ready (res://scripts/traffic/city_traffic.gd:120)
         [3] _spawn_traffic (res://scripts/lower_city/lower_city.gd:187)
         [4] _ready (res://scripts/lower_city/lower_city.gd:49)
         [5] run (res://qa/td-210/capture.gd:51)
WARNING: Parent path './Body' for node 'HeadlightR' has vanished when instantiating: 'res://scenes/tripo_car_suv.tscn'.
     at: instantiate (scene/resources/packed_scene.cpp:213)
     GDScript backtrace (most recent call first):
         [0] _ready (res://scripts/vehicle.gd:129)
         [1] _spawn_car (res://scripts/traffic/city_traffic.gd:286)
         [2] _ready (res://scripts/traffic/city_traffic.gd:120)
         [3] _spawn_traffic (res://scripts/lower_city/lower_city.gd:187)
         [4] _ready (res://scripts/lower_city/lower_city.gd:49)
         [5] run (res://qa/td-210/capture.gd:51)
WARNING: TripoCarModel: Body node missing
     at: push_warning (core/variant/variant_utility.cpp:1033)
     GDScript backtrace (most recent call first):
         [0] _build_wheels (res://scripts/tripo_car_model.gd:151)
         [1] _ready (res://scripts/tripo_car_model.gd:101)
         [2] _ready (res://scripts/vehicle.gd:130)
         [3] _spawn_car (res://scripts/traffic/city_traffic.gd:286)
         [4] _ready (res://scripts/traffic/city_traffic.gd:120)
         [5] _spawn_traffic (res://scripts/lower_city/lower_city.gd:187)
         [6] _ready (res://scripts/lower_city/lower_city.gd:49)
         [7] run (res://qa/td-210/capture.gd:51)
WARNING: TripoCarModel: headlight missing: HeadlightL
     at: push_warning (core/variant/variant_utility.cpp:1033)
     GDScript backtrace (most recent call first):
         [0] _tune_headlights (res://scripts/tripo_car_model.gd:261)
         [1] _ready (res://scripts/tripo_car_model.gd:102)
         [2] _ready (res://scripts/vehicle.gd:130)
         [3] _spawn_car (res://scripts/traffic/city_traffic.gd:286)
         [4] _ready (res://scripts/traffic/city_traffic.gd:120)
         [5] _spawn_traffic (res://scripts/lower_city/lower_city.gd:187)
         [6] _ready (res://scripts/lower_city/lower_city.gd:49)
         [7] run (res://qa/td-210/capture.gd:51)
WARNING: TripoCarModel: headlight missing: HeadlightR
     at: push_warning (core/variant/variant_utility.cpp:1033)
     GDScript backtrace (most recent call first):
         [0] _tune_headlights (res://scripts/tripo_car_model.gd:261)
         [1] _ready (res://scripts/tripo_car_model.gd:102)
         [2] _ready (res://scripts/vehicle.gd:130)
         [3] _spawn_car (res://scripts/traffic/city_traffic.gd:286)
         [4] _ready (res://scripts/traffic/city_traffic.gd:120)
         [5] _spawn_traffic (res://scripts/lower_city/lower_city.gd:187)
         [6] _ready (res://scripts/lower_city/lower_city.gd:49)
         [7] run (res://qa/td-210/capture.gd:51)
ERROR: Resource file not found: res://models/cars/tripo/tripo-van_van_color.png (expected type: Texture2D)
   at: _load (core/io/resource_loader.cpp:325)
   GDScript backtrace (most recent call first):
       [0] _vehicle_model_for (res://scripts/traffic/city_traffic.gd:130)
       [1] _spawn_car (res://scripts/traffic/city_traffic.gd:233)
       [2] _ready (res://scripts/traffic/city_traffic.gd:120)
       [3] _spawn_traffic (res://scripts/lower_city/lower_city.gd:187)
       [4] _ready (res://scripts/lower_city/lower_city.gd:49)
       [5] run (res://qa/td-210/capture.gd:51)
ERROR: Resource file not found: res://models/cars/tripo/tripo-van_ORM_236f62a2-f447-47e7-ba6b-77b2c23811b7.png (expected type: Texture2D)
   at: _load (core/io/resource_loader.cpp:325)
   GDScript backtrace (most recent call first):
       [0] _vehicle_model_for (res://scripts/traffic/city_traffic.gd:130)
       [1] _spawn_car (res://scripts/traffic/city_traffic.gd:233)
       [2] _ready (res://scripts/traffic/city_traffic.gd:120)
       [3] _spawn_traffic (res://scripts/lower_city/lower_city.gd:187)
       [4] _ready (res://scripts/lower_city/lower_city.gd:49)
       [5] run (res://qa/td-210/capture.gd:51)
ERROR: Resource file not found: res://models/cars/tripo/tripo-van_NormalGL_236f62a2-f447-47e7-ba6b-77b2c23811b7.png (expected type: Texture2D)
   at: _load (core/io/resource_loader.cpp:325)
   GDScript backtrace (most recent call first):
       [0] _vehicle_model_for (res://scripts/traffic/city_traffic.gd:130)
       [1] _spawn_car (res://scripts/traffic/city_traffic.gd:233)
       [2] _ready (res://scripts/traffic/city_traffic.gd:120)
       [3] _spawn_traffic (res://scripts/lower_city/lower_city.gd:187)
       [4] _ready (res://scripts/lower_city/lower_city.gd:49)
       [5] run (res://qa/td-210/capture.gd:51)
ERROR: Can't load dependency: 'res://models/cars/tripo/tripo-van_van_color.png'.
   at: parse_variant (core/io/resource_format_binary.cpp:444)
   GDScript backtrace (most recent call first):
       [0] _vehicle_model_for (res://scripts/traffic/city_traffic.gd:130)
       [1] _spawn_car (res://scripts/traffic/city_traffic.gd:233)
       [2] _ready (res://scripts/traffic/city_traffic.gd:120)
       [3] _spawn_traffic (res://scripts/lower_city/lower_city.gd:187)
       [4] _ready (res://scripts/lower_city/lower_city.gd:49)
       [5] run (res://qa/td-210/capture.gd:51)
ERROR: Failed loading resource: res://.godot/imported/tripo-van.glb-7859ac52a94363c53b2dedb80248dabc.scn.
   at: _load (core/io/resource_loader.cpp:317)
   GDScript backtrace (most recent call first):
       [0] _vehicle_model_for (res://scripts/traffic/city_traffic.gd:130)
       [1] _spawn_car (res://scripts/traffic/city_traffic.gd:233)
       [2] _ready (res://scripts/traffic/city_traffic.gd:120)
       [3] _spawn_traffic (res://scripts/lower_city/lower_city.gd:187)
       [4] _ready (res://scripts/lower_city/lower_city.gd:49)
       [5] run (res://qa/td-210/capture.gd:51)
ERROR: Failed loading resource: res://models/cars/tripo/tripo-van.glb.
   at: _load (core/io/resource_loader.cpp:317)
   GDScript backtrace (most recent call first):
       [0] _vehicle_model_for (res://scripts/traffic/city_traffic.gd:130)
       [1] _spawn_car (res://scripts/traffic/city_traffic.gd:233)
       [2] _ready (res://scripts/traffic/city_traffic.gd:120)
       [3] _spawn_traffic (res://scripts/lower_city/lower_city.gd:187)
       [4] _ready (res://scripts/lower_city/lower_city.gd:49)
       [5] run (res://qa/td-210/capture.gd:51)
ERROR: res://scenes/tripo_car_van.tscn:23 - Parse Error: [ext_resource] referenced non-existent resource at: res://models/cars/tripo/tripo-van.glb.
   at: _printerr (scene/resources/resource_format_text.cpp:41)
   GDScript backtrace (most recent call first):
       [0] _vehicle_model_for (res://scripts/traffic/city_traffic.gd:130)
       [1] _spawn_car (res://scripts/traffic/city_traffic.gd:233)
       [2] _ready (res://scripts/traffic/city_traffic.gd:120)
       [3] _spawn_traffic (res://scripts/lower_city/lower_city.gd:187)
       [4] _ready (res://scripts/lower_city/lower_city.gd:49)
       [5] run (res://qa/td-210/capture.gd:51)
WARNING: Node './Body' was modified from inside an instance, but it has vanished.
     at: instantiate (scene/resources/packed_scene.cpp:312)
     GDScript backtrace (most recent call first):
         [0] _ready (res://scripts/vehicle.gd:129)
         [1] _spawn_car (res://scripts/traffic/city_traffic.gd:286)
         [2] _ready (res://scripts/traffic/city_traffic.gd:120)
         [3] _spawn_traffic (res://scripts/lower_city/lower_city.gd:187)
         [4] _ready (res://scripts/lower_city/lower_city.gd:49)
         [5] run (res://qa/td-210/capture.gd:51)
WARNING: Parent path './Body' for node 'HeadlightL' has vanished when instantiating: 'res://scenes/tripo_car_van.tscn'.
     at: instantiate (scene/resources/packed_scene.cpp:213)
     GDScript backtrace (most recent call first):
         [0] _ready (res://scripts/vehicle.gd:129)
         [1] _spawn_car (res://scripts/traffic/city_traffic.gd:286)
         [2] _ready (res://scripts/traffic/city_traffic.gd:120)
         [3] _spawn_traffic (res://scripts/lower_city/lower_city.gd:187)
         [4] _ready (res://scripts/lower_city/lower_city.gd:49)
         [5] run (res://qa/td-210/capture.gd:51)
WARNING: Parent path './Body' for node 'HeadlightR' has vanished when instantiating: 'res://scenes/tripo_car_van.tscn'.
     at: instantiate (scene/resources/packed_scene.cpp:213)
     GDScript backtrace (most recent call first):
         [0] _ready (res://scripts/vehicle.gd:129)
         [1] _spawn_car (res://scripts/traffic/city_traffic.gd:286)
         [2] _ready (res://scripts/traffic/city_traffic.gd:120)
         [3] _spawn_traffic (res://scripts/lower_city/lower_city.gd:187)
         [4] _ready (res://scripts/lower_city/lower_city.gd:49)
         [5] run (res://qa/td-210/capture.gd:51)
WARNING: TripoCarModel: Body node missing
     at: push_warning (core/variant/variant_utility.cpp:1033)
     GDScript backtrace (most recent call first):
         [0] _build_wheels (res://scripts/tripo_car_model.gd:151)
         [1] _ready (res://scripts/tripo_car_model.gd:101)
         [2] _ready (res://scripts/vehicle.gd:130)
         [3] _spawn_car (res://scripts/traffic/city_traffic.gd:286)
         [4] _ready (res://scripts/traffic/city_traffic.gd:120)
         [5] _spawn_traffic (res://scripts/lower_city/lower_city.gd:187)
         [6] _ready (res://scripts/lower_city/lower_city.gd:49)
         [7] run (res://qa/td-210/capture.gd:51)
WARNING: TripoCarModel: headlight missing: HeadlightL
     at: push_warning (core/variant/variant_utility.cpp:1033)
     GDScript backtrace (most recent call first):
         [0] _tune_headlights (res://scripts/tripo_car_model.gd:261)
         [1] _ready (res://scripts/tripo_car_model.gd:102)
         [2] _ready (res://scripts/vehicle.gd:130)
         [3] _spawn_car (res://scripts/traffic/city_traffic.gd:286)
         [4] _ready (res://scripts/traffic/city_traffic.gd:120)
         [5] _spawn_traffic (res://scripts/lower_city/lower_city.gd:187)
         [6] _ready (res://scripts/lower_city/lower_city.gd:49)
         [7] run (res://qa/td-210/capture.gd:51)
WARNING: TripoCarModel: headlight missing: HeadlightR
     at: push_warning (core/variant/variant_utility.cpp:1033)
     GDScript backtrace (most recent call first):
         [0] _tune_headlights (res://scripts/tripo_car_model.gd:261)
         [1] _ready (res://scripts/tripo_car_model.gd:102)
         [2] _ready (res://scripts/vehicle.gd:130)
         [3] _spawn_car (res://scripts/traffic/city_traffic.gd:286)
         [4] _ready (res://scripts/traffic/city_traffic.gd:120)
         [5] _spawn_traffic (res://scripts/lower_city/lower_city.gd:187)
         [6] _ready (res://scripts/lower_city/lower_city.gd:49)
         [7] run (res://qa/td-210/capture.gd:51)
ERROR: Resource file not found: res://models/cars/tripo/tripo-hatchback_hatchback_color.png (expected type: Texture2D)
   at: _load (core/io/resource_loader.cpp:325)
   GDScript backtrace (most recent call first):
       [0] _vehicle_model_for (res://scripts/traffic/city_traffic.gd:130)
       [1] _spawn_car (res://scripts/traffic/city_traffic.gd:233)
       [2] _ready (res://scripts/traffic/city_traffic.gd:120)
       [3] _spawn_traffic (res://scripts/lower_city/lower_city.gd:187)
       [4] _ready (res://scripts/lower_city/lower_city.gd:49)
       [5] run (res://qa/td-210/capture.gd:51)
ERROR: Resource file not found: res://models/cars/tripo/tripo-hatchback_hatchback_ORM.png (expected type: Texture2D)
   at: _load (core/io/resource_loader.cpp:325)
   GDScript backtrace (most recent call first):
       [0] _vehicle_model_for (res://scripts/traffic/city_traffic.gd:130)
       [1] _spawn_car (res://scripts/traffic/city_traffic.gd:233)
       [2] _ready (res://scripts/traffic/city_traffic.gd:120)
       [3] _spawn_traffic (res://scripts/lower_city/lower_city.gd:187)
       [4] _ready (res://scripts/lower_city/lower_city.gd:49)
       [5] run (res://qa/td-210/capture.gd:51)
ERROR: Resource file not found: res://models/cars/tripo/tripo-hatchback_NormalGL_190af030-f1a5-4577-aa18-bdb548fd2b9f.png (expected type: Texture2D)
   at: _load (core/io/resource_loader.cpp:325)
   GDScript backtrace (most recent call first):
       [0] _vehicle_model_for (res://scripts/traffic/city_traffic.gd:130)
       [1] _spawn_car (res://scripts/traffic/city_traffic.gd:233)
       [2] _ready (res://scripts/traffic/city_traffic.gd:120)
       [3] _spawn_traffic (res://scripts/lower_city/lower_city.gd:187)
       [4] _ready (res://scripts/lower_city/lower_city.gd:49)
       [5] run (res://qa/td-210/capture.gd:51)
ERROR: Can't load dependency: 'res://models/cars/tripo/tripo-hatchback_hatchback_color.png'.
   at: parse_variant (core/io/resource_format_binary.cpp:444)
   GDScript backtrace (most recent call first):
       [0] _vehicle_model_for (res://scripts/traffic/city_traffic.gd:130)
       [1] _spawn_car (res://scripts/traffic/city_traffic.gd:233)
       [2] _ready (res://scripts/traffic/city_traffic.gd:120)
       [3] _spawn_traffic (res://scripts/lower_city/lower_city.gd:187)
       [4] _ready (res://scripts/lower_city/lower_city.gd:49)
       [5] run (res://qa/td-210/capture.gd:51)
ERROR: Failed loading resource: res://.godot/imported/tripo-hatchback.glb-d7fdb4ad364637342a25f3c9888dd801.scn.
   at: _load (core/io/resource_loader.cpp:317)
   GDScript backtrace (most recent call first):
       [0] _vehicle_model_for (res://scripts/traffic/city_traffic.gd:130)
       [1] _spawn_car (res://scripts/traffic/city_traffic.gd:233)
       [2] _ready (res://scripts/traffic/city_traffic.gd:120)
       [3] _spawn_traffic (res://scripts/lower_city/lower_city.gd:187)
       [4] _ready (res://scripts/lower_city/lower_city.gd:49)
       [5] run (res://qa/td-210/capture.gd:51)
ERROR: Failed loading resource: res://models/cars/tripo/tripo-hatchback.glb.
   at: _load (core/io/resource_loader.cpp:317)
   GDScript backtrace (most recent call first):
       [0] _vehicle_model_for (res://scripts/traffic/city_traffic.gd:130)
       [1] _spawn_car (res://scripts/traffic/city_traffic.gd:233)
       [2] _ready (res://scripts/traffic/city_traffic.gd:120)
       [3] _spawn_traffic (res://scripts/lower_city/lower_city.gd:187)
       [4] _ready (res://scripts/lower_city/lower_city.gd:49)
       [5] run (res://qa/td-210/capture.gd:51)
ERROR: res://scenes/tripo_car_hatchback.tscn:23 - Parse Error: [ext_resource] referenced non-existent resource at: res://models/cars/tripo/tripo-hatchback.glb.
   at: _printerr (scene/resources/resource_format_text.cpp:41)
   GDScript backtrace (most recent call first):
       [0] _vehicle_model_for (res://scripts/traffic/city_traffic.gd:130)
       [1] _spawn_car (res://scripts/traffic/city_traffic.gd:233)
       [2] _ready (res://scripts/traffic/city_traffic.gd:120)
       [3] _spawn_traffic (res://scripts/lower_city/lower_city.gd:187)
       [4] _ready (res://scripts/lower_city/lower_city.gd:49)
       [5] run (res://qa/td-210/capture.gd:51)
WARNING: Node './Body' was modified from inside an instance, but it has vanished.
     at: instantiate (scene/resources/packed_scene.cpp:312)
     GDScript backtrace (most recent call first):
         [0] _ready (res://scripts/vehicle.gd:129)
         [1] _spawn_car (res://scripts/traffic/city_traffic.gd:286)
         [2] _ready (res://scripts/traffic/city_traffic.gd:120)
         [3] _spawn_traffic (res://scripts/lower_city/lower_city.gd:187)
         [4] _ready (res://scripts/lower_city/lower_city.gd:49)
         [5] run (res://qa/td-210/capture.gd:51)
WARNING: Parent path './Body' for node 'HeadlightL' has vanished when instantiating: 'res://scenes/tripo_car_hatchback.tscn'.
     at: instantiate (scene/resources/packed_scene.cpp:213)
     GDScript backtrace (most recent call first):
         [0] _ready (res://scripts/vehicle.gd:129)
         [1] _spawn_car (res://scripts/traffic/city_traffic.gd:286)
         [2] _ready (res://scripts/traffic/city_traffic.gd:120)
         [3] _spawn_traffic (res://scripts/lower_city/lower_city.gd:187)
         [4] _ready (res://scripts/lower_city/lower_city.gd:49)
         [5] run (res://qa/td-210/capture.gd:51)
WARNING: Parent path './Body' for node 'HeadlightR' has vanished when instantiating: 'res://scenes/tripo_car_hatchback.tscn'.
     at: instantiate (scene/resources/packed_scene.cpp:213)
     GDScript backtrace (most recent call first):
         [0] _ready (res://scripts/vehicle.gd:129)
         [1] _spawn_car (res://scripts/traffic/city_traffic.gd:286)
         [2] _ready (res://scripts/traffic/city_traffic.gd:120)
         [3] _spawn_traffic (res://scripts/lower_city/lower_city.gd:187)
         [4] _ready (res://scripts/lower_city/lower_city.gd:49)
         [5] run (res://qa/td-210/capture.gd:51)
WARNING: TripoCarModel: Body node missing
     at: push_warning (core/variant/variant_utility.cpp:1033)
     GDScript backtrace (most recent call first):
         [0] _build_wheels (res://scripts/tripo_car_model.gd:151)
         [1] _ready (res://scripts/tripo_car_model.gd:101)
         [2] _ready (res://scripts/vehicle.gd:130)
         [3] _spawn_car (res://scripts/traffic/city_traffic.gd:286)
         [4] _ready (res://scripts/traffic/city_traffic.gd:120)
         [5] _spawn_traffic (res://scripts/lower_city/lower_city.gd:187)
         [6] _ready (res://scripts/lower_city/lower_city.gd:49)
         [7] run (res://qa/td-210/capture.gd:51)
WARNING: TripoCarModel: headlight missing: HeadlightL
     at: push_warning (core/variant/variant_utility.cpp:1033)
     GDScript backtrace (most recent call first):
         [0] _tune_headlights (res://scripts/tripo_car_model.gd:261)
         [1] _ready (res://scripts/tripo_car_model.gd:102)
         [2] _ready (res://scripts/vehicle.gd:130)
         [3] _spawn_car (res://scripts/traffic/city_traffic.gd:286)
         [4] _ready (res://scripts/traffic/city_traffic.gd:120)
         [5] _spawn_traffic (res://scripts/lower_city/lower_city.gd:187)
         [6] _ready (res://scripts/lower_city/lower_city.gd:49)
         [7] run (res://qa/td-210/capture.gd:51)
WARNING: TripoCarModel: headlight missing: HeadlightR
     at: push_warning (core/variant/variant_utility.cpp:1033)
     GDScript backtrace (most recent call first):
         [0] _tune_headlights (res://scripts/tripo_car_model.gd:261)
         [1] _ready (res://scripts/tripo_car_model.gd:102)
         [2] _ready (res://scripts/vehicle.gd:130)
         [3] _spawn_car (res://scripts/traffic/city_traffic.gd:286)
         [4] _ready (res://scripts/traffic/city_traffic.gd:120)
         [5] _spawn_traffic (res://scripts/lower_city/lower_city.gd:187)
         [6] _ready (res://scripts/lower_city/lower_city.gd:49)
         [7] run (res://qa/td-210/capture.gd:51)
ERROR: Resource file not found: res://models/cars/tripo/tripo-keicar_keicar_color.png (expected type: Texture2D)
   at: _load (core/io/resource_loader.cpp:325)
   GDScript backtrace (most recent call first):
       [0] _vehicle_model_for (res://scripts/traffic/city_traffic.gd:130)
       [1] _spawn_car (res://scripts/traffic/city_traffic.gd:233)
       [2] _ready (res://scripts/traffic/city_traffic.gd:120)
       [3] _spawn_traffic (res://scripts/lower_city/lower_city.gd:187)
       [4] _ready (res://scripts/lower_city/lower_city.gd:49)
       [5] run (res://qa/td-210/capture.gd:51)
ERROR: Resource file not found: res://models/cars/tripo/tripo-keicar_ORM_aa29fc0d-386a-465e-a1ea-41fe2438b1fc.png (expected type: Texture2D)
   at: _load (core/io/resource_loader.cpp:325)
   GDScript backtrace (most recent call first):
       [0] _vehicle_model_for (res://scripts/traffic/city_traffic.gd:130)
       [1] _spawn_car (res://scripts/traffic/city_traffic.gd:233)
       [2] _ready (res://scripts/traffic/city_traffic.gd:120)
       [3] _spawn_traffic (res://scripts/lower_city/lower_city.gd:187)
       [4] _ready (res://scripts/lower_city/lower_city.gd:49)
       [5] run (res://qa/td-210/capture.gd:51)
ERROR: Resource file not found: res://models/cars/tripo/tripo-keicar_NormalGL_aa29fc0d-386a-465e-a1ea-41fe2438b1fc.png (expected type: Texture2D)
   at: _load (core/io/resource_loader.cpp:325)
   GDScript backtrace (most recent call first):
       [0] _vehicle_model_for (res://scripts/traffic/city_traffic.gd:130)
       [1] _spawn_car (res://scripts/traffic/city_traffic.gd:233)
       [2] _ready (res://scripts/traffic/city_traffic.gd:120)
       [3] _spawn_traffic (res://scripts/lower_city/lower_city.gd:187)
       [4] _ready (res://scripts/lower_city/lower_city.gd:49)
       [5] run (res://qa/td-210/capture.gd:51)
ERROR: Can't load dependency: 'res://models/cars/tripo/tripo-keicar_keicar_color.png'.
   at: parse_variant (core/io/resource_format_binary.cpp:444)
   GDScript backtrace (most recent call first):
       [0] _vehicle_model_for (res://scripts/traffic/city_traffic.gd:130)
       [1] _spawn_car (res://scripts/traffic/city_traffic.gd:233)
       [2] _ready (res://scripts/traffic/city_traffic.gd:120)
       [3] _spawn_traffic (res://scripts/lower_city/lower_city.gd:187)
       [4] _ready (res://scripts/lower_city/lower_city.gd:49)
       [5] run (res://qa/td-210/capture.gd:51)
ERROR: Failed loading resource: res://.godot/imported/tripo-keicar.glb-a497e30a894c7f49b4cb80ab768b5cfb.scn.
   at: _load (core/io/resource_loader.cpp:317)
   GDScript backtrace (most recent call first):
       [0] _vehicle_model_for (res://scripts/traffic/city_traffic.gd:130)
       [1] _spawn_car (res://scripts/traffic/city_traffic.gd:233)
       [2] _ready (res://scripts/traffic/city_traffic.gd:120)
       [3] _spawn_traffic (res://scripts/lower_city/lower_city.gd:187)
       [4] _ready (res://scripts/lower_city/lower_city.gd:49)
       [5] run (res://qa/td-210/capture.gd:51)
ERROR: Failed loading resource: res://models/cars/tripo/tripo-keicar.glb.
   at: _load (core/io/resource_loader.cpp:317)
   GDScript backtrace (most recent call first):
       [0] _vehicle_model_for (res://scripts/traffic/city_traffic.gd:130)
       [1] _spawn_car (res://scripts/traffic/city_traffic.gd:233)
       [2] _ready (res://scripts/traffic/city_traffic.gd:120)
       [3] _spawn_traffic (res://scripts/lower_city/lower_city.gd:187)
       [4] _ready (res://scripts/lower_city/lower_city.gd:49)
       [5] run (res://qa/td-210/capture.gd:51)
ERROR: res://scenes/tripo_car_keicar.tscn:23 - Parse Error: [ext_resource] referenced non-existent resource at: res://models/cars/tripo/tripo-keicar.glb.
   at: _printerr (scene/resources/resource_format_text.cpp:41)
   GDScript backtrace (most recent call first):
       [0] _vehicle_model_for (res://scripts/traffic/city_traffic.gd:130)
       [1] _spawn_car (res://scripts/traffic/city_traffic.gd:233)
       [2] _ready (res://scripts/traffic/city_traffic.gd:120)
       [3] _spawn_traffic (res://scripts/lower_city/lower_city.gd:187)
       [4] _ready (res://scripts/lower_city/lower_city.gd:49)
       [5] run (res://qa/td-210/capture.gd:51)
WARNING: Node './Body' was modified from inside an instance, but it has vanished.
     at: instantiate (scene/resources/packed_scene.cpp:312)
     GDScript backtrace (most recent call first):
         [0] _ready (res://scripts/vehicle.gd:129)
         [1] _spawn_car (res://scripts/traffic/city_traffic.gd:286)
         [2] _ready (res://scripts/traffic/city_traffic.gd:120)
         [3] _spawn_traffic (res://scripts/lower_city/lower_city.gd:187)
         [4] _ready (res://scripts/lower_city/lower_city.gd:49)
         [5] run (res://qa/td-210/capture.gd:51)
WARNING: Parent path './Body' for node 'HeadlightL' has vanished when instantiating: 'res://scenes/tripo_car_keicar.tscn'.
     at: instantiate (scene/resources/packed_scene.cpp:213)
     GDScript backtrace (most recent call first):
         [0] _ready (res://scripts/vehicle.gd:129)
         [1] _spawn_car (res://scripts/traffic/city_traffic.gd:286)
         [2] _ready (res://scripts/traffic/city_traffic.gd:120)
         [3] _spawn_traffic (res://scripts/lower_city/lower_city.gd:187)
         [4] _ready (res://scripts/lower_city/lower_city.gd:49)
         [5] run (res://qa/td-210/capture.gd:51)
WARNING: Parent path './Body' for node 'HeadlightR' has vanished when instantiating: 'res://scenes/tripo_car_keicar.tscn'.
     at: instantiate (scene/resources/packed_scene.cpp:213)
     GDScript backtrace (most recent call first):
         [0] _ready (res://scripts/vehicle.gd:129)
         [1] _spawn_car (res://scripts/traffic/city_traffic.gd:286)
         [2] _ready (res://scripts/traffic/city_traffic.gd:120)
         [3] _spawn_traffic (res://scripts/lower_city/lower_city.gd:187)
         [4] _ready (res://scripts/lower_city/lower_city.gd:49)
         [5] run (res://qa/td-210/capture.gd:51)
WARNING: TripoCarModel: Body node missing
     at: push_warning (core/variant/variant_utility.cpp:1033)
     GDScript backtrace (most recent call first):
         [0] _build_wheels (res://scripts/tripo_car_model.gd:151)
         [1] _ready (res://scripts/tripo_car_model.gd:101)
         [2] _ready (res://scripts/vehicle.gd:130)
         [3] _spawn_car (res://scripts/traffic/city_traffic.gd:286)
         [4] _ready (res://scripts/traffic/city_traffic.gd:120)
         [5] _spawn_traffic (res://scripts/lower_city/lower_city.gd:187)
         [6] _ready (res://scripts/lower_city/lower_city.gd:49)
         [7] run (res://qa/td-210/capture.gd:51)
WARNING: TripoCarModel: headlight missing: HeadlightL
     at: push_warning (core/variant/variant_utility.cpp:1033)
     GDScript backtrace (most recent call first):
         [0] _tune_headlights (res://scripts/tripo_car_model.gd:261)
         [1] _ready (res://scripts/tripo_car_model.gd:102)
         [2] _ready (res://scripts/vehicle.gd:130)
         [3] _spawn_car (res://scripts/traffic/city_traffic.gd:286)
         [4] _ready (res://scripts/traffic/city_traffic.gd:120)
         [5] _spawn_traffic (res://scripts/lower_city/lower_city.gd:187)
         [6] _ready (res://scripts/lower_city/lower_city.gd:49)
         [7] run (res://qa/td-210/capture.gd:51)
WARNING: TripoCarModel: headlight missing: HeadlightR
     at: push_warning (core/variant/variant_utility.cpp:1033)
     GDScript backtrace (most recent call first):
         [0] _tune_headlights (res://scripts/tripo_car_model.gd:261)
         [1] _ready (res://scripts/tripo_car_model.gd:102)
         [2] _ready (res://scripts/vehicle.gd:130)
         [3] _spawn_car (res://scripts/traffic/city_traffic.gd:286)
         [4] _ready (res://scripts/traffic/city_traffic.gd:120)
         [5] _spawn_traffic (res://scripts/lower_city/lower_city.gd:187)
         [6] _ready (res://scripts/lower_city/lower_city.gd:49)
         [7] run (res://qa/td-210/capture.gd:51)
ERROR: Resource file not found: res://models/cars/tripo/tripo-luxury_luxury_color.png (expected type: Texture2D)
   at: _load (core/io/resource_loader.cpp:325)
   GDScript backtrace (most recent call first):
       [0] _vehicle_model_for (res://scripts/traffic/city_traffic.gd:130)
       [1] _spawn_car (res://scripts/traffic/city_traffic.gd:233)
       [2] _ready (res://scripts/traffic/city_traffic.gd:120)
       [3] _spawn_traffic (res://scripts/lower_city/lower_city.gd:187)
       [4] _ready (res://scripts/lower_city/lower_city.gd:49)
       [5] run (res://qa/td-210/capture.gd:51)
ERROR: Resource file not found: res://models/cars/tripo/tripo-luxury_ORM_8081eb70-41e0-4708-8b82-608dbd0cb818.png (expected type: Texture2D)
   at: _load (core/io/resource_loader.cpp:325)
   GDScript backtrace (most recent call first):
       [0] _vehicle_model_for (res://scripts/traffic/city_traffic.gd:130)
       [1] _spawn_car (res://scripts/traffic/city_traffic.gd:233)
       [2] _ready (res://scripts/traffic/city_traffic.gd:120)
       [3] _spawn_traffic (res://scripts/lower_city/lower_city.gd:187)
       [4] _ready (res://scripts/lower_city/lower_city.gd:49)
       [5] run (res://qa/td-210/capture.gd:51)
ERROR: Resource file not found: res://models/cars/tripo/tripo-luxury_NormalGL_8081eb70-41e0-4708-8b82-608dbd0cb818.png (expected type: Texture2D)
   at: _load (core/io/resource_loader.cpp:325)
   GDScript backtrace (most recent call first):
       [0] _vehicle_model_for (res://scripts/traffic/city_traffic.gd:130)
       [1] _spawn_car (res://scripts/traffic/city_traffic.gd:233)
       [2] _ready (res://scripts/traffic/city_traffic.gd:120)
       [3] _spawn_traffic (res://scripts/lower_city/lower_city.gd:187)
       [4] _ready (res://scripts/lower_city/lower_city.gd:49)
       [5] run (res://qa/td-210/capture.gd:51)
ERROR: Can't load dependency: 'res://models/cars/tripo/tripo-luxury_luxury_color.png'.
   at: parse_variant (core/io/resource_format_binary.cpp:444)
   GDScript backtrace (most recent call first):
       [0] _vehicle_model_for (res://scripts/traffic/city_traffic.gd:130)
       [1] _spawn_car (res://scripts/traffic/city_traffic.gd:233)
       [2] _ready (res://scripts/traffic/city_traffic.gd:120)
       [3] _spawn_traffic (res://scripts/lower_city/lower_city.gd:187)
       [4] _ready (res://scripts/lower_city/lower_city.gd:49)
       [5] run (res://qa/td-210/capture.gd:51)
ERROR: Failed loading resource: res://.godot/imported/tripo-luxury.glb-18819a52447ee4d2da6828e32371d6f1.scn.
   at: _load (core/io/resource_loader.cpp:317)
   GDScript backtrace (most recent call first):
       [0] _vehicle_model_for (res://scripts/traffic/city_traffic.gd:130)
       [1] _spawn_car (res://scripts/traffic/city_traffic.gd:233)
       [2] _ready (res://scripts/traffic/city_traffic.gd:120)
       [3] _spawn_traffic (res://scripts/lower_city/lower_city.gd:187)
       [4] _ready (res://scripts/lower_city/lower_city.gd:49)
       [5] run (res://qa/td-210/capture.gd:51)
ERROR: Failed loading resource: res://models/cars/tripo/tripo-luxury.glb.
   at: _load (core/io/resource_loader.cpp:317)
   GDScript backtrace (most recent call first):
       [0] _vehicle_model_for (res://scripts/traffic/city_traffic.gd:130)
       [1] _spawn_car (res://scripts/traffic/city_traffic.gd:233)
       [2] _ready (res://scripts/traffic/city_traffic.gd:120)
       [3] _spawn_traffic (res://scripts/lower_city/lower_city.gd:187)
       [4] _ready (res://scripts/lower_city/lower_city.gd:49)
       [5] run (res://qa/td-210/capture.gd:51)
ERROR: res://scenes/tripo_car_luxury.tscn:23 - Parse Error: [ext_resource] referenced non-existent resource at: res://models/cars/tripo/tripo-luxury.glb.
   at: _printerr (scene/resources/resource_format_text.cpp:41)
   GDScript backtrace (most recent call first):
       [0] _vehicle_model_for (res://scripts/traffic/city_traffic.gd:130)
       [1] _spawn_car (res://scripts/traffic/city_traffic.gd:233)
       [2] _ready (res://scripts/traffic/city_traffic.gd:120)
       [3] _spawn_traffic (res://scripts/lower_city/lower_city.gd:187)
       [4] _ready (res://scripts/lower_city/lower_city.gd:49)
       [5] run (res://qa/td-210/capture.gd:51)
WARNING: Node './Body' was modified from inside an instance, but it has vanished.
     at: instantiate (scene/resources/packed_scene.cpp:312)
     GDScript backtrace (most recent call first):
         [0] _ready (res://scripts/vehicle.gd:129)
         [1] _spawn_car (res://scripts/traffic/city_traffic.gd:286)
         [2] _ready (res://scripts/traffic/city_traffic.gd:120)
         [3] _spawn_traffic (res://scripts/lower_city/lower_city.gd:187)
         [4] _ready (res://scripts/lower_city/lower_city.gd:49)
         [5] run (res://qa/td-210/capture.gd:51)
WARNING: Parent path './Body' for node 'HeadlightL' has vanished when instantiating: 'res://scenes/tripo_car_luxury.tscn'.
     at: instantiate (scene/resources/packed_scene.cpp:213)
     GDScript backtrace (most recent call first):
         [0] _ready (res://scripts/vehicle.gd:129)
         [1] _spawn_car (res://scripts/traffic/city_traffic.gd:286)
         [2] _ready (res://scripts/traffic/city_traffic.gd:120)
         [3] _spawn_traffic (res://scripts/lower_city/lower_city.gd:187)
         [4] _ready (res://scripts/lower_city/lower_city.gd:49)
         [5] run (res://qa/td-210/capture.gd:51)
WARNING: Parent path './Body' for node 'HeadlightR' has vanished when instantiating: 'res://scenes/tripo_car_luxury.tscn'.
     at: instantiate (scene/resources/packed_scene.cpp:213)
     GDScript backtrace (most recent call first):
         [0] _ready (res://scripts/vehicle.gd:129)
         [1] _spawn_car (res://scripts/traffic/city_traffic.gd:286)
         [2] _ready (res://scripts/traffic/city_traffic.gd:120)
         [3] _spawn_traffic (res://scripts/lower_city/lower_city.gd:187)
         [4] _ready (res://scripts/lower_city/lower_city.gd:49)
         [5] run (res://qa/td-210/capture.gd:51)
WARNING: TripoCarModel: Body node missing
     at: push_warning (core/variant/variant_utility.cpp:1033)
     GDScript backtrace (most recent call first):
         [0] _build_wheels (res://scripts/tripo_car_model.gd:151)
         [1] _ready (res://scripts/tripo_car_model.gd:101)
         [2] _ready (res://scripts/vehicle.gd:130)
         [3] _spawn_car (res://scripts/traffic/city_traffic.gd:286)
         [4] _ready (res://scripts/traffic/city_traffic.gd:120)
         [5] _spawn_traffic (res://scripts/lower_city/lower_city.gd:187)
         [6] _ready (res://scripts/lower_city/lower_city.gd:49)
         [7] run (res://qa/td-210/capture.gd:51)
WARNING: TripoCarModel: headlight missing: HeadlightL
     at: push_warning (core/variant/variant_utility.cpp:1033)
     GDScript backtrace (most recent call first):
         [0] _tune_headlights (res://scripts/tripo_car_model.gd:261)
         [1] _ready (res://scripts/tripo_car_model.gd:102)
         [2] _ready (res://scripts/vehicle.gd:130)
         [3] _spawn_car (res://scripts/traffic/city_traffic.gd:286)
         [4] _ready (res://scripts/traffic/city_traffic.gd:120)
         [5] _spawn_traffic (res://scripts/lower_city/lower_city.gd:187)
         [6] _ready (res://scripts/lower_city/lower_city.gd:49)
         [7] run (res://qa/td-210/capture.gd:51)
WARNING: TripoCarModel: headlight missing: HeadlightR
     at: push_warning (core/variant/variant_utility.cpp:1033)
     GDScript backtrace (most recent call first):
         [0] _tune_headlights (res://scripts/tripo_car_model.gd:261)
         [1] _ready (res://scripts/tripo_car_model.gd:102)
         [2] _ready (res://scripts/vehicle.gd:130)
         [3] _spawn_car (res://scripts/traffic/city_traffic.gd:286)
         [4] _ready (res://scripts/traffic/city_traffic.gd:120)
         [5] _spawn_traffic (res://scripts/lower_city/lower_city.gd:187)
         [6] _ready (res://scripts/lower_city/lower_city.gd:49)
         [7] run (res://qa/td-210/capture.gd:51)
ERROR: Resource file not found: res://models/cars/tripo/tripo-minivan_minivan_color.png (expected type: Texture2D)
   at: _load (core/io/resource_loader.cpp:325)
   GDScript backtrace (most recent call first):
       [0] _vehicle_model_for (res://scripts/traffic/city_traffic.gd:130)
       [1] _spawn_car (res://scripts/traffic/city_traffic.gd:233)
       [2] _ready (res://scripts/traffic/city_traffic.gd:120)
       [3] _spawn_traffic (res://scripts/lower_city/lower_city.gd:187)
       [4] _ready (res://scripts/lower_city/lower_city.gd:49)
       [5] run (res://qa/td-210/capture.gd:51)
ERROR: Resource file not found: res://models/cars/tripo/tripo-minivan_ORM_21d1fd92-ea32-44f3-b0b3-e84a6de25181.png (expected type: Texture2D)
   at: _load (core/io/resource_loader.cpp:325)
   GDScript backtrace (most recent call first):
       [0] _vehicle_model_for (res://scripts/traffic/city_traffic.gd:130)
       [1] _spawn_car (res://scripts/traffic/city_traffic.gd:233)
       [2] _ready (res://scripts/traffic/city_traffic.gd:120)
       [3] _spawn_traffic (res://scripts/lower_city/lower_city.gd:187)
       [4] _ready (res://scripts/lower_city/lower_city.gd:49)
       [5] run (res://qa/td-210/capture.gd:51)
ERROR: Resource file not found: res://models/cars/tripo/tripo-minivan_NormalGL_21d1fd92-ea32-44f3-b0b3-e84a6de25181.png (expected type: Texture2D)
   at: _load (core/io/resource_loader.cpp:325)
   GDScript backtrace (most recent call first):
       [0] _vehicle_model_for (res://scripts/traffic/city_traffic.gd:130)
       [1] _spawn_car (res://scripts/traffic/city_traffic.gd:233)
       [2] _ready (res://scripts/traffic/city_traffic.gd:120)
       [3] _spawn_traffic (res://scripts/lower_city/lower_city.gd:187)
       [4] _ready (res://scripts/lower_city/lower_city.gd:49)
       [5] run (res://qa/td-210/capture.gd:51)
ERROR: Can't load dependency: 'res://models/cars/tripo/tripo-minivan_minivan_color.png'.
   at: parse_variant (core/io/resource_format_binary.cpp:444)
   GDScript backtrace (most recent call first):
       [0] _vehicle_model_for (res://scripts/traffic/city_traffic.gd:130)
       [1] _spawn_car (res://scripts/traffic/city_traffic.gd:233)
       [2] _ready (res://scripts/traffic/city_traffic.gd:120)
       [3] _spawn_traffic (res://scripts/lower_city/lower_city.gd:187)
       [4] _ready (res://scripts/lower_city/lower_city.gd:49)
       [5] run (res://qa/td-210/capture.gd:51)
ERROR: Failed loading resource: res://.godot/imported/tripo-minivan.glb-980122419048dfd62913fc28645293a9.scn.
   at: _load (core/io/resource_loader.cpp:317)
   GDScript backtrace (most recent call first):
       [0] _vehicle_model_for (res://scripts/traffic/city_traffic.gd:130)
       [1] _spawn_car (res://scripts/traffic/city_traffic.gd:233)
       [2] _ready (res://scripts/traffic/city_traffic.gd:120)
       [3] _spawn_traffic (res://scripts/lower_city/lower_city.gd:187)
       [4] _ready (res://scripts/lower_city/lower_city.gd:49)
       [5] run (res://qa/td-210/capture.gd:51)
ERROR: Failed loading resource: res://models/cars/tripo/tripo-minivan.glb.
   at: _load (core/io/resource_loader.cpp:317)
   GDScript backtrace (most recent call first):
       [0] _vehicle_model_for (res://scripts/traffic/city_traffic.gd:130)
       [1] _spawn_car (res://scripts/traffic/city_traffic.gd:233)
       [2] _ready (res://scripts/traffic/city_traffic.gd:120)
       [3] _spawn_traffic (res://scripts/lower_city/lower_city.gd:187)
       [4] _ready (res://scripts/lower_city/lower_city.gd:49)
       [5] run (res://qa/td-210/capture.gd:51)
ERROR: res://scenes/tripo_car_minivan.tscn:23 - Parse Error: [ext_resource] referenced non-existent resource at: res://models/cars/tripo/tripo-minivan.glb.
   at: _printerr (scene/resources/resource_format_text.cpp:41)
   GDScript backtrace (most recent call first):
       [0] _vehicle_model_for (res://scripts/traffic/city_traffic.gd:130)
       [1] _spawn_car (res://scripts/traffic/city_traffic.gd:233)
       [2] _ready (res://scripts/traffic/city_traffic.gd:120)
       [3] _spawn_traffic (res://scripts/lower_city/lower_city.gd:187)
       [4] _ready (res://scripts/lower_city/lower_city.gd:49)
       [5] run (res://qa/td-210/capture.gd:51)
WARNING: Node './Body' was modified from inside an instance, but it has vanished.
     at: instantiate (scene/resources/packed_scene.cpp:312)
     GDScript backtrace (most recent call first):
         [0] _ready (res://scripts/vehicle.gd:129)
         [1] _spawn_car (res://scripts/traffic/city_traffic.gd:286)
         [2] _ready (res://scripts/traffic/city_traffic.gd:120)
         [3] _spawn_traffic (res://scripts/lower_city/lower_city.gd:187)
         [4] _ready (res://scripts/lower_city/lower_city.gd:49)
         [5] run (res://qa/td-210/capture.gd:51)
WARNING: Parent path './Body' for node 'HeadlightL' has vanished when instantiating: 'res://scenes/tripo_car_minivan.tscn'.
     at: instantiate (scene/resources/packed_scene.cpp:213)
     GDScript backtrace (most recent call first):
         [0] _ready (res://scripts/vehicle.gd:129)
         [1] _spawn_car (res://scripts/traffic/city_traffic.gd:286)
         [2] _ready (res://scripts/traffic/city_traffic.gd:120)
         [3] _spawn_traffic (res://scripts/lower_city/lower_city.gd:187)
         [4] _ready (res://scripts/lower_city/lower_city.gd:49)
         [5] run (res://qa/td-210/capture.gd:51)
WARNING: Parent path './Body' for node 'HeadlightR' has vanished when instantiating: 'res://scenes/tripo_car_minivan.tscn'.
     at: instantiate (scene/resources/packed_scene.cpp:213)
     GDScript backtrace (most recent call first):
         [0] _ready (res://scripts/vehicle.gd:129)
         [1] _spawn_car (res://scripts/traffic/city_traffic.gd:286)
         [2] _ready (res://scripts/traffic/city_traffic.gd:120)
         [3] _spawn_traffic (res://scripts/lower_city/lower_city.gd:187)
         [4] _ready (res://scripts/lower_city/lower_city.gd:49)
         [5] run (res://qa/td-210/capture.gd:51)
WARNING: TripoCarModel: Body node missing
     at: push_warning (core/variant/variant_utility.cpp:1033)
     GDScript backtrace (most recent call first):
         [0] _build_wheels (res://scripts/tripo_car_model.gd:151)
         [1] _ready (res://scripts/tripo_car_model.gd:101)
         [2] _ready (res://scripts/vehicle.gd:130)
         [3] _spawn_car (res://scripts/traffic/city_traffic.gd:286)
         [4] _ready (res://scripts/traffic/city_traffic.gd:120)
         [5] _spawn_traffic (res://scripts/lower_city/lower_city.gd:187)
         [6] _ready (res://scripts/lower_city/lower_city.gd:49)
         [7] run (res://qa/td-210/capture.gd:51)
WARNING: TripoCarModel: headlight missing: HeadlightL
     at: push_warning (core/variant/variant_utility.cpp:1033)
     GDScript backtrace (most recent call first):
         [0] _tune_headlights (res://scripts/tripo_car_model.gd:261)
         [1] _ready (res://scripts/tripo_car_model.gd:102)
         [2] _ready (res://scripts/vehicle.gd:130)
         [3] _spawn_car (res://scripts/traffic/city_traffic.gd:286)
         [4] _ready (res://scripts/traffic/city_traffic.gd:120)
         [5] _spawn_traffic (res://scripts/lower_city/lower_city.gd:187)
         [6] _ready (res://scripts/lower_city/lower_city.gd:49)
         [7] run (res://qa/td-210/capture.gd:51)
WARNING: TripoCarModel: headlight missing: HeadlightR
     at: push_warning (core/variant/variant_utility.cpp:1033)
     GDScript backtrace (most recent call first):
         [0] _tune_headlights (res://scripts/tripo_car_model.gd:261)
         [1] _ready (res://scripts/tripo_car_model.gd:102)
         [2] _ready (res://scripts/vehicle.gd:130)
         [3] _spawn_car (res://scripts/traffic/city_traffic.gd:286)
         [4] _ready (res://scripts/traffic/city_traffic.gd:120)
         [5] _spawn_traffic (res://scripts/lower_city/lower_city.gd:187)
         [6] _ready (res://scripts/lower_city/lower_city.gd:49)
         [7] run (res://qa/td-210/capture.gd:51)
ERROR: Resource file not found: res://models/cars/tripo/tripo-pickup_pickup_color.png (expected type: Texture2D)
   at: _load (core/io/resource_loader.cpp:325)
   GDScript backtrace (most recent call first):
       [0] _vehicle_model_for (res://scripts/traffic/city_traffic.gd:130)
       [1] _spawn_car (res://scripts/traffic/city_traffic.gd:233)
       [2] _ready (res://scripts/traffic/city_traffic.gd:120)
       [3] _spawn_traffic (res://scripts/lower_city/lower_city.gd:187)
       [4] _ready (res://scripts/lower_city/lower_city.gd:49)
       [5] run (res://qa/td-210/capture.gd:51)
ERROR: Resource file not found: res://models/cars/tripo/tripo-pickup_ORM_82253d55-4db0-4511-aab5-aec6c1f7fad9.png (expected type: Texture2D)
   at: _load (core/io/resource_loader.cpp:325)
   GDScript backtrace (most recent call first):
       [0] _vehicle_model_for (res://scripts/traffic/city_traffic.gd:130)
       [1] _spawn_car (res://scripts/traffic/city_traffic.gd:233)
       [2] _ready (res://scripts/traffic/city_traffic.gd:120)
       [3] _spawn_traffic (res://scripts/lower_city/lower_city.gd:187)
       [4] _ready (res://scripts/lower_city/lower_city.gd:49)
       [5] run (res://qa/td-210/capture.gd:51)
ERROR: Resource file not found: res://models/cars/tripo/tripo-pickup_NormalGL_82253d55-4db0-4511-aab5-aec6c1f7fad9.png (expected type: Texture2D)
   at: _load (core/io/resource_loader.cpp:325)
   GDScript backtrace (most recent call first):
       [0] _vehicle_model_for (res://scripts/traffic/city_traffic.gd:130)
       [1] _spawn_car (res://scripts/traffic/city_traffic.gd:233)
       [2] _ready (res://scripts/traffic/city_traffic.gd:120)
       [3] _spawn_traffic (res://scripts/lower_city/lower_city.gd:187)
       [4] _ready (res://scripts/lower_city/lower_city.gd:49)
       [5] run (res://qa/td-210/capture.gd:51)
ERROR: Can't load dependency: 'res://models/cars/tripo/tripo-pickup_pickup_color.png'.
   at: parse_variant (core/io/resource_format_binary.cpp:444)
   GDScript backtrace (most recent call first):
       [0] _vehicle_model_for (res://scripts/traffic/city_traffic.gd:130)
       [1] _spawn_car (res://scripts/traffic/city_traffic.gd:233)
       [2] _ready (res://scripts/traffic/city_traffic.gd:120)
       [3] _spawn_traffic (res://scripts/lower_city/lower_city.gd:187)
       [4] _ready (res://scripts/lower_city/lower_city.gd:49)
       [5] run (res://qa/td-210/capture.gd:51)
ERROR: Failed loading resource: res://.godot/imported/tripo-pickup.glb-3766181bb6eccbfcc4b1a78fc0f1a5e8.scn.
   at: _load (core/io/resource_loader.cpp:317)
   GDScript backtrace (most recent call first):
       [0] _vehicle_model_for (res://scripts/traffic/city_traffic.gd:130)
       [1] _spawn_car (res://scripts/traffic/city_traffic.gd:233)
       [2] _ready (res://scripts/traffic/city_traffic.gd:120)
       [3] _spawn_traffic (res://scripts/lower_city/lower_city.gd:187)
       [4] _ready (res://scripts/lower_city/lower_city.gd:49)
       [5] run (res://qa/td-210/capture.gd:51)
ERROR: Failed loading resource: res://models/cars/tripo/tripo-pickup.glb.
   at: _load (core/io/resource_loader.cpp:317)
   GDScript backtrace (most recent call first):
       [0] _vehicle_model_for (res://scripts/traffic/city_traffic.gd:130)
       [1] _spawn_car (res://scripts/traffic/city_traffic.gd:233)
       [2] _ready (res://scripts/traffic/city_traffic.gd:120)
       [3] _spawn_traffic (res://scripts/lower_city/lower_city.gd:187)
       [4] _ready (res://scripts/lower_city/lower_city.gd:49)
       [5] run (res://qa/td-210/capture.gd:51)
ERROR: res://scenes/tripo_car_pickup.tscn:23 - Parse Error: [ext_resource] referenced non-existent resource at: res://models/cars/tripo/tripo-pickup.glb.
   at: _printerr (scene/resources/resource_format_text.cpp:41)
   GDScript backtrace (most recent call first):
       [0] _vehicle_model_for (res://scripts/traffic/city_traffic.gd:130)
       [1] _spawn_car (res://scripts/traffic/city_traffic.gd:233)
       [2] _ready (res://scripts/traffic/city_traffic.gd:120)
       [3] _spawn_traffic (res://scripts/lower_city/lower_city.gd:187)
       [4] _ready (res://scripts/lower_city/lower_city.gd:49)
       [5] run (res://qa/td-210/capture.gd:51)
WARNING: Node './Body' was modified from inside an instance, but it has vanished.
     at: instantiate (scene/resources/packed_scene.cpp:312)
     GDScript backtrace (most recent call first):
         [0] _ready (res://scripts/vehicle.gd:129)
         [1] _spawn_car (res://scripts/traffic/city_traffic.gd:286)
         [2] _ready (res://scripts/traffic/city_traffic.gd:120)
         [3] _spawn_traffic (res://scripts/lower_city/lower_city.gd:187)
         [4] _ready (res://scripts/lower_city/lower_city.gd:49)
         [5] run (res://qa/td-210/capture.gd:51)
WARNING: Parent path './Body' for node 'HeadlightL' has vanished when instantiating: 'res://scenes/tripo_car_pickup.tscn'.
     at: instantiate (scene/resources/packed_scene.cpp:213)
     GDScript backtrace (most recent call first):
         [0] _ready (res://scripts/vehicle.gd:129)
         [1] _spawn_car (res://scripts/traffic/city_traffic.gd:286)
         [2] _ready (res://scripts/traffic/city_traffic.gd:120)
         [3] _spawn_traffic (res://scripts/lower_city/lower_city.gd:187)
         [4] _ready (res://scripts/lower_city/lower_city.gd:49)
         [5] run (res://qa/td-210/capture.gd:51)
WARNING: Parent path './Body' for node 'HeadlightR' has vanished when instantiating: 'res://scenes/tripo_car_pickup.tscn'.
     at: instantiate (scene/resources/packed_scene.cpp:213)
     GDScript backtrace (most recent call first):
         [0] _ready (res://scripts/vehicle.gd:129)
         [1] _spawn_car (res://scripts/traffic/city_traffic.gd:286)
         [2] _ready (res://scripts/traffic/city_traffic.gd:120)
         [3] _spawn_traffic (res://scripts/lower_city/lower_city.gd:187)
         [4] _ready (res://scripts/lower_city/lower_city.gd:49)
         [5] run (res://qa/td-210/capture.gd:51)
WARNING: TripoCarModel: Body node missing
     at: push_warning (core/variant/variant_utility.cpp:1033)
     GDScript backtrace (most recent call first):
         [0] _build_wheels (res://scripts/tripo_car_model.gd:151)
         [1] _ready (res://scripts/tripo_car_model.gd:101)
         [2] _ready (res://scripts/vehicle.gd:130)
         [3] _spawn_car (res://scripts/traffic/city_traffic.gd:286)
         [4] _ready (res://scripts/traffic/city_traffic.gd:120)
         [5] _spawn_traffic (res://scripts/lower_city/lower_city.gd:187)
         [6] _ready (res://scripts/lower_city/lower_city.gd:49)
         [7] run (res://qa/td-210/capture.gd:51)
WARNING: TripoCarModel: headlight missing: HeadlightL
     at: push_warning (core/variant/variant_utility.cpp:1033)
     GDScript backtrace (most recent call first):
         [0] _tune_headlights (res://scripts/tripo_car_model.gd:261)
         [1] _ready (res://scripts/tripo_car_model.gd:102)
         [2] _ready (res://scripts/vehicle.gd:130)
         [3] _spawn_car (res://scripts/traffic/city_traffic.gd:286)
         [4] _ready (res://scripts/traffic/city_traffic.gd:120)
         [5] _spawn_traffic (res://scripts/lower_city/lower_city.gd:187)
         [6] _ready (res://scripts/lower_city/lower_city.gd:49)
         [7] run (res://qa/td-210/capture.gd:51)
WARNING: TripoCarModel: headlight missing: HeadlightR
     at: push_warning (core/variant/variant_utility.cpp:1033)
     GDScript backtrace (most recent call first):
         [0] _tune_headlights (res://scripts/tripo_car_model.gd:261)
         [1] _ready (res://scripts/tripo_car_model.gd:102)
         [2] _ready (res://scripts/vehicle.gd:130)
         [3] _spawn_car (res://scripts/traffic/city_traffic.gd:286)
         [4] _ready (res://scripts/traffic/city_traffic.gd:120)
         [5] _spawn_traffic (res://scripts/lower_city/lower_city.gd:187)
         [6] _ready (res://scripts/lower_city/lower_city.gd:49)
         [7] run (res://qa/td-210/capture.gd:51)
ERROR: Resource file not found: res://models/cars/tripo/tripo-wagon_wagon_color.png (expected type: Texture2D)
   at: _load (core/io/resource_loader.cpp:325)
   GDScript backtrace (most recent call first):
       [0] _vehicle_model_for (res://scripts/traffic/city_traffic.gd:130)
       [1] _spawn_car (res://scripts/traffic/city_traffic.gd:233)
       [2] _ready (res://scripts/traffic/city_traffic.gd:120)
       [3] _spawn_traffic (res://scripts/lower_city/lower_city.gd:187)
       [4] _ready (res://scripts/lower_city/lower_city.gd:49)
       [5] run (res://qa/td-210/capture.gd:51)
ERROR: Resource file not found: res://models/cars/tripo/tripo-wagon_ORM_9cd83bf5-b91c-4b1a-ab8d-7557cb40f55c.png (expected type: Texture2D)
   at: _load (core/io/resource_loader.cpp:325)
   GDScript backtrace (most recent call first):
       [0] _vehicle_model_for (res://scripts/traffic/city_traffic.gd:130)
       [1] _spawn_car (res://scripts/traffic/city_traffic.gd:233)
       [2] _ready (res://scripts/traffic/city_traffic.gd:120)
       [3] _spawn_traffic (res://scripts/lower_city/lower_city.gd:187)
       [4] _ready (res://scripts/lower_city/lower_city.gd:49)
       [5] run (res://qa/td-210/capture.gd:51)
ERROR: Resource file not found: res://models/cars/tripo/tripo-wagon_NormalGL_9cd83bf5-b91c-4b1a-ab8d-7557cb40f55c.png (expected type: Texture2D)
   at: _load (core/io/resource_loader.cpp:325)
   GDScript backtrace (most recent call first):
       [0] _vehicle_model_for (res://scripts/traffic/city_traffic.gd:130)
       [1] _spawn_car (res://scripts/traffic/city_traffic.gd:233)
       [2] _ready (res://scripts/traffic/city_traffic.gd:120)
       [3] _spawn_traffic (res://scripts/lower_city/lower_city.gd:187)
       [4] _ready (res://scripts/lower_city/lower_city.gd:49)
       [5] run (res://qa/td-210/capture.gd:51)
ERROR: Can't load dependency: 'res://models/cars/tripo/tripo-wagon_wagon_color.png'.
   at: parse_variant (core/io/resource_format_binary.cpp:444)
   GDScript backtrace (most recent call first):
       [0] _vehicle_model_for (res://scripts/traffic/city_traffic.gd:130)
       [1] _spawn_car (res://scripts/traffic/city_traffic.gd:233)
       [2] _ready (res://scripts/traffic/city_traffic.gd:120)
       [3] _spawn_traffic (res://scripts/lower_city/lower_city.gd:187)
       [4] _ready (res://scripts/lower_city/lower_city.gd:49)
       [5] run (res://qa/td-210/capture.gd:51)
ERROR: Failed loading resource: res://.godot/imported/tripo-wagon.glb-025a7c88f981441fb4551de2c35eace0.scn.
   at: _load (core/io/resource_loader.cpp:317)
   GDScript backtrace (most recent call first):
       [0] _vehicle_model_for (res://scripts/traffic/city_traffic.gd:130)
       [1] _spawn_car (res://scripts/traffic/city_traffic.gd:233)
       [2] _ready (res://scripts/traffic/city_traffic.gd:120)
       [3] _spawn_traffic (res://scripts/lower_city/lower_city.gd:187)
       [4] _ready (res://scripts/lower_city/lower_city.gd:49)
       [5] run (res://qa/td-210/capture.gd:51)
ERROR: Failed loading resource: res://models/cars/tripo/tripo-wagon.glb.
   at: _load (core/io/resource_loader.cpp:317)
   GDScript backtrace (most recent call first):
       [0] _vehicle_model_for (res://scripts/traffic/city_traffic.gd:130)
       [1] _spawn_car (res://scripts/traffic/city_traffic.gd:233)
       [2] _ready (res://scripts/traffic/city_traffic.gd:120)
       [3] _spawn_traffic (res://scripts/lower_city/lower_city.gd:187)
       [4] _ready (res://scripts/lower_city/lower_city.gd:49)
       [5] run (res://qa/td-210/capture.gd:51)
ERROR: res://scenes/tripo_car_wagon.tscn:23 - Parse Error: [ext_resource] referenced non-existent resource at: res://models/cars/tripo/tripo-wagon.glb.
   at: _printerr (scene/resources/resource_format_text.cpp:41)
   GDScript backtrace (most recent call first):
       [0] _vehicle_model_for (res://scripts/traffic/city_traffic.gd:130)
       [1] _spawn_car (res://scripts/traffic/city_traffic.gd:233)
       [2] _ready (res://scripts/traffic/city_traffic.gd:120)
       [3] _spawn_traffic (res://scripts/lower_city/lower_city.gd:187)
       [4] _ready (res://scripts/lower_city/lower_city.gd:49)
       [5] run (res://qa/td-210/capture.gd:51)
WARNING: Node './Body' was modified from inside an instance, but it has vanished.
     at: instantiate (scene/resources/packed_scene.cpp:312)
     GDScript backtrace (most recent call first):
         [0] _ready (res://scripts/vehicle.gd:129)
         [1] _spawn_car (res://scripts/traffic/city_traffic.gd:286)
         [2] _ready (res://scripts/traffic/city_traffic.gd:120)
         [3] _spawn_traffic (res://scripts/lower_city/lower_city.gd:187)
         [4] _ready (res://scripts/lower_city/lower_city.gd:49)
         [5] run (res://qa/td-210/capture.gd:51)
WARNING: Parent path './Body' for node 'HeadlightL' has vanished when instantiating: 'res://scenes/tripo_car_wagon.tscn'.
     at: instantiate (scene/resources/packed_scene.cpp:213)
     GDScript backtrace (most recent call first):
         [0] _ready (res://scripts/vehicle.gd:129)
         [1] _spawn_car (res://scripts/traffic/city_traffic.gd:286)
         [2] _ready (res://scripts/traffic/city_traffic.gd:120)
         [3] _spawn_traffic (res://scripts/lower_city/lower_city.gd:187)
         [4] _ready (res://scripts/lower_city/lower_city.gd:49)
         [5] run (res://qa/td-210/capture.gd:51)
WARNING: Parent path './Body' for node 'HeadlightR' has vanished when instantiating: 'res://scenes/tripo_car_wagon.tscn'.
     at: instantiate (scene/resources/packed_scene.cpp:213)
     GDScript backtrace (most recent call first):
         [0] _ready (res://scripts/vehicle.gd:129)
         [1] _spawn_car (res://scripts/traffic/city_traffic.gd:286)
         [2] _ready (res://scripts/traffic/city_traffic.gd:120)
         [3] _spawn_traffic (res://scripts/lower_city/lower_city.gd:187)
         [4] _ready (res://scripts/lower_city/lower_city.gd:49)
         [5] run (res://qa/td-210/capture.gd:51)
WARNING: TripoCarModel: Body node missing
     at: push_warning (core/variant/variant_utility.cpp:1033)
     GDScript backtrace (most recent call first):
         [0] _build_wheels (res://scripts/tripo_car_model.gd:151)
         [1] _ready (res://scripts/tripo_car_model.gd:101)
         [2] _ready (res://scripts/vehicle.gd:130)
         [3] _spawn_car (res://scripts/traffic/city_traffic.gd:286)
         [4] _ready (res://scripts/traffic/city_traffic.gd:120)
         [5] _spawn_traffic (res://scripts/lower_city/lower_city.gd:187)
         [6] _ready (res://scripts/lower_city/lower_city.gd:49)
         [7] run (res://qa/td-210/capture.gd:51)
WARNING: TripoCarModel: headlight missing: HeadlightL
     at: push_warning (core/variant/variant_utility.cpp:1033)
     GDScript backtrace (most recent call first):
         [0] _tune_headlights (res://scripts/tripo_car_model.gd:261)
         [1] _ready (res://scripts/tripo_car_model.gd:102)
         [2] _ready (res://scripts/vehicle.gd:130)
         [3] _spawn_car (res://scripts/traffic/city_traffic.gd:286)
         [4] _ready (res://scripts/traffic/city_traffic.gd:120)
         [5] _spawn_traffic (res://scripts/lower_city/lower_city.gd:187)
         [6] _ready (res://scripts/lower_city/lower_city.gd:49)
         [7] run (res://qa/td-210/capture.gd:51)
WARNING: TripoCarModel: headlight missing: HeadlightR
     at: push_warning (core/variant/variant_utility.cpp:1033)
     GDScript backtrace (most recent call first):
         [0] _tune_headlights (res://scripts/tripo_car_model.gd:261)
         [1] _ready (res://scripts/tripo_car_model.gd:102)
         [2] _ready (res://scripts/vehicle.gd:130)
         [3] _spawn_car (res://scripts/traffic/city_traffic.gd:286)
         [4] _ready (res://scripts/traffic/city_traffic.gd:120)
         [5] _spawn_traffic (res://scripts/lower_city/lower_city.gd:187)
         [6] _ready (res://scripts/lower_city/lower_city.gd:49)
         [7] run (res://qa/td-210/capture.gd:51)
ERROR: Resource file not found: res://models/cars/tripo/tripo-bus_bus_color.png (expected type: Texture2D)
   at: _load (core/io/resource_loader.cpp:325)
   GDScript backtrace (most recent call first):
       [0] _vehicle_model_for (res://scripts/traffic/city_traffic.gd:130)
       [1] _spawn_car (res://scripts/traffic/city_traffic.gd:233)
       [2] _ready (res://scripts/traffic/city_traffic.gd:120)
       [3] _spawn_traffic (res://scripts/lower_city/lower_city.gd:187)
       [4] _ready (res://scripts/lower_city/lower_city.gd:49)
       [5] run (res://qa/td-210/capture.gd:51)
ERROR: Resource file not found: res://models/cars/tripo/tripo-bus_ORM_a89a4f4c-feb7-45be-8a82-315ea24c7d13.png (expected type: Texture2D)
   at: _load (core/io/resource_loader.cpp:325)
   GDScript backtrace (most recent call first):
       [0] _vehicle_model_for (res://scripts/traffic/city_traffic.gd:130)
       [1] _spawn_car (res://scripts/traffic/city_traffic.gd:233)
       [2] _ready (res://scripts/traffic/city_traffic.gd:120)
       [3] _spawn_traffic (res://scripts/lower_city/lower_city.gd:187)
       [4] _ready (res://scripts/lower_city/lower_city.gd:49)
       [5] run (res://qa/td-210/capture.gd:51)
ERROR: Resource file not found: res://models/cars/tripo/tripo-bus_NormalGL_a89a4f4c-feb7-45be-8a82-315ea24c7d13.png (expected type: Texture2D)
   at: _load (core/io/resource_loader.cpp:325)
   GDScript backtrace (most recent call first):
       [0] _vehicle_model_for (res://scripts/traffic/city_traffic.gd:130)
       [1] _spawn_car (res://scripts/traffic/city_traffic.gd:233)
       [2] _ready (res://scripts/traffic/city_traffic.gd:120)
       [3] _spawn_traffic (res://scripts/lower_city/lower_city.gd:187)
       [4] _ready (res://scripts/lower_city/lower_city.gd:49)
       [5] run (res://qa/td-210/capture.gd:51)
ERROR: Can't load dependency: 'res://models/cars/tripo/tripo-bus_bus_color.png'.
   at: parse_variant (core/io/resource_format_binary.cpp:444)
   GDScript backtrace (most recent call first):
       [0] _vehicle_model_for (res://scripts/traffic/city_traffic.gd:130)
       [1] _spawn_car (res://scripts/traffic/city_traffic.gd:233)
       [2] _ready (res://scripts/traffic/city_traffic.gd:120)
       [3] _spawn_traffic (res://scripts/lower_city/lower_city.gd:187)
       [4] _ready (res://scripts/lower_city/lower_city.gd:49)
       [5] run (res://qa/td-210/capture.gd:51)
ERROR: Failed loading resource: res://.godot/imported/tripo-bus.glb-e915afe8293ecef6eb2b389a85090889.scn.
   at: _load (core/io/resource_loader.cpp:317)
   GDScript backtrace (most recent call first):
       [0] _vehicle_model_for (res://scripts/traffic/city_traffic.gd:130)
       [1] _spawn_car (res://scripts/traffic/city_traffic.gd:233)
       [2] _ready (res://scripts/traffic/city_traffic.gd:120)
       [3] _spawn_traffic (res://scripts/lower_city/lower_city.gd:187)
       [4] _ready (res://scripts/lower_city/lower_city.gd:49)
       [5] run (res://qa/td-210/capture.gd:51)
ERROR: Failed loading resource: res://models/cars/tripo/tripo-bus.glb.
   at: _load (core/io/resource_loader.cpp:317)
   GDScript backtrace (most recent call first):
       [0] _vehicle_model_for (res://scripts/traffic/city_traffic.gd:130)
       [1] _spawn_car (res://scripts/traffic/city_traffic.gd:233)
       [2] _ready (res://scripts/traffic/city_traffic.gd:120)
       [3] _spawn_traffic (res://scripts/lower_city/lower_city.gd:187)
       [4] _ready (res://scripts/lower_city/lower_city.gd:49)
       [5] run (res://qa/td-210/capture.gd:51)
ERROR: res://scenes/tripo_car_bus.tscn:23 - Parse Error: [ext_resource] referenced non-existent resource at: res://models/cars/tripo/tripo-bus.glb.
   at: _printerr (scene/resources/resource_format_text.cpp:41)
   GDScript backtrace (most recent call first):
       [0] _vehicle_model_for (res://scripts/traffic/city_traffic.gd:130)
       [1] _spawn_car (res://scripts/traffic/city_traffic.gd:233)
       [2] _ready (res://scripts/traffic/city_traffic.gd:120)
       [3] _spawn_traffic (res://scripts/lower_city/lower_city.gd:187)
       [4] _ready (res://scripts/lower_city/lower_city.gd:49)
       [5] run (res://qa/td-210/capture.gd:51)
WARNING: Node './Body' was modified from inside an instance, but it has vanished.
     at: instantiate (scene/resources/packed_scene.cpp:312)
     GDScript backtrace (most recent call first):
         [0] _ready (res://scripts/vehicle.gd:129)
         [1] _spawn_car (res://scripts/traffic/city_traffic.gd:286)
         [2] _ready (res://scripts/traffic/city_traffic.gd:120)
         [3] _spawn_traffic (res://scripts/lower_city/lower_city.gd:187)
         [4] _ready (res://scripts/lower_city/lower_city.gd:49)
         [5] run (res://qa/td-210/capture.gd:51)
WARNING: Parent path './Body' for node 'HeadlightL' has vanished when instantiating: 'res://scenes/tripo_car_bus.tscn'.
     at: instantiate (scene/resources/packed_scene.cpp:213)
     GDScript backtrace (most recent call first):
         [0] _ready (res://scripts/vehicle.gd:129)
         [1] _spawn_car (res://scripts/traffic/city_traffic.gd:286)
         [2] _ready (res://scripts/traffic/city_traffic.gd:120)
         [3] _spawn_traffic (res://scripts/lower_city/lower_city.gd:187)
         [4] _ready (res://scripts/lower_city/lower_city.gd:49)
         [5] run (res://qa/td-210/capture.gd:51)
WARNING: Parent path './Body' for node 'HeadlightR' has vanished when instantiating: 'res://scenes/tripo_car_bus.tscn'.
     at: instantiate (scene/resources/packed_scene.cpp:213)
     GDScript backtrace (most recent call first):
         [0] _ready (res://scripts/vehicle.gd:129)
         [1] _spawn_car (res://scripts/traffic/city_traffic.gd:286)
         [2] _ready (res://scripts/traffic/city_traffic.gd:120)
         [3] _spawn_traffic (res://scripts/lower_city/lower_city.gd:187)
         [4] _ready (res://scripts/lower_city/lower_city.gd:49)
         [5] run (res://qa/td-210/capture.gd:51)
WARNING: TripoCarModel: Body node missing
     at: push_warning (core/variant/variant_utility.cpp:1033)
     GDScript backtrace (most recent call first):
         [0] _build_wheels (res://scripts/tripo_car_model.gd:151)
         [1] _ready (res://scripts/tripo_car_model.gd:101)
         [2] _ready (res://scripts/vehicle.gd:130)
         [3] _spawn_car (res://scripts/traffic/city_traffic.gd:286)
         [4] _ready (res://scripts/traffic/city_traffic.gd:120)
         [5] _spawn_traffic (res://scripts/lower_city/lower_city.gd:187)
         [6] _ready (res://scripts/lower_city/lower_city.gd:49)
         [7] run (res://qa/td-210/capture.gd:51)
WARNING: TripoCarModel: headlight missing: HeadlightL
     at: push_warning (core/variant/variant_utility.cpp:1033)
     GDScript backtrace (most recent call first):
         [0] _tune_headlights (res://scripts/tripo_car_model.gd:261)
         [1] _ready (res://scripts/tripo_car_model.gd:102)
         [2] _ready (res://scripts/vehicle.gd:130)
         [3] _spawn_car (res://scripts/traffic/city_traffic.gd:286)
         [4] _ready (res://scripts/traffic/city_traffic.gd:120)
         [5] _spawn_traffic (res://scripts/lower_city/lower_city.gd:187)
         [6] _ready (res://scripts/lower_city/lower_city.gd:49)
         [7] run (res://qa/td-210/capture.gd:51)
WARNING: TripoCarModel: headlight missing: HeadlightR
     at: push_warning (core/variant/variant_utility.cpp:1033)
     GDScript backtrace (most recent call first):
         [0] _tune_headlights (res://scripts/tripo_car_model.gd:261)
         [1] _ready (res://scripts/tripo_car_model.gd:102)
         [2] _ready (res://scripts/vehicle.gd:130)
         [3] _spawn_car (res://scripts/traffic/city_traffic.gd:286)
         [4] _ready (res://scripts/traffic/city_traffic.gd:120)
         [5] _spawn_traffic (res://scripts/lower_city/lower_city.gd:187)
         [6] _ready (res://scripts/lower_city/lower_city.gd:49)
         [7] run (res://qa/td-210/capture.gd:51)
ERROR: Resource file not found: res://models/cars/tripo/tripo-boxtruck_boxtruck_color.png (expected type: Texture2D)
   at: _load (core/io/resource_loader.cpp:325)
   GDScript backtrace (most recent call first):
       [0] _vehicle_model_for (res://scripts/traffic/city_traffic.gd:130)
       [1] _spawn_car (res://scripts/traffic/city_traffic.gd:233)
       [2] _ready (res://scripts/traffic/city_traffic.gd:120)
       [3] _spawn_traffic (res://scripts/lower_city/lower_city.gd:187)
       [4] _ready (res://scripts/lower_city/lower_city.gd:49)
       [5] run (res://qa/td-210/capture.gd:51)
ERROR: Resource file not found: res://models/cars/tripo/tripo-boxtruck_ORM_c7e1dc33-58f0-462e-ba8e-e48caf03c892.png (expected type: Texture2D)
   at: _load (core/io/resource_loader.cpp:325)
   GDScript backtrace (most recent call first):
       [0] _vehicle_model_for (res://scripts/traffic/city_traffic.gd:130)
       [1] _spawn_car (res://scripts/traffic/city_traffic.gd:233)
       [2] _ready (res://scripts/traffic/city_traffic.gd:120)
       [3] _spawn_traffic (res://scripts/lower_city/lower_city.gd:187)
       [4] _ready (res://scripts/lower_city/lower_city.gd:49)
       [5] run (res://qa/td-210/capture.gd:51)
ERROR: Resource file not found: res://models/cars/tripo/tripo-boxtruck_NormalGL_c7e1dc33-58f0-462e-ba8e-e48caf03c892.png (expected type: Texture2D)
   at: _load (core/io/resource_loader.cpp:325)
   GDScript backtrace (most recent call first):
       [0] _vehicle_model_for (res://scripts/traffic/city_traffic.gd:130)
       [1] _spawn_car (res://scripts/traffic/city_traffic.gd:233)
       [2] _ready (res://scripts/traffic/city_traffic.gd:120)
       [3] _spawn_traffic (res://scripts/lower_city/lower_city.gd:187)
       [4] _ready (res://scripts/lower_city/lower_city.gd:49)
       [5] run (res://qa/td-210/capture.gd:51)
ERROR: Can't load dependency: 'res://models/cars/tripo/tripo-boxtruck_boxtruck_color.png'.
   at: parse_variant (core/io/resource_format_binary.cpp:444)
   GDScript backtrace (most recent call first):
       [0] _vehicle_model_for (res://scripts/traffic/city_traffic.gd:130)
       [1] _spawn_car (res://scripts/traffic/city_traffic.gd:233)
       [2] _ready (res://scripts/traffic/city_traffic.gd:120)
       [3] _spawn_traffic (res://scripts/lower_city/lower_city.gd:187)
       [4] _ready (res://scripts/lower_city/lower_city.gd:49)
       [5] run (res://qa/td-210/capture.gd:51)
ERROR: Failed loading resource: res://.godot/imported/tripo-boxtruck.glb-d2b61e47c8bfdd16e8a91283d2931090.scn.
   at: _load (core/io/resource_loader.cpp:317)
   GDScript backtrace (most recent call first):
       [0] _vehicle_model_for (res://scripts/traffic/city_traffic.gd:130)
       [1] _spawn_car (res://scripts/traffic/city_traffic.gd:233)
       [2] _ready (res://scripts/traffic/city_traffic.gd:120)
       [3] _spawn_traffic (res://scripts/lower_city/lower_city.gd:187)
       [4] _ready (res://scripts/lower_city/lower_city.gd:49)
       [5] run (res://qa/td-210/capture.gd:51)
ERROR: Failed loading resource: res://models/cars/tripo/tripo-boxtruck.glb.
   at: _load (core/io/resource_loader.cpp:317)
   GDScript backtrace (most recent call first):
       [0] _vehicle_model_for (res://scripts/traffic/city_traffic.gd:130)
       [1] _spawn_car (res://scripts/traffic/city_traffic.gd:233)
       [2] _ready (res://scripts/traffic/city_traffic.gd:120)
       [3] _spawn_traffic (res://scripts/lower_city/lower_city.gd:187)
       [4] _ready (res://scripts/lower_city/lower_city.gd:49)
       [5] run (res://qa/td-210/capture.gd:51)
ERROR: res://scenes/tripo_car_boxtruck.tscn:23 - Parse Error: [ext_resource] referenced non-existent resource at: res://models/cars/tripo/tripo-boxtruck.glb.
   at: _printerr (scene/resources/resource_format_text.cpp:41)
   GDScript backtrace (most recent call first):
       [0] _vehicle_model_for (res://scripts/traffic/city_traffic.gd:130)
       [1] _spawn_car (res://scripts/traffic/city_traffic.gd:233)
       [2] _ready (res://scripts/traffic/city_traffic.gd:120)
       [3] _spawn_traffic (res://scripts/lower_city/lower_city.gd:187)
       [4] _ready (res://scripts/lower_city/lower_city.gd:49)
       [5] run (res://qa/td-210/capture.gd:51)
WARNING: Node './Body' was modified from inside an instance, but it has vanished.
     at: instantiate (scene/resources/packed_scene.cpp:312)
     GDScript backtrace (most recent call first):
         [0] _ready (res://scripts/vehicle.gd:129)
         [1] _spawn_car (res://scripts/traffic/city_traffic.gd:286)
         [2] _ready (res://scripts/traffic/city_traffic.gd:120)
         [3] _spawn_traffic (res://scripts/lower_city/lower_city.gd:187)
         [4] _ready (res://scripts/lower_city/lower_city.gd:49)
         [5] run (res://qa/td-210/capture.gd:51)
WARNING: Parent path './Body' for node 'HeadlightL' has vanished when instantiating: 'res://scenes/tripo_car_boxtruck.tscn'.
     at: instantiate (scene/resources/packed_scene.cpp:213)
     GDScript backtrace (most recent call first):
         [0] _ready (res://scripts/vehicle.gd:129)
         [1] _spawn_car (res://scripts/traffic/city_traffic.gd:286)
         [2] _ready (res://scripts/traffic/city_traffic.gd:120)
         [3] _spawn_traffic (res://scripts/lower_city/lower_city.gd:187)
         [4] _ready (res://scripts/lower_city/lower_city.gd:49)
         [5] run (res://qa/td-210/capture.gd:51)
WARNING: Parent path './Body' for node 'HeadlightR' has vanished when instantiating: 'res://scenes/tripo_car_boxtruck.tscn'.
     at: instantiate (scene/resources/packed_scene.cpp:213)
     GDScript backtrace (most recent call first):
         [0] _ready (res://scripts/vehicle.gd:129)
         [1] _spawn_car (res://scripts/traffic/city_traffic.gd:286)
         [2] _ready (res://scripts/traffic/city_traffic.gd:120)
         [3] _spawn_traffic (res://scripts/lower_city/lower_city.gd:187)
         [4] _ready (res://scripts/lower_city/lower_city.gd:49)
         [5] run (res://qa/td-210/capture.gd:51)
WARNING: TripoCarModel: Body node missing
     at: push_warning (core/variant/variant_utility.cpp:1033)
     GDScript backtrace (most recent call first):
         [0] _build_wheels (res://scripts/tripo_car_model.gd:151)
         [1] _ready (res://scripts/tripo_car_model.gd:101)
         [2] _ready (res://scripts/vehicle.gd:130)
         [3] _spawn_car (res://scripts/traffic/city_traffic.gd:286)
         [4] _ready (res://scripts/traffic/city_traffic.gd:120)
         [5] _spawn_traffic (res://scripts/lower_city/lower_city.gd:187)
         [6] _ready (res://scripts/lower_city/lower_city.gd:49)
         [7] run (res://qa/td-210/capture.gd:51)
WARNING: TripoCarModel: headlight missing: HeadlightL
     at: push_warning (core/variant/variant_utility.cpp:1033)
     GDScript backtrace (most recent call first):
         [0] _tune_headlights (res://scripts/tripo_car_model.gd:261)
         [1] _ready (res://scripts/tripo_car_model.gd:102)
         [2] _ready (res://scripts/vehicle.gd:130)
         [3] _spawn_car (res://scripts/traffic/city_traffic.gd:286)
         [4] _ready (res://scripts/traffic/city_traffic.gd:120)
         [5] _spawn_traffic (res://scripts/lower_city/lower_city.gd:187)
         [6] _ready (res://scripts/lower_city/lower_city.gd:49)
         [7] run (res://qa/td-210/capture.gd:51)
WARNING: TripoCarModel: headlight missing: HeadlightR
     at: push_warning (core/variant/variant_utility.cpp:1033)
     GDScript backtrace (most recent call first):
         [0] _tune_headlights (res://scripts/tripo_car_model.gd:261)
         [1] _ready (res://scripts/tripo_car_model.gd:102)
         [2] _ready (res://scripts/vehicle.gd:130)
         [3] _spawn_car (res://scripts/traffic/city_traffic.gd:286)
         [4] _ready (res://scripts/traffic/city_traffic.gd:120)
         [5] _spawn_traffic (res://scripts/lower_city/lower_city.gd:187)
         [6] _ready (res://scripts/lower_city/lower_city.gd:49)
         [7] run (res://qa/td-210/capture.gd:51)
WARNING: Node './Body' was modified from inside an instance, but it has vanished.
     at: instantiate (scene/resources/packed_scene.cpp:312)
     GDScript backtrace (most recent call first):
         [0] _ready (res://scripts/vehicle.gd:129)
         [1] _spawn_car (res://scripts/traffic/city_traffic.gd:286)
         [2] _ready (res://scripts/traffic/city_traffic.gd:120)
         [3] _spawn_traffic (res://scripts/lower_city/lower_city.gd:187)
         [4] _ready (res://scripts/lower_city/lower_city.gd:49)
         [5] run (res://qa/td-210/capture.gd:51)
WARNING: Parent path './Body' for node 'HeadlightL' has vanished when instantiating: 'res://scenes/tripo_car_sedan.tscn'.
     at: instantiate (scene/resources/packed_scene.cpp:213)
     GDScript backtrace (most recent call first):
         [0] _ready (res://scripts/vehicle.gd:129)
         [1] _spawn_car (res://scripts/traffic/city_traffic.gd:286)
         [2] _ready (res://scripts/traffic/city_traffic.gd:120)
         [3] _spawn_traffic (res://scripts/lower_city/lower_city.gd:187)
         [4] _ready (res://scripts/lower_city/lower_city.gd:49)
         [5] run (res://qa/td-210/capture.gd:51)
WARNING: Parent path './Body' for node 'HeadlightR' has vanished when instantiating: 'res://scenes/tripo_car_sedan.tscn'.
     at: instantiate (scene/resources/packed_scene.cpp:213)
     GDScript backtrace (most recent call first):
         [0] _ready (res://scripts/vehicle.gd:129)
         [1] _spawn_car (res://scripts/traffic/city_traffic.gd:286)
         [2] _ready (res://scripts/traffic/city_traffic.gd:120)
         [3] _spawn_traffic (res://scripts/lower_city/lower_city.gd:187)
         [4] _ready (res://scripts/lower_city/lower_city.gd:49)
         [5] run (res://qa/td-210/capture.gd:51)
WARNING: TripoCarModel: Body node missing
     at: push_warning (core/variant/variant_utility.cpp:1033)
     GDScript backtrace (most recent call first):
         [0] _build_wheels (res://scripts/tripo_car_model.gd:151)
         [1] _ready (res://scripts/tripo_car_model.gd:101)
         [2] _ready (res://scripts/vehicle.gd:130)
         [3] _spawn_car (res://scripts/traffic/city_traffic.gd:286)
         [4] _ready (res://scripts/traffic/city_traffic.gd:120)
         [5] _spawn_traffic (res://scripts/lower_city/lower_city.gd:187)
         [6] _ready (res://scripts/lower_city/lower_city.gd:49)
         [7] run (res://qa/td-210/capture.gd:51)
WARNING: TripoCarModel: headlight missing: HeadlightL
     at: push_warning (core/variant/variant_utility.cpp:1033)
     GDScript backtrace (most recent call first):
         [0] _tune_headlights (res://scripts/tripo_car_model.gd:261)
         [1] _ready (res://scripts/tripo_car_model.gd:102)
         [2] _ready (res://scripts/vehicle.gd:130)
         [3] _spawn_car (res://scripts/traffic/city_traffic.gd:286)
         [4] _ready (res://scripts/traffic/city_traffic.gd:120)
         [5] _spawn_traffic (res://scripts/lower_city/lower_city.gd:187)
         [6] _ready (res://scripts/lower_city/lower_city.gd:49)
         [7] run (res://qa/td-210/capture.gd:51)
WARNING: TripoCarModel: headlight missing: HeadlightR
     at: push_warning (core/variant/variant_utility.cpp:1033)
     GDScript backtrace (most recent call first):
         [0] _tune_headlights (res://scripts/tripo_car_model.gd:261)
         [1] _ready (res://scripts/tripo_car_model.gd:102)
         [2] _ready (res://scripts/vehicle.gd:130)
         [3] _spawn_car (res://scripts/traffic/city_traffic.gd:286)
         [4] _ready (res://scripts/traffic/city_traffic.gd:120)
         [5] _spawn_traffic (res://scripts/lower_city/lower_city.gd:187)
         [6] _ready (res://scripts/lower_city/lower_city.gd:49)
         [7] run (res://qa/td-210/capture.gd:51)
WARNING: Node './Body' was modified from inside an instance, but it has vanished.
     at: instantiate (scene/resources/packed_scene.cpp:312)
     GDScript backtrace (most recent call first):
         [0] _ready (res://scripts/vehicle.gd:129)
         [1] _spawn_car (res://scripts/traffic/city_traffic.gd:286)
         [2] _ready (res://scripts/traffic/city_traffic.gd:120)
         [3] _spawn_traffic (res://scripts/lower_city/lower_city.gd:187)
         [4] _ready (res://scripts/lower_city/lower_city.gd:49)
         [5] run (res://qa/td-210/capture.gd:51)
WARNING: Parent path './Body' for node 'HeadlightL' has vanished when instantiating: 'res://scenes/tripo_car_sedan.tscn'.
     at: instantiate (scene/resources/packed_scene.cpp:213)
     GDScript backtrace (most recent call first):
         [0] _ready (res://scripts/vehicle.gd:129)
         [1] _spawn_car (res://scripts/traffic/city_traffic.gd:286)
         [2] _ready (res://scripts/traffic/city_traffic.gd:120)
         [3] _spawn_traffic (res://scripts/lower_city/lower_city.gd:187)
         [4] _ready (res://scripts/lower_city/lower_city.gd:49)
         [5] run (res://qa/td-210/capture.gd:51)
WARNING: Parent path './Body' for node 'HeadlightR' has vanished when instantiating: 'res://scenes/tripo_car_sedan.tscn'.
     at: instantiate (scene/resources/packed_scene.cpp:213)
     GDScript backtrace (most recent call first):
         [0] _ready (res://scripts/vehicle.gd:129)
         [1] _spawn_car (res://scripts/traffic/city_traffic.gd:286)
         [2] _ready (res://scripts/traffic/city_traffic.gd:120)
         [3] _spawn_traffic (res://scripts/lower_city/lower_city.gd:187)
         [4] _ready (res://scripts/lower_city/lower_city.gd:49)
         [5] run (res://qa/td-210/capture.gd:51)
WARNING: TripoCarModel: Body node missing
     at: push_warning (core/variant/variant_utility.cpp:1033)
     GDScript backtrace (most recent call first):
         [0] _build_wheels (res://scripts/tripo_car_model.gd:151)
         [1] _ready (res://scripts/tripo_car_model.gd:101)
         [2] _ready (res://scripts/vehicle.gd:130)
         [3] _spawn_car (res://scripts/traffic/city_traffic.gd:286)
         [4] _ready (res://scripts/traffic/city_traffic.gd:120)
         [5] _spawn_traffic (res://scripts/lower_city/lower_city.gd:187)
         [6] _ready (res://scripts/lower_city/lower_city.gd:49)
         [7] run (res://qa/td-210/capture.gd:51)
WARNING: TripoCarModel: headlight missing: HeadlightL
     at: push_warning (core/variant/variant_utility.cpp:1033)
     GDScript backtrace (most recent call first):
         [0] _tune_headlights (res://scripts/tripo_car_model.gd:261)
         [1] _ready (res://scripts/tripo_car_model.gd:102)
         [2] _ready (res://scripts/vehicle.gd:130)
         [3] _spawn_car (res://scripts/traffic/city_traffic.gd:286)
         [4] _ready (res://scripts/traffic/city_traffic.gd:120)
         [5] _spawn_traffic (res://scripts/lower_city/lower_city.gd:187)
         [6] _ready (res://scripts/lower_city/lower_city.gd:49)
         [7] run (res://qa/td-210/capture.gd:51)
WARNING: TripoCarModel: headlight missing: HeadlightR
     at: push_warning (core/variant/variant_utility.cpp:1033)
     GDScript backtrace (most recent call first):
         [0] _tune_headlights (res://scripts/tripo_car_model.gd:261)
         [1] _ready (res://scripts/tripo_car_model.gd:102)
         [2] _ready (res://scripts/vehicle.gd:130)
         [3] _spawn_car (res://scripts/traffic/city_traffic.gd:286)
         [4] _ready (res://scripts/traffic/city_traffic.gd:120)
         [5] _spawn_traffic (res://scripts/lower_city/lower_city.gd:187)
         [6] _ready (res://scripts/lower_city/lower_city.gd:49)
         [7] run (res://qa/td-210/capture.gd:51)
WARNING: Node './Body' was modified from inside an instance, but it has vanished.
     at: instantiate (scene/resources/packed_scene.cpp:312)
     GDScript backtrace (most recent call first):
         [0] _ready (res://scripts/vehicle.gd:129)
         [1] _spawn_car (res://scripts/traffic/city_traffic.gd:286)
         [2] _ready (res://scripts/traffic/city_traffic.gd:125)
         [3] _spawn_traffic (res://scripts/lower_city/lower_city.gd:187)
         [4] _ready (res://scripts/lower_city/lower_city.gd:49)
         [5] run (res://qa/td-210/capture.gd:51)
WARNING: Parent path './Body' for node 'HeadlightL' has vanished when instantiating: 'res://scenes/tripo_car_coupe.tscn'.
     at: instantiate (scene/resources/packed_scene.cpp:213)
     GDScript backtrace (most recent call first):
         [0] _ready (res://scripts/vehicle.gd:129)
         [1] _spawn_car (res://scripts/traffic/city_traffic.gd:286)
         [2] _ready (res://scripts/traffic/city_traffic.gd:125)
         [3] _spawn_traffic (res://scripts/lower_city/lower_city.gd:187)
         [4] _ready (res://scripts/lower_city/lower_city.gd:49)
         [5] run (res://qa/td-210/capture.gd:51)
WARNING: Parent path './Body' for node 'HeadlightR' has vanished when instantiating: 'res://scenes/tripo_car_coupe.tscn'.
     at: instantiate (scene/resources/packed_scene.cpp:213)
     GDScript backtrace (most recent call first):
         [0] _ready (res://scripts/vehicle.gd:129)
         [1] _spawn_car (res://scripts/traffic/city_traffic.gd:286)
         [2] _ready (res://scripts/traffic/city_traffic.gd:125)
         [3] _spawn_traffic (res://scripts/lower_city/lower_city.gd:187)
         [4] _ready (res://scripts/lower_city/lower_city.gd:49)
         [5] run (res://qa/td-210/capture.gd:51)
WARNING: TripoCarModel: Body node missing
     at: push_warning (core/variant/variant_utility.cpp:1033)
     GDScript backtrace (most recent call first):
         [0] _build_wheels (res://scripts/tripo_car_model.gd:151)
         [1] _ready (res://scripts/tripo_car_model.gd:101)
         [2] _ready (res://scripts/vehicle.gd:130)
         [3] _spawn_car (res://scripts/traffic/city_traffic.gd:286)
         [4] _ready (res://scripts/traffic/city_traffic.gd:125)
         [5] _spawn_traffic (res://scripts/lower_city/lower_city.gd:187)
         [6] _ready (res://scripts/lower_city/lower_city.gd:49)
         [7] run (res://qa/td-210/capture.gd:51)
WARNING: TripoCarModel: headlight missing: HeadlightL
     at: push_warning (core/variant/variant_utility.cpp:1033)
     GDScript backtrace (most recent call first):
         [0] _tune_headlights (res://scripts/tripo_car_model.gd:261)
         [1] _ready (res://scripts/tripo_car_model.gd:102)
         [2] _ready (res://scripts/vehicle.gd:130)
         [3] _spawn_car (res://scripts/traffic/city_traffic.gd:286)
         [4] _ready (res://scripts/traffic/city_traffic.gd:125)
         [5] _spawn_traffic (res://scripts/lower_city/lower_city.gd:187)
         [6] _ready (res://scripts/lower_city/lower_city.gd:49)
         [7] run (res://qa/td-210/capture.gd:51)
WARNING: TripoCarModel: headlight missing: HeadlightR
     at: push_warning (core/variant/variant_utility.cpp:1033)
     GDScript backtrace (most recent call first):
         [0] _tune_headlights (res://scripts/tripo_car_model.gd:261)
         [1] _ready (res://scripts/tripo_car_model.gd:102)
         [2] _ready (res://scripts/vehicle.gd:130)
         [3] _spawn_car (res://scripts/traffic/city_traffic.gd:286)
         [4] _ready (res://scripts/traffic/city_traffic.gd:125)
         [5] _spawn_traffic (res://scripts/lower_city/lower_city.gd:187)
         [6] _ready (res://scripts/lower_city/lower_city.gd:49)
         [7] run (res://qa/td-210/capture.gd:51)
WARNING: Node './Body' was modified from inside an instance, but it has vanished.
     at: instantiate (scene/resources/packed_scene.cpp:312)
     GDScript backtrace (most recent call first):
         [0] _ready (res://scripts/vehicle.gd:129)
         [1] _spawn_car (res://scripts/traffic/city_traffic.gd:286)
         [2] _ready (res://scripts/traffic/city_traffic.gd:125)
         [3] _spawn_traffic (res://scripts/lower_city/lower_city.gd:187)
         [4] _ready (res://scripts/lower_city/lower_city.gd:49)
         [5] run (res://qa/td-210/capture.gd:51)
WARNING: Parent path './Body' for node 'HeadlightL' has vanished when instantiating: 'res://scenes/tripo_car_suv.tscn'.
     at: instantiate (scene/resources/packed_scene.cpp:213)
     GDScript backtrace (most recent call first):
         [0] _ready (res://scripts/vehicle.gd:129)
         [1] _spawn_car (res://scripts/traffic/city_traffic.gd:286)
         [2] _ready (res://scripts/traffic/city_traffic.gd:125)
         [3] _spawn_traffic (res://scripts/lower_city/lower_city.gd:187)
         [4] _ready (res://scripts/lower_city/lower_city.gd:49)
         [5] run (res://qa/td-210/capture.gd:51)
WARNING: Parent path './Body' for node 'HeadlightR' has vanished when instantiating: 'res://scenes/tripo_car_suv.tscn'.
     at: instantiate (scene/resources/packed_scene.cpp:213)
     GDScript backtrace (most recent call first):
         [0] _ready (res://scripts/vehicle.gd:129)
         [1] _spawn_car (res://scripts/traffic/city_traffic.gd:286)
         [2] _ready (res://scripts/traffic/city_traffic.gd:125)
         [3] _spawn_traffic (res://scripts/lower_city/lower_city.gd:187)
         [4] _ready (res://scripts/lower_city/lower_city.gd:49)
         [5] run (res://qa/td-210/capture.gd:51)
WARNING: TripoCarModel: Body node missing
     at: push_warning (core/variant/variant_utility.cpp:1033)
     GDScript backtrace (most recent call first):
         [0] _build_wheels (res://scripts/tripo_car_model.gd:151)
         [1] _ready (res://scripts/tripo_car_model.gd:101)
         [2] _ready (res://scripts/vehicle.gd:130)
         [3] _spawn_car (res://scripts/traffic/city_traffic.gd:286)
         [4] _ready (res://scripts/traffic/city_traffic.gd:125)
         [5] _spawn_traffic (res://scripts/lower_city/lower_city.gd:187)
         [6] _ready (res://scripts/lower_city/lower_city.gd:49)
         [7] run (res://qa/td-210/capture.gd:51)
WARNING: TripoCarModel: headlight missing: HeadlightL
     at: push_warning (core/variant/variant_utility.cpp:1033)
     GDScript backtrace (most recent call first):
         [0] _tune_headlights (res://scripts/tripo_car_model.gd:261)
         [1] _ready (res://scripts/tripo_car_model.gd:102)
         [2] _ready (res://scripts/vehicle.gd:130)
         [3] _spawn_car (res://scripts/traffic/city_traffic.gd:286)
         [4] _ready (res://scripts/traffic/city_traffic.gd:125)
         [5] _spawn_traffic (res://scripts/lower_city/lower_city.gd:187)
         [6] _ready (res://scripts/lower_city/lower_city.gd:49)
         [7] run (res://qa/td-210/capture.gd:51)
WARNING: TripoCarModel: headlight missing: HeadlightR
     at: push_warning (core/variant/variant_utility.cpp:1033)
     GDScript backtrace (most recent call first):
         [0] _tune_headlights (res://scripts/tripo_car_model.gd:261)
         [1] _ready (res://scripts/tripo_car_model.gd:102)
         [2] _ready (res://scripts/vehicle.gd:130)
         [3] _spawn_car (res://scripts/traffic/city_traffic.gd:286)
         [4] _ready (res://scripts/traffic/city_traffic.gd:125)
         [5] _spawn_traffic (res://scripts/lower_city/lower_city.gd:187)
         [6] _ready (res://scripts/lower_city/lower_city.gd:49)
         [7] run (res://qa/td-210/capture.gd:51)
WARNING: Node './Body' was modified from inside an instance, but it has vanished.
     at: instantiate (scene/resources/packed_scene.cpp:312)
     GDScript backtrace (most recent call first):
         [0] _ready (res://scripts/vehicle.gd:129)
         [1] _spawn_car (res://scripts/traffic/city_traffic.gd:286)
         [2] _ready (res://scripts/traffic/city_traffic.gd:125)
         [3] _spawn_traffic (res://scripts/lower_city/lower_city.gd:187)
         [4] _ready (res://scripts/lower_city/lower_city.gd:49)
         [5] run (res://qa/td-210/capture.gd:51)
WARNING: Parent path './Body' for node 'HeadlightL' has vanished when instantiating: 'res://scenes/tripo_car_van.tscn'.
     at: instantiate (scene/resources/packed_scene.cpp:213)
     GDScript backtrace (most recent call first):
         [0] _ready (res://scripts/vehicle.gd:129)
         [1] _spawn_car (res://scripts/traffic/city_traffic.gd:286)
         [2] _ready (res://scripts/traffic/city_traffic.gd:125)
         [3] _spawn_traffic (res://scripts/lower_city/lower_city.gd:187)
         [4] _ready (res://scripts/lower_city/lower_city.gd:49)
         [5] run (res://qa/td-210/capture.gd:51)
WARNING: Parent path './Body' for node 'HeadlightR' has vanished when instantiating: 'res://scenes/tripo_car_van.tscn'.
     at: instantiate (scene/resources/packed_scene.cpp:213)
     GDScript backtrace (most recent call first):
         [0] _ready (res://scripts/vehicle.gd:129)
         [1] _spawn_car (res://scripts/traffic/city_traffic.gd:286)
         [2] _ready (res://scripts/traffic/city_traffic.gd:125)
         [3] _spawn_traffic (res://scripts/lower_city/lower_city.gd:187)
         [4] _ready (res://scripts/lower_city/lower_city.gd:49)
         [5] run (res://qa/td-210/capture.gd:51)
WARNING: TripoCarModel: Body node missing
     at: push_warning (core/variant/variant_utility.cpp:1033)
     GDScript backtrace (most recent call first):
         [0] _build_wheels (res://scripts/tripo_car_model.gd:151)
         [1] _ready (res://scripts/tripo_car_model.gd:101)
         [2] _ready (res://scripts/vehicle.gd:130)
         [3] _spawn_car (res://scripts/traffic/city_traffic.gd:286)
         [4] _ready (res://scripts/traffic/city_traffic.gd:125)
         [5] _spawn_traffic (res://scripts/lower_city/lower_city.gd:187)
         [6] _ready (res://scripts/lower_city/lower_city.gd:49)
         [7] run (res://qa/td-210/capture.gd:51)
WARNING: TripoCarModel: headlight missing: HeadlightL
     at: push_warning (core/variant/variant_utility.cpp:1033)
     GDScript backtrace (most recent call first):
         [0] _tune_headlights (res://scripts/tripo_car_model.gd:261)
         [1] _ready (res://scripts/tripo_car_model.gd:102)
         [2] _ready (res://scripts/vehicle.gd:130)
         [3] _spawn_car (res://scripts/traffic/city_traffic.gd:286)
         [4] _ready (res://scripts/traffic/city_traffic.gd:125)
         [5] _spawn_traffic (res://scripts/lower_city/lower_city.gd:187)
         [6] _ready (res://scripts/lower_city/lower_city.gd:49)
         [7] run (res://qa/td-210/capture.gd:51)
WARNING: TripoCarModel: headlight missing: HeadlightR
     at: push_warning (core/variant/variant_utility.cpp:1033)
     GDScript backtrace (most recent call first):
         [0] _tune_headlights (res://scripts/tripo_car_model.gd:261)
         [1] _ready (res://scripts/tripo_car_model.gd:102)
         [2] _ready (res://scripts/vehicle.gd:130)
         [3] _spawn_car (res://scripts/traffic/city_traffic.gd:286)
         [4] _ready (res://scripts/traffic/city_traffic.gd:125)
         [5] _spawn_traffic (res://scripts/lower_city/lower_city.gd:187)
         [6] _ready (res://scripts/lower_city/lower_city.gd:49)
         [7] run (res://qa/td-210/capture.gd:51)
WARNING: Node './Body' was modified from inside an instance, but it has vanished.
     at: instantiate (scene/resources/packed_scene.cpp:312)
     GDScript backtrace (most recent call first):
         [0] _ready (res://scripts/vehicle.gd:129)
         [1] _spawn_car (res://scripts/traffic/city_traffic.gd:286)
         [2] _ready (res://scripts/traffic/city_traffic.gd:125)
         [3] _spawn_traffic (res://scripts/lower_city/lower_city.gd:187)
         [4] _ready (res://scripts/lower_city/lower_city.gd:49)
         [5] run (res://qa/td-210/capture.gd:51)
WARNING: Parent path './Body' for node 'HeadlightL' has vanished when instantiating: 'res://scenes/tripo_car_hatchback.tscn'.
     at: instantiate (scene/resources/packed_scene.cpp:213)
     GDScript backtrace (most recent call first):
         [0] _ready (res://scripts/vehicle.gd:129)
         [1] _spawn_car (res://scripts/traffic/city_traffic.gd:286)
         [2] _ready (res://scripts/traffic/city_traffic.gd:125)
         [3] _spawn_traffic (res://scripts/lower_city/lower_city.gd:187)
         [4] _ready (res://scripts/lower_city/lower_city.gd:49)
         [5] run (res://qa/td-210/capture.gd:51)
WARNING: Parent path './Body' for node 'HeadlightR' has vanished when instantiating: 'res://scenes/tripo_car_hatchback.tscn'.
     at: instantiate (scene/resources/packed_scene.cpp:213)
     GDScript backtrace (most recent call first):
         [0] _ready (res://scripts/vehicle.gd:129)
         [1] _spawn_car (res://scripts/traffic/city_traffic.gd:286)
         [2] _ready (res://scripts/traffic/city_traffic.gd:125)
         [3] _spawn_traffic (res://scripts/lower_city/lower_city.gd:187)
         [4] _ready (res://scripts/lower_city/lower_city.gd:49)
         [5] run (res://qa/td-210/capture.gd:51)
WARNING: TripoCarModel: Body node missing
     at: push_warning (core/variant/variant_utility.cpp:1033)
     GDScript backtrace (most recent call first):
         [0] _build_wheels (res://scripts/tripo_car_model.gd:151)
         [1] _ready (res://scripts/tripo_car_model.gd:101)
         [2] _ready (res://scripts/vehicle.gd:130)
         [3] _spawn_car (res://scripts/traffic/city_traffic.gd:286)
         [4] _ready (res://scripts/traffic/city_traffic.gd:125)
         [5] _spawn_traffic (res://scripts/lower_city/lower_city.gd:187)
         [6] _ready (res://scripts/lower_city/lower_city.gd:49)
         [7] run (res://qa/td-210/capture.gd:51)
WARNING: TripoCarModel: headlight missing: HeadlightL
     at: push_warning (core/variant/variant_utility.cpp:1033)
     GDScript backtrace (most recent call first):
         [0] _tune_headlights (res://scripts/tripo_car_model.gd:261)
         [1] _ready (res://scripts/tripo_car_model.gd:102)
         [2] _ready (res://scripts/vehicle.gd:130)
         [3] _spawn_car (res://scripts/traffic/city_traffic.gd:286)
         [4] _ready (res://scripts/traffic/city_traffic.gd:125)
         [5] _spawn_traffic (res://scripts/lower_city/lower_city.gd:187)
         [6] _ready (res://scripts/lower_city/lower_city.gd:49)
         [7] run (res://qa/td-210/capture.gd:51)
WARNING: TripoCarModel: headlight missing: HeadlightR
     at: push_warning (core/variant/variant_utility.cpp:1033)
     GDScript backtrace (most recent call first):
         [0] _tune_headlights (res://scripts/tripo_car_model.gd:261)
         [1] _ready (res://scripts/tripo_car_model.gd:102)
         [2] _ready (res://scripts/vehicle.gd:130)
         [3] _spawn_car (res://scripts/traffic/city_traffic.gd:286)
         [4] _ready (res://scripts/traffic/city_traffic.gd:125)
         [5] _spawn_traffic (res://scripts/lower_city/lower_city.gd:187)
         [6] _ready (res://scripts/lower_city/lower_city.gd:49)
         [7] run (res://qa/td-210/capture.gd:51)
WARNING: Node './Body' was modified from inside an instance, but it has vanished.
     at: instantiate (scene/resources/packed_scene.cpp:312)
     GDScript backtrace (most recent call first):
         [0] _ready (res://scripts/vehicle.gd:129)
         [1] _spawn_car (res://scripts/traffic/city_traffic.gd:286)
         [2] _ready (res://scripts/traffic/city_traffic.gd:125)
         [3] _spawn_traffic (res://scripts/lower_city/lower_city.gd:187)
         [4] _ready (res://scripts/lower_city/lower_city.gd:49)
         [5] run (res://qa/td-210/capture.gd:51)
WARNING: Parent path './Body' for node 'HeadlightL' has vanished when instantiating: 'res://scenes/tripo_car_keicar.tscn'.
     at: instantiate (scene/resources/packed_scene.cpp:213)
     GDScript backtrace (most recent call first):
         [0] _ready (res://scripts/vehicle.gd:129)
         [1] _spawn_car (res://scripts/traffic/city_traffic.gd:286)
         [2] _ready (res://scripts/traffic/city_traffic.gd:125)
         [3] _spawn_traffic (res://scripts/lower_city/lower_city.gd:187)
         [4] _ready (res://scripts/lower_city/lower_city.gd:49)
         [5] run (res://qa/td-210/capture.gd:51)
WARNING: Parent path './Body' for node 'HeadlightR' has vanished when instantiating: 'res://scenes/tripo_car_keicar.tscn'.
     at: instantiate (scene/resources/packed_scene.cpp:213)
     GDScript backtrace (most recent call first):
         [0] _ready (res://scripts/vehicle.gd:129)
         [1] _spawn_car (res://scripts/traffic/city_traffic.gd:286)
         [2] _ready (res://scripts/traffic/city_traffic.gd:125)
         [3] _spawn_traffic (res://scripts/lower_city/lower_city.gd:187)
         [4] _ready (res://scripts/lower_city/lower_city.gd:49)
         [5] run (res://qa/td-210/capture.gd:51)
WARNING: TripoCarModel: Body node missing
     at: push_warning (core/variant/variant_utility.cpp:1033)
     GDScript backtrace (most recent call first):
         [0] _build_wheels (res://scripts/tripo_car_model.gd:151)
         [1] _ready (res://scripts/tripo_car_model.gd:101)
         [2] _ready (res://scripts/vehicle.gd:130)
         [3] _spawn_car (res://scripts/traffic/city_traffic.gd:286)
         [4] _ready (res://scripts/traffic/city_traffic.gd:125)
         [5] _spawn_traffic (res://scripts/lower_city/lower_city.gd:187)
         [6] _ready (res://scripts/lower_city/lower_city.gd:49)
         [7] run (res://qa/td-210/capture.gd:51)
WARNING: TripoCarModel: headlight missing: HeadlightL
     at: push_warning (core/variant/variant_utility.cpp:1033)
     GDScript backtrace (most recent call first):
         [0] _tune_headlights (res://scripts/tripo_car_model.gd:261)
         [1] _ready (res://scripts/tripo_car_model.gd:102)
         [2] _ready (res://scripts/vehicle.gd:130)
         [3] _spawn_car (res://scripts/traffic/city_traffic.gd:286)
         [4] _ready (res://scripts/traffic/city_traffic.gd:125)
         [5] _spawn_traffic (res://scripts/lower_city/lower_city.gd:187)
         [6] _ready (res://scripts/lower_city/lower_city.gd:49)
         [7] run (res://qa/td-210/capture.gd:51)
WARNING: TripoCarModel: headlight missing: HeadlightR
     at: push_warning (core/variant/variant_utility.cpp:1033)
     GDScript backtrace (most recent call first):
         [0] _tune_headlights (res://scripts/tripo_car_model.gd:261)
         [1] _ready (res://scripts/tripo_car_model.gd:102)
         [2] _ready (res://scripts/vehicle.gd:130)
         [3] _spawn_car (res://scripts/traffic/city_traffic.gd:286)
         [4] _ready (res://scripts/traffic/city_traffic.gd:125)
         [5] _spawn_traffic (res://scripts/lower_city/lower_city.gd:187)
         [6] _ready (res://scripts/lower_city/lower_city.gd:49)
         [7] run (res://qa/td-210/capture.gd:51)
WARNING: Node './Body' was modified from inside an instance, but it has vanished.
     at: instantiate (scene/resources/packed_scene.cpp:312)
     GDScript backtrace (most recent call first):
         [0] _ready (res://scripts/vehicle.gd:129)
         [1] _spawn_car (res://scripts/traffic/city_traffic.gd:286)
         [2] _ready (res://scripts/traffic/city_traffic.gd:125)
         [3] _spawn_traffic (res://scripts/lower_city/lower_city.gd:187)
         [4] _ready (res://scripts/lower_city/lower_city.gd:49)
         [5] run (res://qa/td-210/capture.gd:51)
WARNING: Parent path './Body' for node 'HeadlightL' has vanished when instantiating: 'res://scenes/tripo_car_luxury.tscn'.
     at: instantiate (scene/resources/packed_scene.cpp:213)
     GDScript backtrace (most recent call first):
         [0] _ready (res://scripts/vehicle.gd:129)
         [1] _spawn_car (res://scripts/traffic/city_traffic.gd:286)
         [2] _ready (res://scripts/traffic/city_traffic.gd:125)
         [3] _spawn_traffic (res://scripts/lower_city/lower_city.gd:187)
         [4] _ready (res://scripts/lower_city/lower_city.gd:49)
         [5] run (res://qa/td-210/capture.gd:51)
WARNING: Parent path './Body' for node 'HeadlightR' has vanished when instantiating: 'res://scenes/tripo_car_luxury.tscn'.
     at: instantiate (scene/resources/packed_scene.cpp:213)
     GDScript backtrace (most recent call first):
         [0] _ready (res://scripts/vehicle.gd:129)
         [1] _spawn_car (res://scripts/traffic/city_traffic.gd:286)
         [2] _ready (res://scripts/traffic/city_traffic.gd:125)
         [3] _spawn_traffic (res://scripts/lower_city/lower_city.gd:187)
         [4] _ready (res://scripts/lower_city/lower_city.gd:49)
         [5] run (res://qa/td-210/capture.gd:51)
WARNING: TripoCarModel: Body node missing
     at: push_warning (core/variant/variant_utility.cpp:1033)
     GDScript backtrace (most recent call first):
         [0] _build_wheels (res://scripts/tripo_car_model.gd:151)
         [1] _ready (res://scripts/tripo_car_model.gd:101)
         [2] _ready (res://scripts/vehicle.gd:130)
         [3] _spawn_car (res://scripts/traffic/city_traffic.gd:286)
         [4] _ready (res://scripts/traffic/city_traffic.gd:125)
         [5] _spawn_traffic (res://scripts/lower_city/lower_city.gd:187)
         [6] _ready (res://scripts/lower_city/lower_city.gd:49)
         [7] run (res://qa/td-210/capture.gd:51)
WARNING: TripoCarModel: headlight missing: HeadlightL
     at: push_warning (core/variant/variant_utility.cpp:1033)
     GDScript backtrace (most recent call first):
         [0] _tune_headlights (res://scripts/tripo_car_model.gd:261)
         [1] _ready (res://scripts/tripo_car_model.gd:102)
         [2] _ready (res://scripts/vehicle.gd:130)
         [3] _spawn_car (res://scripts/traffic/city_traffic.gd:286)
         [4] _ready (res://scripts/traffic/city_traffic.gd:125)
         [5] _spawn_traffic (res://scripts/lower_city/lower_city.gd:187)
         [6] _ready (res://scripts/lower_city/lower_city.gd:49)
         [7] run (res://qa/td-210/capture.gd:51)
WARNING: TripoCarModel: headlight missing: HeadlightR
     at: push_warning (core/variant/variant_utility.cpp:1033)
     GDScript backtrace (most recent call first):
         [0] _tune_headlights (res://scripts/tripo_car_model.gd:261)
         [1] _ready (res://scripts/tripo_car_model.gd:102)
         [2] _ready (res://scripts/vehicle.gd:130)
         [3] _spawn_car (res://scripts/traffic/city_traffic.gd:286)
         [4] _ready (res://scripts/traffic/city_traffic.gd:125)
         [5] _spawn_traffic (res://scripts/lower_city/lower_city.gd:187)
         [6] _ready (res://scripts/lower_city/lower_city.gd:49)
         [7] run (res://qa/td-210/capture.gd:51)
ERROR: No loader found for resource: res://models/props/td174/gas_forecourt_pad.glb (expected type: unknown)
   at: _load (core/io/resource_loader.cpp:332)
   GDScript backtrace (most recent call first):
       [0] _part (res://scripts/lower_city/fuel_station.gd:60)
       [1] _ready (res://scripts/lower_city/fuel_station.gd:21)
       [2] setup (res://scripts/lower_city/fuel_service.gd:32)
       [3] _ready (res://scripts/lower_city/lower_city.gd:55)
       [4] run (res://qa/td-210/capture.gd:51)
SCRIPT ERROR: Attempt to call function 'instantiate' in base 'null instance' on a null instance.
          at: FuelStation._part (res://scripts/lower_city/fuel_station.gd:60)
          GDScript backtrace (most recent call first):
              [0] _part (res://scripts/lower_city/fuel_station.gd:60)
              [1] _ready (res://scripts/lower_city/fuel_station.gd:21)
              [2] setup (res://scripts/lower_city/fuel_service.gd:32)
              [3] _ready (res://scripts/lower_city/lower_city.gd:55)
              [4] run (res://qa/td-210/capture.gd:51)
ERROR: No loader found for resource: res://models/props/td174/gas_canopy_roof.glb (expected type: unknown)
   at: _load (core/io/resource_loader.cpp:332)
   GDScript backtrace (most recent call first):
       [0] _part (res://scripts/lower_city/fuel_station.gd:60)
       [1] _ready (res://scripts/lower_city/fuel_station.gd:22)
       [2] setup (res://scripts/lower_city/fuel_service.gd:32)
       [3] _ready (res://scripts/lower_city/lower_city.gd:55)
       [4] run (res://qa/td-210/capture.gd:51)
SCRIPT ERROR: Attempt to call function 'instantiate' in base 'null instance' on a null instance.
          at: FuelStation._part (res://scripts/lower_city/fuel_station.gd:60)
          GDScript backtrace (most recent call first):
              [0] _part (res://scripts/lower_city/fuel_station.gd:60)
              [1] _ready (res://scripts/lower_city/fuel_station.gd:22)
              [2] setup (res://scripts/lower_city/fuel_service.gd:32)
              [3] _ready (res://scripts/lower_city/lower_city.gd:55)
              [4] run (res://qa/td-210/capture.gd:51)
ERROR: No loader found for resource: res://models/props/td174/gas_canopy_fascia_red.glb (expected type: unknown)
   at: _load (core/io/resource_loader.cpp:332)
   GDScript backtrace (most recent call first):
       [0] _part (res://scripts/lower_city/fuel_station.gd:60)
       [1] _ready (res://scripts/lower_city/fuel_station.gd:23)
       [2] setup (res://scripts/lower_city/fuel_service.gd:32)
       [3] _ready (res://scripts/lower_city/lower_city.gd:55)
       [4] run (res://qa/td-210/capture.gd:51)
SCRIPT ERROR: Attempt to call function 'instantiate' in base 'null instance' on a null instance.
          at: FuelStation._part (res://scripts/lower_city/fuel_station.gd:60)
          GDScript backtrace (most recent call first):
              [0] _part (res://scripts/lower_city/fuel_station.gd:60)
              [1] _ready (res://scripts/lower_city/fuel_station.gd:23)
              [2] setup (res://scripts/lower_city/fuel_service.gd:32)
              [3] _ready (res://scripts/lower_city/lower_city.gd:55)
              [4] run (res://qa/td-210/capture.gd:51)
ERROR: No loader found for resource: res://models/props/td174/gas_column.glb (expected type: unknown)
   at: _load (core/io/resource_loader.cpp:332)
   GDScript backtrace (most recent call first):
       [0] _part (res://scripts/lower_city/fuel_station.gd:60)
       [1] _ready (res://scripts/lower_city/fuel_station.gd:26)
       [2] setup (res://scripts/lower_city/fuel_service.gd:32)
       [3] _ready (res://scripts/lower_city/lower_city.gd:55)
       [4] run (res://qa/td-210/capture.gd:51)
SCRIPT ERROR: Attempt to call function 'instantiate' in base 'null instance' on a null instance.
          at: FuelStation._part (res://scripts/lower_city/fuel_station.gd:60)
          GDScript backtrace (most recent call first):
              [0] _part (res://scripts/lower_city/fuel_station.gd:60)
              [1] _ready (res://scripts/lower_city/fuel_station.gd:26)
              [2] setup (res://scripts/lower_city/fuel_service.gd:32)
              [3] _ready (res://scripts/lower_city/lower_city.gd:55)
              [4] run (res://qa/td-210/capture.gd:51)
ERROR: No loader found for resource: res://models/props/td174/gas_column.glb (expected type: unknown)
   at: _load (core/io/resource_loader.cpp:332)
   GDScript backtrace (most recent call first):
       [0] _part (res://scripts/lower_city/fuel_station.gd:60)
       [1] _ready (res://scripts/lower_city/fuel_station.gd:26)
       [2] setup (res://scripts/lower_city/fuel_service.gd:32)
       [3] _ready (res://scripts/lower_city/lower_city.gd:55)
       [4] run (res://qa/td-210/capture.gd:51)
SCRIPT ERROR: Attempt to call function 'instantiate' in base 'null instance' on a null instance.
          at: FuelStation._part (res://scripts/lower_city/fuel_station.gd:60)
          GDScript backtrace (most recent call first):
              [0] _part (res://scripts/lower_city/fuel_station.gd:60)
              [1] _ready (res://scripts/lower_city/fuel_station.gd:26)
              [2] setup (res://scripts/lower_city/fuel_service.gd:32)
              [3] _ready (res://scripts/lower_city/lower_city.gd:55)
              [4] run (res://qa/td-210/capture.gd:51)
ERROR: No loader found for resource: res://models/props/td174/gas_column.glb (expected type: unknown)
   at: _load (core/io/resource_loader.cpp:332)
   GDScript backtrace (most recent call first):
       [0] _part (res://scripts/lower_city/fuel_station.gd:60)
       [1] _ready (res://scripts/lower_city/fuel_station.gd:26)
       [2] setup (res://scripts/lower_city/fuel_service.gd:32)
       [3] _ready (res://scripts/lower_city/lower_city.gd:55)
       [4] run (res://qa/td-210/capture.gd:51)
SCRIPT ERROR: Attempt to call function 'instantiate' in base 'null instance' on a null instance.
          at: FuelStation._part (res://scripts/lower_city/fuel_station.gd:60)
          GDScript backtrace (most recent call first):
              [0] _part (res://scripts/lower_city/fuel_station.gd:60)
              [1] _ready (res://scripts/lower_city/fuel_station.gd:26)
              [2] setup (res://scripts/lower_city/fuel_service.gd:32)
              [3] _ready (res://scripts/lower_city/lower_city.gd:55)
              [4] run (res://qa/td-210/capture.gd:51)
ERROR: No loader found for resource: res://models/props/td174/gas_column.glb (expected type: unknown)
   at: _load (core/io/resource_loader.cpp:332)
   GDScript backtrace (most recent call first):
       [0] _part (res://scripts/lower_city/fuel_station.gd:60)
       [1] _ready (res://scripts/lower_city/fuel_station.gd:26)
       [2] setup (res://scripts/lower_city/fuel_service.gd:32)
       [3] _ready (res://scripts/lower_city/lower_city.gd:55)
       [4] run (res://qa/td-210/capture.gd:51)
SCRIPT ERROR: Attempt to call function 'instantiate' in base 'null instance' on a null instance.
          at: FuelStation._part (res://scripts/lower_city/fuel_station.gd:60)
          GDScript backtrace (most recent call first):
              [0] _part (res://scripts/lower_city/fuel_station.gd:60)
              [1] _ready (res://scripts/lower_city/fuel_station.gd:26)
              [2] setup (res://scripts/lower_city/fuel_service.gd:32)
              [3] _ready (res://scripts/lower_city/lower_city.gd:55)
              [4] run (res://qa/td-210/capture.gd:51)
ERROR: No loader found for resource: res://models/props/td174/gas_column.glb (expected type: unknown)
   at: _load (core/io/resource_loader.cpp:332)
   GDScript backtrace (most recent call first):
       [0] _part (res://scripts/lower_city/fuel_station.gd:60)
       [1] _ready (res://scripts/lower_city/fuel_station.gd:26)
       [2] setup (res://scripts/lower_city/fuel_service.gd:32)
       [3] _ready (res://scripts/lower_city/lower_city.gd:55)
       [4] run (res://qa/td-210/capture.gd:51)
SCRIPT ERROR: Attempt to call function 'instantiate' in base 'null instance' on a null instance.
          at: FuelStation._part (res://scripts/lower_city/fuel_station.gd:60)
          GDScript backtrace (most recent call first):
              [0] _part (res://scripts/lower_city/fuel_station.gd:60)
              [1] _ready (res://scripts/lower_city/fuel_station.gd:26)
              [2] setup (res://scripts/lower_city/fuel_service.gd:32)
              [3] _ready (res://scripts/lower_city/lower_city.gd:55)
              [4] run (res://qa/td-210/capture.gd:51)
ERROR: No loader found for resource: res://models/props/td174/gas_column.glb (expected type: unknown)
   at: _load (core/io/resource_loader.cpp:332)
   GDScript backtrace (most recent call first):
       [0] _part (res://scripts/lower_city/fuel_station.gd:60)
       [1] _ready (res://scripts/lower_city/fuel_station.gd:26)
       [2] setup (res://scripts/lower_city/fuel_service.gd:32)
       [3] _ready (res://scripts/lower_city/lower_city.gd:55)
       [4] run (res://qa/td-210/capture.gd:51)
SCRIPT ERROR: Attempt to call function 'instantiate' in base 'null instance' on a null instance.
          at: FuelStation._part (res://scripts/lower_city/fuel_station.gd:60)
          GDScript backtrace (most recent call first):
              [0] _part (res://scripts/lower_city/fuel_station.gd:60)
              [1] _ready (res://scripts/lower_city/fuel_station.gd:26)
              [2] setup (res://scripts/lower_city/fuel_service.gd:32)
              [3] _ready (res://scripts/lower_city/lower_city.gd:55)
              [4] run (res://qa/td-210/capture.gd:51)
ERROR: No loader found for resource: res://models/props/td174/gas_column.glb (expected type: unknown)
   at: _load (core/io/resource_loader.cpp:332)
   GDScript backtrace (most recent call first):
       [0] _part (res://scripts/lower_city/fuel_station.gd:60)
       [1] _ready (res://scripts/lower_city/fuel_station.gd:26)
       [2] setup (res://scripts/lower_city/fuel_service.gd:32)
       [3] _ready (res://scripts/lower_city/lower_city.gd:55)
       [4] run (res://qa/td-210/capture.gd:51)
SCRIPT ERROR: Attempt to call function 'instantiate' in base 'null instance' on a null instance.
          at: FuelStation._part (res://scripts/lower_city/fuel_station.gd:60)
          GDScript backtrace (most recent call first):
              [0] _part (res://scripts/lower_city/fuel_station.gd:60)
              [1] _ready (res://scripts/lower_city/fuel_station.gd:26)
              [2] setup (res://scripts/lower_city/fuel_service.gd:32)
              [3] _ready (res://scripts/lower_city/lower_city.gd:55)
              [4] run (res://qa/td-210/capture.gd:51)
ERROR: No loader found for resource: res://models/props/td174/gas_column.glb (expected type: unknown)
   at: _load (core/io/resource_loader.cpp:332)
   GDScript backtrace (most recent call first):
       [0] _part (res://scripts/lower_city/fuel_station.gd:60)
       [1] _ready (res://scripts/lower_city/fuel_station.gd:26)
       [2] setup (res://scripts/lower_city/fuel_service.gd:32)
       [3] _ready (res://scripts/lower_city/lower_city.gd:55)
       [4] run (res://qa/td-210/capture.gd:51)
SCRIPT ERROR: Attempt to call function 'instantiate' in base 'null instance' on a null instance.
          at: FuelStation._part (res://scripts/lower_city/fuel_station.gd:60)
          GDScript backtrace (most recent call first):
              [0] _part (res://scripts/lower_city/fuel_station.gd:60)
              [1] _ready (res://scripts/lower_city/fuel_station.gd:26)
              [2] setup (res://scripts/lower_city/fuel_service.gd:32)
              [3] _ready (res://scripts/lower_city/lower_city.gd:55)
              [4] run (res://qa/td-210/capture.gd:51)
ERROR: No loader found for resource: res://models/props/td174/gas_pump_island.glb (expected type: unknown)
   at: _load (core/io/resource_loader.cpp:332)
   GDScript backtrace (most recent call first):
       [0] _part (res://scripts/lower_city/fuel_station.gd:60)
       [1] _ready (res://scripts/lower_city/fuel_station.gd:29)
       [2] setup (res://scripts/lower_city/fuel_service.gd:32)
       [3] _ready (res://scripts/lower_city/lower_city.gd:55)
       [4] run (res://qa/td-210/capture.gd:51)
SCRIPT ERROR: Attempt to call function 'instantiate' in base 'null instance' on a null instance.
          at: FuelStation._part (res://scripts/lower_city/fuel_station.gd:60)
          GDScript backtrace (most recent call first):
              [0] _part (res://scripts/lower_city/fuel_station.gd:60)
              [1] _ready (res://scripts/lower_city/fuel_station.gd:29)
              [2] setup (res://scripts/lower_city/fuel_service.gd:32)
              [3] _ready (res://scripts/lower_city/lower_city.gd:55)
              [4] run (res://qa/td-210/capture.gd:51)
ERROR: No loader found for resource: res://models/props/td174/gas_pump_red.glb (expected type: unknown)
   at: _load (core/io/resource_loader.cpp:332)
   GDScript backtrace (most recent call first):
       [0] _part (res://scripts/lower_city/fuel_station.gd:60)
       [1] _ready (res://scripts/lower_city/fuel_station.gd:32)
       [2] setup (res://scripts/lower_city/fuel_service.gd:32)
       [3] _ready (res://scripts/lower_city/lower_city.gd:55)
       [4] run (res://qa/td-210/capture.gd:51)
SCRIPT ERROR: Attempt to call function 'instantiate' in base 'null instance' on a null instance.
          at: FuelStation._part (res://scripts/lower_city/fuel_station.gd:60)
          GDScript backtrace (most recent call first):
              [0] _part (res://scripts/lower_city/fuel_station.gd:60)
              [1] _ready (res://scripts/lower_city/fuel_station.gd:32)
              [2] setup (res://scripts/lower_city/fuel_service.gd:32)
              [3] _ready (res://scripts/lower_city/lower_city.gd:55)
              [4] run (res://qa/td-210/capture.gd:51)
ERROR: No loader found for resource: res://models/props/td174/gas_hose_boom.glb (expected type: unknown)
   at: _load (core/io/resource_loader.cpp:332)
   GDScript backtrace (most recent call first):
       [0] _part (res://scripts/lower_city/fuel_station.gd:60)
       [1] _ready (res://scripts/lower_city/fuel_station.gd:33)
       [2] setup (res://scripts/lower_city/fuel_service.gd:32)
       [3] _ready (res://scripts/lower_city/lower_city.gd:55)
       [4] run (res://qa/td-210/capture.gd:51)
SCRIPT ERROR: Attempt to call function 'instantiate' in base 'null instance' on a null instance.
          at: FuelStation._part (res://scripts/lower_city/fuel_station.gd:60)
          GDScript backtrace (most recent call first):
              [0] _part (res://scripts/lower_city/fuel_station.gd:60)
              [1] _ready (res://scripts/lower_city/fuel_station.gd:33)
              [2] setup (res://scripts/lower_city/fuel_service.gd:32)
              [3] _ready (res://scripts/lower_city/lower_city.gd:55)
              [4] run (res://qa/td-210/capture.gd:51)
ERROR: No loader found for resource: res://models/props/td174/gas_pump_red.glb (expected type: unknown)
   at: _load (core/io/resource_loader.cpp:332)
   GDScript backtrace (most recent call first):
       [0] _part (res://scripts/lower_city/fuel_station.gd:60)
       [1] _ready (res://scripts/lower_city/fuel_station.gd:32)
       [2] setup (res://scripts/lower_city/fuel_service.gd:32)
       [3] _ready (res://scripts/lower_city/lower_city.gd:55)
       [4] run (res://qa/td-210/capture.gd:51)
SCRIPT ERROR: Attempt to call function 'instantiate' in base 'null instance' on a null instance.
          at: FuelStation._part (res://scripts/lower_city/fuel_station.gd:60)
          GDScript backtrace (most recent call first):
              [0] _part (res://scripts/lower_city/fuel_station.gd:60)
              [1] _ready (res://scripts/lower_city/fuel_station.gd:32)
              [2] setup (res://scripts/lower_city/fuel_service.gd:32)
              [3] _ready (res://scripts/lower_city/lower_city.gd:55)
              [4] run (res://qa/td-210/capture.gd:51)
ERROR: No loader found for resource: res://models/props/td174/gas_hose_boom.glb (expected type: unknown)
   at: _load (core/io/resource_loader.cpp:332)
   GDScript backtrace (most recent call first):
       [0] _part (res://scripts/lower_city/fuel_station.gd:60)
       [1] _ready (res://scripts/lower_city/fuel_station.gd:33)
       [2] setup (res://scripts/lower_city/fuel_service.gd:32)
       [3] _ready (res://scripts/lower_city/lower_city.gd:55)
       [4] run (res://qa/td-210/capture.gd:51)
SCRIPT ERROR: Attempt to call function 'instantiate' in base 'null instance' on a null instance.
          at: FuelStation._part (res://scripts/lower_city/fuel_station.gd:60)
          GDScript backtrace (most recent call first):
              [0] _part (res://scripts/lower_city/fuel_station.gd:60)
              [1] _ready (res://scripts/lower_city/fuel_station.gd:33)
              [2] setup (res://scripts/lower_city/fuel_service.gd:32)
              [3] _ready (res://scripts/lower_city/lower_city.gd:55)
              [4] run (res://qa/td-210/capture.gd:51)
ERROR: No loader found for resource: res://models/props/td174/gas_pump_island.glb (expected type: unknown)
   at: _load (core/io/resource_loader.cpp:332)
   GDScript backtrace (most recent call first):
       [0] _part (res://scripts/lower_city/fuel_station.gd:60)
       [1] _ready (res://scripts/lower_city/fuel_station.gd:29)
       [2] setup (res://scripts/lower_city/fuel_service.gd:32)
       [3] _ready (res://scripts/lower_city/lower_city.gd:55)
       [4] run (res://qa/td-210/capture.gd:51)
SCRIPT ERROR: Attempt to call function 'instantiate' in base 'null instance' on a null instance.
          at: FuelStation._part (res://scripts/lower_city/fuel_station.gd:60)
          GDScript backtrace (most recent call first):
              [0] _part (res://scripts/lower_city/fuel_station.gd:60)
              [1] _ready (res://scripts/lower_city/fuel_station.gd:29)
              [2] setup (res://scripts/lower_city/fuel_service.gd:32)
              [3] _ready (res://scripts/lower_city/lower_city.gd:55)
              [4] run (res://qa/td-210/capture.gd:51)
ERROR: No loader found for resource: res://models/props/td174/gas_pump_red.glb (expected type: unknown)
   at: _load (core/io/resource_loader.cpp:332)
   GDScript backtrace (most recent call first):
       [0] _part (res://scripts/lower_city/fuel_station.gd:60)
       [1] _ready (res://scripts/lower_city/fuel_station.gd:32)
       [2] setup (res://scripts/lower_city/fuel_service.gd:32)
       [3] _ready (res://scripts/lower_city/lower_city.gd:55)
       [4] run (res://qa/td-210/capture.gd:51)
SCRIPT ERROR: Attempt to call function 'instantiate' in base 'null instance' on a null instance.
          at: FuelStation._part (res://scripts/lower_city/fuel_station.gd:60)
          GDScript backtrace (most recent call first):
              [0] _part (res://scripts/lower_city/fuel_station.gd:60)
              [1] _ready (res://scripts/lower_city/fuel_station.gd:32)
              [2] setup (res://scripts/lower_city/fuel_service.gd:32)
              [3] _ready (res://scripts/lower_city/lower_city.gd:55)
              [4] run (res://qa/td-210/capture.gd:51)
ERROR: No loader found for resource: res://models/props/td174/gas_hose_boom.glb (expected type: unknown)
   at: _load (core/io/resource_loader.cpp:332)
   GDScript backtrace (most recent call first):
       [0] _part (res://scripts/lower_city/fuel_station.gd:60)
       [1] _ready (res://scripts/lower_city/fuel_station.gd:33)
       [2] setup (res://scripts/lower_city/fuel_service.gd:32)
       [3] _ready (res://scripts/lower_city/lower_city.gd:55)
       [4] run (res://qa/td-210/capture.gd:51)
SCRIPT ERROR: Attempt to call function 'instantiate' in base 'null instance' on a null instance.
          at: FuelStation._part (res://scripts/lower_city/fuel_station.gd:60)
          GDScript backtrace (most recent call first):
              [0] _part (res://scripts/lower_city/fuel_station.gd:60)
              [1] _ready (res://scripts/lower_city/fuel_station.gd:33)
              [2] setup (res://scripts/lower_city/fuel_service.gd:32)
              [3] _ready (res://scripts/lower_city/lower_city.gd:55)
              [4] run (res://qa/td-210/capture.gd:51)
ERROR: No loader found for resource: res://models/props/td174/gas_pump_red.glb (expected type: unknown)
   at: _load (core/io/resource_loader.cpp:332)
   GDScript backtrace (most recent call first):
       [0] _part (res://scripts/lower_city/fuel_station.gd:60)
       [1] _ready (res://scripts/lower_city/fuel_station.gd:32)
       [2] setup (res://scripts/lower_city/fuel_service.gd:32)
       [3] _ready (res://scripts/lower_city/lower_city.gd:55)
       [4] run (res://qa/td-210/capture.gd:51)
SCRIPT ERROR: Attempt to call function 'instantiate' in base 'null instance' on a null instance.
          at: FuelStation._part (res://scripts/lower_city/fuel_station.gd:60)
          GDScript backtrace (most recent call first):
              [0] _part (res://scripts/lower_city/fuel_station.gd:60)
              [1] _ready (res://scripts/lower_city/fuel_station.gd:32)
              [2] setup (res://scripts/lower_city/fuel_service.gd:32)
              [3] _ready (res://scripts/lower_city/lower_city.gd:55)
              [4] run (res://qa/td-210/capture.gd:51)
ERROR: No loader found for resource: res://models/props/td174/gas_hose_boom.glb (expected type: unknown)
   at: _load (core/io/resource_loader.cpp:332)
   GDScript backtrace (most recent call first):
       [0] _part (res://scripts/lower_city/fuel_station.gd:60)
       [1] _ready (res://scripts/lower_city/fuel_station.gd:33)
       [2] setup (res://scripts/lower_city/fuel_service.gd:32)
       [3] _ready (res://scripts/lower_city/lower_city.gd:55)
       [4] run (res://qa/td-210/capture.gd:51)
SCRIPT ERROR: Attempt to call function 'instantiate' in base 'null instance' on a null instance.
          at: FuelStation._part (res://scripts/lower_city/fuel_station.gd:60)
          GDScript backtrace (most recent call first):
              [0] _part (res://scripts/lower_city/fuel_station.gd:60)
              [1] _ready (res://scripts/lower_city/fuel_station.gd:33)
              [2] setup (res://scripts/lower_city/fuel_service.gd:32)
              [3] _ready (res://scripts/lower_city/lower_city.gd:55)
              [4] run (res://qa/td-210/capture.gd:51)
ERROR: No loader found for resource: res://models/props/td174/gas_kiosk.glb (expected type: unknown)
   at: _load (core/io/resource_loader.cpp:332)
   GDScript backtrace (most recent call first):
       [0] _part (res://scripts/lower_city/fuel_station.gd:60)
       [1] _ready (res://scripts/lower_city/fuel_station.gd:34)
       [2] setup (res://scripts/lower_city/fuel_service.gd:32)
       [3] _ready (res://scripts/lower_city/lower_city.gd:55)
       [4] run (res://qa/td-210/capture.gd:51)
SCRIPT ERROR: Attempt to call function 'instantiate' in base 'null instance' on a null instance.
          at: FuelStation._part (res://scripts/lower_city/fuel_station.gd:60)
          GDScript backtrace (most recent call first):
              [0] _part (res://scripts/lower_city/fuel_station.gd:60)
              [1] _ready (res://scripts/lower_city/fuel_station.gd:34)
              [2] setup (res://scripts/lower_city/fuel_service.gd:32)
              [3] _ready (res://scripts/lower_city/lower_city.gd:55)
              [4] run (res://qa/td-210/capture.gd:51)
ERROR: No loader found for resource: res://models/props/td174/gas_forecourt_pad.glb (expected type: unknown)
   at: _load (core/io/resource_loader.cpp:332)
   GDScript backtrace (most recent call first):
       [0] _part (res://scripts/lower_city/fuel_station.gd:60)
       [1] _ready (res://scripts/lower_city/fuel_station.gd:21)
       [2] setup (res://scripts/lower_city/fuel_service.gd:32)
       [3] _ready (res://scripts/lower_city/lower_city.gd:55)
       [4] run (res://qa/td-210/capture.gd:51)
SCRIPT ERROR: Attempt to call function 'instantiate' in base 'null instance' on a null instance.
          at: FuelStation._part (res://scripts/lower_city/fuel_station.gd:60)
          GDScript backtrace (most recent call first):
              [0] _part (res://scripts/lower_city/fuel_station.gd:60)
              [1] _ready (res://scripts/lower_city/fuel_station.gd:21)
              [2] setup (res://scripts/lower_city/fuel_service.gd:32)
              [3] _ready (res://scripts/lower_city/lower_city.gd:55)
              [4] run (res://qa/td-210/capture.gd:51)
ERROR: No loader found for resource: res://models/props/td174/gas_canopy_roof.glb (expected type: unknown)
   at: _load (core/io/resource_loader.cpp:332)
   GDScript backtrace (most recent call first):
       [0] _part (res://scripts/lower_city/fuel_station.gd:60)
       [1] _ready (res://scripts/lower_city/fuel_station.gd:22)
       [2] setup (res://scripts/lower_city/fuel_service.gd:32)
       [3] _ready (res://scripts/lower_city/lower_city.gd:55)
       [4] run (res://qa/td-210/capture.gd:51)
SCRIPT ERROR: Attempt to call function 'instantiate' in base 'null instance' on a null instance.
          at: FuelStation._part (res://scripts/lower_city/fuel_station.gd:60)
          GDScript backtrace (most recent call first):
              [0] _part (res://scripts/lower_city/fuel_station.gd:60)
              [1] _ready (res://scripts/lower_city/fuel_station.gd:22)
              [2] setup (res://scripts/lower_city/fuel_service.gd:32)
              [3] _ready (res://scripts/lower_city/lower_city.gd:55)
              [4] run (res://qa/td-210/capture.gd:51)
ERROR: No loader found for resource: res://models/props/td174/gas_canopy_fascia_blue.glb (expected type: unknown)
   at: _load (core/io/resource_loader.cpp:332)
   GDScript backtrace (most recent call first):
       [0] _part (res://scripts/lower_city/fuel_station.gd:60)
       [1] _ready (res://scripts/lower_city/fuel_station.gd:23)
       [2] setup (res://scripts/lower_city/fuel_service.gd:32)
       [3] _ready (res://scripts/lower_city/lower_city.gd:55)
       [4] run (res://qa/td-210/capture.gd:51)
SCRIPT ERROR: Attempt to call function 'instantiate' in base 'null instance' on a null instance.
          at: FuelStation._part (res://scripts/lower_city/fuel_station.gd:60)
          GDScript backtrace (most recent call first):
              [0] _part (res://scripts/lower_city/fuel_station.gd:60)
              [1] _ready (res://scripts/lower_city/fuel_station.gd:23)
              [2] setup (res://scripts/lower_city/fuel_service.gd:32)
              [3] _ready (res://scripts/lower_city/lower_city.gd:55)
              [4] run (res://qa/td-210/capture.gd:51)
ERROR: No loader found for resource: res://models/props/td174/gas_column.glb (expected type: unknown)
   at: _load (core/io/resource_loader.cpp:332)
   GDScript backtrace (most recent call first):
       [0] _part (res://scripts/lower_city/fuel_station.gd:60)
       [1] _ready (res://scripts/lower_city/fuel_station.gd:26)
       [2] setup (res://scripts/lower_city/fuel_service.gd:32)
       [3] _ready (res://scripts/lower_city/lower_city.gd:55)
       [4] run (res://qa/td-210/capture.gd:51)
SCRIPT ERROR: Attempt to call function 'instantiate' in base 'null instance' on a null instance.
          at: FuelStation._part (res://scripts/lower_city/fuel_station.gd:60)
          GDScript backtrace (most recent call first):
              [0] _part (res://scripts/lower_city/fuel_station.gd:60)
              [1] _ready (res://scripts/lower_city/fuel_station.gd:26)
              [2] setup (res://scripts/lower_city/fuel_service.gd:32)
              [3] _ready (res://scripts/lower_city/lower_city.gd:55)
              [4] run (res://qa/td-210/capture.gd:51)
ERROR: No loader found for resource: res://models/props/td174/gas_column.glb (expected type: unknown)
   at: _load (core/io/resource_loader.cpp:332)
   GDScript backtrace (most recent call first):
       [0] _part (res://scripts/lower_city/fuel_station.gd:60)
       [1] _ready (res://scripts/lower_city/fuel_station.gd:26)
       [2] setup (res://scripts/lower_city/fuel_service.gd:32)
       [3] _ready (res://scripts/lower_city/lower_city.gd:55)
       [4] run (res://qa/td-210/capture.gd:51)
SCRIPT ERROR: Attempt to call function 'instantiate' in base 'null instance' on a null instance.
          at: FuelStation._part (res://scripts/lower_city/fuel_station.gd:60)
          GDScript backtrace (most recent call first):
              [0] _part (res://scripts/lower_city/fuel_station.gd:60)
              [1] _ready (res://scripts/lower_city/fuel_station.gd:26)
              [2] setup (res://scripts/lower_city/fuel_service.gd:32)
              [3] _ready (res://scripts/lower_city/lower_city.gd:55)
              [4] run (res://qa/td-210/capture.gd:51)
ERROR: No loader found for resource: res://models/props/td174/gas_column.glb (expected type: unknown)
   at: _load (core/io/resource_loader.cpp:332)
   GDScript backtrace (most recent call first):
       [0] _part (res://scripts/lower_city/fuel_station.gd:60)
       [1] _ready (res://scripts/lower_city/fuel_station.gd:26)
       [2] setup (res://scripts/lower_city/fuel_service.gd:32)
       [3] _ready (res://scripts/lower_city/lower_city.gd:55)
       [4] run (res://qa/td-210/capture.gd:51)
SCRIPT ERROR: Attempt to call function 'instantiate' in base 'null instance' on a null instance.
          at: FuelStation._part (res://scripts/lower_city/fuel_station.gd:60)
          GDScript backtrace (most recent call first):
              [0] _part (res://scripts/lower_city/fuel_station.gd:60)
              [1] _ready (res://scripts/lower_city/fuel_station.gd:26)
              [2] setup (res://scripts/lower_city/fuel_service.gd:32)
              [3] _ready (res://scripts/lower_city/lower_city.gd:55)
              [4] run (res://qa/td-210/capture.gd:51)
ERROR: No loader found for resource: res://models/props/td174/gas_column.glb (expected type: unknown)
   at: _load (core/io/resource_loader.cpp:332)
   GDScript backtrace (most recent call first):
       [0] _part (res://scripts/lower_city/fuel_station.gd:60)
       [1] _ready (res://scripts/lower_city/fuel_station.gd:26)
       [2] setup (res://scripts/lower_city/fuel_service.gd:32)
       [3] _ready (res://scripts/lower_city/lower_city.gd:55)
       [4] run (res://qa/td-210/capture.gd:51)
SCRIPT ERROR: Attempt to call function 'instantiate' in base 'null instance' on a null instance.
          at: FuelStation._part (res://scripts/lower_city/fuel_station.gd:60)
          GDScript backtrace (most recent call first):
              [0] _part (res://scripts/lower_city/fuel_station.gd:60)
              [1] _ready (res://scripts/lower_city/fuel_station.gd:26)
              [2] setup (res://scripts/lower_city/fuel_service.gd:32)
              [3] _ready (res://scripts/lower_city/lower_city.gd:55)
              [4] run (res://qa/td-210/capture.gd:51)
ERROR: No loader found for resource: res://models/props/td174/gas_column.glb (expected type: unknown)
   at: _load (core/io/resource_loader.cpp:332)
   GDScript backtrace (most recent call first):
       [0] _part (res://scripts/lower_city/fuel_station.gd:60)
       [1] _ready (res://scripts/lower_city/fuel_station.gd:26)
       [2] setup (res://scripts/lower_city/fuel_service.gd:32)
       [3] _ready (res://scripts/lower_city/lower_city.gd:55)
       [4] run (res://qa/td-210/capture.gd:51)
SCRIPT ERROR: Attempt to call function 'instantiate' in base 'null instance' on a null instance.
          at: FuelStation._part (res://scripts/lower_city/fuel_station.gd:60)
          GDScript backtrace (most recent call first):
              [0] _part (res://scripts/lower_city/fuel_station.gd:60)
              [1] _ready (res://scripts/lower_city/fuel_station.gd:26)
              [2] setup (res://scripts/lower_city/fuel_service.gd:32)
              [3] _ready (res://scripts/lower_city/lower_city.gd:55)
              [4] run (res://qa/td-210/capture.gd:51)
ERROR: No loader found for resource: res://models/props/td174/gas_column.glb (expected type: unknown)
   at: _load (core/io/resource_loader.cpp:332)
   GDScript backtrace (most recent call first):
       [0] _part (res://scripts/lower_city/fuel_station.gd:60)
       [1] _ready (res://scripts/lower_city/fuel_station.gd:26)
       [2] setup (res://scripts/lower_city/fuel_service.gd:32)
       [3] _ready (res://scripts/lower_city/lower_city.gd:55)
       [4] run (res://qa/td-210/capture.gd:51)
SCRIPT ERROR: Attempt to call function 'instantiate' in base 'null instance' on a null instance.
          at: FuelStation._part (res://scripts/lower_city/fuel_station.gd:60)
          GDScript backtrace (most recent call first):
              [0] _part (res://scripts/lower_city/fuel_station.gd:60)
              [1] _ready (res://scripts/lower_city/fuel_station.gd:26)
              [2] setup (res://scripts/lower_city/fuel_service.gd:32)
              [3] _ready (res://scripts/lower_city/lower_city.gd:55)
              [4] run (res://qa/td-210/capture.gd:51)
ERROR: No loader found for resource: res://models/props/td174/gas_column.glb (expected type: unknown)
   at: _load (core/io/resource_loader.cpp:332)
   GDScript backtrace (most recent call first):
       [0] _part (res://scripts/lower_city/fuel_station.gd:60)
       [1] _ready (res://scripts/lower_city/fuel_station.gd:26)
       [2] setup (res://scripts/lower_city/fuel_service.gd:32)
       [3] _ready (res://scripts/lower_city/lower_city.gd:55)
       [4] run (res://qa/td-210/capture.gd:51)
SCRIPT ERROR: Attempt to call function 'instantiate' in base 'null instance' on a null instance.
          at: FuelStation._part (res://scripts/lower_city/fuel_station.gd:60)
          GDScript backtrace (most recent call first):
              [0] _part (res://scripts/lower_city/fuel_station.gd:60)
              [1] _ready (res://scripts/lower_city/fuel_station.gd:26)
              [2] setup (res://scripts/lower_city/fuel_service.gd:32)
              [3] _ready (res://scripts/lower_city/lower_city.gd:55)
              [4] run (res://qa/td-210/capture.gd:51)
ERROR: No loader found for resource: res://models/props/td174/gas_column.glb (expected type: unknown)
   at: _load (core/io/resource_loader.cpp:332)
   GDScript backtrace (most recent call first):
       [0] _part (res://scripts/lower_city/fuel_station.gd:60)
       [1] _ready (res://scripts/lower_city/fuel_station.gd:26)
       [2] setup (res://scripts/lower_city/fuel_service.gd:32)
       [3] _ready (res://scripts/lower_city/lower_city.gd:55)
       [4] run (res://qa/td-210/capture.gd:51)
SCRIPT ERROR: Attempt to call function 'instantiate' in base 'null instance' on a null instance.
          at: FuelStation._part (res://scripts/lower_city/fuel_station.gd:60)
          GDScript backtrace (most recent call first):
              [0] _part (res://scripts/lower_city/fuel_station.gd:60)
              [1] _ready (res://scripts/lower_city/fuel_station.gd:26)
              [2] setup (res://scripts/lower_city/fuel_service.gd:32)
              [3] _ready (res://scripts/lower_city/lower_city.gd:55)
              [4] run (res://qa/td-210/capture.gd:51)
ERROR: No loader found for resource: res://models/props/td174/gas_pump_island.glb (expected type: unknown)
   at: _load (core/io/resource_loader.cpp:332)
   GDScript backtrace (most recent call first):
       [0] _part (res://scripts/lower_city/fuel_station.gd:60)
       [1] _ready (res://scripts/lower_city/fuel_station.gd:29)
       [2] setup (res://scripts/lower_city/fuel_service.gd:32)
       [3] _ready (res://scripts/lower_city/lower_city.gd:55)
       [4] run (res://qa/td-210/capture.gd:51)
SCRIPT ERROR: Attempt to call function 'instantiate' in base 'null instance' on a null instance.
          at: FuelStation._part (res://scripts/lower_city/fuel_station.gd:60)
          GDScript backtrace (most recent call first):
              [0] _part (res://scripts/lower_city/fuel_station.gd:60)
              [1] _ready (res://scripts/lower_city/fuel_station.gd:29)
              [2] setup (res://scripts/lower_city/fuel_service.gd:32)
              [3] _ready (res://scripts/lower_city/lower_city.gd:55)
              [4] run (res://qa/td-210/capture.gd:51)
ERROR: No loader found for resource: res://models/props/td174/gas_pump_blue.glb (expected type: unknown)
   at: _load (core/io/resource_loader.cpp:332)
   GDScript backtrace (most recent call first):
       [0] _part (res://scripts/lower_city/fuel_station.gd:60)
       [1] _ready (res://scripts/lower_city/fuel_station.gd:32)
       [2] setup (res://scripts/lower_city/fuel_service.gd:32)
       [3] _ready (res://scripts/lower_city/lower_city.gd:55)
       [4] run (res://qa/td-210/capture.gd:51)
SCRIPT ERROR: Attempt to call function 'instantiate' in base 'null instance' on a null instance.
          at: FuelStation._part (res://scripts/lower_city/fuel_station.gd:60)
          GDScript backtrace (most recent call first):
              [0] _part (res://scripts/lower_city/fuel_station.gd:60)
              [1] _ready (res://scripts/lower_city/fuel_station.gd:32)
              [2] setup (res://scripts/lower_city/fuel_service.gd:32)
              [3] _ready (res://scripts/lower_city/lower_city.gd:55)
              [4] run (res://qa/td-210/capture.gd:51)
ERROR: No loader found for resource: res://models/props/td174/gas_hose_boom.glb (expected type: unknown)
   at: _load (core/io/resource_loader.cpp:332)
   GDScript backtrace (most recent call first):
       [0] _part (res://scripts/lower_city/fuel_station.gd:60)
       [1] _ready (res://scripts/lower_city/fuel_station.gd:33)
       [2] setup (res://scripts/lower_city/fuel_service.gd:32)
       [3] _ready (res://scripts/lower_city/lower_city.gd:55)
       [4] run (res://qa/td-210/capture.gd:51)
SCRIPT ERROR: Attempt to call function 'instantiate' in base 'null instance' on a null instance.
          at: FuelStation._part (res://scripts/lower_city/fuel_station.gd:60)
          GDScript backtrace (most recent call first):
              [0] _part (res://scripts/lower_city/fuel_station.gd:60)
              [1] _ready (res://scripts/lower_city/fuel_station.gd:33)
              [2] setup (res://scripts/lower_city/fuel_service.gd:32)
              [3] _ready (res://scripts/lower_city/lower_city.gd:55)
              [4] run (res://qa/td-210/capture.gd:51)
ERROR: No loader found for resource: res://models/props/td174/gas_pump_blue.glb (expected type: unknown)
   at: _load (core/io/resource_loader.cpp:332)
   GDScript backtrace (most recent call first):
       [0] _part (res://scripts/lower_city/fuel_station.gd:60)
       [1] _ready (res://scripts/lower_city/fuel_station.gd:32)
       [2] setup (res://scripts/lower_city/fuel_service.gd:32)
       [3] _ready (res://scripts/lower_city/lower_city.gd:55)
       [4] run (res://qa/td-210/capture.gd:51)
SCRIPT ERROR: Attempt to call function 'instantiate' in base 'null instance' on a null instance.
          at: FuelStation._part (res://scripts/lower_city/fuel_station.gd:60)
          GDScript backtrace (most recent call first):
              [0] _part (res://scripts/lower_city/fuel_station.gd:60)
              [1] _ready (res://scripts/lower_city/fuel_station.gd:32)
              [2] setup (res://scripts/lower_city/fuel_service.gd:32)
              [3] _ready (res://scripts/lower_city/lower_city.gd:55)
              [4] run (res://qa/td-210/capture.gd:51)
ERROR: No loader found for resource: res://models/props/td174/gas_hose_boom.glb (expected type: unknown)
   at: _load (core/io/resource_loader.cpp:332)
   GDScript backtrace (most recent call first):
       [0] _part (res://scripts/lower_city/fuel_station.gd:60)
       [1] _ready (res://scripts/lower_city/fuel_station.gd:33)
       [2] setup (res://scripts/lower_city/fuel_service.gd:32)
       [3] _ready (res://scripts/lower_city/lower_city.gd:55)
       [4] run (res://qa/td-210/capture.gd:51)
SCRIPT ERROR: Attempt to call function 'instantiate' in base 'null instance' on a null instance.
          at: FuelStation._part (res://scripts/lower_city/fuel_station.gd:60)
          GDScript backtrace (most recent call first):
              [0] _part (res://scripts/lower_city/fuel_station.gd:60)
              [1] _ready (res://scripts/lower_city/fuel_station.gd:33)
              [2] setup (res://scripts/lower_city/fuel_service.gd:32)
              [3] _ready (res://scripts/lower_city/lower_city.gd:55)
              [4] run (res://qa/td-210/capture.gd:51)
ERROR: No loader found for resource: res://models/props/td174/gas_pump_island.glb (expected type: unknown)
   at: _load (core/io/resource_loader.cpp:332)
   GDScript backtrace (most recent call first):
       [0] _part (res://scripts/lower_city/fuel_station.gd:60)
       [1] _ready (res://scripts/lower_city/fuel_station.gd:29)
       [2] setup (res://scripts/lower_city/fuel_service.gd:32)
       [3] _ready (res://scripts/lower_city/lower_city.gd:55)
       [4] run (res://qa/td-210/capture.gd:51)
SCRIPT ERROR: Attempt to call function 'instantiate' in base 'null instance' on a null instance.
          at: FuelStation._part (res://scripts/lower_city/fuel_station.gd:60)
          GDScript backtrace (most recent call first):
              [0] _part (res://scripts/lower_city/fuel_station.gd:60)
              [1] _ready (res://scripts/lower_city/fuel_station.gd:29)
              [2] setup (res://scripts/lower_city/fuel_service.gd:32)
              [3] _ready (res://scripts/lower_city/lower_city.gd:55)
              [4] run (res://qa/td-210/capture.gd:51)
ERROR: No loader found for resource: res://models/props/td174/gas_pump_blue.glb (expected type: unknown)
   at: _load (core/io/resource_loader.cpp:332)
   GDScript backtrace (most recent call first):
       [0] _part (res://scripts/lower_city/fuel_station.gd:60)
       [1] _ready (res://scripts/lower_city/fuel_station.gd:32)
       [2] setup (res://scripts/lower_city/fuel_service.gd:32)
       [3] _ready (res://scripts/lower_city/lower_city.gd:55)
       [4] run (res://qa/td-210/capture.gd:51)
SCRIPT ERROR: Attempt to call function 'instantiate' in base 'null instance' on a null instance.
          at: FuelStation._part (res://scripts/lower_city/fuel_station.gd:60)
          GDScript backtrace (most recent call first):
              [0] _part (res://scripts/lower_city/fuel_station.gd:60)
              [1] _ready (res://scripts/lower_city/fuel_station.gd:32)
              [2] setup (res://scripts/lower_city/fuel_service.gd:32)
              [3] _ready (res://scripts/lower_city/lower_city.gd:55)
              [4] run (res://qa/td-210/capture.gd:51)
ERROR: No loader found for resource: res://models/props/td174/gas_hose_boom.glb (expected type: unknown)
   at: _load (core/io/resource_loader.cpp:332)
   GDScript backtrace (most recent call first):
       [0] _part (res://scripts/lower_city/fuel_station.gd:60)
       [1] _ready (res://scripts/lower_city/fuel_station.gd:33)
       [2] setup (res://scripts/lower_city/fuel_service.gd:32)
       [3] _ready (res://scripts/lower_city/lower_city.gd:55)
       [4] run (res://qa/td-210/capture.gd:51)
SCRIPT ERROR: Attempt to call function 'instantiate' in base 'null instance' on a null instance.
          at: FuelStation._part (res://scripts/lower_city/fuel_station.gd:60)
          GDScript backtrace (most recent call first):
              [0] _part (res://scripts/lower_city/fuel_station.gd:60)
              [1] _ready (res://scripts/lower_city/fuel_station.gd:33)
              [2] setup (res://scripts/lower_city/fuel_service.gd:32)
              [3] _ready (res://scripts/lower_city/lower_city.gd:55)
              [4] run (res://qa/td-210/capture.gd:51)
ERROR: No loader found for resource: res://models/props/td174/gas_pump_blue.glb (expected type: unknown)
   at: _load (core/io/resource_loader.cpp:332)
   GDScript backtrace (most recent call first):
       [0] _part (res://scripts/lower_city/fuel_station.gd:60)
       [1] _ready (res://scripts/lower_city/fuel_station.gd:32)
       [2] setup (res://scripts/lower_city/fuel_service.gd:32)
       [3] _ready (res://scripts/lower_city/lower_city.gd:55)
       [4] run (res://qa/td-210/capture.gd:51)
SCRIPT ERROR: Attempt to call function 'instantiate' in base 'null instance' on a null instance.
          at: FuelStation._part (res://scripts/lower_city/fuel_station.gd:60)
          GDScript backtrace (most recent call first):
              [0] _part (res://scripts/lower_city/fuel_station.gd:60)
              [1] _ready (res://scripts/lower_city/fuel_station.gd:32)
              [2] setup (res://scripts/lower_city/fuel_service.gd:32)
              [3] _ready (res://scripts/lower_city/lower_city.gd:55)
              [4] run (res://qa/td-210/capture.gd:51)
ERROR: No loader found for resource: res://models/props/td174/gas_hose_boom.glb (expected type: unknown)
   at: _load (core/io/resource_loader.cpp:332)
   GDScript backtrace (most recent call first):
       [0] _part (res://scripts/lower_city/fuel_station.gd:60)
       [1] _ready (res://scripts/lower_city/fuel_station.gd:33)
       [2] setup (res://scripts/lower_city/fuel_service.gd:32)
       [3] _ready (res://scripts/lower_city/lower_city.gd:55)
       [4] run (res://qa/td-210/capture.gd:51)
SCRIPT ERROR: Attempt to call function 'instantiate' in base 'null instance' on a null instance.
          at: FuelStation._part (res://scripts/lower_city/fuel_station.gd:60)
          GDScript backtrace (most recent call first):
              [0] _part (res://scripts/lower_city/fuel_station.gd:60)
              [1] _ready (res://scripts/lower_city/fuel_station.gd:33)
              [2] setup (res://scripts/lower_city/fuel_service.gd:32)
              [3] _ready (res://scripts/lower_city/lower_city.gd:55)
              [4] run (res://qa/td-210/capture.gd:51)
ERROR: No loader found for resource: res://models/props/td174/gas_kiosk.glb (expected type: unknown)
   at: _load (core/io/resource_loader.cpp:332)
   GDScript backtrace (most recent call first):
       [0] _part (res://scripts/lower_city/fuel_station.gd:60)
       [1] _ready (res://scripts/lower_city/fuel_station.gd:34)
       [2] setup (res://scripts/lower_city/fuel_service.gd:32)
       [3] _ready (res://scripts/lower_city/lower_city.gd:55)
       [4] run (res://qa/td-210/capture.gd:51)
SCRIPT ERROR: Attempt to call function 'instantiate' in base 'null instance' on a null instance.
          at: FuelStation._part (res://scripts/lower_city/fuel_station.gd:60)
          GDScript backtrace (most recent call first):
              [0] _part (res://scripts/lower_city/fuel_station.gd:60)
              [1] _ready (res://scripts/lower_city/fuel_station.gd:34)
              [2] setup (res://scripts/lower_city/fuel_service.gd:32)
              [3] _ready (res://scripts/lower_city/lower_city.gd:55)
              [4] run (res://qa/td-210/capture.gd:51)
TD210_SHOT {"camera":{"basis":[[-0.0000000437113882867379,0.0,1.0],[0.0,1.0,0.0],[-1.0,0.0,-0.0000000437113882867379]],"fov":75.0,"position":[1019.03747558594,4.42000007629395,-643.64501953125]},"car":[1019.03747558594,-0.149998098611832,-643.64501953125],"draw_calls":34,"file":"lots/1022/td-210-criterion-1-before.png","height_m":8.84,"host_frame_ms":139.6,"hud":false,"lot":1022,"objects":34,"ortho_size":33.2899780273438,"street":"uogashi4","triangles":161719,"view":"fixed front orthographic lot survey","viewport":[960,960]}
TD210_SHOT {"camera":{"basis":[[-0.0000000437113882867379,0.0,1.0],[0.0,1.0,0.0],[-1.0,0.0,-0.0000000437113882867379]],"fov":75.0,"position":[1019.03747558594,5.26000022888184,-673.035034179688]},"car":[1019.03747558594,-0.150000005960464,-673.035034179688],"draw_calls":43,"file":"lots/1023/td-210-criterion-1-before.png","height_m":10.52,"host_frame_ms":117.309,"hud":false,"lot":1023,"objects":43,"ortho_size":39.4900512695312,"street":"uogashi4","triangles":170617,"view":"fixed front orthographic lot survey","viewport":[960,960]}
TD210_SHOT {"camera":{"basis":[[-0.0000000437113882867379,0.0,-1.0],[0.0,1.0,0.0],[1.0,0.0,-0.0000000437113882867379]],"fov":75.0,"position":[1103.02502441406,3.61999988555908,-673.205017089844]},"car":[1103.02502441406,-0.150001913309097,-673.205017089844],"draw_calls":41,"file":"lots/1024/td-210-criterion-1-before.png","height_m":7.24,"host_frame_ms":117.309,"hud":false,"lot":1024,"objects":41,"ortho_size":39.1500244140625,"street":"nishitenjin","triangles":22058,"view":"fixed front orthographic lot survey","viewport":[960,960]}
TD210_SHOT {"camera":{"basis":[[1.0,0.0,0.0],[0.0,1.0,0.0],[0.0,0.0,1.0]],"fov":75.0,"position":[1074.42504882812,5.13000011444092,-616.150024414062]},"car":[1074.42504882812,-0.149998098611832,-616.150024414062],"draw_calls":46,"file":"lots/1025/td-210-criterion-1-before.png","height_m":10.26,"host_frame_ms":117.309,"hud":false,"lot":1025,"objects":46,"ortho_size":40.1500244140625,"street":"ichiba","triangles":20379,"view":"fixed front orthographic lot survey","viewport":[960,960]}
TD210_SHOT {"camera":{"basis":[[-1.0,0.0,0.0000000874227765734759],[0.0,1.0,0.0],[-0.0000000874227765734759,0.0,-1.0]],"fov":75.0,"position":[1042.30004882812,4.59000015258789,-721.017456054688]},"car":[1042.30004882812,-0.149998098611832,-721.017456054688],"draw_calls":41,"file":"lots/1026/td-210-criterion-1-before.png","height_m":9.18,"host_frame_ms":129.301,"hud":false,"lot":1026,"objects":41,"ortho_size":41.0999755859375,"street":"seri2","triangles":24355,"view":"fixed front orthographic lot survey","viewport":[960,960]}
TD210_SHOT {"camera":{"basis":[[-1.0,0.0,0.0000000874227765734759],[0.0,1.0,0.0],[-0.0000000874227765734759,0.0,-1.0]],"fov":75.0,"position":[1075.17504882812,4.03000020980835,-721.017456054688]},"car":[1075.17504882812,-0.149998098611832,-721.017456054688],"draw_calls":41,"file":"lots/1027/td-210-criterion-1-before.png","height_m":8.06,"host_frame_ms":129.301,"hud":false,"lot":1027,"objects":41,"ortho_size":38.6500244140625,"street":"seri2","triangles":23233,"view":"fixed front orthographic lot survey","viewport":[960,960]}
TD210_SHOT {"camera":{"basis":[[1.0,0.0,0.0],[0.0,1.0,0.0],[0.0,0.0,1.0]],"fov":75.0,"position":[1041.69995117188,4.69500017166138,-718.982543945312]},"car":[1041.69995117188,-0.150000005960464,-718.982543945312],"draw_calls":38,"file":"lots/1028/td-210-criterion-1-before.png","height_m":9.39,"host_frame_ms":129.301,"hud":false,"lot":1028,"objects":38,"ortho_size":39.9000244140625,"street":"seri2","triangles":23444,"view":"fixed front orthographic lot survey","viewport":[960,960]}
TD210_SHOT {"camera":{"basis":[[1.0,0.0,0.0],[0.0,1.0,0.0],[0.0,0.0,1.0]],"fov":75.0,"position":[1074.57495117188,3.75999999046326,-718.982543945312]},"car":[1074.57495117188,-0.150000005960464,-718.982543945312],"draw_calls":48,"file":"lots/1029/td-210-criterion-1-before.png","height_m":7.52,"host_frame_ms":129.301,"hud":false,"lot":1029,"objects":48,"ortho_size":39.8499755859375,"street":"seri2","triangles":20135,"view":"fixed front orthographic lot survey","viewport":[960,960]}
TD210_SHOT {"camera":{"basis":[[-0.0000000437113882867379,0.0,1.0],[0.0,1.0,0.0],[-1.0,0.0,-0.0000000437113882867379]],"fov":75.0,"position":[1019.03747558594,5.49499988555908,-778.674987792969]},"car":[1019.03747558594,-0.150000005960464,-778.674987792969],"draw_calls":59,"file":"lots/1030/td-210-criterion-1-before.png","height_m":10.99,"host_frame_ms":70.387,"hud":false,"lot":1030,"objects":59,"ortho_size":62.6500244140625,"street":"uogashi4","triangles":305675,"view":"fixed front orthographic lot survey","viewport":[960,960]}
TD210_SHOT {"camera":{"basis":[[-0.0000000437113882867379,0.0,-1.0],[0.0,1.0,0.0],[1.0,0.0,-0.0000000437113882867379]],"fov":75.0,"position":[1103.02502441406,4.00500011444092,-778.674987792969]},"car":[1103.02502441406,-0.150000005960464,-778.674987792969],"draw_calls":49,"file":"lots/1031/td-210-criterion-1-before.png","height_m":8.01,"host_frame_ms":70.387,"hud":false,"lot":1031,"objects":49,"ortho_size":62.6500244140625,"street":"nishitenjin","triangles":25733,"view":"fixed front orthographic lot survey","viewport":[960,960]}
TD210_SHOT {"camera":{"basis":[[1.0,0.0,0.0],[0.0,1.0,0.0],[0.0,0.0,1.0]],"fov":75.0,"position":[1042.38500976562,4.625,-928.982543945312]},"car":[1042.38500976562,-0.150000005960464,-928.982543945312],"draw_calls":30,"file":"lots/1032/td-210-criterion-1-before.png","height_m":9.25,"host_frame_ms":70.387,"hud":false,"lot":1032,"objects":30,"ortho_size":41.27001953125,"street":"seri3","triangles":18352,"view":"fixed front orthographic lot survey","viewport":[960,960]}
TD210_SHOT {"camera":{"basis":[[1.0,0.0,0.0],[0.0,1.0,0.0],[0.0,0.0,1.0]],"fov":75.0,"position":[1075.26000976562,5.13500022888184,-928.982543945312]},"car":[1075.26000976562,-0.150000005960464,-928.982543945312],"draw_calls":35,"file":"lots/1033/td-210-criterion-1-before.png","height_m":10.27,"host_frame_ms":149.949,"hud":false,"lot":1033,"objects":35,"ortho_size":38.47998046875,"street":"seri3","triangles":14995,"view":"fixed front orthographic lot survey","viewport":[960,960]}
TD210_SHOT {"camera":{"basis":[[-0.0000000437113882867379,0.0,1.0],[0.0,1.0,0.0],[-1.0,0.0,-0.0000000437113882867379]],"fov":75.0,"position":[1019.03747558594,4.3899998664856,-982.294982910156]},"car":[1019.03747558594,-0.149998098611832,-982.294982910156],"draw_calls":62,"file":"lots/1034/td-210-criterion-1-before.png","height_m":8.78,"host_frame_ms":149.949,"hud":false,"lot":1034,"objects":62,"ortho_size":43.25,"street":"uogashi4","triangles":317280,"view":"fixed front orthographic lot survey","viewport":[960,960]}
TD210_SHOT {"camera":{"basis":[[-0.0000000437113882867379,0.0,1.0],[0.0,1.0,0.0],[-1.0,0.0,-0.0000000437113882867379]],"fov":75.0,"position":[1019.03747558594,4.01999998092651,-1015.2099609375]},"car":[1019.03747558594,-0.149998098611832,-1015.2099609375],"draw_calls":62,"file":"lots/1035/td-210-criterion-1-before.png","height_m":8.04,"host_frame_ms":149.949,"hud":false,"lot":1035,"objects":62,"ortho_size":36.5800170898438,"street":"uogashi4","triangles":322824,"view":"fixed front orthographic lot survey","viewport":[960,960]}
TD210_SHOT {"camera":{"basis":[[-0.0000000437113882867379,0.0,-1.0],[0.0,1.0,0.0],[1.0,0.0,-0.0000000437113882867379]],"fov":75.0,"position":[1103.02502441406,5.21500015258789,-1014.82995605469]},"car":[1103.02502441406,-0.150000005960464,-1014.82995605469],"draw_calls":47,"file":"lots/1036/td-210-criterion-1-before.png","height_m":10.43,"host_frame_ms":145.158,"hud":false,"lot":1036,"objects":47,"ortho_size":37.3400268554688,"street":"nishitenjin","triangles":27502,"view":"fixed front orthographic lot survey","viewport":[960,960]}
TD210_SHOT {"camera":{"basis":[[-0.0000000437113882867379,0.0,-1.0],[0.0,1.0,0.0],[1.0,0.0,-0.0000000437113882867379]],"fov":75.0,"position":[1103.02502441406,4.86999988555908,-981.914978027344]},"car":[1103.02502441406,-0.150000005960464,-981.914978027344],"draw_calls":40,"file":"lots/1037/td-210-criterion-1-before.png","height_m":9.74,"host_frame_ms":145.158,"hud":false,"lot":1037,"objects":40,"ortho_size":42.489990234375,"street":"nishitenjin","triangles":21896,"view":"fixed front orthographic lot survey","viewport":[960,960]}
TD210_SHOT {"camera":{"basis":[[-0.0000000437113882867379,0.0,1.0],[0.0,1.0,0.0],[-1.0,0.0,-0.0000000437113882867379]],"fov":75.0,"position":[1019.03747558594,4.32499980926514,-1064.35998535156]},"car":[1019.03747558594,-0.150000005960464,-1064.35998535156],"draw_calls":44,"file":"lots/1038/td-210-criterion-1-before.png","height_m":8.65,"host_frame_ms":145.158,"hud":false,"lot":1038,"objects":44,"ortho_size":35.719970703125,"street":"uogashi4","triangles":179115,"view":"fixed front orthographic lot survey","viewport":[960,960]}
TD210_SHOT {"camera":{"basis":[[1.0,0.0,0.0],[0.0,1.0,0.0],[0.0,0.0,1.0]],"fov":75.0,"position":[1073.46997070312,3.74499988555908,-1036.42504882812]},"car":[1073.46997070312,-0.149998098611832,-1036.42504882812],"draw_calls":32,"file":"lots/1039/td-210-criterion-1-before.png","height_m":7.49,"host_frame_ms":145.158,"hud":false,"lot":1039,"objects":32,"ortho_size":42.06005859375,"street":"reizo","triangles":11031,"view":"fixed front orthographic lot survey","viewport":[960,960]}
TD210_SHOT {"camera":{"basis":[[-0.0000000437113882867379,0.0,1.0],[0.0,1.0,0.0],[-1.0,0.0,-0.0000000437113882867379]],"fov":75.0,"position":[1019.03747558594,5.45499992370605,-1095.38000488281]},"car":[1019.03747558594,-0.150000005960464,-1095.38000488281],"draw_calls":31,"file":"lots/1040/td-210-criterion-1-before.png","height_m":10.91,"host_frame_ms":139.54,"hud":false,"lot":1040,"objects":31,"ortho_size":40.320068359375,"street":"uogashi4","triangles":173299,"view":"fixed front orthographic lot survey","viewport":[960,960]}
TD210_SHOT {"camera":{"basis":[[-1.0,0.0,0.0000000874227765734759],[0.0,1.0,0.0],[-0.0000000874227765734759,0.0,-1.0]],"fov":75.0,"position":[1041.67993164062,5.28999996185303,-1151.01745605469]},"car":[1041.67993164062,-0.149998098611832,-1151.01745605469],"draw_calls":45,"file":"lots/1041/td-210-criterion-1-before.png","height_m":10.58,"host_frame_ms":139.54,"hud":false,"lot":1041,"objects":45,"ortho_size":39.8599853515625,"street":"seri4","triangles":16826,"view":"fixed front orthographic lot survey","viewport":[960,960]}
TD210_SHOT {"camera":{"basis":[[-1.0,0.0,0.0000000874227765734759],[0.0,1.0,0.0],[-0.0000000874227765734759,0.0,-1.0]],"fov":75.0,"position":[1074.55493164062,5.03000020980835,-1151.01745605469]},"car":[1074.55493164062,-0.149998098611832,-1151.01745605469],"draw_calls":39,"file":"lots/1042/td-210-criterion-1-before.png","height_m":10.06,"host_frame_ms":139.54,"hud":false,"lot":1042,"objects":39,"ortho_size":39.8900146484375,"street":"seri4","triangles":9629,"view":"fixed front orthographic lot survey","viewport":[960,960]}
TD210_SHOT {"camera":{"basis":[[-0.0000000437113882867379,0.0,-1.0],[0.0,1.0,0.0],[1.0,0.0,-0.0000000437113882867379]],"fov":75.0,"position":[1103.02502441406,4.68499994277954,-1096.14990234375]},"car":[1103.02502441406,-0.150000005960464,-1096.14990234375],"draw_calls":43,"file":"lots/1043/td-210-criterion-1-before.png","height_m":9.37,"host_frame_ms":126.823,"hud":false,"lot":1043,"objects":43,"ortho_size":41.8599853515625,"street":"nishitenjin","triangles":21818,"view":"fixed front orthographic lot survey","viewport":[960,960]}
TD210_SHOT {"camera":{"basis":[[-0.0000000437113882867379,0.0,-1.0],[0.0,1.0,0.0],[1.0,0.0,-0.0000000437113882867379]],"fov":75.0,"position":[1103.02502441406,4.06500005722046,-594.160034179688]},"car":[1103.02502441406,-0.149998098611832,-594.160034179688],"draw_calls":26,"file":"lots/1044/td-210-criterion-1-before.png","height_m":8.13,"host_frame_ms":126.823,"hud":false,"lot":1044,"objects":26,"ortho_size":37.6799926757812,"street":"nishitenjin","triangles":11641,"view":"fixed front orthographic lot survey","viewport":[960,960]}
TD210_SHOT {"camera":{"basis":[[-0.0000000437113882867379,0.0,-1.0],[0.0,1.0,0.0],[1.0,0.0,-0.0000000437113882867379]],"fov":75.0,"position":[1103.02502441406,3.95499992370605,-561.285034179688]},"car":[1103.02502441406,-0.149998098611832,-561.285034179688],"draw_calls":18,"file":"lots/1045/td-210-criterion-1-before.png","height_m":7.91,"host_frame_ms":126.823,"hud":false,"lot":1045,"objects":18,"ortho_size":42.0700073242188,"street":"nishitenjin","triangles":8358,"view":"fixed front orthographic lot survey","viewport":[960,960]}
TD210_SHOT {"camera":{"basis":[[1.0,0.0,0.0],[0.0,1.0,0.0],[0.0,0.0,1.0]],"fov":75.0,"position":[1038.21997070312,3.67499995231628,-525.150024414062]},"car":[1038.21997070312,-0.149998098611832,-525.150024414062],"draw_calls":60,"file":"lots/1046/td-210-criterion-1-before.png","height_m":7.35,"host_frame_ms":126.823,"hud":false,"lot":1046,"objects":60,"ortho_size":46.719970703125,"street":"ichiba","triangles":25999,"view":"fixed front orthographic lot survey","viewport":[960,960]}
TD210_SHOT {"camera":{"basis":[[-1.0,0.0,0.0000000874227765734759],[0.0,1.0,0.0],[-0.0000000874227765734759,0.0,-1.0]],"fov":75.0,"position":[1038.21997070312,4.22499990463257,-623.849975585938]},"car":[1038.21997070312,-0.149998098611832,-623.849975585938],"draw_calls":43,"file":"lots/1047/td-210-criterion-1-before.png","height_m":8.45,"host_frame_ms":104.392,"hud":false,"lot":1047,"objects":43,"ortho_size":46.719970703125,"street":"ichiba","triangles":24310,"view":"fixed front orthographic lot survey","viewport":[960,960]}
TD210_SHOT {"camera":{"basis":[[-0.0000000437113882867379,0.0,-1.0],[0.0,1.0,0.0],[1.0,0.0,-0.0000000437113882867379]],"fov":75.0,"position":[1103.02502441406,4.80999994277954,-526.155029296875]},"car":[1103.02502441406,-0.150000005960464,-526.155029296875],"draw_calls":23,"file":"lots/1048/td-210-criterion-1-before.png","height_m":9.62,"host_frame_ms":104.392,"hud":false,"lot":1048,"objects":23,"ortho_size":42.1900024414062,"street":"nishitenjin","triangles":9584,"view":"fixed front orthographic lot survey","viewport":[960,960]}
TD210_SHOT {"camera":{"basis":[[1.0,0.0,0.0],[0.0,1.0,0.0],[0.0,0.0,1.0]],"fov":75.0,"position":[1073.15002441406,4.46999979019165,-468.982482910156]},"car":[1073.15002441406,-0.149998098611832,-468.982482910156],"draw_calls":52,"file":"lots/1049/td-210-criterion-1-before.png","height_m":8.94,"host_frame_ms":104.392,"hud":false,"lot":1049,"objects":52,"ortho_size":42.699951171875,"street":"seri1","triangles":11878,"view":"fixed front orthographic lot survey","viewport":[960,960]}
TD210_SHOT {"camera":{"basis":[[1.0,0.0,0.0],[0.0,1.0,0.0],[0.0,0.0,1.0]],"fov":75.0,"position":[1036.830078125,5.29500007629395,-468.982482910156]},"car":[1036.830078125,-0.150000005960464,-468.982482910156],"draw_calls":43,"file":"lots/1050/td-210-criterion-1-before.png","height_m":10.59,"host_frame_ms":104.392,"hud":false,"lot":1050,"objects":43,"ortho_size":43.9400634765625,"street":"seri1","triangles":14666,"view":"fixed front orthographic lot survey","viewport":[960,960]}
TD210_SHOT {"camera":{"basis":[[-0.0000000437113882867379,0.0,1.0],[0.0,1.0,0.0],[-1.0,0.0,-0.0000000437113882867379]],"fov":75.0,"position":[999.760009765625,5.48999977111816,-525.214965820312]},"car":[999.760009765625,-0.149998098611832,-525.214965820312],"draw_calls":49,"file":"lots/1051/td-210-criterion-1-before.png","height_m":10.98,"host_frame_ms":71.119,"hud":false,"lot":1051,"objects":49,"ortho_size":44.0700073242188,"street":"seri1","triangles":166781,"view":"fixed front orthographic lot survey","viewport":[960,960]}
TD210_SHOT {"camera":{"basis":[[1.0,0.0,0.0],[0.0,1.0,0.0],[0.0,0.0,1.0]],"fov":75.0,"position":[999.515014648438,4.28499984741211,-468.982482910156]},"car":[999.515014648438,-0.150000005960464,-468.982482910156],"draw_calls":42,"file":"lots/1052/td-210-criterion-1-before.png","height_m":8.57,"host_frame_ms":71.119,"hud":false,"lot":1052,"objects":42,"ortho_size":44.6900024414062,"street":"seri1","triangles":20506,"view":"fixed front orthographic lot survey","viewport":[960,960]}
TD210_SHOT {"camera":{"basis":[[-1.0,0.0,0.0000000874227765734759],[0.0,1.0,0.0],[-0.0000000874227765734759,0.0,-1.0]],"fov":75.0,"position":[999.515014648438,3.57500004768372,-560.25]},"car":[999.515014648438,-0.150000005960464,-560.25],"draw_calls":37,"file":"lots/1053/td-210-criterion-1-before.png","height_m":7.15,"host_frame_ms":71.119,"hud":false,"lot":1053,"objects":37,"ortho_size":44.6900024414062,"street":"seri1","triangles":21897,"view":"fixed front orthographic lot survey","viewport":[960,960]}
TD210_SHOT {"camera":{"basis":[[1.0,0.0,0.0],[0.0,1.0,0.0],[0.0,0.0,1.0]],"fov":75.0,"position":[963.010009765625,3.77500009536743,-468.982482910156]},"car":[963.010009765625,-0.150000005960464,-468.982482910156],"draw_calls":33,"file":"lots/1054/td-210-criterion-1-before.png","height_m":7.55,"host_frame_ms":71.119,"hud":false,"lot":1054,"objects":33,"ortho_size":42.3200073242188,"street":"seri1","triangles":20139,"view":"fixed front orthographic lot survey","viewport":[960,960]}
TD210_SHOT {"camera":{"basis":[[-0.0000000437113882867379,0.0,1.0],[0.0,1.0,0.0],[-1.0,0.0,-0.0000000437113882867379]],"fov":75.0,"position":[938.982543945312,4.30000019073486,-523.5]},"car":[938.982543945312,-0.150000005960464,-523.5],"draw_calls":34,"file":"lots/1055/td-210-criterion-1-before.png","height_m":8.6,"host_frame_ms":136.109,"hud":false,"lot":1055,"objects":34,"ortho_size":43.3000183105469,"street":"uogashi3","triangles":158999,"view":"fixed front orthographic lot survey","viewport":[960,960]}
TD210_SHOT {"camera":{"basis":[[-0.0000000437113882867379,0.0,1.0],[0.0,1.0,0.0],[-1.0,0.0,-0.0000000437113882867379]],"fov":75.0,"position":[938.982543945312,3.97000002861023,-559.175048828125]},"car":[938.982543945312,-0.150000005960464,-559.175048828125],"draw_calls":27,"file":"lots/1056/td-210-criterion-1-before.png","height_m":7.94,"host_frame_ms":136.109,"hud":false,"lot":1056,"objects":27,"ortho_size":42.0499877929688,"street":"uogashi3","triangles":155988,"view":"fixed front orthographic lot survey","viewport":[960,960]}
TD210_SHOT {"camera":{"basis":[[-0.0000000437113882867379,0.0,1.0],[0.0,1.0,0.0],[-1.0,0.0,-0.0000000437113882867379]],"fov":75.0,"position":[938.982543945312,4.91499996185303,-593.099975585938]},"car":[938.982543945312,-0.150000005960464,-593.099975585938],"draw_calls":50,"file":"lots/1057/td-210-criterion-1-before.png","height_m":9.83,"host_frame_ms":136.109,"hud":false,"lot":1057,"objects":50,"ortho_size":39.7999877929688,"street":"uogashi3","triangles":313990,"view":"fixed front orthographic lot survey","viewport":[960,960]}
TD210_SHOT {"camera":{"basis":[[-1.0,0.0,0.0000000874227765734759],[0.0,1.0,0.0],[-0.0000000874227765734759,0.0,-1.0]],"fov":75.0,"position":[998.64501953125,3.95000004768372,-623.849975585938]},"car":[998.64501953125,-0.149998098611832,-623.849975585938],"draw_calls":39,"file":"lots/1058/td-210-criterion-1-before.png","height_m":7.9,"host_frame_ms":102.565,"hud":false,"lot":1058,"objects":39,"ortho_size":46.4299926757812,"street":"ichiba","triangles":25020,"view":"fixed front orthographic lot survey","viewport":[960,960]}
TD210_SHOT {"camera":{"basis":[[1.0,0.0,0.0],[0.0,1.0,0.0],[0.0,0.0,1.0]],"fov":75.0,"position":[998.64501953125,4.17500019073486,-523.050048828125]},"car":[998.64501953125,-0.149998098611832,-523.050048828125],"draw_calls":56,"file":"lots/1059/td-210-criterion-1-before.png","height_m":8.35,"host_frame_ms":102.565,"hud":false,"lot":1059,"objects":56,"ortho_size":46.4299926757812,"street":"uogashi3","triangles":30453,"view":"fixed front orthographic lot survey","viewport":[960,960]}
TD210_SHOT {"camera":{"basis":[[-0.0000000437113882867379,0.0,-1.0],[0.0,1.0,0.0],[1.0,0.0,-0.0000000437113882867379]],"fov":75.0,"position":[1103.02502441406,3.90000009536743,-848.440002441406]},"car":[1103.02502441406,-0.150000005960464,-848.440002441406],"draw_calls":28,"file":"lots/1060/td-210-criterion-1-before.png","height_m":7.8,"host_frame_ms":102.565,"hud":false,"lot":1060,"objects":28,"ortho_size":36.8800048828125,"street":"nishitenjin","triangles":12290,"view":"fixed front orthographic lot survey","viewport":[960,960]}
TD210_SHOT {"camera":{"basis":[[-0.0000000437113882867379,0.0,-1.0],[0.0,1.0,0.0],[1.0,0.0,-0.0000000437113882867379]],"fov":75.0,"position":[1103.02502441406,4.92500019073486,-880.205017089844]},"car":[1103.02502441406,-0.150000005960464,-880.205017089844],"draw_calls":29,"file":"lots/1061/td-210-criterion-1-before.png","height_m":9.85,"host_frame_ms":102.565,"hud":false,"lot":1061,"objects":29,"ortho_size":40.6500244140625,"street":"nishitenjin","triangles":17232,"view":"fixed front orthographic lot survey","viewport":[960,960]}
TD210_SHOT {"camera":{"basis":[[-0.0000000437113882867379,0.0,1.0],[0.0,1.0,0.0],[-1.0,0.0,-0.0000000437113882867379]],"fov":75.0,"position":[1019.03747558594,4.6100001335144,-848.650024414062]},"car":[1019.03747558594,-0.150000005960464,-848.650024414062],"draw_calls":37,"file":"lots/1062/td-210-criterion-1-before.png","height_m":9.22,"host_frame_ms":67.865,"hud":false,"lot":1062,"objects":37,"ortho_size":37.2999877929688,"street":"uogashi4","triangles":145703,"view":"fixed front orthographic lot survey","viewport":[960,960]}
TD210_SHOT {"camera":{"basis":[[-0.0000000437113882867379,0.0,1.0],[0.0,1.0,0.0],[-1.0,0.0,-0.0000000437113882867379]],"fov":75.0,"position":[1019.03747558594,4.40500020980835,-880.4150390625]},"car":[1019.03747558594,-0.150000005960464,-880.4150390625],"draw_calls":38,"file":"lots/1063/td-210-criterion-1-before.png","height_m":8.81,"host_frame_ms":67.865,"hud":false,"lot":1063,"objects":38,"ortho_size":40.2300415039062,"street":"uogashi4","triangles":148277,"view":"fixed front orthographic lot survey","viewport":[960,960]}
TD210_SHOT {"camera":{"basis":[[-1.0,0.0,0.0000000874227765734759],[0.0,1.0,0.0],[-0.0000000874227765734759,0.0,-1.0]],"fov":75.0,"position":[1042.32006835938,4.44999980926514,-931.017456054688]},"car":[1042.32006835938,-0.149998098611832,-931.017456054688],"draw_calls":62,"file":"lots/1064/td-210-criterion-1-before.png","height_m":8.9,"host_frame_ms":67.865,"hud":false,"lot":1064,"objects":62,"ortho_size":41.1400146484375,"street":"seri3","triangles":38141,"view":"fixed front orthographic lot survey","viewport":[960,960]}
WARNING: Node './Body' was modified from inside an instance, but it has vanished.
     at: instantiate (scene/resources/packed_scene.cpp:312)
     GDScript backtrace (most recent call first):
         [0] _build (res://scripts/cop_car.gd:346)
         [1] _ready (res://scripts/cop_car.gd:61)
         [2] _spawn_cop (res://scripts/cop_manager.gd:161)
         [3] _ensure_cops (res://scripts/cop_manager.gd:148)
         [4] _on_crime_committed (res://scripts/cop_manager.gd:120)
         [5] report_crime (res://scripts/crime_bus.gd:16)
         [6] _on_hit_area_body_entered (res://scripts/pedestrian.gd:276)
         [7] _on_hit_area_body_entered (res://scripts/td186/td186_pedestrian.gd:144)
WARNING: Parent path './Body' for node 'HeadlightL' has vanished when instantiating: 'res://scenes/tripo_car_sedan.tscn'.
     at: instantiate (scene/resources/packed_scene.cpp:213)
     GDScript backtrace (most recent call first):
         [0] _build (res://scripts/cop_car.gd:346)
         [1] _ready (res://scripts/cop_car.gd:61)
         [2] _spawn_cop (res://scripts/cop_manager.gd:161)
         [3] _ensure_cops (res://scripts/cop_manager.gd:148)
         [4] _on_crime_committed (res://scripts/cop_manager.gd:120)
         [5] report_crime (res://scripts/crime_bus.gd:16)
         [6] _on_hit_area_body_entered (res://scripts/pedestrian.gd:276)
         [7] _on_hit_area_body_entered (res://scripts/td186/td186_pedestrian.gd:144)
WARNING: Parent path './Body' for node 'HeadlightR' has vanished when instantiating: 'res://scenes/tripo_car_sedan.tscn'.
     at: instantiate (scene/resources/packed_scene.cpp:213)
     GDScript backtrace (most recent call first):
         [0] _build (res://scripts/cop_car.gd:346)
         [1] _ready (res://scripts/cop_car.gd:61)
         [2] _spawn_cop (res://scripts/cop_manager.gd:161)
         [3] _ensure_cops (res://scripts/cop_manager.gd:148)
         [4] _on_crime_committed (res://scripts/cop_manager.gd:120)
         [5] report_crime (res://scripts/crime_bus.gd:16)
         [6] _on_hit_area_body_entered (res://scripts/pedestrian.gd:276)
         [7] _on_hit_area_body_entered (res://scripts/td186/td186_pedestrian.gd:144)
WARNING: TripoCarModel: Body node missing
     at: push_warning (core/variant/variant_utility.cpp:1033)
     GDScript backtrace (most recent call first):
         [0] _build_wheels (res://scripts/tripo_car_model.gd:151)
         [1] _ready (res://scripts/tripo_car_model.gd:101)
         [2] _build (res://scripts/cop_car.gd:349)
         [3] _ready (res://scripts/cop_car.gd:61)
         [4] _spawn_cop (res://scripts/cop_manager.gd:161)
         [5] _ensure_cops (res://scripts/cop_manager.gd:148)
         [6] _on_crime_committed (res://scripts/cop_manager.gd:120)
         [7] report_crime (res://scripts/crime_bus.gd:16)
         [8] _on_hit_area_body_entered (res://scripts/pedestrian.gd:276)
         [9] _on_hit_area_body_entered (res://scripts/td186/td186_pedestrian.gd:144)
WARNING: TripoCarModel: headlight missing: HeadlightL
     at: push_warning (core/variant/variant_utility.cpp:1033)
     GDScript backtrace (most recent call first):
         [0] _tune_headlights (res://scripts/tripo_car_model.gd:261)
         [1] _ready (res://scripts/tripo_car_model.gd:102)
         [2] _build (res://scripts/cop_car.gd:349)
         [3] _ready (res://scripts/cop_car.gd:61)
         [4] _spawn_cop (res://scripts/cop_manager.gd:161)
         [5] _ensure_cops (res://scripts/cop_manager.gd:148)
         [6] _on_crime_committed (res://scripts/cop_manager.gd:120)
         [7] report_crime (res://scripts/crime_bus.gd:16)
         [8] _on_hit_area_body_entered (res://scripts/pedestrian.gd:276)
         [9] _on_hit_area_body_entered (res://scripts/td186/td186_pedestrian.gd:144)
WARNING: TripoCarModel: headlight missing: HeadlightR
     at: push_warning (core/variant/variant_utility.cpp:1033)
     GDScript backtrace (most recent call first):
         [0] _tune_headlights (res://scripts/tripo_car_model.gd:261)
         [1] _ready (res://scripts/tripo_car_model.gd:102)
         [2] _build (res://scripts/cop_car.gd:349)
         [3] _ready (res://scripts/cop_car.gd:61)
         [4] _spawn_cop (res://scripts/cop_manager.gd:161)
         [5] _ensure_cops (res://scripts/cop_manager.gd:148)
         [6] _on_crime_committed (res://scripts/cop_manager.gd:120)
         [7] report_crime (res://scripts/crime_bus.gd:16)
         [8] _on_hit_area_body_entered (res://scripts/pedestrian.gd:276)
         [9] _on_hit_area_body_entered (res://scripts/td186/td186_pedestrian.gd:144)
TD210_SHOT {"camera":{"basis":[[-1.0,0.0,0.0000000874227765734759],[0.0,1.0,0.0],[-0.0000000874227765734759,0.0,-1.0]],"fov":75.0,"position":[1075.19506835938,3.90499997138977,-931.017456054688]},"car":[1075.19506835938,-0.149998098611832,-931.017456054688],"draw_calls":57,"file":"lots/1065/td-210-criterion-1-before.png","height_m":7.81,"host_frame_ms":67.865,"hud":false,"lot":1065,"objects":57,"ortho_size":38.6099853515625,"street":"seri3","triangles":23840,"view":"fixed front orthographic lot survey","viewport":[960,960]}
TD210_SHOT {"camera":{"basis":[[1.0,0.0,0.0],[0.0,1.0,0.0],[0.0,0.0,1.0]],"fov":75.0,"position":[1075.294921875,5.10500001907349,-1148.98254394531]},"car":[1075.294921875,-0.149998098611832,-1148.98254394531],"draw_calls":36,"file":"lots/1066/td-210-criterion-1-before.png","height_m":10.21,"host_frame_ms":130.78,"hud":false,"lot":1066,"objects":36,"ortho_size":38.4100341796875,"street":"seri4","triangles":13545,"view":"fixed front orthographic lot survey","viewport":[960,960]}
TD210_SHOT {"camera":{"basis":[[1.0,0.0,0.0],[0.0,1.0,0.0],[0.0,0.0,1.0]],"fov":75.0,"position":[1041.74499511719,5.26000022888184,-1148.98254394531]},"car":[1041.74499511719,-0.149998098611832,-1148.98254394531],"draw_calls":27,"file":"lots/1067/td-210-criterion-1-before.png","height_m":10.52,"host_frame_ms":130.78,"hud":false,"lot":1067,"objects":27,"ortho_size":42.68994140625,"street":"seri4","triangles":14169,"view":"fixed front orthographic lot survey","viewport":[960,960]}
TD210_SHOT {"camera":{"basis":[[-0.0000000437113882867379,0.0,1.0],[0.0,1.0,0.0],[-1.0,0.0,-0.0000000437113882867379]],"fov":75.0,"position":[1005.30004882812,4.38500022888184,-1209.38989257812]},"car":[1005.30004882812,-0.150000005960464,-1209.38989257812],"draw_calls":54,"file":"lots/1068/td-210-criterion-1-before.png","height_m":8.77,"host_frame_ms":130.78,"hud":false,"lot":1068,"objects":54,"ortho_size":44.8800048828125,"street":"nishitenjin","triangles":261334,"view":"fixed front orthographic lot survey","viewport":[960,960]}
TD210_SHOT {"camera":{"basis":[[-0.0000000437113882867379,0.0,-1.0],[0.0,1.0,0.0],[1.0,0.0,-0.0000000437113882867379]],"fov":75.0,"position":[1103.02502441406,4.53000020980835,-1209.38989257812]},"car":[1103.02502441406,-0.150000005960464,-1209.38989257812],"draw_calls":37,"file":"lots/1069/td-210-criterion-1-before.png","height_m":9.06,"host_frame_ms":132.815,"hud":false,"lot":1069,"objects":37,"ortho_size":44.8800048828125,"street":"nishitenjin","triangles":21856,"view":"fixed front orthographic lot survey","viewport":[960,960]}
TD210_SHOT {"camera":{"basis":[[1.0,0.0,0.0],[0.0,1.0,0.0],[0.0,0.0,1.0]],"fov":75.0,"position":[1006.64501953125,5.20499992370605,-1148.98254394531]},"car":[1006.64501953125,-0.149998098611832,-1148.98254394531],"draw_calls":44,"file":"lots/1070/td-210-criterion-1-before.png","height_m":10.41,"host_frame_ms":132.815,"hud":false,"lot":1070,"objects":44,"ortho_size":41.510009765625,"street":"seri4","triangles":30922,"view":"fixed front orthographic lot survey","viewport":[960,960]}
TD210_SHOT {"camera":{"basis":[[-0.0000000437113882867379,0.0,1.0],[0.0,1.0,0.0],[-1.0,0.0,-0.0000000437113882867379]],"fov":75.0,"position":[970.7900390625,4.53999996185303,-1208.88989257812]},"car":[970.7900390625,-0.150000005960464,-1208.88989257812],"draw_calls":57,"file":"lots/1071/td-210-criterion-1-before.png","height_m":9.08,"host_frame_ms":132.815,"hud":false,"lot":1071,"objects":57,"ortho_size":45.8800048828125,"street":"seri4","triangles":264282,"view":"fixed front orthographic lot survey","viewport":[960,960]}
TD210_SHOT {"camera":{"basis":[[-0.0000000437113882867379,0.0,1.0],[0.0,1.0,0.0],[-1.0,0.0,-0.0000000437113882867379]],"fov":75.0,"position":[970.7900390625,5.01000022888184,-1246.84497070312]},"car":[970.7900390625,-0.150000005960464,-1246.84497070312],"draw_calls":38,"file":"lots/1072/td-210-criterion-1-before.png","height_m":10.02,"host_frame_ms":132.815,"hud":false,"lot":1072,"objects":38,"ortho_size":44.030029296875,"street":"soshajo_ring","triangles":89585,"view":"fixed front orthographic lot survey","viewport":[960,960]}
TD210_SHOT {"camera":{"basis":[[-1.0,0.0,0.0000000874227765734759],[0.0,1.0,0.0],[-0.0000000874227765734759,0.0,-1.0]],"fov":75.0,"position":[1006.88500976562,4.01000022888184,-1328.0]},"car":[1006.88500976562,6.84999990463257,-1328.0],"draw_calls":40,"file":"lots/1073/td-210-criterion-1-before.png","height_m":8.02,"host_frame_ms":114.529,"hud":false,"lot":1073,"objects":40,"ortho_size":41.989990234375,"street":"soshajo_ring","triangles":25109,"view":"fixed front orthographic lot survey","viewport":[960,960]}
TD210_SHOT {"camera":{"basis":[[-1.0,0.0,0.0000000874227765734759],[0.0,1.0,0.0],[-0.0000000874227765734759,0.0,-1.0]],"fov":75.0,"position":[1042.36499023438,4.64499998092651,-1328.0]},"car":[1042.36499023438,6.84999990463257,-1328.0],"draw_calls":43,"file":"lots/1074/td-210-criterion-1-before.png","height_m":9.29,"host_frame_ms":114.529,"hud":false,"lot":1074,"objects":43,"ortho_size":42.969970703125,"street":"soshajo_ring","triangles":18538,"view":"fixed front orthographic lot survey","viewport":[960,960]}
TD210_SHOT {"camera":{"basis":[[-0.0000000437113882867379,0.0,-1.0],[0.0,1.0,0.0],[1.0,0.0,-0.0000000437113882867379]],"fov":75.0,"position":[1103.02502441406,4.84000015258789,-1283.67504882812]},"car":[1103.02502441406,-0.150000005960464,-1283.67504882812],"draw_calls":34,"file":"lots/1075/td-210-criterion-1-before.png","height_m":9.68,"host_frame_ms":114.529,"hud":false,"lot":1075,"objects":34,"ortho_size":40.6500244140625,"street":"nishitenjin","triangles":13268,"view":"fixed front orthographic lot survey","viewport":[960,960]}
TD210_SHOT {"camera":{"basis":[[-0.0000000437113882867379,0.0,-1.0],[0.0,1.0,0.0],[1.0,0.0,-0.0000000437113882867379]],"fov":75.0,"position":[1103.02502441406,3.91499996185303,-1247.58996582031]},"car":[1103.02502441406,-0.150000005960464,-1247.58996582031],"draw_calls":34,"file":"lots/1076/td-210-criterion-1-before.png","height_m":7.83,"host_frame_ms":80.361,"hud":false,"lot":1076,"objects":34,"ortho_size":45.52001953125,"street":"nishitenjin","triangles":13070,"view":"fixed front orthographic lot survey","viewport":[960,960]}
TD210_SHOT {"camera":{"basis":[[-0.0000000437113882867379,0.0,1.0],[0.0,1.0,0.0],[-1.0,0.0,-0.0000000437113882867379]],"fov":75.0,"position":[1005.78002929688,4.78000020980835,-1247.58996582031]},"car":[1005.78002929688,-0.150000005960464,-1247.58996582031],"draw_calls":45,"file":"lots/1077/td-210-criterion-1-before.png","height_m":9.56,"host_frame_ms":80.361,"hud":false,"lot":1077,"objects":45,"ortho_size":45.52001953125,"street":"nishitenjin","triangles":93055,"view":"fixed front orthographic lot survey","viewport":[960,960]}
TD210_SHOT {"camera":{"basis":[[1.0,0.0,0.0],[0.0,1.0,0.0],[0.0,0.0,1.0]],"fov":75.0,"position":[972.5400390625,4.53999996185303,-1148.98254394531]},"car":[972.5400390625,-0.149998098611832,-1148.98254394531],"draw_calls":35,"file":"lots/1078/td-210-criterion-1-before.png","height_m":9.08,"host_frame_ms":80.361,"hud":false,"lot":1078,"objects":35,"ortho_size":40.7000122070312,"street":"seri4","triangles":24017,"view":"fixed front orthographic lot survey","viewport":[960,960]}
TD210_SHOT {"camera":{"basis":[[-0.0000000437113882867379,0.0,1.0],[0.0,1.0,0.0],[-1.0,0.0,-0.0000000437113882867379]],"fov":75.0,"position":[918.982543945312,5.08500003814697,-1172.33996582031]},"car":[918.982543945312,-0.149998098611832,-1172.33996582031],"draw_calls":54,"file":"lots/1079/td-210-criterion-1-before.png","height_m":10.17,"host_frame_ms":80.361,"hud":false,"lot":1079,"objects":54,"ortho_size":40.97998046875,"street":"uogashi3b","triangles":259330,"view":"fixed front orthographic lot survey","viewport":[960,960]}
WARNING: Node './Body' was modified from inside an instance, but it has vanished.
     at: instantiate (scene/resources/packed_scene.cpp:312)
     GDScript backtrace (most recent call first):
         [0] _build (res://scripts/cop_car.gd:346)
         [1] _ready (res://scripts/cop_car.gd:61)
         [2] _spawn_cop (res://scripts/cop_manager.gd:161)
         [3] _ensure_cops (res://scripts/cop_manager.gd:148)
         [4] _on_crime_committed (res://scripts/cop_manager.gd:120)
         [5] report_crime (res://scripts/crime_bus.gd:16)
         [6] _on_hit_area_body_entered (res://scripts/pedestrian.gd:276)
         [7] _on_hit_area_body_entered (res://scripts/td186/td186_pedestrian.gd:144)
WARNING: Parent path './Body' for node 'HeadlightL' has vanished when instantiating: 'res://scenes/tripo_car_sedan.tscn'.
     at: instantiate (scene/resources/packed_scene.cpp:213)
     GDScript backtrace (most recent call first):
         [0] _build (res://scripts/cop_car.gd:346)
         [1] _ready (res://scripts/cop_car.gd:61)
         [2] _spawn_cop (res://scripts/cop_manager.gd:161)
         [3] _ensure_cops (res://scripts/cop_manager.gd:148)
         [4] _on_crime_committed (res://scripts/cop_manager.gd:120)
         [5] report_crime (res://scripts/crime_bus.gd:16)
         [6] _on_hit_area_body_entered (res://scripts/pedestrian.gd:276)
         [7] _on_hit_area_body_entered (res://scripts/td186/td186_pedestrian.gd:144)
WARNING: Parent path './Body' for node 'HeadlightR' has vanished when instantiating: 'res://scenes/tripo_car_sedan.tscn'.
     at: instantiate (scene/resources/packed_scene.cpp:213)
     GDScript backtrace (most recent call first):
         [0] _build (res://scripts/cop_car.gd:346)
         [1] _ready (res://scripts/cop_car.gd:61)
         [2] _spawn_cop (res://scripts/cop_manager.gd:161)
         [3] _ensure_cops (res://scripts/cop_manager.gd:148)
         [4] _on_crime_committed (res://scripts/cop_manager.gd:120)
         [5] report_crime (res://scripts/crime_bus.gd:16)
         [6] _on_hit_area_body_entered (res://scripts/pedestrian.gd:276)
         [7] _on_hit_area_body_entered (res://scripts/td186/td186_pedestrian.gd:144)
WARNING: TripoCarModel: Body node missing
     at: push_warning (core/variant/variant_utility.cpp:1033)
     GDScript backtrace (most recent call first):
         [0] _build_wheels (res://scripts/tripo_car_model.gd:151)
         [1] _ready (res://scripts/tripo_car_model.gd:101)
         [2] _build (res://scripts/cop_car.gd:349)
         [3] _ready (res://scripts/cop_car.gd:61)
         [4] _spawn_cop (res://scripts/cop_manager.gd:161)
         [5] _ensure_cops (res://scripts/cop_manager.gd:148)
         [6] _on_crime_committed (res://scripts/cop_manager.gd:120)
         [7] report_crime (res://scripts/crime_bus.gd:16)
         [8] _on_hit_area_body_entered (res://scripts/pedestrian.gd:276)
         [9] _on_hit_area_body_entered (res://scripts/td186/td186_pedestrian.gd:144)
WARNING: TripoCarModel: headlight missing: HeadlightL
     at: push_warning (core/variant/variant_utility.cpp:1033)
     GDScript backtrace (most recent call first):
         [0] _tune_headlights (res://scripts/tripo_car_model.gd:261)
         [1] _ready (res://scripts/tripo_car_model.gd:102)
         [2] _build (res://scripts/cop_car.gd:349)
         [3] _ready (res://scripts/cop_car.gd:61)
         [4] _spawn_cop (res://scripts/cop_manager.gd:161)
         [5] _ensure_cops (res://scripts/cop_manager.gd:148)
         [6] _on_crime_committed (res://scripts/cop_manager.gd:120)
         [7] report_crime (res://scripts/crime_bus.gd:16)
         [8] _on_hit_area_body_entered (res://scripts/pedestrian.gd:276)
         [9] _on_hit_area_body_entered (res://scripts/td186/td186_pedestrian.gd:144)
WARNING: TripoCarModel: headlight missing: HeadlightR
     at: push_warning (core/variant/variant_utility.cpp:1033)
     GDScript backtrace (most recent call first):
         [0] _tune_headlights (res://scripts/tripo_car_model.gd:261)
         [1] _ready (res://scripts/tripo_car_model.gd:102)
         [2] _build (res://scripts/cop_car.gd:349)
         [3] _ready (res://scripts/cop_car.gd:61)
         [4] _spawn_cop (res://scripts/cop_manager.gd:161)
         [5] _ensure_cops (res://scripts/cop_manager.gd:148)
         [6] _on_crime_committed (res://scripts/cop_manager.gd:120)
         [7] report_crime (res://scripts/crime_bus.gd:16)
         [8] _on_hit_area_body_entered (res://scripts/pedestrian.gd:276)
         [9] _on_hit_area_body_entered (res://scripts/td186/td186_pedestrian.gd:144)
TD210_SHOT {"camera":{"basis":[[-0.0000000437113882867379,0.0,1.0],[0.0,1.0,0.0],[-1.0,0.0,-0.0000000437113882867379]],"fov":75.0,"position":[918.982543945312,5.11499977111816,-1209.69995117188]},"car":[918.982543945312,-0.149998098611832,-1209.69995117188],"draw_calls":47,"file":"lots/1080/td-210-criterion-1-before.png","height_m":10.23,"host_frame_ms":130.725,"hud":false,"lot":1080,"objects":47,"ortho_size":47.739990234375,"street":"uogashi3b","triangles":258609,"view":"fixed front orthographic lot survey","viewport":[960,960]}
TD210_SHOT {"camera":{"basis":[[-0.0000000437113882867379,0.0,-1.0],[0.0,1.0,0.0],[1.0,0.0,-0.0000000437113882867379]],"fov":75.0,"position":[1007.98999023438,4.71500015258789,-1209.69995117188]},"car":[1007.98999023438,-0.150000005960464,-1209.69995117188],"draw_calls":53,"file":"lots/1081/td-210-criterion-1-before.png","height_m":9.43,"host_frame_ms":130.725,"hud":false,"lot":1081,"objects":53,"ortho_size":47.739990234375,"street":"uogashi3b","triangles":32978,"view":"fixed front orthographic lot survey","viewport":[960,960]}
TD210_SHOT {"camera":{"basis":[[-0.0000000437113882867379,0.0,1.0],[0.0,1.0,0.0],[-1.0,0.0,-0.0000000437113882867379]],"fov":75.0,"position":[918.982543945312,4.55999994277954,-1248.4599609375]},"car":[918.982543945312,-0.150000005960464,-1248.4599609375],"draw_calls":42,"file":"lots/1082/td-210-criterion-1-before.png","height_m":9.12,"host_frame_ms":102.515,"hud":false,"lot":1082,"objects":42,"ortho_size":43.780029296875,"street":"uogashi3b","triangles":92465,"view":"fixed front orthographic lot survey","viewport":[960,960]}
TD210_SHOT {"camera":{"basis":[[-0.0000000437113882867379,0.0,-1.0],[0.0,1.0,0.0],[1.0,0.0,-0.0000000437113882867379]],"fov":75.0,"position":[1007.98999023438,4.04500007629395,-1248.4599609375]},"car":[1007.98999023438,-0.150000005960464,-1248.4599609375],"draw_calls":47,"file":"lots/1083/td-210-criterion-1-before.png","height_m":8.09,"host_frame_ms":102.515,"hud":false,"lot":1083,"objects":47,"ortho_size":43.780029296875,"street":"uogashi3b","triangles":22747,"view":"fixed front orthographic lot survey","viewport":[960,960]}
TD210_SHOT {"camera":{"basis":[[-0.0000000437113882867379,0.0,1.0],[0.0,1.0,0.0],[-1.0,0.0,-0.0000000437113882867379]],"fov":75.0,"position":[918.982543945312,5.07499980926514,-1283.67504882812]},"car":[918.982543945312,-0.150000005960464,-1283.67504882812],"draw_calls":34,"file":"lots/1084/td-210-criterion-1-before.png","height_m":10.15,"host_frame_ms":102.515,"hud":false,"lot":1084,"objects":34,"ortho_size":40.6500244140625,"street":"uogashi3b","triangles":87565,"view":"fixed front orthographic lot survey","viewport":[960,960]}
TD210_SHOT {"camera":{"basis":[[-1.0,0.0,0.0000000874227765734759],[0.0,1.0,0.0],[-0.0000000874227765734759,0.0,-1.0]],"fov":75.0,"position":[973.135009765625,5.25500011444092,-1328.0]},"car":[973.135009765625,6.84999990463257,-1328.0],"draw_calls":27,"file":"lots/1085/td-210-criterion-1-before.png","height_m":10.51,"host_frame_ms":85.789,"hud":false,"lot":1085,"objects":27,"ortho_size":39.510009765625,"street":"soshajo_ring","triangles":18821,"view":"fixed front orthographic lot survey","viewport":[960,960]}
TD210_SHOT {"camera":{"basis":[[-1.0,0.0,0.0000000874227765734759],[0.0,1.0,0.0],[-0.0000000874227765734759,0.0,-1.0]],"fov":75.0,"position":[1072.59497070312,5.42999982833862,-471.017517089844]},"car":[1072.59497070312,-0.149998098611832,-471.017517089844],"draw_calls":34,"file":"lots/1086/td-210-criterion-1-before.png","height_m":10.86,"host_frame_ms":85.789,"hud":false,"lot":1086,"objects":34,"ortho_size":43.81005859375,"street":"seri1","triangles":13773,"view":"fixed front orthographic lot survey","viewport":[960,960]}
TD210_SHOT {"camera":{"basis":[[-0.0000000437113882867379,0.0,-1.0],[0.0,1.0,0.0],[1.0,0.0,-0.0000000437113882867379]],"fov":75.0,"position":[1103.02502441406,4.71500015258789,-407.114990234375]},"car":[1103.02502441406,-0.150001913309097,-407.114990234375],"draw_calls":36,"file":"lots/1087/td-210-criterion-1-before.png","height_m":9.43,"host_frame_ms":85.789,"hud":false,"lot":1087,"objects":36,"ortho_size":44.6100158691406,"street":"nishitenjin","triangles":16459,"view":"fixed front orthographic lot survey","viewport":[960,960]}
TD210_SHOT {"camera":{"basis":[[-0.0000000437113882867379,0.0,1.0],[0.0,1.0,0.0],[-1.0,0.0,-0.0000000437113882867379]],"fov":75.0,"position":[995.550048828125,4.82999992370605,-408.839996337891]},"car":[995.550048828125,-0.149998098611832,-408.839996337891],"draw_calls":66,"file":"lots/1088/td-210-criterion-1-before.png","height_m":9.66,"host_frame_ms":85.789,"hud":false,"lot":1088,"objects":66,"ortho_size":48.0599975585938,"street":"seri1","triangles":235729,"view":"fixed front orthographic lot survey","viewport":[960,960]}
TD210_SHOT {"camera":{"basis":[[-1.0,0.0,0.0000000874227765734759],[0.0,1.0,0.0],[-0.0000000874227765734759,0.0,-1.0]],"fov":75.0,"position":[1034.169921875,5.2350001335144,-471.017517089844]},"car":[1034.169921875,-0.149998098611832,-471.017517089844],"draw_calls":38,"file":"lots/1089/td-210-criterion-1-before.png","height_m":10.47,"host_frame_ms":132.196,"hud":false,"lot":1089,"objects":38,"ortho_size":47.0399169921875,"street":"seri1","triangles":14793,"view":"fixed front orthographic lot survey","viewport":[960,960]}
TD210_SHOT {"camera":{"basis":[[-0.0000000437113882867379,0.0,-1.0],[0.0,1.0,0.0],[1.0,0.0,-0.0000000437113882867379]],"fov":75.0,"position":[1103.02502441406,4.15999984741211,-368.904998779297]},"car":[1103.02502441406,-0.150001913309097,-368.904998779297],"draw_calls":26,"file":"lots/1090/td-210-criterion-1-before.png","height_m":8.32,"host_frame_ms":132.196,"hud":false,"lot":1090,"objects":26,"ortho_size":45.8099975585938,"street":"nishitenjin","triangles":8248,"view":"fixed front orthographic lot survey","viewport":[960,960]}
TD210_SHOT {"camera":{"basis":[[1.0,0.0,0.0],[0.0,1.0,0.0],[0.0,0.0,1.0]],"fov":75.0,"position":[1034.16003417969,5.24499988555908,-322.0]},"car":[1034.16003417969,6.84999990463257,-322.0],"draw_calls":42,"file":"lots/1091/td-210-criterion-1-before.png","height_m":10.49,"host_frame_ms":70.956,"hud":false,"lot":1091,"objects":42,"ortho_size":47.02001953125,"street":"rinko","triangles":17156,"view":"fixed front orthographic lot survey","viewport":[960,960]}
TD210_SHOT {"camera":{"basis":[[1.0,0.0,0.0],[0.0,1.0,0.0],[0.0,0.0,1.0]],"fov":75.0,"position":[992.465026855469,4.53000020980835,-322.0]},"car":[992.465026855469,6.84999990463257,-322.0],"draw_calls":49,"file":"lots/1092/td-210-criterion-1-before.png","height_m":9.06,"host_frame_ms":70.956,"hud":false,"lot":1092,"objects":49,"ortho_size":50.3699951171875,"street":"rinko","triangles":28107,"view":"fixed front orthographic lot survey","viewport":[960,960]}
TD210_SHOT {"camera":{"basis":[[-1.0,0.0,0.0000000874227765734759],[0.0,1.0,0.0],[-0.0000000874227765734759,0.0,-1.0]],"fov":75.0,"position":[992.465026855469,4.53000020980835,-444.029998779297]},"car":[992.465026855469,-0.149998098611832,-444.029998779297],"draw_calls":68,"file":"lots/1093/td-210-criterion-1-before.png","height_m":9.06,"host_frame_ms":70.956,"hud":false,"lot":1093,"objects":68,"ortho_size":50.3699951171875,"street":"seri1","triangles":40596,"view":"fixed front orthographic lot survey","viewport":[960,960]}
TD210_SHOT {"camera":{"basis":[[-1.0,0.0,0.0000000874227765734759],[0.0,1.0,0.0],[-0.0000000874227765734759,0.0,-1.0]],"fov":75.0,"position":[981.920043945312,4.7649998664856,-471.017517089844]},"car":[981.920043945312,-0.149998098611832,-471.017517089844],"draw_calls":54,"file":"lots/1094/td-210-criterion-1-before.png","height_m":9.53,"host_frame_ms":70.956,"hud":false,"lot":1094,"objects":54,"ortho_size":29.2799682617188,"street":"seri1","triangles":34967,"view":"fixed front orthographic lot survey","viewport":[960,960]}
TD210_SHOT {"camera":{"basis":[[-1.0,0.0,0.0000000874227765734759],[0.0,1.0,0.0],[-0.0000000874227765734759,0.0,-1.0]],"fov":75.0,"position":[1003.60498046875,4.96500015258789,-471.017517089844]},"car":[1003.60498046875,-0.149998098611832,-471.017517089844],"draw_calls":44,"file":"lots/1095/td-210-criterion-1-before.png","height_m":9.93,"host_frame_ms":80.667,"hud":false,"lot":1095,"objects":44,"ortho_size":28.0900268554688,"street":"seri1","triangles":27180,"view":"fixed front orthographic lot survey","viewport":[960,960]}
TD210_SHOT {"camera":{"basis":[[1.0,0.0,0.0],[0.0,1.0,0.0],[0.0,0.0,1.0]],"fov":75.0,"position":[959.97998046875,4.82499980926514,-322.0]},"car":[959.97998046875,6.84999990463257,-322.0],"draw_calls":31,"file":"lots/1096/td-210-criterion-1-before.png","height_m":9.65,"host_frame_ms":80.667,"hud":false,"lot":1096,"objects":31,"ortho_size":28.6000366210938,"street":"rinko","triangles":17814,"view":"fixed front orthographic lot survey","viewport":[960,960]}
TD210_SHOT {"camera":{"basis":[[1.0,0.0,0.0],[0.0,1.0,0.0],[0.0,0.0,1.0]],"fov":75.0,"position":[938.630004882812,4.01000022888184,-322.0]},"car":[938.630004882812,6.84999990463257,-322.0],"draw_calls":43,"file":"lots/1097/td-210-criterion-1-before.png","height_m":8.02,"host_frame_ms":80.667,"hud":false,"lot":1097,"objects":43,"ortho_size":28.0999755859375,"street":"rinko","triangles":20444,"view":"fixed front orthographic lot survey","viewport":[960,960]}
TD210_SHOT {"camera":{"basis":[[1.0,0.0,0.0],[0.0,1.0,0.0],[0.0,0.0,1.0]],"fov":75.0,"position":[908.744995117188,4.9850001335144,-322.0]},"car":[908.744995117188,6.84999990463257,-322.0],"draw_calls":41,"file":"lots/1098/td-210-criterion-1-before.png","height_m":9.97,"host_frame_ms":80.667,"hud":false,"lot":1098,"objects":41,"ortho_size":45.6700439453125,"street":"rinko","triangles":17644,"view":"fixed front orthographic lot survey","viewport":[960,960]}
TD210_SHOT {"camera":{"basis":[[-1.0,0.0,0.0000000874227765734759],[0.0,1.0,0.0],[-0.0000000874227765734759,0.0,-1.0]],"fov":75.0,"position":[909.164978027344,5.25500011444092,-444.760009765625]},"car":[909.164978027344,-0.149998098611832,-444.760009765625],"draw_calls":46,"file":"lots/1099/td-210-criterion-1-before.png","height_m":10.51,"host_frame_ms":69.221,"hud":false,"lot":1099,"objects":46,"ortho_size":46.510009765625,"street":"seri1","triangles":23149,"view":"fixed front orthographic lot survey","viewport":[960,960]}
TD210_SHOT {"camera":{"basis":[[-1.0,0.0,0.0000000874227765734759],[0.0,1.0,0.0],[-0.0000000874227765734759,0.0,-1.0]],"fov":75.0,"position":[909.164978027344,3.58999991416931,-471.017517089844]},"car":[909.164978027344,-0.150001913309097,-471.017517089844],"draw_calls":33,"file":"lots/1100/td-210-criterion-1-before.png","height_m":7.18,"host_frame_ms":69.221,"hud":false,"lot":1100,"objects":33,"ortho_size":46.510009765625,"street":"seri1","triangles":17493,"view":"fixed front orthographic lot survey","viewport":[960,960]}
TD210_SHOT {"camera":{"basis":[[-1.0,0.0,0.0000000874227765734759],[0.0,1.0,0.0],[-0.0000000874227765734759,0.0,-1.0]],"fov":75.0,"position":[949.849975585938,5.46000003814697,-471.017517089844]},"car":[949.849975585938,-0.150000005960464,-471.017517089844],"draw_calls":46,"file":"lots/1101/td-210-criterion-1-before.png","height_m":10.92,"host_frame_ms":69.221,"hud":false,"lot":1101,"objects":46,"ortho_size":48.8600463867188,"street":"seri1","triangles":25799,"view":"fixed front orthographic lot survey","viewport":[960,960]}
TD210_SHOT {"camera":{"basis":[[1.0,0.0,0.0],[0.0,1.0,0.0],[0.0,0.0,1.0]],"fov":75.0,"position":[949.849975585938,5.07499980926514,-369.570007324219]},"car":[949.849975585938,-0.149998098611832,-369.570007324219],"draw_calls":50,"file":"lots/1102/td-210-criterion-1-before.png","height_m":10.15,"host_frame_ms":88.881,"hud":false,"lot":1102,"objects":50,"ortho_size":48.8600463867188,"street":"seri1","triangles":22656,"view":"fixed front orthographic lot survey","viewport":[960,960]}
TD210_SHOT {"camera":{"basis":[[-0.0000000437113882867379,0.0,1.0],[0.0,1.0,0.0],[-1.0,0.0,-0.0000000437113882867379]],"fov":75.0,"position":[836.424987792969,3.6949999332428,-367.559997558594]},"car":[836.424987792969,-0.150001913309097,-367.559997558594],"draw_calls":30,"file":"lots/1103/td-210-criterion-1-before.png","height_m":7.39,"host_frame_ms":88.881,"hud":false,"lot":1103,"objects":30,"ortho_size":43.1199951171875,"street":"kamome","triangles":66923,"view":"fixed front orthographic lot survey","viewport":[960,960]}
TD210_SHOT {"camera":{"basis":[[-0.0000000437113882867379,0.0,1.0],[0.0,1.0,0.0],[-1.0,0.0,-0.0000000437113882867379]],"fov":75.0,"position":[836.424987792969,3.73000001907349,-405.839996337891]},"car":[836.424987792969,-0.150001913309097,-405.839996337891],"draw_calls":30,"file":"lots/1104/td-210-criterion-1-before.png","height_m":7.46,"host_frame_ms":88.881,"hud":false,"lot":1104,"objects":30,"ortho_size":47.4400024414062,"street":"kamome","triangles":121277,"view":"fixed front orthographic lot survey","viewport":[960,960]}
TD210_SHOT {"camera":{"basis":[[-0.0000000437113882867379,0.0,1.0],[0.0,1.0,0.0],[-1.0,0.0,-0.0000000437113882867379]],"fov":75.0,"position":[836.424987792969,4.53499984741211,-445.35498046875]},"car":[836.424987792969,-0.150001913309097,-445.35498046875],"draw_calls":48,"file":"lots/1105/td-210-criterion-1-before.png","height_m":9.07,"host_frame_ms":79.448,"hud":false,"lot":1105,"objects":48,"ortho_size":45.5899963378906,"street":"kamome","triangles":105552,"view":"fixed front orthographic lot survey","viewport":[960,960]}
TD210_SHOT {"camera":{"basis":[[-1.0,0.0,0.0000000874227765734759],[0.0,1.0,0.0],[-0.0000000874227765734759,0.0,-1.0]],"fov":75.0,"position":[878.804992675781,3.83500003814697,-471.017517089844]},"car":[878.804992675781,-0.149998098611832,-471.017517089844],"draw_calls":39,"file":"lots/1106/td-210-criterion-1-before.png","height_m":7.67,"host_frame_ms":79.448,"hud":false,"lot":1106,"objects":39,"ortho_size":28.2099609375,"street":"seri1","triangles":18574,"view":"fixed front orthographic lot survey","viewport":[960,960]}
TD210_SHOT {"camera":{"basis":[[-0.0000000437113882867379,0.0,1.0],[0.0,1.0,0.0],[-1.0,0.0,-0.0000000437113882867379]],"fov":75.0,"position":[938.982543945312,4.1100001335144,-644.344970703125]},"car":[938.982543945312,-0.150001913309097,-644.344970703125],"draw_calls":30,"file":"lots/1107/td-210-criterion-1-before.png","height_m":8.22,"host_frame_ms":79.448,"hud":false,"lot":1107,"objects":30,"ortho_size":34.6900024414062,"street":"uogashi3","triangles":161700,"view":"fixed front orthographic lot survey","viewport":[960,960]}
TD210_SHOT {"camera":{"basis":[[-0.0000000437113882867379,0.0,-1.0],[0.0,1.0,0.0],[1.0,0.0,-0.0000000437113882867379]],"fov":75.0,"position":[1020.96252441406,4.57499980926514,-644.344970703125]},"car":[1020.96252441406,-0.149998098611832,-644.344970703125],"draw_calls":37,"file":"lots/1108/td-210-criterion-1-before.png","height_m":9.15,"host_frame_ms":91.888,"hud":false,"lot":1108,"objects":37,"ortho_size":34.6900024414062,"street":"uogashi4","triangles":21707,"view":"fixed front orthographic lot survey","viewport":[960,960]}
TD210_SHOT {"camera":{"basis":[[-0.0000000437113882867379,0.0,1.0],[0.0,1.0,0.0],[-1.0,0.0,-0.0000000437113882867379]],"fov":75.0,"position":[938.982543945312,5.31500005722046,-686.420043945312]},"car":[938.982543945312,-0.150001913309097,-686.420043945312],"draw_calls":59,"file":"lots/1109/td-210-criterion-1-before.png","height_m":10.63,"host_frame_ms":91.888,"hud":false,"lot":1109,"objects":59,"ortho_size":63.4600219726562,"street":"uogashi3","triangles":174725,"view":"fixed front orthographic lot survey","viewport":[960,960]}
TD210_SHOT {"camera":{"basis":[[-0.0000000437113882867379,0.0,-1.0],[0.0,1.0,0.0],[1.0,0.0,-0.0000000437113882867379]],"fov":75.0,"position":[1020.96252441406,4.65000009536743,-686.420043945312]},"car":[1020.96252441406,-0.149998098611832,-686.420043945312],"draw_calls":68,"file":"lots/1110/td-210-criterion-1-before.png","height_m":9.3,"host_frame_ms":100.707,"hud":false,"lot":1110,"objects":68,"ortho_size":63.4600219726562,"street":"uogashi4","triangles":27255,"view":"fixed front orthographic lot survey","viewport":[960,960]}
TD210_SHOT {"camera":{"basis":[[-0.0000000437113882867379,0.0,1.0],[0.0,1.0,0.0],[-1.0,0.0,-0.0000000437113882867379]],"fov":75.0,"position":[918.982543945312,5.44500017166138,-848.510009765625]},"car":[918.982543945312,-0.150001913309097,-848.510009765625],"draw_calls":32,"file":"lots/1111/td-210-criterion-1-before.png","height_m":10.89,"host_frame_ms":100.707,"hud":false,"lot":1111,"objects":32,"ortho_size":37.02001953125,"street":"uogashi3b","triangles":145408,"view":"fixed front orthographic lot survey","viewport":[960,960]}
TD210_SHOT {"camera":{"basis":[[1.0,0.0,0.0],[0.0,1.0,0.0],[0.0,0.0,1.0]],"fov":75.0,"position":[991.260009765625,3.53500008583069,-814.5]},"car":[991.260009765625,-0.150001913309097,-814.5],"draw_calls":36,"file":"lots/1112/td-210-criterion-1-before.png","height_m":7.07,"host_frame_ms":100.707,"hud":false,"lot":1112,"objects":36,"ortho_size":53.97998046875,"street":"shosha","triangles":19447,"view":"fixed front orthographic lot survey","viewport":[960,960]}
TD210_SHOT {"camera":{"basis":[[-0.0000000437113882867379,0.0,1.0],[0.0,1.0,0.0],[-1.0,0.0,-0.0000000437113882867379]],"fov":75.0,"position":[918.982543945312,3.51999998092651,-880.445007324219]},"car":[918.982543945312,-0.150001913309097,-880.445007324219],"draw_calls":39,"file":"lots/1113/td-210-criterion-1-before.png","height_m":7.04,"host_frame_ms":98.273,"hud":false,"lot":1113,"objects":39,"ortho_size":40.8499755859375,"street":"uogashi3b","triangles":150561,"view":"fixed front orthographic lot survey","viewport":[960,960]}
TD210_SHOT {"camera":{"basis":[[-1.0,0.0,0.0000000874227765734759],[0.0,1.0,0.0],[-0.0000000874227765734759,0.0,-1.0]],"fov":75.0,"position":[940.179992675781,5.25500011444092,-931.017456054688]},"car":[940.179992675781,-0.150000005960464,-931.017456054688],"draw_calls":56,"file":"lots/1114/td-210-criterion-1-before.png","height_m":10.51,"host_frame_ms":98.273,"hud":false,"lot":1114,"objects":56,"ortho_size":36.6600341796875,"street":"seri3","triangles":30082,"view":"fixed front orthographic lot survey","viewport":[960,960]}
WARNING: Node './Body' was modified from inside an instance, but it has vanished.
     at: instantiate (scene/resources/packed_scene.cpp:312)
     GDScript backtrace (most recent call first):
         [0] _build (res://scripts/cop_car.gd:346)
         [1] _ready (res://scripts/cop_car.gd:61)
         [2] _spawn_cop (res://scripts/cop_manager.gd:161)
         [3] _ensure_cops (res://scripts/cop_manager.gd:148)
         [4] _on_crime_committed (res://scripts/cop_manager.gd:120)
         [5] report_crime (res://scripts/crime_bus.gd:16)
         [6] _on_hit_area_body_entered (res://scripts/pedestrian.gd:276)
         [7] _on_hit_area_body_entered (res://scripts/td186/td186_pedestrian.gd:144)
WARNING: Parent path './Body' for node 'HeadlightL' has vanished when instantiating: 'res://scenes/tripo_car_sedan.tscn'.
     at: instantiate (scene/resources/packed_scene.cpp:213)
     GDScript backtrace (most recent call first):
         [0] _build (res://scripts/cop_car.gd:346)
         [1] _ready (res://scripts/cop_car.gd:61)
         [2] _spawn_cop (res://scripts/cop_manager.gd:161)
         [3] _ensure_cops (res://scripts/cop_manager.gd:148)
         [4] _on_crime_committed (res://scripts/cop_manager.gd:120)
         [5] report_crime (res://scripts/crime_bus.gd:16)
         [6] _on_hit_area_body_entered (res://scripts/pedestrian.gd:276)
         [7] _on_hit_area_body_entered (res://scripts/td186/td186_pedestrian.gd:144)
WARNING: Parent path './Body' for node 'HeadlightR' has vanished when instantiating: 'res://scenes/tripo_car_sedan.tscn'.
     at: instantiate (scene/resources/packed_scene.cpp:213)
     GDScript backtrace (most recent call first):
         [0] _build (res://scripts/cop_car.gd:346)
         [1] _ready (res://scripts/cop_car.gd:61)
         [2] _spawn_cop (res://scripts/cop_manager.gd:161)
         [3] _ensure_cops (res://scripts/cop_manager.gd:148)
         [4] _on_crime_committed (res://scripts/cop_manager.gd:120)
         [5] report_crime (res://scripts/crime_bus.gd:16)
         [6] _on_hit_area_body_entered (res://scripts/pedestrian.gd:276)
         [7] _on_hit_area_body_entered (res://scripts/td186/td186_pedestrian.gd:144)
WARNING: TripoCarModel: Body node missing
     at: push_warning (core/variant/variant_utility.cpp:1033)
     GDScript backtrace (most recent call first):
         [0] _build_wheels (res://scripts/tripo_car_model.gd:151)
         [1] _ready (res://scripts/tripo_car_model.gd:101)
         [2] _build (res://scripts/cop_car.gd:349)
         [3] _ready (res://scripts/cop_car.gd:61)
         [4] _spawn_cop (res://scripts/cop_manager.gd:161)
         [5] _ensure_cops (res://scripts/cop_manager.gd:148)
         [6] _on_crime_committed (res://scripts/cop_manager.gd:120)
         [7] report_crime (res://scripts/crime_bus.gd:16)
         [8] _on_hit_area_body_entered (res://scripts/pedestrian.gd:276)
         [9] _on_hit_area_body_entered (res://scripts/td186/td186_pedestrian.gd:144)
WARNING: TripoCarModel: headlight missing: HeadlightL
     at: push_warning (core/variant/variant_utility.cpp:1033)
     GDScript backtrace (most recent call first):
         [0] _tune_headlights (res://scripts/tripo_car_model.gd:261)
         [1] _ready (res://scripts/tripo_car_model.gd:102)
         [2] _build (res://scripts/cop_car.gd:349)
         [3] _ready (res://scripts/cop_car.gd:61)
         [4] _spawn_cop (res://scripts/cop_manager.gd:161)
         [5] _ensure_cops (res://scripts/cop_manager.gd:148)
         [6] _on_crime_committed (res://scripts/cop_manager.gd:120)
         [7] report_crime (res://scripts/crime_bus.gd:16)
         [8] _on_hit_area_body_entered (res://scripts/pedestrian.gd:276)
         [9] _on_hit_area_body_entered (res://scripts/td186/td186_pedestrian.gd:144)
WARNING: TripoCarModel: headlight missing: HeadlightR
     at: push_warning (core/variant/variant_utility.cpp:1033)
     GDScript backtrace (most recent call first):
         [0] _tune_headlights (res://scripts/tripo_car_model.gd:261)
         [1] _ready (res://scripts/tripo_car_model.gd:102)
         [2] _build (res://scripts/cop_car.gd:349)
         [3] _ready (res://scripts/cop_car.gd:61)
         [4] _spawn_cop (res://scripts/cop_manager.gd:161)
         [5] _ensure_cops (res://scripts/cop_manager.gd:148)
         [6] _on_crime_committed (res://scripts/cop_manager.gd:120)
         [7] report_crime (res://scripts/crime_bus.gd:16)
         [8] _on_hit_area_body_entered (res://scripts/pedestrian.gd:276)
         [9] _on_hit_area_body_entered (res://scripts/td186/td186_pedestrian.gd:144)
WARNING: Node './Body' was modified from inside an instance, but it has vanished.
     at: instantiate (scene/resources/packed_scene.cpp:312)
     GDScript backtrace (most recent call first):
         [0] _build (res://scripts/cop_car.gd:346)
         [1] _ready (res://scripts/cop_car.gd:61)
         [2] _spawn_cop (res://scripts/cop_manager.gd:161)
         [3] _ensure_cops (res://scripts/cop_manager.gd:148)
         [4] _on_crime_committed (res://scripts/cop_manager.gd:120)
         [5] report_crime (res://scripts/crime_bus.gd:16)
         [6] _on_hit_area_body_entered (res://scripts/pedestrian.gd:276)
         [7] _on_hit_area_body_entered (res://scripts/td186/td186_pedestrian.gd:144)
WARNING: Parent path './Body' for node 'HeadlightL' has vanished when instantiating: 'res://scenes/tripo_car_sedan.tscn'.
     at: instantiate (scene/resources/packed_scene.cpp:213)
     GDScript backtrace (most recent call first):
         [0] _build (res://scripts/cop_car.gd:346)
         [1] _ready (res://scripts/cop_car.gd:61)
         [2] _spawn_cop (res://scripts/cop_manager.gd:161)
         [3] _ensure_cops (res://scripts/cop_manager.gd:148)
         [4] _on_crime_committed (res://scripts/cop_manager.gd:120)
         [5] report_crime (res://scripts/crime_bus.gd:16)
         [6] _on_hit_area_body_entered (res://scripts/pedestrian.gd:276)
         [7] _on_hit_area_body_entered (res://scripts/td186/td186_pedestrian.gd:144)
WARNING: Parent path './Body' for node 'HeadlightR' has vanished when instantiating: 'res://scenes/tripo_car_sedan.tscn'.
     at: instantiate (scene/resources/packed_scene.cpp:213)
     GDScript backtrace (most recent call first):
         [0] _build (res://scripts/cop_car.gd:346)
         [1] _ready (res://scripts/cop_car.gd:61)
         [2] _spawn_cop (res://scripts/cop_manager.gd:161)
         [3] _ensure_cops (res://scripts/cop_manager.gd:148)
         [4] _on_crime_committed (res://scripts/cop_manager.gd:120)
         [5] report_crime (res://scripts/crime_bus.gd:16)
         [6] _on_hit_area_body_entered (res://scripts/pedestrian.gd:276)
         [7] _on_hit_area_body_entered (res://scripts/td186/td186_pedestrian.gd:144)
WARNING: TripoCarModel: Body node missing
     at: push_warning (core/variant/variant_utility.cpp:1033)
     GDScript backtrace (most recent call first):
         [0] _build_wheels (res://scripts/tripo_car_model.gd:151)
         [1] _ready (res://scripts/tripo_car_model.gd:101)
         [2] _build (res://scripts/cop_car.gd:349)
         [3] _ready (res://scripts/cop_car.gd:61)
         [4] _spawn_cop (res://scripts/cop_manager.gd:161)
         [5] _ensure_cops (res://scripts/cop_manager.gd:148)
         [6] _on_crime_committed (res://scripts/cop_manager.gd:120)
         [7] report_crime (res://scripts/crime_bus.gd:16)
         [8] _on_hit_area_body_entered (res://scripts/pedestrian.gd:276)
         [9] _on_hit_area_body_entered (res://scripts/td186/td186_pedestrian.gd:144)
WARNING: TripoCarModel: headlight missing: HeadlightL
     at: push_warning (core/variant/variant_utility.cpp:1033)
     GDScript backtrace (most recent call first):
         [0] _tune_headlights (res://scripts/tripo_car_model.gd:261)
         [1] _ready (res://scripts/tripo_car_model.gd:102)
         [2] _build (res://scripts/cop_car.gd:349)
         [3] _ready (res://scripts/cop_car.gd:61)
         [4] _spawn_cop (res://scripts/cop_manager.gd:161)
         [5] _ensure_cops (res://scripts/cop_manager.gd:148)
         [6] _on_crime_committed (res://scripts/cop_manager.gd:120)
         [7] report_crime (res://scripts/crime_bus.gd:16)
         [8] _on_hit_area_body_entered (res://scripts/pedestrian.gd:276)
         [9] _on_hit_area_body_entered (res://scripts/td186/td186_pedestrian.gd:144)
WARNING: TripoCarModel: headlight missing: HeadlightR
     at: push_warning (core/variant/variant_utility.cpp:1033)
     GDScript backtrace (most recent call first):
         [0] _tune_headlights (res://scripts/tripo_car_model.gd:261)
         [1] _ready (res://scripts/tripo_car_model.gd:102)
         [2] _build (res://scripts/cop_car.gd:349)
         [3] _ready (res://scripts/cop_car.gd:61)
         [4] _spawn_cop (res://scripts/cop_manager.gd:161)
         [5] _ensure_cops (res://scripts/cop_manager.gd:148)
         [6] _on_crime_committed (res://scripts/cop_manager.gd:120)
         [7] report_crime (res://scripts/crime_bus.gd:16)
         [8] _on_hit_area_body_entered (res://scripts/pedestrian.gd:276)
         [9] _on_hit_area_body_entered (res://scripts/td186/td186_pedestrian.gd:144)
TD210_SHOT {"camera":{"basis":[[-1.0,0.0,0.0000000874227765734759],[0.0,1.0,0.0],[-0.0000000874227765734759,0.0,-1.0]],"fov":75.0,"position":[970.135009765625,4.13000011444092,-931.017456054688]},"car":[970.135009765625,-0.150000005960464,-931.017456054688],"draw_calls":38,"file":"lots/1115/td-210-criterion-1-before.png","height_m":8.26,"host_frame_ms":98.273,"hud":false,"lot":1115,"objects":38,"ortho_size":37.25,"street":"seri3","triangles":26076,"view":"fixed front orthographic lot survey","viewport":[960,960]}
TD210_SHOT {"camera":{"basis":[[-1.0,0.0,0.0000000874227765734759],[0.0,1.0,0.0],[-0.0000000874227765734759,0.0,-1.0]],"fov":75.0,"position":[1000.00500488281,4.49499988555908,-931.017456054688]},"car":[1000.00500488281,-0.150000005960464,-931.017456054688],"draw_calls":35,"file":"lots/1116/td-210-criterion-1-before.png","height_m":8.99,"host_frame_ms":83.453,"hud":false,"lot":1116,"objects":35,"ortho_size":36.489990234375,"street":"seri3","triangles":23147,"view":"fixed front orthographic lot survey","viewport":[960,960]}
TD210_SHOT {"camera":{"basis":[[-0.0000000437113882867379,0.0,-1.0],[0.0,1.0,0.0],[1.0,0.0,-0.0000000437113882867379]],"fov":75.0,"position":[1020.96252441406,4.67999982833862,-880.035034179688]},"car":[1020.96252441406,-0.150000005960464,-880.035034179688],"draw_calls":47,"file":"lots/1117/td-210-criterion-1-before.png","height_m":9.36,"host_frame_ms":83.453,"hud":false,"lot":1117,"objects":47,"ortho_size":40.0299682617188,"street":"uogashi4","triangles":23517,"view":"fixed front orthographic lot survey","viewport":[960,960]}
TD210_SHOT {"camera":{"basis":[[-0.0000000437113882867379,0.0,1.0],[0.0,1.0,0.0],[-1.0,0.0,-0.0000000437113882867379]],"fov":75.0,"position":[936.410034179688,5.41499996185303,-880.035034179688]},"car":[936.410034179688,-0.149998098611832,-880.035034179688],"draw_calls":39,"file":"lots/1118/td-210-criterion-1-before.png","height_m":10.83,"host_frame_ms":83.453,"hud":false,"lot":1118,"objects":39,"ortho_size":40.0299682617188,"street":"uogashi4","triangles":151043,"view":"fixed front orthographic lot survey","viewport":[960,960]}
TD210_SHOT {"camera":{"basis":[[-0.0000000437113882867379,0.0,1.0],[0.0,1.0,0.0],[-1.0,0.0,-0.0000000437113882867379]],"fov":75.0,"position":[938.982543945312,4.90000009536743,-779.734985351562]},"car":[938.982543945312,-0.150001913309097,-779.734985351562],"draw_calls":54,"file":"lots/1119/td-210-criterion-1-before.png","height_m":9.8,"host_frame_ms":92.867,"hud":false,"lot":1119,"objects":54,"ortho_size":60.530029296875,"street":"uogashi3","triangles":306565,"view":"fixed front orthographic lot survey","viewport":[960,960]}
TD210_SHOT {"camera":{"basis":[[-0.0000000437113882867379,0.0,-1.0],[0.0,1.0,0.0],[1.0,0.0,-0.0000000437113882867379]],"fov":75.0,"position":[1020.96252441406,4.71500015258789,-779.734985351562]},"car":[1020.96252441406,-0.150000005960464,-779.734985351562],"draw_calls":46,"file":"lots/1120/td-210-criterion-1-before.png","height_m":9.43,"host_frame_ms":92.867,"hud":false,"lot":1120,"objects":46,"ortho_size":60.530029296875,"street":"uogashi4","triangles":29702,"view":"fixed front orthographic lot survey","viewport":[960,960]}
TD210_SHOT {"camera":{"basis":[[1.0,0.0,0.0],[0.0,1.0,0.0],[0.0,0.0,1.0]],"fov":75.0,"position":[998.280029296875,4.30000019073486,-718.982543945312]},"car":[998.280029296875,-0.150000005960464,-718.982543945312],"draw_calls":53,"file":"lots/1121/td-210-criterion-1-before.png","height_m":8.6,"host_frame_ms":129.254,"hud":false,"lot":1121,"objects":53,"ortho_size":39.9400024414062,"street":"seri2","triangles":41605,"view":"fixed front orthographic lot survey","viewport":[960,960]}
TD210_SHOT {"camera":{"basis":[[1.0,0.0,0.0],[0.0,1.0,0.0],[0.0,0.0,1.0]],"fov":75.0,"position":[963.579956054688,4.69500017166138,-718.982543945312]},"car":[963.579956054688,-0.150000005960464,-718.982543945312],"draw_calls":48,"file":"lots/1122/td-210-criterion-1-before.png","height_m":9.39,"host_frame_ms":129.254,"hud":false,"lot":1122,"objects":48,"ortho_size":43.4600219726562,"street":"seri2","triangles":32005,"view":"fixed front orthographic lot survey","viewport":[960,960]}
TD210_SHOT {"camera":{"basis":[[-1.0,0.0,0.0000000874227765734759],[0.0,1.0,0.0],[-0.0000000874227765734759,0.0,-1.0]],"fov":75.0,"position":[946.694946289062,5.15000009536743,-1043.57495117188]},"car":[946.694946289062,-0.149998098611832,-1043.57495117188],"draw_calls":91,"file":"lots/1123/td-210-criterion-1-before.png","height_m":10.3,"host_frame_ms":129.254,"hud":false,"lot":1123,"objects":91,"ortho_size":49.6900024414062,"street":"reizo","triangles":46675,"view":"fixed front orthographic lot survey","viewport":[960,960]}
TD210_SHOT {"camera":{"basis":[[-1.0,0.0,0.0000000874227765734759],[0.0,1.0,0.0],[-0.0000000874227765734759,0.0,-1.0]],"fov":75.0,"position":[991.39501953125,4.93499994277954,-1043.57495117188]},"car":[991.39501953125,-0.149998098611832,-1043.57495117188],"draw_calls":48,"file":"lots/1124/td-210-criterion-1-before.png","height_m":9.87,"host_frame_ms":77.493,"hud":false,"lot":1124,"objects":48,"ortho_size":53.7100219726562,"street":"reizo","triangles":32696,"view":"fixed front orthographic lot survey","viewport":[960,960]}
TD210_SHOT {"camera":{"basis":[[-0.0000000437113882867379,0.0,-1.0],[0.0,1.0,0.0],[1.0,0.0,-0.0000000437113882867379]],"fov":75.0,"position":[1020.96252441406,4.08500003814697,-983.714965820312]},"car":[1020.96252441406,-0.149998098611832,-983.714965820312],"draw_calls":51,"file":"lots/1125/td-210-criterion-1-before.png","height_m":8.17,"host_frame_ms":77.493,"hud":false,"lot":1125,"objects":51,"ortho_size":39.4500122070312,"street":"uogashi4","triangles":33107,"view":"fixed front orthographic lot survey","viewport":[960,960]}
TD210_SHOT {"camera":{"basis":[[-0.0000000437113882867379,0.0,-1.0],[0.0,1.0,0.0],[1.0,0.0,-0.0000000437113882867379]],"fov":75.0,"position":[1020.96252441406,4.59499979019165,-951.419982910156]},"car":[1020.96252441406,-0.149998098611832,-951.419982910156],"draw_calls":57,"file":"lots/1126/td-210-criterion-1-before.png","height_m":9.19,"host_frame_ms":76.509,"hud":false,"lot":1126,"objects":57,"ortho_size":39.1400146484375,"street":"uogashi4","triangles":18806,"view":"fixed front orthographic lot survey","viewport":[960,960]}
TD210_SHOT {"camera":{"basis":[[1.0,0.0,0.0],[0.0,1.0,0.0],[0.0,0.0,1.0]],"fov":75.0,"position":[968.829956054688,4.94500017166138,-928.982543945312]},"car":[968.829956054688,-0.150000005960464,-928.982543945312],"draw_calls":31,"file":"lots/1127/td-210-criterion-1-before.png","height_m":9.89,"host_frame_ms":76.509,"hud":false,"lot":1127,"objects":31,"ortho_size":39.2200317382812,"street":"seri3","triangles":23681,"view":"fixed front orthographic lot survey","viewport":[960,960]}
TD210_SHOT {"camera":{"basis":[[-0.0000000437113882867379,0.0,1.0],[0.0,1.0,0.0],[-1.0,0.0,-0.0000000437113882867379]],"fov":75.0,"position":[918.982543945312,3.64499998092651,-949.60498046875]},"car":[918.982543945312,-0.150001913309097,-949.60498046875],"draw_calls":57,"file":"lots/1128/td-210-criterion-1-before.png","height_m":7.29,"host_frame_ms":76.509,"hud":false,"lot":1128,"objects":57,"ortho_size":35.510009765625,"street":"uogashi3b","triangles":160074,"view":"fixed front orthographic lot survey","viewport":[960,960]}
TD210_SHOT {"camera":{"basis":[[-0.0000000437113882867379,0.0,1.0],[0.0,1.0,0.0],[-1.0,0.0,-0.0000000437113882867379]],"fov":75.0,"position":[918.982543945312,5.10500001907349,-981.900024414062]},"car":[918.982543945312,-0.149998098611832,-981.900024414062],"draw_calls":64,"file":"lots/1129/td-210-criterion-1-before.png","height_m":10.21,"host_frame_ms":87.638,"hud":false,"lot":1129,"objects":64,"ortho_size":43.0800170898438,"street":"uogashi3b","triangles":321391,"view":"fixed front orthographic lot survey","viewport":[960,960]}
TD210_SHOT {"camera":{"basis":[[-0.0000000437113882867379,0.0,-1.0],[0.0,1.0,0.0],[1.0,0.0,-0.0000000437113882867379]],"fov":75.0,"position":[1003.53997802734,4.92999982833862,-981.900024414062]},"car":[1003.53997802734,-0.149998098611832,-981.900024414062],"draw_calls":79,"file":"lots/1130/td-210-criterion-1-before.png","height_m":9.86,"host_frame_ms":87.638,"hud":false,"lot":1130,"objects":79,"ortho_size":43.0800170898438,"street":"uogashi3b","triangles":42690,"view":"fixed front orthographic lot survey","viewport":[960,960]}
TD210_SHOT {"camera":{"basis":[[-0.0000000437113882867379,0.0,-1.0],[0.0,1.0,0.0],[1.0,0.0,-0.0000000437113882867379]],"fov":75.0,"position":[1020.96252441406,4.55999994277954,-1065.59008789062]},"car":[1020.96252441406,-0.149998098611832,-1065.59008789062],"draw_calls":41,"file":"lots/1131/td-210-criterion-1-before.png","height_m":9.12,"host_frame_ms":87.638,"hud":false,"lot":1131,"objects":41,"ortho_size":38.1800537109375,"street":"uogashi4","triangles":21484,"view":"fixed front orthographic lot survey","viewport":[960,960]}
TD210_SHOT {"camera":{"basis":[[1.0,0.0,0.0],[0.0,1.0,0.0],[0.0,0.0,1.0]],"fov":75.0,"position":[971.755004882812,4.75500011444092,-1036.42504882812]},"car":[971.755004882812,-0.149998098611832,-1036.42504882812],"draw_calls":22,"file":"lots/1132/td-210-criterion-1-before.png","height_m":9.51,"host_frame_ms":103.044,"hud":false,"lot":1132,"objects":22,"ortho_size":39.8099975585938,"street":"reizo","triangles":13258,"view":"fixed front orthographic lot survey","viewport":[960,960]}
TD210_SHOT {"camera":{"basis":[[-0.0000000437113882867379,0.0,1.0],[0.0,1.0,0.0],[-1.0,0.0,-0.0000000437113882867379]],"fov":75.0,"position":[936.75,3.8199999332428,-1097.8349609375]},"car":[936.75,-0.150000005960464,-1097.8349609375],"draw_calls":37,"file":"lots/1133/td-210-criterion-1-before.png","height_m":7.64,"host_frame_ms":103.044,"hud":false,"lot":1133,"objects":37,"ortho_size":40.3099365234375,"street":"uogashi4","triangles":181201,"view":"fixed front orthographic lot survey","viewport":[960,960]}
TD210_SHOT {"camera":{"basis":[[-0.0000000437113882867379,0.0,-1.0],[0.0,1.0,0.0],[1.0,0.0,-0.0000000437113882867379]],"fov":75.0,"position":[1020.96252441406,4.5,-1097.8349609375]},"car":[1020.96252441406,-0.149998098611832,-1097.8349609375],"draw_calls":42,"file":"lots/1134/td-210-criterion-1-before.png","height_m":9.0,"host_frame_ms":95.482,"hud":false,"lot":1134,"objects":42,"ortho_size":40.3099365234375,"street":"uogashi4","triangles":21942,"view":"fixed front orthographic lot survey","viewport":[960,960]}
TD210_SHOT {"camera":{"basis":[[-0.0000000437113882867379,0.0,1.0],[0.0,1.0,0.0],[-1.0,0.0,-0.0000000437113882867379]],"fov":75.0,"position":[918.982543945312,5.24499988555908,-1064.794921875]},"car":[918.982543945312,-0.149998098611832,-1064.794921875],"draw_calls":52,"file":"lots/1135/td-210-criterion-1-before.png","height_m":10.49,"host_frame_ms":95.482,"hud":false,"lot":1135,"objects":52,"ortho_size":36.5899658203125,"street":"uogashi3b","triangles":188609,"view":"fixed front orthographic lot survey","viewport":[960,960]}
TD210_SHOT {"camera":{"basis":[[-0.0000000437113882867379,0.0,1.0],[0.0,1.0,0.0],[-1.0,0.0,-0.0000000437113882867379]],"fov":75.0,"position":[918.982543945312,4.57000017166138,-1097.0400390625]},"car":[918.982543945312,-0.149998098611832,-1097.0400390625],"draw_calls":41,"file":"lots/1136/td-210-criterion-1-before.png","height_m":9.14,"host_frame_ms":106.708,"hud":false,"lot":1136,"objects":41,"ortho_size":41.9000244140625,"street":"uogashi3b","triangles":183353,"view":"fixed front orthographic lot survey","viewport":[960,960]}
TD210_SHOT {"camera":{"basis":[[-1.0,0.0,0.0000000874227765734759],[0.0,1.0,0.0],[-0.0000000874227765734759,0.0,-1.0]],"fov":75.0,"position":[948.089965820312,5.17000007629395,-1151.01745605469]},"car":[948.089965820312,-0.149998098611832,-1151.01745605469],"draw_calls":41,"file":"lots/1137/td-210-criterion-1-before.png","height_m":10.34,"host_frame_ms":106.708,"hud":false,"lot":1137,"objects":41,"ortho_size":52.4800415039062,"street":"seri4","triangles":22382,"view":"fixed front orthographic lot survey","viewport":[960,960]}
TD210_SHOT {"camera":{"basis":[[-1.0,0.0,0.0000000874227765734759],[0.0,1.0,0.0],[-0.0000000874227765734759,0.0,-1.0]],"fov":75.0,"position":[992.7900390625,3.98499989509583,-1151.01745605469]},"car":[992.7900390625,-0.149998098611832,-1151.01745605469],"draw_calls":51,"file":"lots/1138/td-210-criterion-1-before.png","height_m":7.97,"host_frame_ms":124.17,"hud":false,"lot":1138,"objects":51,"ortho_size":50.9199829101562,"street":"seri4","triangles":31512,"view":"fixed front orthographic lot survey","viewport":[960,960]}
TD210_SHOT {"camera":{"basis":[[-0.0000000437113882867379,0.0,-1.0],[0.0,1.0,0.0],[1.0,0.0,-0.0000000437113882867379]],"fov":75.0,"position":[941.017456054688,3.60500001907349,-490.385009765625]},"car":[941.017456054688,-0.150000005960464,-490.385009765625],"draw_calls":19,"file":"lots/1139/td-210-criterion-1-before.png","height_m":7.21,"host_frame_ms":124.17,"hud":false,"lot":1139,"objects":19,"ortho_size":37.0700073242188,"street":"uogashi3","triangles":7335,"view":"fixed front orthographic lot survey","viewport":[960,960]}
TD210_SHOT {"camera":{"basis":[[1.0,0.0,0.0],[0.0,1.0,0.0],[0.0,0.0,1.0]],"fov":75.0,"position":[890.464965820312,4.32999992370605,-468.982482910156]},"car":[890.464965820312,-0.150001913309097,-468.982482910156],"draw_calls":39,"file":"lots/1140/td-210-criterion-1-before.png","height_m":8.66,"host_frame_ms":124.17,"hud":false,"lot":1140,"objects":39,"ortho_size":36.7300415039062,"street":"seri1","triangles":9442,"view":"fixed front orthographic lot survey","viewport":[960,960]}
TD210_SHOT {"camera":{"basis":[[-0.0000000437113882867379,0.0,1.0],[0.0,1.0,0.0],[-1.0,0.0,-0.0000000437113882867379]],"fov":75.0,"position":[857.0,5.09000015258789,-523.965026855469]},"car":[857.0,-0.150001913309097,-523.965026855469],"draw_calls":23,"file":"lots/1141/td-210-criterion-1-before.png","height_m":10.18,"host_frame_ms":72.517,"hud":false,"lot":1141,"objects":23,"ortho_size":44.0899963378906,"street":"uogashi3","triangles":62482,"view":"fixed front orthographic lot survey","viewport":[960,960]}
TD210_SHOT {"camera":{"basis":[[-0.0000000437113882867379,0.0,-1.0],[0.0,1.0,0.0],[1.0,0.0,-0.0000000437113882867379]],"fov":75.0,"position":[941.017456054688,4.78499984741211,-523.965026855469]},"car":[941.017456054688,-0.150000005960464,-523.965026855469],"draw_calls":30,"file":"lots/1142/td-210-criterion-1-before.png","height_m":9.57,"host_frame_ms":72.517,"hud":false,"lot":1142,"objects":30,"ortho_size":44.0899963378906,"street":"uogashi3","triangles":12794,"view":"fixed front orthographic lot survey","viewport":[960,960]}
TD210_SHOT {"camera":{"basis":[[1.0,0.0,0.0],[0.0,1.0,0.0],[0.0,0.0,1.0]],"fov":75.0,"position":[862.799987792969,3.73000001907349,-468.982482910156]},"car":[862.799987792969,-0.150001913309097,-468.982482910156],"draw_calls":20,"file":"lots/1143/td-210-criterion-1-before.png","height_m":7.46,"host_frame_ms":72.517,"hud":false,"lot":1143,"objects":20,"ortho_size":32.5999755859375,"street":"seri1","triangles":7700,"view":"fixed front orthographic lot survey","viewport":[960,960]}
TD210_SHOT {"camera":{"basis":[[-0.0000000437113882867379,0.0,1.0],[0.0,1.0,0.0],[-1.0,0.0,-0.0000000437113882867379]],"fov":75.0,"position":[836.424987792969,4.7350001335144,-525.590026855469]},"car":[836.424987792969,-0.150000005960464,-525.590026855469],"draw_calls":23,"file":"lots/1144/td-210-criterion-1-before.png","height_m":9.47,"host_frame_ms":72.517,"hud":false,"lot":1144,"objects":23,"ortho_size":40.8399963378906,"street":"kamome","triangles":64371,"view":"fixed front orthographic lot survey","viewport":[960,960]}
TD210_SHOT {"camera":{"basis":[[-0.0000000437113882867379,0.0,1.0],[0.0,1.0,0.0],[-1.0,0.0,-0.0000000437113882867379]],"fov":75.0,"position":[836.424987792969,3.99499988555908,-560.554992675781]},"car":[836.424987792969,-0.149998098611832,-560.554992675781],"draw_calls":26,"file":"lots/1145/td-210-criterion-1-before.png","height_m":7.99,"host_frame_ms":71.461,"hud":false,"lot":1145,"objects":26,"ortho_size":43.0899658203125,"street":"kamome","triangles":117675,"view":"fixed front orthographic lot survey","viewport":[960,960]}
TD210_SHOT {"camera":{"basis":[[-0.0000000437113882867379,0.0,1.0],[0.0,1.0,0.0],[-1.0,0.0,-0.0000000437113882867379]],"fov":75.0,"position":[836.424987792969,3.52500009536743,-594.049987792969]},"car":[836.424987792969,-0.149998098611832,-594.049987792969],"draw_calls":34,"file":"lots/1146/td-210-criterion-1-before.png","height_m":7.05,"host_frame_ms":71.461,"hud":false,"lot":1146,"objects":34,"ortho_size":37.9000244140625,"street":"kamome","triangles":121886,"view":"fixed front orthographic lot survey","viewport":[960,960]}
TD210_SHOT {"camera":{"basis":[[-1.0,0.0,0.0000000874227765734759],[0.0,1.0,0.0],[-0.0000000874227765734759,0.0,-1.0]],"fov":75.0,"position":[892.309997558594,4.76000022888184,-623.849975585938]},"car":[892.309997558594,-0.149998098611832,-623.849975585938],"draw_calls":30,"file":"lots/1147/td-210-criterion-1-before.png","height_m":9.52,"host_frame_ms":76.76,"hud":false,"lot":1147,"objects":30,"ortho_size":39.0999755859375,"street":"ichiba","triangles":15119,"view":"fixed front orthographic lot survey","viewport":[960,960]}
TD210_SHOT {"camera":{"basis":[[-0.0000000437113882867379,0.0,-1.0],[0.0,1.0,0.0],[1.0,0.0,-0.0000000437113882867379]],"fov":75.0,"position":[941.017456054688,4.23999977111816,-593.739990234375]},"car":[941.017456054688,-0.149998098611832,-593.739990234375],"draw_calls":39,"file":"lots/1148/td-210-criterion-1-before.png","height_m":8.48,"host_frame_ms":76.76,"hud":false,"lot":1148,"objects":39,"ortho_size":38.52001953125,"street":"uogashi3","triangles":19626,"view":"fixed front orthographic lot survey","viewport":[960,960]}
TD210_SHOT {"camera":{"basis":[[-0.0000000437113882867379,0.0,-1.0],[0.0,1.0,0.0],[1.0,0.0,-0.0000000437113882867379]],"fov":75.0,"position":[941.017456054688,3.6949999332428,-560.244995117188]},"car":[941.017456054688,-0.149998098611832,-560.244995117188],"draw_calls":28,"file":"lots/1149/td-210-criterion-1-before.png","height_m":7.39,"host_frame_ms":65.975,"hud":false,"lot":1149,"objects":28,"ortho_size":42.469970703125,"street":"uogashi3","triangles":14298,"view":"fixed front orthographic lot survey","viewport":[960,960]}
TD210_SHOT {"camera":{"basis":[[-0.0000000437113882867379,0.0,1.0],[0.0,1.0,0.0],[-1.0,0.0,-0.0000000437113882867379]],"fov":75.0,"position":[857.660034179688,4.93499994277954,-560.244995117188]},"car":[857.660034179688,-0.149998098611832,-560.244995117188],"draw_calls":23,"file":"lots/1150/td-210-criterion-1-before.png","height_m":9.87,"host_frame_ms":65.975,"hud":false,"lot":1150,"objects":23,"ortho_size":42.469970703125,"street":"uogashi3","triangles":63655,"view":"fixed front orthographic lot survey","viewport":[960,960]}
TD210_SHOT {"camera":{"basis":[[-0.0000000437113882867379,0.0,-1.0],[0.0,1.0,0.0],[1.0,0.0,-0.0000000437113882867379]],"fov":75.0,"position":[895.737487792969,4.09499979019165,-702.910034179688]},"car":[895.737487792969,-0.15000382065773,-702.910034179688],"draw_calls":24,"file":"lots/1151/td-210-criterion-1-before.png","height_m":8.19,"host_frame_ms":65.975,"hud":false,"lot":1151,"objects":24,"ortho_size":30.4800415039062,"street":"kenji_dock","triangles":16413,"view":"fixed front orthographic lot survey","viewport":[960,960]}
TD210_SHOT {"camera":{"basis":[[-0.0000000437113882867379,0.0,-1.0],[0.0,1.0,0.0],[1.0,0.0,-0.0000000437113882867379]],"fov":75.0,"position":[941.017456054688,3.51999998092651,-692.325012207031]},"car":[941.017456054688,-0.149998098611832,-692.325012207031],"draw_calls":29,"file":"lots/1152/td-210-criterion-1-before.png","height_m":7.04,"host_frame_ms":74.987,"hud":false,"lot":1152,"objects":29,"ortho_size":51.6500244140625,"street":"uogashi3","triangles":17621,"view":"fixed front orthographic lot survey","viewport":[960,960]}
TD210_SHOT {"camera":{"basis":[[-0.0000000437113882867379,0.0,1.0],[0.0,1.0,0.0],[-1.0,0.0,-0.0000000437113882867379]],"fov":75.0,"position":[836.424987792969,3.53999996185303,-692.325012207031]},"car":[836.424987792969,-0.150001913309097,-692.325012207031],"draw_calls":26,"file":"lots/1153/td-210-criterion-1-before.png","height_m":7.08,"host_frame_ms":74.987,"hud":false,"lot":1153,"objects":26,"ortho_size":51.6500244140625,"street":"kamome","triangles":66507,"view":"fixed front orthographic lot survey","viewport":[960,960]}
TD210_SHOT {"camera":{"basis":[[-0.0000000437113882867379,0.0,-1.0],[0.0,1.0,0.0],[1.0,0.0,-0.0000000437113882867379]],"fov":75.0,"position":[941.017456054688,4.4850001335144,-778.984985351562]},"car":[941.017456054688,-0.150001913309097,-778.984985351562],"draw_calls":49,"file":"lots/1154/td-210-criterion-1-before.png","height_m":8.97,"host_frame_ms":74.987,"hud":false,"lot":1154,"objects":49,"ortho_size":62.030029296875,"street":"uogashi3","triangles":27799,"view":"fixed front orthographic lot survey","viewport":[960,960]}
TD210_SHOT {"camera":{"basis":[[-1.0,0.0,0.0000000874227765734759],[0.0,1.0,0.0],[-0.0000000874227765734759,0.0,-1.0]],"fov":75.0,"position":[891.744995117188,4.35500001907349,-825.5]},"car":[891.744995117188,-0.150001913309097,-825.5],"draw_calls":41,"file":"lots/1155/td-210-criterion-1-before.png","height_m":8.71,"host_frame_ms":68.107,"hud":false,"lot":1155,"objects":41,"ortho_size":38.7099609375,"street":"shosha","triangles":23373,"view":"fixed front orthographic lot survey","viewport":[960,960]}
TD210_SHOT {"camera":{"basis":[[1.0,0.0,0.0],[0.0,1.0,0.0],[0.0,0.0,1.0]],"fov":75.0,"position":[919.900024414062,3.91499996185303,-718.982543945312]},"car":[919.900024414062,-0.150000005960464,-718.982543945312],"draw_calls":72,"file":"lots/1156/td-210-criterion-1-before.png","height_m":7.83,"host_frame_ms":68.107,"hud":false,"lot":1156,"objects":72,"ortho_size":36.5,"street":"seri2","triangles":24098,"view":"fixed front orthographic lot survey","viewport":[960,960]}
TD210_SHOT {"camera":{"basis":[[1.0,0.0,0.0],[0.0,1.0,0.0],[0.0,0.0,1.0]],"fov":75.0,"position":[890.52001953125,2.99000000953674,-718.982543945312]},"car":[890.52001953125,-0.149998098611832,-718.982543945312],"draw_calls":46,"file":"lots/1157/td-210-criterion-1-before.png","height_m":5.98,"host_frame_ms":82.146,"hud":false,"lot":1157,"objects":46,"ortho_size":36.260009765625,"street":"seri2","triangles":22656,"view":"fixed front orthographic lot survey","viewport":[960,960]}
TD210_SHOT {"camera":{"basis":[[-0.0000000437113882867379,0.0,1.0],[0.0,1.0,0.0],[-1.0,0.0,-0.0000000437113882867379]],"fov":75.0,"position":[836.424987792969,4.79500007629395,-744.804992675781]},"car":[836.424987792969,-0.150001913309097,-744.804992675781],"draw_calls":56,"file":"lots/1158/td-210-criterion-1-before.png","height_m":9.59,"host_frame_ms":82.146,"hud":false,"lot":1158,"objects":56,"ortho_size":45.9100341796875,"street":"kamome","triangles":87001,"view":"fixed front orthographic lot survey","viewport":[960,960]}
TD210_SHOT {"camera":{"basis":[[-0.0000000437113882867379,0.0,1.0],[0.0,1.0,0.0],[-1.0,0.0,-0.0000000437113882867379]],"fov":75.0,"position":[836.424987792969,5.21500015258789,-785.380004882812]},"car":[836.424987792969,-0.150001913309097,-785.380004882812],"draw_calls":54,"file":"lots/1159/td-210-criterion-1-before.png","height_m":10.43,"host_frame_ms":82.146,"hud":false,"lot":1159,"objects":54,"ortho_size":49.239990234375,"street":"kamome","triangles":209185,"view":"fixed front orthographic lot survey","viewport":[960,960]}
TD210_SHOT {"camera":{"basis":[[-1.0,0.0,0.0000000874227765734759],[0.0,1.0,0.0],[-0.0000000874227765734759,0.0,-1.0]],"fov":75.0,"position":[898.974975585938,4.53499984741211,-1151.01745605469]},"car":[898.974975585938,-0.150001913309097,-1151.01745605469],"draw_calls":54,"file":"lots/1160/td-210-criterion-1-before.png","height_m":9.07,"host_frame_ms":91.263,"hud":false,"lot":1160,"objects":54,"ortho_size":38.3500366210938,"street":"seri4","triangles":18532,"view":"fixed front orthographic lot survey","viewport":[960,960]}
TD210_SHOT {"camera":{"basis":[[-0.0000000437113882867379,0.0,-1.0],[0.0,1.0,0.0],[1.0,0.0,-0.0000000437113882867379]],"fov":75.0,"position":[921.017456054688,5.44500017166138,-1098.21508789062]},"car":[921.017456054688,-0.149996191263199,-1098.21508789062],"draw_calls":32,"file":"lots/1161/td-210-criterion-1-before.png","height_m":10.89,"host_frame_ms":91.263,"hud":false,"lot":1161,"objects":32,"ortho_size":42.1099853515625,"street":"uogashi3b","triangles":17470,"view":"fixed front orthographic lot survey","viewport":[960,960]}
TD210_SHOT {"camera":{"basis":[[-0.0000000437113882867379,0.0,1.0],[0.0,1.0,0.0],[-1.0,0.0,-0.0000000437113882867379]],"fov":75.0,"position":[836.424987792969,4.70499992370605,-1098.34497070312]},"car":[836.424987792969,-0.150000005960464,-1098.34497070312],"draw_calls":29,"file":"lots/1162/td-210-criterion-1-before.png","height_m":9.41,"host_frame_ms":113.044,"hud":false,"lot":1162,"objects":29,"ortho_size":42.3699951171875,"street":"kamome","triangles":171023,"view":"fixed front orthographic lot survey","viewport":[960,960]}
TD210_SHOT {"camera":{"basis":[[-1.0,0.0,0.0000000874227765734759],[0.0,1.0,0.0],[-0.0000000874227765734759,0.0,-1.0]],"fov":75.0,"position":[866.650024414062,5.11999988555908,-1151.01745605469]},"car":[866.650024414062,-0.150001913309097,-1151.01745605469],"draw_calls":27,"file":"lots/1163/td-210-criterion-1-before.png","height_m":10.24,"host_frame_ms":113.044,"hud":false,"lot":1163,"objects":27,"ortho_size":40.2999877929688,"street":"seri4","triangles":8883,"view":"fixed front orthographic lot survey","viewport":[960,960]}
TD210_SHOT {"camera":{"basis":[[-0.0000000437113882867379,0.0,-1.0],[0.0,1.0,0.0],[1.0,0.0,-0.0000000437113882867379]],"fov":75.0,"position":[921.017456054688,5.03000020980835,-1065.330078125]},"car":[921.017456054688,-0.150000005960464,-1065.330078125],"draw_calls":50,"file":"lots/1164/td-210-criterion-1-before.png","height_m":10.06,"host_frame_ms":113.044,"hud":false,"lot":1164,"objects":50,"ortho_size":37.6600341796875,"street":"uogashi3b","triangles":22940,"view":"fixed front orthographic lot survey","viewport":[960,960]}
TD210_SHOT {"camera":{"basis":[[1.0,0.0,0.0],[0.0,1.0,0.0],[0.0,0.0,1.0]],"fov":75.0,"position":[866.900024414062,4.53999996185303,-1036.42504882812]},"car":[866.900024414062,-0.149998098611832,-1036.42504882812],"draw_calls":28,"file":"lots/1165/td-210-criterion-1-before.png","height_m":9.08,"host_frame_ms":73.967,"hud":false,"lot":1165,"objects":28,"ortho_size":40.7999877929688,"street":"reizo","triangles":13039,"view":"fixed front orthographic lot survey","viewport":[960,960]}
TD210_SHOT {"camera":{"basis":[[-1.0,0.0,0.0000000874227765734759],[0.0,1.0,0.0],[-0.0000000874227765734759,0.0,-1.0]],"fov":75.0,"position":[898.515014648438,5.25500011444092,-931.017456054688]},"car":[898.515014648438,-0.150000005960464,-931.017456054688],"draw_calls":45,"file":"lots/1166/td-210-criterion-1-before.png","height_m":10.51,"host_frame_ms":73.967,"hud":false,"lot":1166,"objects":45,"ortho_size":39.27001953125,"street":"seri3","triangles":15966,"view":"fixed front orthographic lot survey","viewport":[960,960]}
TD210_SHOT {"camera":{"basis":[[-0.0000000437113882867379,0.0,-1.0],[0.0,1.0,0.0],[1.0,0.0,-0.0000000437113882867379]],"fov":75.0,"position":[921.017456054688,4.33500003814697,-879.640014648438]},"car":[921.017456054688,-0.150000005960464,-879.640014648438],"draw_calls":27,"file":"lots/1167/td-210-criterion-1-before.png","height_m":8.67,"host_frame_ms":70.932,"hud":false,"lot":1167,"objects":27,"ortho_size":37.9000244140625,"street":"uogashi3b","triangles":17838,"view":"fixed front orthographic lot survey","viewport":[960,960]}
TD210_SHOT {"camera":{"basis":[[-0.0000000437113882867379,0.0,1.0],[0.0,1.0,0.0],[-1.0,0.0,-0.0000000437113882867379]],"fov":75.0,"position":[836.424987792969,3.95499992370605,-880.170043945312]},"car":[836.424987792969,-0.150000005960464,-880.170043945312],"draw_calls":27,"file":"lots/1168/td-210-criterion-1-before.png","height_m":7.91,"host_frame_ms":70.932,"hud":false,"lot":1168,"objects":27,"ortho_size":38.9600219726562,"street":"kamome","triangles":140621,"view":"fixed front orthographic lot survey","viewport":[960,960]}
TD210_SHOT {"camera":{"basis":[[-1.0,0.0,0.0000000874227765734759],[0.0,1.0,0.0],[-0.0000000874227765734759,0.0,-1.0]],"fov":75.0,"position":[866.190002441406,3.63000011444092,-931.017456054688]},"car":[866.190002441406,-0.150000005960464,-931.017456054688],"draw_calls":32,"file":"lots/1169/td-210-criterion-1-before.png","height_m":7.26,"host_frame_ms":70.932,"hud":false,"lot":1169,"objects":32,"ortho_size":39.3800048828125,"street":"seri3","triangles":12228,"view":"fixed front orthographic lot survey","viewport":[960,960]}
TD210_SHOT {"camera":{"basis":[[-0.0000000437113882867379,0.0,-1.0],[0.0,1.0,0.0],[1.0,0.0,-0.0000000437113882867379]],"fov":75.0,"position":[921.017456054688,4.04500007629395,-848.844970703125]},"car":[921.017456054688,-0.150000005960464,-848.844970703125],"draw_calls":37,"file":"lots/1170/td-210-criterion-1-before.png","height_m":8.09,"host_frame_ms":79.47,"hud":false,"lot":1170,"objects":37,"ortho_size":37.6900024414062,"street":"uogashi3b","triangles":20578,"view":"fixed front orthographic lot survey","viewport":[960,960]}
TD210_SHOT {"camera":{"basis":[[-0.0000000437113882867379,0.0,1.0],[0.0,1.0,0.0],[-1.0,0.0,-0.0000000437113882867379]],"fov":75.0,"position":[836.424987792969,5.13000011444092,-848.844970703125]},"car":[836.424987792969,-0.150000005960464,-848.844970703125],"draw_calls":38,"file":"lots/1171/td-210-criterion-1-before.png","height_m":10.26,"host_frame_ms":79.47,"hud":false,"lot":1171,"objects":38,"ortho_size":37.6900024414062,"street":"kamome","triangles":146289,"view":"fixed front orthographic lot survey","viewport":[960,960]}
TD210_SHOT {"camera":{"basis":[[-0.0000000437113882867379,0.0,-1.0],[0.0,1.0,0.0],[1.0,0.0,-0.0000000437113882867379]],"fov":75.0,"position":[921.017456054688,4.98000001907349,-960.049987792969]},"car":[921.017456054688,-0.150000005960464,-960.049987792969],"draw_calls":37,"file":"lots/1172/td-210-criterion-1-before.png","height_m":9.96,"host_frame_ms":79.47,"hud":false,"lot":1172,"objects":37,"ortho_size":56.4000244140625,"street":"uogashi3b","triangles":16469,"view":"fixed front orthographic lot survey","viewport":[960,960]}
TD210_SHOT {"camera":{"basis":[[-0.0000000437113882867379,0.0,1.0],[0.0,1.0,0.0],[-1.0,0.0,-0.0000000437113882867379]],"fov":75.0,"position":[836.424987792969,4.40500020980835,-960.049987792969]},"car":[836.424987792969,-0.150000005960464,-960.049987792969],"draw_calls":49,"file":"lots/1173/td-210-criterion-1-before.png","height_m":8.81,"host_frame_ms":84.901,"hud":false,"lot":1173,"objects":49,"ortho_size":56.4000244140625,"street":"kamome","triangles":204946,"view":"fixed front orthographic lot survey","viewport":[960,960]}
TD210_SHOT {"camera":{"basis":[[-0.0000000437113882867379,0.0,-1.0],[0.0,1.0,0.0],[1.0,0.0,-0.0000000437113882867379]],"fov":75.0,"position":[921.017456054688,3.76500010490417,-1012.625]},"car":[921.017456054688,-0.150000005960464,-1012.625],"draw_calls":53,"file":"lots/1174/td-210-criterion-1-before.png","height_m":7.53,"host_frame_ms":84.901,"hud":false,"lot":1174,"objects":53,"ortho_size":41.75,"street":"uogashi3b","triangles":27846,"view":"fixed front orthographic lot survey","viewport":[960,960]}
TD210_SHOT {"camera":{"basis":[[1.0,0.0,0.0],[0.0,1.0,0.0],[0.0,0.0,1.0]],"fov":75.0,"position":[865.505004882812,4.44999980926514,-989.037475585938]},"car":[865.505004882812,-0.149998098611832,-989.037475585938],"draw_calls":52,"file":"lots/1175/td-210-criterion-1-before.png","height_m":8.9,"host_frame_ms":84.901,"hud":false,"lot":1175,"objects":52,"ortho_size":38.010009765625,"street":"kori","triangles":24958,"view":"fixed front orthographic lot survey","viewport":[960,960]}
TD210_SHOT {"camera":{"basis":[[-0.0000000437113882867379,0.0,-1.0],[0.0,1.0,0.0],[1.0,0.0,-0.0000000437113882867379]],"fov":75.0,"position":[921.017456054688,3.71499991416931,-1207.17504882812]},"car":[921.017456054688,-0.150000005960464,-1207.17504882812],"draw_calls":34,"file":"lots/1176/td-210-criterion-1-before.png","height_m":7.43,"host_frame_ms":76.764,"hud":false,"lot":1176,"objects":34,"ortho_size":61.9500732421875,"street":"uogashi3b","triangles":19981,"view":"fixed front orthographic lot survey","viewport":[960,960]}
TD210_SHOT {"camera":{"basis":[[-0.0000000437113882867379,0.0,1.0],[0.0,1.0,0.0],[-1.0,0.0,-0.0000000437113882867379]],"fov":75.0,"position":[836.424987792969,5.4850001335144,-1207.17504882812]},"car":[836.424987792969,-0.149998098611832,-1207.17504882812],"draw_calls":47,"file":"lots/1177/td-210-criterion-1-before.png","height_m":10.97,"host_frame_ms":76.764,"hud":false,"lot":1177,"objects":47,"ortho_size":61.9500732421875,"street":"kamome","triangles":105599,"view":"fixed front orthographic lot survey","viewport":[960,960]}
TD210_SHOT {"camera":{"basis":[[1.0,0.0,0.0],[0.0,1.0,0.0],[0.0,0.0,1.0]],"fov":75.0,"position":[898.550048828125,3.54999995231628,-1148.98254394531]},"car":[898.550048828125,-0.150000005960464,-1148.98254394531],"draw_calls":39,"file":"lots/1178/td-210-criterion-1-before.png","height_m":7.1,"host_frame_ms":82.319,"hud":false,"lot":1178,"objects":39,"ortho_size":39.2000122070312,"street":"seri4","triangles":22129,"view":"fixed front orthographic lot survey","viewport":[960,960]}
TD210_SHOT {"camera":{"basis":[[1.0,0.0,0.0],[0.0,1.0,0.0],[0.0,0.0,1.0]],"fov":75.0,"position":[866.224975585938,5.34499979019165,-1148.98254394531]},"car":[866.224975585938,-0.150000005960464,-1148.98254394531],"draw_calls":37,"file":"lots/1179/td-210-criterion-1-before.png","height_m":10.69,"host_frame_ms":82.319,"hud":false,"lot":1179,"objects":37,"ortho_size":39.4500122070312,"street":"seri4","triangles":19821,"view":"fixed front orthographic lot survey","viewport":[960,960]}
TD210_SHOT {"camera":{"basis":[[-0.0000000437113882867379,0.0,-1.0],[0.0,1.0,0.0],[1.0,0.0,-0.0000000437113882867379]],"fov":75.0,"position":[921.017456054688,4.90500020980835,-1286.44995117188]},"car":[921.017456054688,-0.149996191263199,-1286.44995117188],"draw_calls":31,"file":"lots/1180/td-210-criterion-1-before.png","height_m":9.81,"host_frame_ms":82.319,"hud":false,"lot":1180,"objects":31,"ortho_size":35.0999755859375,"street":"uogashi3b","triangles":14968,"view":"fixed front orthographic lot survey","viewport":[960,960]}
TD210_SHOT {"camera":{"basis":[[1.0,0.0,0.0],[0.0,1.0,0.0],[0.0,0.0,1.0]],"fov":75.0,"position":[899.430053710938,3.97000002861023,-1238.98254394531]},"car":[899.430053710938,-0.150000005960464,-1238.98254394531],"draw_calls":22,"file":"lots/1181/td-210-criterion-1-before.png","height_m":7.94,"host_frame_ms":334.203,"hud":false,"lot":1181,"objects":22,"ortho_size":37.4400024414062,"street":"seri5","triangles":9437,"view":"fixed front orthographic lot survey","viewport":[960,960]}
TD210_SHOT {"camera":{"basis":[[1.0,0.0,0.0],[0.0,1.0,0.0],[0.0,0.0,1.0]],"fov":75.0,"position":[867.10498046875,5.32499980926514,-1238.98254394531]},"car":[867.10498046875,-0.150000005960464,-1238.98254394531],"draw_calls":29,"file":"lots/1182/td-210-criterion-1-before.png","height_m":10.65,"host_frame_ms":334.203,"hud":false,"lot":1182,"objects":29,"ortho_size":41.2100219726562,"street":"seri5","triangles":13979,"view":"fixed front orthographic lot survey","viewport":[960,960]}
TD210_SHOT {"camera":{"basis":[[-0.0000000437113882867379,0.0,1.0],[0.0,1.0,0.0],[-1.0,0.0,-0.0000000437113882867379]],"fov":75.0,"position":[836.424987792969,4.61499977111816,-1286.25]},"car":[836.424987792969,-0.150000005960464,-1286.25],"draw_calls":35,"file":"lots/1183/td-210-criterion-1-before.png","height_m":9.23,"host_frame_ms":62.36,"hud":false,"lot":1183,"objects":35,"ortho_size":35.5,"street":"kamome","triangles":40643,"view":"fixed front orthographic lot survey","viewport":[960,960]}
TD210_SHOT {"camera":{"basis":[[-1.0,0.0,0.0000000874227765734759],[0.0,1.0,0.0],[-0.0000000874227765734759,0.0,-1.0]],"fov":75.0,"position":[663.544982910156,5.09499979019165,-471.017517089844]},"car":[663.544982910156,-0.149998098611832,-471.017517089844],"draw_calls":45,"file":"lots/1184/td-210-criterion-1-before.png","height_m":10.19,"host_frame_ms":62.36,"hud":false,"lot":1184,"objects":45,"ortho_size":43.3900146484375,"street":"seri1","triangles":14911,"view":"fixed front orthographic lot survey","viewport":[960,960]}
TD210_SHOT {"camera":{"basis":[[-1.0,0.0,0.0000000874227765734759],[0.0,1.0,0.0],[-0.0000000874227765734759,0.0,-1.0]],"fov":75.0,"position":[700.7099609375,5.1399998664856,-471.017517089844]},"car":[700.7099609375,-0.149998098611832,-471.017517089844],"draw_calls":39,"file":"lots/1185/td-210-criterion-1-before.png","height_m":10.28,"host_frame_ms":62.36,"hud":false,"lot":1185,"objects":39,"ortho_size":44.9400024414062,"street":"seri1","triangles":14884,"view":"fixed front orthographic lot survey","viewport":[960,960]}
TD210_SHOT {"camera":{"basis":[[-0.0000000437113882867379,0.0,-1.0],[0.0,1.0,0.0],[1.0,0.0,-0.0000000437113882867379]],"fov":75.0,"position":[738.279968261719,5.09000015258789,-407.070007324219]},"car":[738.279968261719,-0.150000005960464,-407.070007324219],"draw_calls":29,"file":"lots/1186/td-210-criterion-1-before.png","height_m":10.18,"host_frame_ms":132.205,"hud":false,"lot":1186,"objects":29,"ortho_size":49.760009765625,"street":"uogashi1","triangles":14285,"view":"fixed front orthographic lot survey","viewport":[960,960]}
TD210_SHOT {"camera":{"basis":[[-0.0000000437113882867379,0.0,1.0],[0.0,1.0,0.0],[-1.0,0.0,-0.0000000437113882867379]],"fov":75.0,"position":[638.982543945312,3.52500009536743,-407.070007324219]},"car":[638.982543945312,-0.149998098611832,-407.070007324219],"draw_calls":20,"file":"lots/1187/td-210-criterion-1-before.png","height_m":7.05,"host_frame_ms":132.205,"hud":false,"lot":1187,"objects":20,"ortho_size":49.760009765625,"street":"uogashi1","triangles":6090,"view":"fixed front orthographic lot survey","viewport":[960,960]}
TD210_SHOT {"camera":{"basis":[[1.0,0.0,0.0],[0.0,1.0,0.0],[0.0,0.0,1.0]],"fov":75.0,"position":[700.510009765625,3.58999991416931,-322.0]},"car":[700.510009765625,6.84999990463257,-322.0],"draw_calls":49,"file":"lots/1188/td-210-criterion-1-before.png","height_m":7.18,"host_frame_ms":132.205,"hud":false,"lot":1188,"objects":49,"ortho_size":45.3399658203125,"street":"rinko","triangles":25839,"view":"fixed front orthographic lot survey","viewport":[960,960]}
TD210_SHOT {"camera":{"basis":[[-0.0000000437113882867379,0.0,1.0],[0.0,1.0,0.0],[-1.0,0.0,-0.0000000437113882867379]],"fov":75.0,"position":[638.982543945312,4.90000009536743,-367.595001220703]},"car":[638.982543945312,-0.150000005960464,-367.595001220703],"draw_calls":24,"file":"lots/1189/td-210-criterion-1-before.png","height_m":9.8,"host_frame_ms":65.963,"hud":false,"lot":1189,"objects":24,"ortho_size":43.1900024414062,"street":"uogashi1","triangles":7533,"view":"fixed front orthographic lot survey","viewport":[960,960]}
TD210_SHOT {"camera":{"basis":[[-1.0,0.0,0.0000000874227765734759],[0.0,1.0,0.0],[-0.0000000874227765734759,0.0,-1.0]],"fov":75.0,"position":[738.195007324219,4.75,-471.017517089844]},"car":[738.195007324219,-0.150001913309097,-471.017517089844],"draw_calls":28,"file":"lots/1190/td-210-criterion-1-before.png","height_m":9.5,"host_frame_ms":65.963,"hud":false,"lot":1190,"objects":28,"ortho_size":44.030029296875,"street":"seri1","triangles":12908,"view":"fixed front orthographic lot survey","viewport":[960,960]}
TD210_SHOT {"camera":{"basis":[[-0.0000000437113882867379,0.0,-1.0],[0.0,1.0,0.0],[1.0,0.0,-0.0000000437113882867379]],"fov":75.0,"position":[775.309997558594,5.35500001907349,-406.774993896484]},"car":[775.309997558594,-0.150000005960464,-406.774993896484],"draw_calls":31,"file":"lots/1191/td-210-criterion-1-before.png","height_m":10.71,"host_frame_ms":68.284,"hud":false,"lot":1191,"objects":31,"ortho_size":48.6300048828125,"street":"seri1","triangles":14548,"view":"fixed front orthographic lot survey","viewport":[960,960]}
TD210_SHOT {"camera":{"basis":[[-1.0,0.0,0.0000000874227765734759],[0.0,1.0,0.0],[-0.0000000874227765734759,0.0,-1.0]],"fov":75.0,"position":[774.77001953125,4.51000022888184,-471.017517089844]},"car":[774.77001953125,-0.150001913309097,-471.017517089844],"draw_calls":34,"file":"lots/1192/td-210-criterion-1-before.png","height_m":9.02,"host_frame_ms":68.284,"hud":false,"lot":1192,"objects":34,"ortho_size":43.1199951171875,"street":"seri1","triangles":14344,"view":"fixed front orthographic lot survey","viewport":[960,960]}
TD210_SHOT {"camera":{"basis":[[-1.0,0.0,0.0000000874227765734759],[0.0,1.0,0.0],[-0.0000000874227765734759,0.0,-1.0]],"fov":75.0,"position":[811.4150390625,5.13500022888184,-471.017517089844]},"car":[811.4150390625,-0.150000005960464,-471.017517089844],"draw_calls":53,"file":"lots/1193/td-210-criterion-1-before.png","height_m":10.27,"host_frame_ms":68.284,"hud":false,"lot":1193,"objects":53,"ortho_size":44.1699829101562,"street":"seri1","triangles":23875,"view":"fixed front orthographic lot survey","viewport":[960,960]}
TD210_SHOT {"camera":{"basis":[[-0.0000000437113882867379,0.0,-1.0],[0.0,1.0,0.0],[1.0,0.0,-0.0000000437113882867379]],"fov":75.0,"position":[843.575012207031,4.19500017166138,-406.385009765625]},"car":[843.575012207031,-0.150001913309097,-406.385009765625],"draw_calls":38,"file":"lots/1194/td-210-criterion-1-before.png","height_m":8.39,"host_frame_ms":74.271,"hud":false,"lot":1194,"objects":38,"ortho_size":47.8500061035156,"street":"kamome","triangles":18404,"view":"fixed front orthographic lot survey","viewport":[960,960]}
TD210_SHOT {"camera":{"basis":[[-0.0000000437113882867379,0.0,1.0],[0.0,1.0,0.0],[-1.0,0.0,-0.0000000437113882867379]],"fov":75.0,"position":[738.110046386719,4.73000001907349,-406.385009765625]},"car":[738.110046386719,-0.150000005960464,-406.385009765625],"draw_calls":30,"file":"lots/1195/td-210-criterion-1-before.png","height_m":9.46,"host_frame_ms":74.271,"hud":false,"lot":1195,"objects":30,"ortho_size":47.8500061035156,"street":"seri1","triangles":11938,"view":"fixed front orthographic lot survey","viewport":[960,960]}
TD210_SHOT {"camera":{"basis":[[-0.0000000437113882867379,0.0,-1.0],[0.0,1.0,0.0],[1.0,0.0,-0.0000000437113882867379]],"fov":75.0,"position":[843.575012207031,3.92000007629395,-367.72998046875]},"car":[843.575012207031,-0.150001913309097,-367.72998046875],"draw_calls":42,"file":"lots/1196/td-210-criterion-1-before.png","height_m":7.84,"host_frame_ms":74.271,"hud":false,"lot":1196,"objects":42,"ortho_size":43.4599914550781,"street":"kamome","triangles":17299,"view":"fixed front orthographic lot survey","viewport":[960,960]}
TD210_SHOT {"camera":{"basis":[[1.0,0.0,0.0],[0.0,1.0,0.0],[0.0,0.0,1.0]],"fov":75.0,"position":[765.455017089844,5.44000005722046,-322.0]},"car":[765.455017089844,6.84999990463257,-322.0],"draw_calls":70,"file":"lots/1197/td-210-criterion-1-before.png","height_m":10.88,"host_frame_ms":61.251,"hud":false,"lot":1197,"objects":70,"ortho_size":35.72998046875,"street":"rinko","triangles":24988,"view":"fixed front orthographic lot survey","viewport":[960,960]}
TD210_SHOT {"camera":{"basis":[[1.0,0.0,0.0],[0.0,1.0,0.0],[0.0,0.0,1.0]],"fov":75.0,"position":[735.385009765625,4.77500009536743,-322.0]},"car":[735.385009765625,6.84999990463257,-322.0],"draw_calls":35,"file":"lots/1198/td-210-criterion-1-before.png","height_m":9.55,"host_frame_ms":61.251,"hud":false,"lot":1198,"objects":35,"ortho_size":38.4100341796875,"street":"rinko","triangles":12261,"view":"fixed front orthographic lot survey","viewport":[960,960]}
TD210_SHOT {"camera":{"basis":[[-0.0000000437113882867379,0.0,1.0],[0.0,1.0,0.0],[-1.0,0.0,-0.0000000437113882867379]],"fov":75.0,"position":[738.982543945312,5.3600001335144,-1215.94506835938]},"car":[738.982543945312,-0.150000005960464,-1215.94506835938],"draw_calls":44,"file":"lots/1199/td-210-criterion-1-before.png","height_m":10.72,"host_frame_ms":61.251,"hud":false,"lot":1199,"objects":44,"ortho_size":44.4100341796875,"street":"uogashi2","triangles":106494,"view":"fixed front orthographic lot survey","viewport":[960,960]}
TD210_SHOT {"camera":{"basis":[[-0.0000000437113882867379,0.0,1.0],[0.0,1.0,0.0],[-1.0,0.0,-0.0000000437113882867379]],"fov":75.0,"position":[738.982543945312,4.78000020980835,-1176.294921875]},"car":[738.982543945312,-0.150000005960464,-1176.294921875],"draw_calls":47,"file":"lots/1200/td-210-criterion-1-before.png","height_m":9.56,"host_frame_ms":75.681,"hud":false,"lot":1200,"objects":47,"ortho_size":48.8900146484375,"street":"uogashi2","triangles":105002,"view":"fixed front orthographic lot survey","viewport":[960,960]}
TD210_SHOT {"camera":{"basis":[[-1.0,0.0,0.0000000874227765734759],[0.0,1.0,0.0],[-0.0000000874227765734759,0.0,-1.0]],"fov":75.0,"position":[787.530029296875,5.44500017166138,-1241.01745605469]},"car":[787.530029296875,-0.150000005960464,-1241.01745605469],"draw_calls":44,"file":"lots/1201/td-210-criterion-1-before.png","height_m":10.89,"host_frame_ms":75.681,"hud":false,"lot":1201,"objects":44,"ortho_size":37.5599975585938,"street":"seri5","triangles":28819,"view":"fixed front orthographic lot survey","viewport":[960,960]}
TD210_SHOT {"camera":{"basis":[[-0.0000000437113882867379,0.0,-1.0],[0.0,1.0,0.0],[1.0,0.0,-0.0000000437113882867379]],"fov":75.0,"position":[843.575012207031,4.51000022888184,-1207.52502441406]},"car":[843.575012207031,-0.149998098611832,-1207.52502441406],"draw_calls":62,"file":"lots/1202/td-210-criterion-1-before.png","height_m":9.02,"host_frame_ms":75.681,"hud":false,"lot":1202,"objects":62,"ortho_size":61.25,"street":"kamome","triangles":35525,"view":"fixed front orthographic lot survey","viewport":[960,960]}
TD210_SHOT {"camera":{"basis":[[1.0,0.0,0.0],[0.0,1.0,0.0],[0.0,0.0,1.0]],"fov":75.0,"position":[816.780029296875,3.35500001907349,-1148.98254394531]},"car":[816.780029296875,-0.150000005960464,-1148.98254394531],"draw_calls":40,"file":"lots/1203/td-210-criterion-1-before.png","height_m":6.71,"host_frame_ms":68.531,"hud":false,"lot":1203,"objects":40,"ortho_size":33.4400024414062,"street":"seri4","triangles":25463,"view":"fixed front orthographic lot survey","viewport":[960,960]}
TD210_SHOT {"camera":{"basis":[[1.0,0.0,0.0],[0.0,1.0,0.0],[0.0,0.0,1.0]],"fov":75.0,"position":[787.905029296875,3.71499991416931,-1148.98254394531]},"car":[787.905029296875,-0.150000005960464,-1148.98254394531],"draw_calls":41,"file":"lots/1204/td-210-criterion-1-before.png","height_m":7.43,"host_frame_ms":68.531,"hud":false,"lot":1204,"objects":41,"ortho_size":38.3099975585938,"street":"seri4","triangles":27307,"view":"fixed front orthographic lot survey","viewport":[960,960]}
TD210_SHOT {"camera":{"basis":[[-0.0000000437113882867379,0.0,1.0],[0.0,1.0,0.0],[-1.0,0.0,-0.0000000437113882867379]],"fov":75.0,"position":[758.982543945312,5.40000009536743,-686.619995117188]},"car":[758.982543945312,-0.150001913309097,-686.619995117188],"draw_calls":46,"file":"lots/1205/td-210-criterion-1-before.png","height_m":10.8,"host_frame_ms":64.904,"hud":false,"lot":1205,"objects":46,"ortho_size":63.0599975585938,"street":"uogashi2b","triangles":76208,"view":"fixed front orthographic lot survey","viewport":[960,960]}
TD210_SHOT {"camera":{"basis":[[-0.0000000437113882867379,0.0,-1.0],[0.0,1.0,0.0],[1.0,0.0,-0.0000000437113882867379]],"fov":75.0,"position":[843.575012207031,5.2350001335144,-686.619995117188]},"car":[843.575012207031,-0.149998098611832,-686.619995117188],"draw_calls":43,"file":"lots/1206/td-210-criterion-1-before.png","height_m":10.47,"host_frame_ms":64.904,"hud":false,"lot":1206,"objects":43,"ortho_size":63.0599975585938,"street":"kamome","triangles":24069,"view":"fixed front orthographic lot survey","viewport":[960,960]}
TD210_SHOT {"camera":{"basis":[[1.0,0.0,0.0],[0.0,1.0,0.0],[0.0,0.0,1.0]],"fov":75.0,"position":[813.474975585938,5.21500015258789,-616.150024414062]},"car":[813.474975585938,-0.150000005960464,-616.150024414062],"draw_calls":34,"file":"lots/1207/td-210-criterion-1-before.png","height_m":10.43,"host_frame_ms":64.904,"hud":false,"lot":1207,"objects":34,"ortho_size":40.0499877929688,"street":"ichiba","triangles":25584,"view":"fixed front orthographic lot survey","viewport":[960,960]}
TD210_SHOT {"camera":{"basis":[[-0.0000000437113882867379,0.0,1.0],[0.0,1.0,0.0],[-1.0,0.0,-0.0000000437113882867379]],"fov":75.0,"position":[758.982543945312,5.02500009536743,-644.545043945312]},"car":[758.982543945312,-0.150001913309097,-644.545043945312],"draw_calls":41,"file":"lots/1208/td-210-criterion-1-before.png","height_m":10.05,"host_frame_ms":71.523,"hud":false,"lot":1208,"objects":41,"ortho_size":35.0900268554688,"street":"uogashi2b","triangles":77222,"view":"fixed front orthographic lot survey","viewport":[960,960]}
TD210_SHOT {"camera":{"basis":[[1.0,0.0,0.0],[0.0,1.0,0.0],[0.0,0.0,1.0]],"fov":75.0,"position":[780.47998046875,5.08500003814697,-718.982543945312]},"car":[780.47998046875,-0.150000005960464,-718.982543945312],"draw_calls":40,"file":"lots/1209/td-210-criterion-1-before.png","height_m":10.17,"host_frame_ms":71.523,"hud":false,"lot":1209,"objects":40,"ortho_size":37.260009765625,"street":"seri2","triangles":24799,"view":"fixed front orthographic lot survey","viewport":[960,960]}
TD210_SHOT {"camera":{"basis":[[1.0,0.0,0.0],[0.0,1.0,0.0],[0.0,0.0,1.0]],"fov":75.0,"position":[812.804992675781,4.28499984741211,-718.982543945312]},"car":[812.804992675781,-0.150000005960464,-718.982543945312],"draw_calls":42,"file":"lots/1210/td-210-criterion-1-before.png","height_m":8.57,"host_frame_ms":71.523,"hud":false,"lot":1210,"objects":42,"ortho_size":41.3900146484375,"street":"seri2","triangles":34279,"view":"fixed front orthographic lot survey","viewport":[960,960]}
TD210_SHOT {"camera":{"basis":[[-0.0000000437113882867379,0.0,1.0],[0.0,1.0,0.0],[-1.0,0.0,-0.0000000437113882867379]],"fov":75.0,"position":[758.982543945312,4.55999994277954,-779.260009765625]},"car":[758.982543945312,-0.150001913309097,-779.260009765625],"draw_calls":47,"file":"lots/1211/td-210-criterion-1-before.png","height_m":9.12,"host_frame_ms":71.523,"hud":false,"lot":1211,"objects":47,"ortho_size":61.47998046875,"street":"uogashi2b","triangles":126778,"view":"fixed front orthographic lot survey","viewport":[960,960]}
TD210_SHOT {"camera":{"basis":[[-0.0000000437113882867379,0.0,-1.0],[0.0,1.0,0.0],[1.0,0.0,-0.0000000437113882867379]],"fov":75.0,"position":[843.575012207031,4.25500011444092,-779.260009765625]},"car":[843.575012207031,-0.150001913309097,-779.260009765625],"draw_calls":42,"file":"lots/1212/td-210-criterion-1-before.png","height_m":8.51,"host_frame_ms":71.523,"hud":false,"lot":1212,"objects":42,"ortho_size":61.47998046875,"street":"kamome","triangles":31613,"view":"fixed front orthographic lot survey","viewport":[960,960]}
TD210_SHOT {"camera":{"basis":[[1.0,0.0,0.0],[0.0,1.0,0.0],[0.0,0.0,1.0]],"fov":75.0,"position":[767.424987792969,5.4850001335144,-1036.42504882812]},"car":[767.424987792969,-0.150001913309097,-1036.42504882812],"draw_calls":29,"file":"lots/1213/td-210-criterion-1-before.png","height_m":10.97,"host_frame_ms":71.523,"hud":false,"lot":1213,"objects":29,"ortho_size":51.1500244140625,"street":"reizo","triangles":18142,"view":"fixed front orthographic lot survey","viewport":[960,960]}
TD210_SHOT {"camera":{"basis":[[1.0,0.0,0.0],[0.0,1.0,0.0],[0.0,0.0,1.0]],"fov":75.0,"position":[809.75,5.48000001907349,-1036.42504882812]},"car":[809.75,-0.150001913309097,-1036.42504882812],"draw_calls":35,"file":"lots/1214/td-210-criterion-1-before.png","height_m":10.96,"host_frame_ms":69.982,"hud":false,"lot":1214,"objects":35,"ortho_size":47.5,"street":"reizo","triangles":19622,"view":"fixed front orthographic lot survey","viewport":[960,960]}
TD210_SHOT {"camera":{"basis":[[-0.0000000437113882867379,0.0,1.0],[0.0,1.0,0.0],[-1.0,0.0,-0.0000000437113882867379]],"fov":75.0,"position":[738.982543945312,4.49499988555908,-1096.89501953125]},"car":[738.982543945312,-0.150000005960464,-1096.89501953125],"draw_calls":30,"file":"lots/1215/td-210-criterion-1-before.png","height_m":8.99,"host_frame_ms":69.982,"hud":false,"lot":1215,"objects":30,"ortho_size":41.3900146484375,"street":"uogashi2","triangles":21312,"view":"fixed front orthographic lot survey","viewport":[960,960]}
TD210_SHOT {"camera":{"basis":[[-0.0000000437113882867379,0.0,1.0],[0.0,1.0,0.0],[-1.0,0.0,-0.0000000437113882867379]],"fov":75.0,"position":[738.982543945312,3.85500001907349,-1129.36999511719]},"car":[738.982543945312,-0.149996191263199,-1129.36999511719],"draw_calls":30,"file":"lots/1216/td-210-criterion-1-before.png","height_m":7.71,"host_frame_ms":69.982,"hud":false,"lot":1216,"objects":30,"ortho_size":37.56005859375,"street":"uogashi2","triangles":14085,"view":"fixed front orthographic lot survey","viewport":[960,960]}
TD210_SHOT {"camera":{"basis":[[-1.0,0.0,0.0000000874227765734759],[0.0,1.0,0.0],[-0.0000000874227765734759,0.0,-1.0]],"fov":75.0,"position":[787.89501953125,4.39499998092651,-1151.01745605469]},"car":[787.89501953125,-0.150000005960464,-1151.01745605469],"draw_calls":29,"file":"lots/1217/td-210-criterion-1-before.png","height_m":8.79,"host_frame_ms":66.001,"hud":false,"lot":1217,"objects":29,"ortho_size":36.489990234375,"street":"seri4","triangles":21077,"view":"fixed front orthographic lot survey","viewport":[960,960]}
TD210_SHOT {"camera":{"basis":[[-1.0,0.0,0.0000000874227765734759],[0.0,1.0,0.0],[-0.0000000874227765734759,0.0,-1.0]],"fov":75.0,"position":[816.320007324219,5.01999998092651,-1151.01745605469]},"car":[816.320007324219,-0.150000005960464,-1151.01745605469],"draw_calls":44,"file":"lots/1218/td-210-criterion-1-before.png","height_m":10.04,"host_frame_ms":66.001,"hud":false,"lot":1218,"objects":44,"ortho_size":34.3599853515625,"street":"seri4","triangles":22288,"view":"fixed front orthographic lot survey","viewport":[960,960]}
TD210_SHOT {"camera":{"basis":[[-0.0000000437113882867379,0.0,-1.0],[0.0,1.0,0.0],[1.0,0.0,-0.0000000437113882867379]],"fov":75.0,"position":[843.575012207031,3.53999996185303,-1097.39501953125]},"car":[843.575012207031,-0.150000005960464,-1097.39501953125],"draw_calls":42,"file":"lots/1219/td-210-criterion-1-before.png","height_m":7.08,"host_frame_ms":66.001,"hud":false,"lot":1219,"objects":42,"ortho_size":42.3900146484375,"street":"kamome","triangles":25126,"view":"fixed front orthographic lot survey","viewport":[960,960]}
TD210_SHOT {"camera":{"basis":[[-0.0000000437113882867379,0.0,1.0],[0.0,1.0,0.0],[-1.0,0.0,-0.0000000437113882867379]],"fov":75.0,"position":[754.550048828125,4.03000020980835,-1097.39501953125]},"car":[754.550048828125,-0.149998098611832,-1097.39501953125],"draw_calls":28,"file":"lots/1220/td-210-criterion-1-before.png","height_m":8.06,"host_frame_ms":100.85,"hud":false,"lot":1220,"objects":28,"ortho_size":42.3900146484375,"street":"uogashi2","triangles":18014,"view":"fixed front orthographic lot survey","viewport":[960,960]}
TD210_SHOT {"camera":{"basis":[[-0.0000000437113882867379,0.0,1.0],[0.0,1.0,0.0],[-1.0,0.0,-0.0000000437113882867379]],"fov":75.0,"position":[738.982543945312,3.86999988555908,-1259.21997070312]},"car":[738.982543945312,-0.150000005960464,-1259.21997070312],"draw_calls":28,"file":"lots/1221/td-210-criterion-1-before.png","height_m":7.74,"host_frame_ms":100.85,"hud":false,"lot":1221,"objects":28,"ortho_size":34.739990234375,"street":"uogashi2","triangles":36758,"view":"fixed front orthographic lot survey","viewport":[960,960]}
TD210_SHOT {"camera":{"basis":[[-0.0000000437113882867379,0.0,1.0],[0.0,1.0,0.0],[-1.0,0.0,-0.0000000437113882867379]],"fov":75.0,"position":[738.982543945312,4.51999998092651,-1286.794921875]},"car":[738.982543945312,-0.150000005960464,-1286.794921875],"draw_calls":27,"file":"lots/1222/td-210-criterion-1-before.png","height_m":9.04,"host_frame_ms":62.292,"hud":false,"lot":1222,"objects":27,"ortho_size":34.4100341796875,"street":"uogashi2","triangles":33336,"view":"fixed front orthographic lot survey","viewport":[960,960]}
TD210_SHOT {"camera":{"basis":[[-1.0,0.0,0.0000000874227765734759],[0.0,1.0,0.0],[-0.0000000874227765734759,0.0,-1.0]],"fov":75.0,"position":[786.530029296875,3.53999996185303,-1328.0]},"car":[786.530029296875,6.84999990463257,-1328.0],"draw_calls":33,"file":"lots/1223/td-210-criterion-1-before.png","height_m":7.08,"host_frame_ms":62.292,"hud":false,"lot":1223,"objects":33,"ortho_size":36.3799438476562,"street":"soshajo_ring","triangles":23728,"view":"fixed front orthographic lot survey","viewport":[960,960]}
TD210_SHOT {"camera":{"basis":[[-0.0000000437113882867379,0.0,-1.0],[0.0,1.0,0.0],[1.0,0.0,-0.0000000437113882867379]],"fov":75.0,"position":[843.575012207031,4.97499990463257,-1286.34008789062]},"car":[843.575012207031,-0.150000005960464,-1286.34008789062],"draw_calls":38,"file":"lots/1224/td-210-criterion-1-before.png","height_m":9.95,"host_frame_ms":62.292,"hud":false,"lot":1224,"objects":38,"ortho_size":35.3199462890625,"street":"kamome","triangles":20899,"view":"fixed front orthographic lot survey","viewport":[960,960]}
TD210_SHOT {"camera":{"basis":[[1.0,0.0,0.0],[0.0,1.0,0.0],[0.0,0.0,1.0]],"fov":75.0,"position":[816.304992675781,4.59999990463257,-1238.98254394531]},"car":[816.304992675781,-0.150000005960464,-1238.98254394531],"draw_calls":35,"file":"lots/1225/td-210-criterion-1-before.png","height_m":9.2,"host_frame_ms":67.795,"hud":false,"lot":1225,"objects":35,"ortho_size":34.3900146484375,"street":"seri5","triangles":22427,"view":"fixed front orthographic lot survey","viewport":[960,960]}
TD210_SHOT {"camera":{"basis":[[1.0,0.0,0.0],[0.0,1.0,0.0],[0.0,0.0,1.0]],"fov":75.0,"position":[787.224975585938,3.51999998092651,-1238.98254394531]},"car":[787.224975585938,-0.150000005960464,-1238.98254394531],"draw_calls":36,"file":"lots/1226/td-210-criterion-1-before.png","height_m":7.04,"host_frame_ms":67.795,"hud":false,"lot":1226,"objects":36,"ortho_size":37.7699584960938,"street":"seri5","triangles":22516,"view":"fixed front orthographic lot survey","viewport":[960,960]}
TD210_SHOT {"camera":{"basis":[[1.0,0.0,0.0],[0.0,1.0,0.0],[0.0,0.0,1.0]],"fov":75.0,"position":[813.609985351562,5.5,-468.982482910156]},"car":[813.609985351562,-0.149998098611832,-468.982482910156],"draw_calls":23,"file":"lots/1227/td-210-criterion-1-before.png","height_m":11.0,"host_frame_ms":67.795,"hud":false,"lot":1227,"objects":23,"ortho_size":39.780029296875,"street":"seri1","triangles":11397,"view":"fixed front orthographic lot survey","viewport":[960,960]}
TD210_SHOT {"camera":{"basis":[[-0.0000000437113882867379,0.0,-1.0],[0.0,1.0,0.0],[1.0,0.0,-0.0000000437113882867379]],"fov":75.0,"position":[843.575012207031,3.74000000953674,-525.799987792969]},"car":[843.575012207031,-0.150000005960464,-525.799987792969],"draw_calls":28,"file":"lots/1228/td-210-criterion-1-before.png","height_m":7.48,"host_frame_ms":65.777,"hud":false,"lot":1228,"objects":28,"ortho_size":41.5,"street":"kamome","triangles":16047,"view":"fixed front orthographic lot survey","viewport":[960,960]}
TD210_SHOT {"camera":{"basis":[[1.0,0.0,0.0],[0.0,1.0,0.0],[0.0,0.0,1.0]],"fov":75.0,"position":[781.284973144531,4.49499988555908,-468.982482910156]},"car":[781.284973144531,-0.149998098611832,-468.982482910156],"draw_calls":31,"file":"lots/1229/td-210-criterion-1-before.png","height_m":8.99,"host_frame_ms":65.777,"hud":false,"lot":1229,"objects":31,"ortho_size":38.8699951171875,"street":"seri1","triangles":19103,"view":"fixed front orthographic lot survey","viewport":[960,960]}
TD210_SHOT {"camera":{"basis":[[-0.0000000437113882867379,0.0,1.0],[0.0,1.0,0.0],[-1.0,0.0,-0.0000000437113882867379]],"fov":75.0,"position":[758.982543945312,3.88000011444092,-524.739990234375]},"car":[758.982543945312,-0.150000005960464,-524.739990234375],"draw_calls":30,"file":"lots/1230/td-210-criterion-1-before.png","height_m":7.76,"host_frame_ms":65.777,"hud":false,"lot":1230,"objects":30,"ortho_size":43.6199951171875,"street":"uogashi2b","triangles":69399,"view":"fixed front orthographic lot survey","viewport":[960,960]}
TD210_SHOT {"camera":{"basis":[[-0.0000000437113882867379,0.0,1.0],[0.0,1.0,0.0],[-1.0,0.0,-0.0000000437113882867379]],"fov":75.0,"position":[758.982543945312,4.1100001335144,-559.510009765625]},"car":[758.982543945312,-0.150000005960464,-559.510009765625],"draw_calls":29,"file":"lots/1231/td-210-criterion-1-before.png","height_m":8.22,"host_frame_ms":78.894,"hud":false,"lot":1231,"objects":29,"ortho_size":39.9199829101562,"street":"uogashi2b","triangles":68827,"view":"fixed front orthographic lot survey","viewport":[960,960]}
TD210_SHOT {"camera":{"basis":[[-0.0000000437113882867379,0.0,1.0],[0.0,1.0,0.0],[-1.0,0.0,-0.0000000437113882867379]],"fov":75.0,"position":[758.982543945312,3.54999995231628,-592.734985351562]},"car":[758.982543945312,-0.150000005960464,-592.734985351562],"draw_calls":45,"file":"lots/1232/td-210-criterion-1-before.png","height_m":7.1,"host_frame_ms":78.894,"hud":false,"lot":1232,"objects":45,"ortho_size":40.530029296875,"street":"uogashi2b","triangles":130293,"view":"fixed front orthographic lot survey","viewport":[960,960]}
TD210_SHOT {"camera":{"basis":[[-0.0000000437113882867379,0.0,-1.0],[0.0,1.0,0.0],[1.0,0.0,-0.0000000437113882867379]],"fov":75.0,"position":[843.575012207031,4.34499979019165,-593.565002441406]},"car":[843.575012207031,-0.149998098611832,-593.565002441406],"draw_calls":47,"file":"lots/1233/td-210-criterion-1-before.png","height_m":8.69,"host_frame_ms":117.102,"hud":false,"lot":1233,"objects":47,"ortho_size":38.8699951171875,"street":"kamome","triangles":30317,"view":"fixed front orthographic lot survey","viewport":[960,960]}
TD210_SHOT {"camera":{"basis":[[-0.0000000437113882867379,0.0,-1.0],[0.0,1.0,0.0],[1.0,0.0,-0.0000000437113882867379]],"fov":75.0,"position":[843.575012207031,4.07499980926514,-560.339965820312]},"car":[843.575012207031,-0.149998098611832,-560.339965820312],"draw_calls":37,"file":"lots/1234/td-210-criterion-1-before.png","height_m":8.15,"host_frame_ms":117.102,"hud":false,"lot":1234,"objects":37,"ortho_size":41.5800170898438,"street":"kamome","triangles":24373,"view":"fixed front orthographic lot survey","viewport":[960,960]}
TD210_SHOT {"camera":{"basis":[[-0.0000000437113882867379,0.0,-1.0],[0.0,1.0,0.0],[1.0,0.0,-0.0000000437113882867379]],"fov":75.0,"position":[843.575012207031,4.92000007629395,-847.484985351562]},"car":[843.575012207031,-0.150000005960464,-847.484985351562],"draw_calls":33,"file":"lots/1235/td-210-criterion-1-before.png","height_m":9.84,"host_frame_ms":117.102,"hud":false,"lot":1235,"objects":33,"ortho_size":34.969970703125,"street":"kamome","triangles":20177,"view":"fixed front orthographic lot survey","viewport":[960,960]}
TD210_SHOT {"camera":{"basis":[[-0.0000000437113882867379,0.0,1.0],[0.0,1.0,0.0],[-1.0,0.0,-0.0000000437113882867379]],"fov":75.0,"position":[758.982543945312,4.96000003814697,-847.484985351562]},"car":[758.982543945312,-0.150001913309097,-847.484985351562],"draw_calls":39,"file":"lots/1236/td-210-criterion-1-before.png","height_m":9.92,"host_frame_ms":58.29,"hud":false,"lot":1236,"objects":39,"ortho_size":34.969970703125,"street":"uogashi2b","triangles":62963,"view":"fixed front orthographic lot survey","viewport":[960,960]}
TD210_SHOT {"camera":{"basis":[[-0.0000000437113882867379,0.0,1.0],[0.0,1.0,0.0],[-1.0,0.0,-0.0000000437113882867379]],"fov":75.0,"position":[758.982543945312,5.40500020980835,-877.199951171875]},"car":[758.982543945312,-0.150001913309097,-877.199951171875],"draw_calls":48,"file":"lots/1237/td-210-criterion-1-before.png","height_m":10.81,"host_frame_ms":58.29,"hud":false,"lot":1237,"objects":48,"ortho_size":38.4600219726562,"street":"uogashi2b","triangles":77889,"view":"fixed front orthographic lot survey","viewport":[960,960]}
TD210_SHOT {"camera":{"basis":[[-1.0,0.0,0.0000000874227765734759],[0.0,1.0,0.0],[-0.0000000874227765734759,0.0,-1.0]],"fov":75.0,"position":[782.324951171875,4.46999979019165,-931.017456054688]},"car":[782.324951171875,-0.150000005960464,-931.017456054688],"draw_calls":47,"file":"lots/1238/td-210-criterion-1-before.png","height_m":8.94,"host_frame_ms":85.913,"hud":false,"lot":1238,"objects":47,"ortho_size":40.9500122070312,"street":"seri3","triangles":34889,"view":"fixed front orthographic lot survey","viewport":[960,960]}
TD210_SHOT {"camera":{"basis":[[-1.0,0.0,0.0000000874227765734759],[0.0,1.0,0.0],[-0.0000000874227765734759,0.0,-1.0]],"fov":75.0,"position":[814.650024414062,4.57000017166138,-931.017456054688]},"car":[814.650024414062,-0.150000005960464,-931.017456054688],"draw_calls":41,"file":"lots/1239/td-210-criterion-1-before.png","height_m":9.14,"host_frame_ms":85.913,"hud":false,"lot":1239,"objects":41,"ortho_size":37.7000122070312,"street":"seri3","triangles":29111,"view":"fixed front orthographic lot survey","viewport":[960,960]}
TD210_SHOT {"camera":{"basis":[[-0.0000000437113882867379,0.0,-1.0],[0.0,1.0,0.0],[1.0,0.0,-0.0000000437113882867379]],"fov":75.0,"position":[843.575012207031,3.68499994277954,-878.375]},"car":[843.575012207031,-0.150000005960464,-878.375],"draw_calls":46,"file":"lots/1240/td-210-criterion-1-before.png","height_m":7.37,"host_frame_ms":85.913,"hud":false,"lot":1240,"objects":46,"ortho_size":40.81005859375,"street":"kamome","triangles":33421,"view":"fixed front orthographic lot survey","viewport":[960,960]}
TD210_SHOT {"camera":{"basis":[[1.0,0.0,0.0],[0.0,1.0,0.0],[0.0,0.0,1.0]],"fov":75.0,"position":[814.535034179688,3.50500011444092,-928.982543945312]},"car":[814.535034179688,-0.150000005960464,-928.982543945312],"draw_calls":51,"file":"lots/1241/td-210-criterion-1-before.png","height_m":7.01,"host_frame_ms":73.995,"hud":false,"lot":1241,"objects":51,"ortho_size":37.9299926757812,"street":"seri3","triangles":31010,"view":"fixed front orthographic lot survey","viewport":[960,960]}
TD210_SHOT {"camera":{"basis":[[1.0,0.0,0.0],[0.0,1.0,0.0],[0.0,0.0,1.0]],"fov":75.0,"position":[782.2099609375,3.625,-928.982543945312]},"car":[782.2099609375,-0.150000005960464,-928.982543945312],"draw_calls":50,"file":"lots/1242/td-210-criterion-1-before.png","height_m":7.25,"host_frame_ms":73.995,"hud":false,"lot":1242,"objects":50,"ortho_size":40.7200317382812,"street":"seri3","triangles":31015,"view":"fixed front orthographic lot survey","viewport":[960,960]}
TD210_SHOT {"camera":{"basis":[[-0.0000000437113882867379,0.0,1.0],[0.0,1.0,0.0],[-1.0,0.0,-0.0000000437113882867379]],"fov":75.0,"position":[758.982543945312,3.57500004768372,-984.594970703125]},"car":[758.982543945312,-0.150001913309097,-984.594970703125],"draw_calls":43,"file":"lots/1243/td-210-criterion-1-before.png","height_m":7.15,"host_frame_ms":73.995,"hud":false,"lot":1243,"objects":43,"ortho_size":42.25,"street":"uogashi2b","triangles":70105,"view":"fixed front orthographic lot survey","viewport":[960,960]}
TD210_SHOT {"camera":{"basis":[[-0.0000000437113882867379,0.0,1.0],[0.0,1.0,0.0],[-1.0,0.0,-0.0000000437113882867379]],"fov":75.0,"position":[758.982543945312,4.59499979019165,-1016.10998535156]},"car":[758.982543945312,-0.150001913309097,-1016.10998535156],"draw_calls":39,"file":"lots/1244/td-210-criterion-1-before.png","height_m":9.19,"host_frame_ms":88.535,"hud":false,"lot":1244,"objects":39,"ortho_size":34.780029296875,"street":"uogashi2b","triangles":68736,"view":"fixed front orthographic lot survey","viewport":[960,960]}
TD210_SHOT {"camera":{"basis":[[-1.0,0.0,0.0000000874227765734759],[0.0,1.0,0.0],[-0.0000000874227765734759,0.0,-1.0]],"fov":75.0,"position":[814.170043945312,4.65500020980835,-1043.57495117188]},"car":[814.170043945312,-0.150001913309097,-1043.57495117188],"draw_calls":59,"file":"lots/1245/td-210-criterion-1-before.png","height_m":9.31,"host_frame_ms":88.535,"hud":false,"lot":1245,"objects":59,"ortho_size":38.6599731445312,"street":"reizo","triangles":35116,"view":"fixed front orthographic lot survey","viewport":[960,960]}
TD210_SHOT {"camera":{"basis":[[-0.0000000437113882867379,0.0,-1.0],[0.0,1.0,0.0],[1.0,0.0,-0.0000000437113882867379]],"fov":75.0,"position":[843.575012207031,4.44999980926514,-983.224975585938]},"car":[843.575012207031,-0.150000005960464,-983.224975585938],"draw_calls":45,"file":"lots/1246/td-210-criterion-1-before.png","height_m":8.9,"host_frame_ms":74.914,"hud":false,"lot":1246,"objects":45,"ortho_size":39.510009765625,"street":"kamome","triangles":34249,"view":"fixed front orthographic lot survey","viewport":[960,960]}
TD210_SHOT {"camera":{"basis":[[1.0,0.0,0.0],[0.0,1.0,0.0],[0.0,0.0,1.0]],"fov":75.0,"position":[733.575012207031,3.98499989509583,-928.982543945312]},"car":[733.575012207031,-0.150000005960464,-928.982543945312],"draw_calls":44,"file":"lots/1247/td-210-criterion-1-before.png","height_m":7.97,"host_frame_ms":74.914,"hud":false,"lot":1247,"objects":44,"ortho_size":49.1500244140625,"street":"seri3","triangles":28399,"view":"fixed front orthographic lot survey","viewport":[960,960]}
TD210_SHOT {"camera":{"basis":[[1.0,0.0,0.0],[0.0,1.0,0.0],[0.0,0.0,1.0]],"fov":75.0,"position":[688.924987792969,4.65000009536743,-928.982543945312]},"car":[688.924987792969,-0.150000005960464,-928.982543945312],"draw_calls":23,"file":"lots/1248/td-210-criterion-1-before.png","height_m":9.3,"host_frame_ms":74.914,"hud":false,"lot":1248,"objects":23,"ortho_size":54.1500244140625,"street":"seri3","triangles":14995,"view":"fixed front orthographic lot survey","viewport":[960,960]}
TD210_SHOT {"camera":{"basis":[[-0.0000000437113882867379,0.0,1.0],[0.0,1.0,0.0],[-1.0,0.0,-0.0000000437113882867379]],"fov":75.0,"position":[658.982543945312,5.30999994277954,-984.059997558594]},"car":[658.982543945312,-0.150001913309097,-984.059997558594],"draw_calls":32,"file":"lots/1249/td-210-criterion-1-before.png","height_m":10.62,"host_frame_ms":74.672,"hud":false,"lot":1249,"objects":32,"ortho_size":41.4599609375,"street":"uogashi1b","triangles":16437,"view":"fixed front orthographic lot survey","viewport":[960,960]}
TD210_SHOT {"camera":{"basis":[[-0.0000000437113882867379,0.0,1.0],[0.0,1.0,0.0],[-1.0,0.0,-0.0000000437113882867379]],"fov":75.0,"position":[658.982543945312,4.2649998664856,-1015.64501953125]},"car":[658.982543945312,-0.150001913309097,-1015.64501953125],"draw_calls":30,"file":"lots/1250/td-210-criterion-1-before.png","height_m":8.53,"host_frame_ms":74.672,"hud":false,"lot":1250,"objects":30,"ortho_size":35.7100219726562,"street":"uogashi1b","triangles":16824,"view":"fixed front orthographic lot survey","viewport":[960,960]}
TD210_SHOT {"camera":{"basis":[[-1.0,0.0,0.0000000874227765734759],[0.0,1.0,0.0],[-0.0000000874227765734759,0.0,-1.0]],"fov":75.0,"position":[710.405029296875,5.21999979019165,-1043.57495117188]},"car":[710.405029296875,-0.149998098611832,-1043.57495117188],"draw_calls":24,"file":"lots/1251/td-210-criterion-1-before.png","height_m":10.44,"host_frame_ms":74.672,"hud":false,"lot":1251,"objects":24,"ortho_size":36.7300415039062,"street":"reizo","triangles":13912,"view":"fixed front orthographic lot survey","viewport":[960,960]}
TD210_SHOT {"camera":{"basis":[[-0.0000000437113882867379,0.0,-1.0],[0.0,1.0,0.0],[1.0,0.0,-0.0000000437113882867379]],"fov":75.0,"position":[761.017456054688,3.89000010490417,-1014.73999023438]},"car":[761.017456054688,-0.150001913309097,-1014.73999023438],"draw_calls":38,"file":"lots/1252/td-210-criterion-1-before.png","height_m":7.78,"host_frame_ms":67.239,"hud":false,"lot":1252,"objects":38,"ortho_size":37.52001953125,"street":"uogashi2b","triangles":23832,"view":"fixed front orthographic lot survey","viewport":[960,960]}
TD210_SHOT {"camera":{"basis":[[-0.0000000437113882867379,0.0,-1.0],[0.0,1.0,0.0],[1.0,0.0,-0.0000000437113882867379]],"fov":75.0,"position":[761.017456054688,4.17000007629395,-983.155029296875]},"car":[761.017456054688,-0.150001913309097,-983.155029296875],"draw_calls":34,"file":"lots/1253/td-210-criterion-1-before.png","height_m":8.34,"host_frame_ms":67.239,"hud":false,"lot":1253,"objects":34,"ortho_size":39.6499633789062,"street":"uogashi2b","triangles":23033,"view":"fixed front orthographic lot survey","viewport":[960,960]}
TD210_SHOT {"camera":{"basis":[[-0.0000000437113882867379,0.0,1.0],[0.0,1.0,0.0],[-1.0,0.0,-0.0000000437113882867379]],"fov":75.0,"position":[676.940002441406,4.0,-983.155029296875]},"car":[676.940002441406,-0.149998098611832,-983.155029296875],"draw_calls":39,"file":"lots/1254/td-210-criterion-1-before.png","height_m":8.0,"host_frame_ms":67.239,"hud":false,"lot":1254,"objects":39,"ortho_size":39.6499633789062,"street":"uogashi2b","triangles":19179,"view":"fixed front orthographic lot survey","viewport":[960,960]}
TD210_SHOT {"camera":{"basis":[[1.0,0.0,0.0],[0.0,1.0,0.0],[0.0,0.0,1.0]],"fov":75.0,"position":[729.950012207031,5.40000009536743,-468.982482910156]},"car":[729.950012207031,-0.149998098611832,-468.982482910156],"draw_calls":57,"file":"lots/1255/td-210-criterion-1-before.png","height_m":10.8,"host_frame_ms":62.992,"hud":false,"lot":1255,"objects":57,"ortho_size":56.4000244140625,"street":"seri1","triangles":22106,"view":"fixed front orthographic lot survey","viewport":[960,960]}
TD210_SHOT {"camera":{"basis":[[-0.0000000437113882867379,0.0,1.0],[0.0,1.0,0.0],[-1.0,0.0,-0.0000000437113882867379]],"fov":75.0,"position":[699.037475585938,5.40500020980835,-524.585021972656]},"car":[699.037475585938,-0.150000005960464,-524.585021972656],"draw_calls":27,"file":"lots/1256/td-210-criterion-1-before.png","height_m":10.81,"host_frame_ms":62.992,"hud":false,"lot":1256,"objects":27,"ortho_size":43.5899963378906,"street":"hakobi","triangles":15723,"view":"fixed front orthographic lot survey","viewport":[960,960]}
TD210_SHOT {"camera":{"basis":[[-0.0000000437113882867379,0.0,1.0],[0.0,1.0,0.0],[-1.0,0.0,-0.0000000437113882867379]],"fov":75.0,"position":[699.037475585938,4.61999988555908,-560.7900390625]},"car":[699.037475585938,-0.150000005960464,-560.7900390625],"draw_calls":32,"file":"lots/1257/td-210-criterion-1-before.png","height_m":9.24,"host_frame_ms":74.881,"hud":false,"lot":1257,"objects":32,"ortho_size":42.8200073242188,"street":"hakobi","triangles":21017,"view":"fixed front orthographic lot survey","viewport":[960,960]}
TD210_SHOT {"camera":{"basis":[[-1.0,0.0,0.0000000874227765734759],[0.0,1.0,0.0],[-0.0000000874227765734759,0.0,-1.0]],"fov":75.0,"position":[729.950012207031,3.71499991416931,-623.849975585938]},"car":[729.950012207031,-0.150001913309097,-623.849975585938],"draw_calls":67,"file":"lots/1258/td-210-criterion-1-before.png","height_m":7.43,"host_frame_ms":74.881,"hud":false,"lot":1258,"objects":67,"ortho_size":56.4000244140625,"street":"ichiba","triangles":30121,"view":"fixed front orthographic lot survey","viewport":[960,960]}
TD210_SHOT {"camera":{"basis":[[-0.0000000437113882867379,0.0,1.0],[0.0,1.0,0.0],[-1.0,0.0,-0.0000000437113882867379]],"fov":75.0,"position":[658.982543945312,5.125,-910.400024414062]},"car":[658.982543945312,-0.150000005960464,-910.400024414062],"draw_calls":29,"file":"lots/1259/td-210-criterion-1-before.png","height_m":10.25,"host_frame_ms":74.881,"hud":false,"lot":1259,"objects":29,"ortho_size":35.5,"street":"uogashi1b","triangles":19801,"view":"fixed front orthographic lot survey","viewport":[960,960]}
TD210_SHOT {"camera":{"basis":[[-1.0,0.0,0.0000000874227765734759],[0.0,1.0,0.0],[-0.0000000874227765734759,0.0,-1.0]],"fov":75.0,"position":[708.484985351562,4.40000009536743,-931.017456054688]},"car":[708.484985351562,-0.150000005960464,-931.017456054688],"draw_calls":38,"file":"lots/1260/td-210-criterion-1-before.png","height_m":8.8,"host_frame_ms":76.896,"hud":false,"lot":1260,"objects":38,"ortho_size":39.6500244140625,"street":"seri3","triangles":14419,"view":"fixed front orthographic lot survey","viewport":[960,960]}
TD210_SHOT {"camera":{"basis":[[-0.0000000437113882867379,0.0,-1.0],[0.0,1.0,0.0],[1.0,0.0,-0.0000000437113882867379]],"fov":75.0,"position":[743.409973144531,3.77999997138977,-880.22998046875]},"car":[743.409973144531,-0.150000005960464,-880.22998046875],"draw_calls":28,"file":"lots/1261/td-210-criterion-1-before.png","height_m":7.56,"host_frame_ms":76.896,"hud":false,"lot":1261,"objects":28,"ortho_size":38.8400268554688,"street":"seri3","triangles":17960,"view":"fixed front orthographic lot survey","viewport":[960,960]}
TD210_SHOT {"camera":{"basis":[[-0.0000000437113882867379,0.0,1.0],[0.0,1.0,0.0],[-1.0,0.0,-0.0000000437113882867379]],"fov":75.0,"position":[658.982543945312,5.25,-880.22998046875]},"car":[658.982543945312,-0.150000005960464,-880.22998046875],"draw_calls":21,"file":"lots/1262/td-210-criterion-1-before.png","height_m":10.5,"host_frame_ms":76.896,"hud":false,"lot":1262,"objects":21,"ortho_size":38.8400268554688,"street":"uogashi1b","triangles":10517,"view":"fixed front orthographic lot survey","viewport":[960,960]}
TD210_SHOT {"camera":{"basis":[[-1.0,0.0,0.0000000874227765734759],[0.0,1.0,0.0],[-0.0000000874227765734759,0.0,-1.0]],"fov":75.0,"position":[739.72998046875,4.17999982833862,-931.017456054688]},"car":[739.72998046875,-0.150001913309097,-931.017456054688],"draw_calls":36,"file":"lots/1263/td-210-criterion-1-before.png","height_m":8.36,"host_frame_ms":62.789,"hud":false,"lot":1263,"objects":36,"ortho_size":36.8400268554688,"street":"seri3","triangles":19835,"view":"fixed front orthographic lot survey","viewport":[960,960]}
TD210_SHOT {"camera":{"basis":[[-0.0000000437113882867379,0.0,-1.0],[0.0,1.0,0.0],[1.0,0.0,-0.0000000437113882867379]],"fov":75.0,"position":[761.017456054688,3.81500005722046,-880.599975585938]},"car":[761.017456054688,-0.150000005960464,-880.599975585938],"draw_calls":32,"file":"lots/1264/td-210-criterion-1-before.png","height_m":7.63,"host_frame_ms":62.789,"hud":false,"lot":1264,"objects":32,"ortho_size":39.5800170898438,"street":"uogashi2b","triangles":20763,"view":"fixed front orthographic lot survey","viewport":[960,960]}
TD210_SHOT {"camera":{"basis":[[-0.0000000437113882867379,0.0,-1.0],[0.0,1.0,0.0],[1.0,0.0,-0.0000000437113882867379]],"fov":75.0,"position":[761.017456054688,4.125,-848.905029296875]},"car":[761.017456054688,-0.150000005960464,-848.905029296875],"draw_calls":43,"file":"lots/1265/td-210-criterion-1-before.png","height_m":8.25,"host_frame_ms":62.789,"hud":false,"lot":1265,"objects":43,"ortho_size":37.8099975585938,"street":"uogashi2b","triangles":24081,"view":"fixed front orthographic lot survey","viewport":[960,960]}
TD210_SHOT {"camera":{"basis":[[-0.0000000437113882867379,0.0,1.0],[0.0,1.0,0.0],[-1.0,0.0,-0.0000000437113882867379]],"fov":75.0,"position":[658.982543945312,3.84500002861023,-848.905029296875]},"car":[658.982543945312,-0.149998098611832,-848.905029296875],"draw_calls":32,"file":"lots/1266/td-210-criterion-1-before.png","height_m":7.69,"host_frame_ms":69.977,"hud":false,"lot":1266,"objects":32,"ortho_size":37.8099975585938,"street":"uogashi1b","triangles":17887,"view":"fixed front orthographic lot survey","viewport":[960,960]}
TD210_SHOT {"camera":{"basis":[[-0.0000000437113882867379,0.0,1.0],[0.0,1.0,0.0],[-1.0,0.0,-0.0000000437113882867379]],"fov":75.0,"position":[658.982543945312,4.94500017166138,-786.880004882812]},"car":[658.982543945312,-0.150001913309097,-786.880004882812],"draw_calls":26,"file":"lots/1267/td-210-criterion-1-before.png","height_m":9.89,"host_frame_ms":69.977,"hud":false,"lot":1267,"objects":26,"ortho_size":46.239990234375,"street":"uogashi1b","triangles":13331,"view":"fixed front orthographic lot survey","viewport":[960,960]}
TD210_SHOT {"camera":{"basis":[[-0.0000000437113882867379,0.0,1.0],[0.0,1.0,0.0],[-1.0,0.0,-0.0000000437113882867379]],"fov":75.0,"position":[658.982543945312,5.28999996185303,-746.304992675781]},"car":[658.982543945312,-0.150001913309097,-746.304992675781],"draw_calls":32,"file":"lots/1268/td-210-criterion-1-before.png","height_m":10.58,"host_frame_ms":69.977,"hud":false,"lot":1268,"objects":32,"ortho_size":48.9100341796875,"street":"uogashi1b","triangles":16768,"view":"fixed front orthographic lot survey","viewport":[960,960]}
TD210_SHOT {"camera":{"basis":[[-1.0,0.0,0.0000000874227765734759],[0.0,1.0,0.0],[-0.0000000874227765734759,0.0,-1.0]],"fov":75.0,"position":[710.119995117188,3.95000004768372,-825.5]},"car":[710.119995117188,-0.150000005960464,-825.5],"draw_calls":40,"file":"lots/1269/td-210-criterion-1-before.png","height_m":7.9,"host_frame_ms":67.044,"hud":false,"lot":1269,"objects":40,"ortho_size":38.6400146484375,"street":"nishimon","triangles":14585,"view":"fixed front orthographic lot survey","viewport":[960,960]}
TD210_SHOT {"camera":{"basis":[[-0.0000000437113882867379,0.0,-1.0],[0.0,1.0,0.0],[1.0,0.0,-0.0000000437113882867379]],"fov":75.0,"position":[761.017456054688,3.65000009536743,-778.739990234375]},"car":[761.017456054688,-0.150001913309097,-778.739990234375],"draw_calls":43,"file":"lots/1270/td-210-criterion-1-before.png","height_m":7.3,"host_frame_ms":67.044,"hud":false,"lot":1270,"objects":43,"ortho_size":62.52001953125,"street":"uogashi2b","triangles":27167,"view":"fixed front orthographic lot survey","viewport":[960,960]}
TD210_SHOT {"camera":{"basis":[[1.0,0.0,0.0],[0.0,1.0,0.0],[0.0,0.0,1.0]],"fov":75.0,"position":[739.760009765625,4.20499992370605,-718.982543945312]},"car":[739.760009765625,-0.150000005960464,-718.982543945312],"draw_calls":39,"file":"lots/1271/td-210-criterion-1-before.png","height_m":8.41,"host_frame_ms":66.252,"hud":false,"lot":1271,"objects":39,"ortho_size":36.780029296875,"street":"seri2","triangles":20613,"view":"fixed front orthographic lot survey","viewport":[960,960]}
TD210_SHOT {"camera":{"basis":[[1.0,0.0,0.0],[0.0,1.0,0.0],[0.0,0.0,1.0]],"fov":75.0,"position":[709.5849609375,3.20499992370605,-718.982543945312]},"car":[709.5849609375,-0.150001913309097,-718.982543945312],"draw_calls":33,"file":"lots/1272/td-210-criterion-1-before.png","height_m":6.41,"host_frame_ms":66.252,"hud":false,"lot":1272,"objects":33,"ortho_size":37.5700073242188,"street":"seri2","triangles":21497,"view":"fixed front orthographic lot survey","viewport":[960,960]}
TD210_SHOT {"camera":{"basis":[[-1.0,0.0,0.0000000874227765734759],[0.0,1.0,0.0],[-0.0000000874227765734759,0.0,-1.0]],"fov":75.0,"position":[737.059997558594,4.26999998092651,-721.017456054688]},"car":[737.059997558594,-0.150001913309097,-721.017456054688],"draw_calls":35,"file":"lots/1273/td-210-criterion-1-before.png","height_m":8.54,"host_frame_ms":66.252,"hud":false,"lot":1273,"objects":35,"ortho_size":42.1800537109375,"street":"seri2","triangles":18002,"view":"fixed front orthographic lot survey","viewport":[960,960]}
TD210_SHOT {"camera":{"basis":[[-0.0000000437113882867379,0.0,-1.0],[0.0,1.0,0.0],[1.0,0.0,-0.0000000437113882867379]],"fov":75.0,"position":[761.017456054688,5.38000011444092,-672.275024414062]},"car":[761.017456054688,-0.149998098611832,-672.275024414062],"draw_calls":24,"file":"lots/1274/td-210-criterion-1-before.png","height_m":10.76,"host_frame_ms":67.618,"hud":false,"lot":1274,"objects":24,"ortho_size":38.3300170898438,"street":"uogashi2b","triangles":13959,"view":"fixed front orthographic lot survey","viewport":[960,960]}
TD210_SHOT {"camera":{"basis":[[1.0,0.0,0.0],[0.0,1.0,0.0],[0.0,0.0,1.0]],"fov":75.0,"position":[700.234985351562,5.375,-638.010009765625]},"car":[700.234985351562,-0.149996191263199,-638.010009765625],"draw_calls":26,"file":"lots/1275/td-210-criterion-1-before.png","height_m":10.75,"host_frame_ms":67.618,"hud":false,"lot":1275,"objects":26,"ortho_size":45.469970703125,"street":"seri2","triangles":12993,"view":"fixed front orthographic lot survey","viewport":[960,960]}
TD210_SHOT {"camera":{"basis":[[-1.0,0.0,0.0000000874227765734759],[0.0,1.0,0.0],[-0.0000000874227765734759,0.0,-1.0]],"fov":75.0,"position":[700.234985351562,5.11499977111816,-721.017456054688]},"car":[700.234985351562,-0.150000005960464,-721.017456054688],"draw_calls":54,"file":"lots/1276/td-210-criterion-1-before.png","height_m":10.23,"host_frame_ms":67.618,"hud":false,"lot":1276,"objects":54,"ortho_size":45.469970703125,"street":"seri2","triangles":22440,"view":"fixed front orthographic lot survey","viewport":[960,960]}
TD210_SHOT {"camera":{"basis":[[-0.0000000437113882867379,0.0,-1.0],[0.0,1.0,0.0],[1.0,0.0,-0.0000000437113882867379]],"fov":75.0,"position":[761.017456054688,4.25,-643.554992675781]},"car":[761.017456054688,-0.149998098611832,-643.554992675781],"draw_calls":25,"file":"lots/1277/td-210-criterion-1-before.png","height_m":8.5,"host_frame_ms":78.669,"hud":false,"lot":1277,"objects":25,"ortho_size":33.1099853515625,"street":"uogashi2b","triangles":12037,"view":"fixed front orthographic lot survey","viewport":[960,960]}
TD210_SHOT {"camera":{"basis":[[1.0,0.0,0.0],[0.0,1.0,0.0],[0.0,0.0,1.0]],"fov":75.0,"position":[701.135009765625,4.88500022888184,-616.150024414062]},"car":[701.135009765625,-0.149998098611832,-616.150024414062],"draw_calls":50,"file":"lots/1278/td-210-criterion-1-before.png","height_m":9.77,"host_frame_ms":78.669,"hud":false,"lot":1278,"objects":50,"ortho_size":47.27001953125,"street":"ichiba","triangles":21040,"view":"fixed front orthographic lot survey","viewport":[960,960]}
TD210_SHOT {"camera":{"basis":[[-0.0000000437113882867379,0.0,1.0],[0.0,1.0,0.0],[-1.0,0.0,-0.0000000437113882867379]],"fov":75.0,"position":[638.982543945312,5.29500007629395,-651.1650390625]},"car":[638.982543945312,-0.149998098611832,-651.1650390625],"draw_calls":33,"file":"lots/1279/td-210-criterion-1-before.png","height_m":10.59,"host_frame_ms":78.669,"hud":false,"lot":1279,"objects":33,"ortho_size":48.3300170898438,"street":"uogashi1","triangles":14396,"view":"fixed front orthographic lot survey","viewport":[960,960]}
TD210_SHOT {"camera":{"basis":[[-0.0000000437113882867379,0.0,1.0],[0.0,1.0,0.0],[-1.0,0.0,-0.0000000437113882867379]],"fov":75.0,"position":[638.982543945312,4.18499994277954,-693.239990234375]},"car":[638.982543945312,-0.149998098611832,-693.239990234375],"draw_calls":57,"file":"lots/1280/td-210-criterion-1-before.png","height_m":8.37,"host_frame_ms":68.545,"hud":false,"lot":1280,"objects":57,"ortho_size":49.8200073242188,"street":"uogashi1","triangles":25344,"view":"fixed front orthographic lot survey","viewport":[960,960]}
TD210_SHOT {"camera":{"basis":[[1.0,0.0,0.0],[0.0,1.0,0.0],[0.0,0.0,1.0]],"fov":75.0,"position":[567.410034179688,4.34000015258789,-1238.98254394531]},"car":[567.410034179688,-0.150001913309097,-1238.98254394531],"draw_calls":38,"file":"lots/1281/td-210-criterion-1-before.png","height_m":8.68,"host_frame_ms":68.545,"hud":false,"lot":1281,"objects":38,"ortho_size":41.8200073242188,"street":"seri5","triangles":22197,"view":"fixed front orthographic lot survey","viewport":[960,960]}
TD210_SHOT {"camera":{"basis":[[-0.0000000437113882867379,0.0,1.0],[0.0,1.0,0.0],[-1.0,0.0,-0.0000000437113882867379]],"fov":75.0,"position":[536.424987792969,5.03499984741211,-1287.11999511719]},"car":[536.424987792969,-0.150000005960464,-1287.11999511719],"draw_calls":43,"file":"lots/1282/td-210-criterion-1-before.png","height_m":10.07,"host_frame_ms":73.936,"hud":false,"lot":1282,"objects":43,"ortho_size":33.760009765625,"street":"kotobuki_e","triangles":16952,"view":"fixed front orthographic lot survey","viewport":[960,960]}
TD210_SHOT {"camera":{"basis":[[-1.0,0.0,0.0000000874227765734759],[0.0,1.0,0.0],[-0.0000000874227765734759,0.0,-1.0]],"fov":75.0,"position":[604.635009765625,4.19500017166138,-1328.0]},"car":[604.635009765625,6.84999990463257,-1328.0],"draw_calls":51,"file":"lots/1283/td-210-criterion-1-before.png","height_m":8.39,"host_frame_ms":73.936,"hud":false,"lot":1283,"objects":51,"ortho_size":46.6300048828125,"street":"soshajo_ring","triangles":33666,"view":"fixed front orthographic lot survey","viewport":[960,960]}
TD210_SHOT {"camera":{"basis":[[1.0,0.0,0.0],[0.0,1.0,0.0],[0.0,0.0,1.0]],"fov":75.0,"position":[604.635009765625,3.97499990463257,-1238.98254394531]},"car":[604.635009765625,-0.149998098611832,-1238.98254394531],"draw_calls":38,"file":"lots/1284/td-210-criterion-1-before.png","height_m":7.95,"host_frame_ms":73.936,"hud":false,"lot":1284,"objects":38,"ortho_size":46.6300048828125,"street":"seri5","triangles":23503,"view":"fixed front orthographic lot survey","viewport":[960,960]}
TD210_SHOT {"camera":{"basis":[[-1.0,0.0,0.0000000874227765734759],[0.0,1.0,0.0],[-0.0000000874227765734759,0.0,-1.0]],"fov":75.0,"position":[642.405029296875,5.1100001335144,-1328.0]},"car":[642.405029296875,6.84999990463257,-1328.0],"draw_calls":55,"file":"lots/1285/td-210-criterion-1-before.png","height_m":10.22,"host_frame_ms":85.927,"hud":false,"lot":1285,"objects":55,"ortho_size":42.9099731445312,"street":"soshajo_ring","triangles":23699,"view":"fixed front orthographic lot survey","viewport":[960,960]}
TD210_SHOT {"camera":{"basis":[[1.0,0.0,0.0],[0.0,1.0,0.0],[0.0,0.0,1.0]],"fov":75.0,"position":[642.405029296875,4.92500019073486,-1238.98254394531]},"car":[642.405029296875,-0.149998098611832,-1238.98254394531],"draw_calls":42,"file":"lots/1286/td-210-criterion-1-before.png","height_m":9.85,"host_frame_ms":85.927,"hud":false,"lot":1286,"objects":42,"ortho_size":42.9099731445312,"street":"seri5","triangles":18254,"view":"fixed front orthographic lot survey","viewport":[960,960]}
TD210_SHOT {"camera":{"basis":[[-1.0,0.0,0.0000000874227765734759],[0.0,1.0,0.0],[-0.0000000874227765734759,0.0,-1.0]],"fov":75.0,"position":[679.75,3.63499999046326,-1328.0]},"car":[679.75,6.84999990463257,-1328.0],"draw_calls":43,"file":"lots/1287/td-210-criterion-1-before.png","height_m":7.27,"host_frame_ms":85.927,"hud":false,"lot":1287,"objects":43,"ortho_size":45.780029296875,"street":"soshajo_ring","triangles":12767,"view":"fixed front orthographic lot survey","viewport":[960,960]}
TD210_SHOT {"camera":{"basis":[[1.0,0.0,0.0],[0.0,1.0,0.0],[0.0,0.0,1.0]],"fov":75.0,"position":[679.75,4.56500005722046,-1238.98254394531]},"car":[679.75,-0.149998098611832,-1238.98254394531],"draw_calls":26,"file":"lots/1288/td-210-criterion-1-before.png","height_m":9.13,"host_frame_ms":81.799,"hud":false,"lot":1288,"objects":26,"ortho_size":45.780029296875,"street":"seri5","triangles":11776,"view":"fixed front orthographic lot survey","viewport":[960,960]}
TD210_SHOT {"camera":{"basis":[[-0.0000000437113882867379,0.0,-1.0],[0.0,1.0,0.0],[1.0,0.0,-0.0000000437113882867379]],"fov":75.0,"position":[741.017456054688,4.40999984741211,-1285.84008789062]},"car":[741.017456054688,-0.150000005960464,-1285.84008789062],"draw_calls":41,"file":"lots/1289/td-210-criterion-1-before.png","height_m":8.82,"host_frame_ms":81.799,"hud":false,"lot":1289,"objects":41,"ortho_size":36.3199462890625,"street":"uogashi2","triangles":13458,"view":"fixed front orthographic lot survey","viewport":[960,960]}
TD210_SHOT {"camera":{"basis":[[1.0,0.0,0.0],[0.0,1.0,0.0],[0.0,0.0,1.0]],"fov":75.0,"position":[716.89501953125,3.6949999332428,-1238.98254394531]},"car":[716.89501953125,-0.149998098611832,-1238.98254394531],"draw_calls":46,"file":"lots/1290/td-210-criterion-1-before.png","height_m":7.39,"host_frame_ms":81.799,"hud":false,"lot":1290,"objects":46,"ortho_size":42.510009765625,"street":"seri5","triangles":20336,"view":"fixed front orthographic lot survey","viewport":[960,960]}
TD210_SHOT {"camera":{"basis":[[1.0,0.0,0.0],[0.0,1.0,0.0],[0.0,0.0,1.0]],"fov":75.0,"position":[568.565002441406,4.86999988555908,-1036.42504882812]},"car":[568.565002441406,-0.150000005960464,-1036.42504882812],"draw_calls":30,"file":"lots/1291/td-210-criterion-1-before.png","height_m":9.74,"host_frame_ms":67.849,"hud":false,"lot":1291,"objects":30,"ortho_size":44.1300048828125,"street":"reizo","triangles":14453,"view":"fixed front orthographic lot survey","viewport":[960,960]}
TD210_SHOT {"camera":{"basis":[[1.0,0.0,0.0],[0.0,1.0,0.0],[0.0,0.0,1.0]],"fov":75.0,"position":[605.494995117188,3.70000004768372,-1036.42504882812]},"car":[605.494995117188,-0.150000005960464,-1036.42504882812],"draw_calls":38,"file":"lots/1292/td-210-criterion-1-before.png","height_m":7.4,"host_frame_ms":67.849,"hud":false,"lot":1292,"objects":38,"ortho_size":43.72998046875,"street":"reizo","triangles":22450,"view":"fixed front orthographic lot survey","viewport":[960,960]}
TD210_SHOT {"camera":{"basis":[[-0.0000000437113882867379,0.0,1.0],[0.0,1.0,0.0],[-1.0,0.0,-0.0000000437113882867379]],"fov":75.0,"position":[536.424987792969,4.34000015258789,-1095.7900390625]},"car":[536.424987792969,-0.150000005960464,-1095.7900390625],"draw_calls":25,"file":"lots/1293/td-210-criterion-1-before.png","height_m":8.68,"host_frame_ms":64.215,"hud":false,"lot":1293,"objects":25,"ortho_size":39.280029296875,"street":"kotobuki_e","triangles":16491,"view":"fixed front orthographic lot survey","viewport":[960,960]}
TD210_SHOT {"camera":{"basis":[[-1.0,0.0,0.0000000874227765734759],[0.0,1.0,0.0],[-0.0000000874227765734759,0.0,-1.0]],"fov":75.0,"position":[567.089965820312,5.375,-1151.01745605469]},"car":[567.089965820312,-0.150001913309097,-1151.01745605469],"draw_calls":31,"file":"lots/1294/td-210-criterion-1-before.png","height_m":10.75,"host_frame_ms":64.215,"hud":false,"lot":1294,"objects":31,"ortho_size":41.1799926757812,"street":"seri4","triangles":17655,"view":"fixed front orthographic lot survey","viewport":[960,960]}
TD210_SHOT {"camera":{"basis":[[-1.0,0.0,0.0000000874227765734759],[0.0,1.0,0.0],[-0.0000000874227765734759,0.0,-1.0]],"fov":75.0,"position":[604.02001953125,3.6949999332428,-1151.01745605469]},"car":[604.02001953125,-0.150001913309097,-1151.01745605469],"draw_calls":33,"file":"lots/1295/td-210-criterion-1-before.png","height_m":7.39,"host_frame_ms":78.772,"hud":false,"lot":1295,"objects":33,"ortho_size":46.6799926757812,"street":"seri4","triangles":21134,"view":"fixed front orthographic lot survey","viewport":[960,960]}
TD210_SHOT {"camera":{"basis":[[1.0,0.0,0.0],[0.0,1.0,0.0],[0.0,0.0,1.0]],"fov":75.0,"position":[604.02001953125,3.83500003814697,-1061.05004882812]},"car":[604.02001953125,-0.150000005960464,-1061.05004882812],"draw_calls":37,"file":"lots/1296/td-210-criterion-1-before.png","height_m":7.67,"host_frame_ms":78.772,"hud":false,"lot":1296,"objects":37,"ortho_size":46.6799926757812,"street":"seri4","triangles":21608,"view":"fixed front orthographic lot survey","viewport":[960,960]}
TD210_SHOT {"camera":{"basis":[[-1.0,0.0,0.0000000874227765734759],[0.0,1.0,0.0],[-0.0000000874227765734759,0.0,-1.0]],"fov":75.0,"position":[642.5,4.05999994277954,-1151.01745605469]},"car":[642.5,-0.150001913309097,-1151.01745605469],"draw_calls":43,"file":"lots/1297/td-210-criterion-1-before.png","height_m":8.12,"host_frame_ms":89.874,"hud":false,"lot":1297,"objects":43,"ortho_size":44.280029296875,"street":"seri4","triangles":20228,"view":"fixed front orthographic lot survey","viewport":[960,960]}
TD210_SHOT {"camera":{"basis":[[1.0,0.0,0.0],[0.0,1.0,0.0],[0.0,0.0,1.0]],"fov":75.0,"position":[642.5,4.4850001335144,-1036.42504882812]},"car":[642.5,-0.150000005960464,-1036.42504882812],"draw_calls":33,"file":"lots/1298/td-210-criterion-1-before.png","height_m":8.97,"host_frame_ms":89.874,"hud":false,"lot":1298,"objects":33,"ortho_size":44.280029296875,"street":"reizo","triangles":18811,"view":"fixed front orthographic lot survey","viewport":[960,960]}
TD210_SHOT {"camera":{"basis":[[-1.0,0.0,0.0000000874227765734759],[0.0,1.0,0.0],[-0.0000000874227765734759,0.0,-1.0]],"fov":75.0,"position":[679.859985351562,4.74499988555908,-1151.01745605469]},"car":[679.859985351562,-0.150001913309097,-1151.01745605469],"draw_calls":49,"file":"lots/1299/td-210-criterion-1-before.png","height_m":9.49,"host_frame_ms":92.335,"hud":false,"lot":1299,"objects":49,"ortho_size":44.4400024414062,"street":"seri4","triangles":18758,"view":"fixed front orthographic lot survey","viewport":[960,960]}
TD210_SHOT {"camera":{"basis":[[-0.0000000437113882867379,0.0,-1.0],[0.0,1.0,0.0],[1.0,0.0,-0.0000000437113882867379]],"fov":75.0,"position":[701.072509765625,4.78000020980835,-1084.35009765625]},"car":[701.072509765625,-0.150000005960464,-1084.35009765625],"draw_calls":34,"file":"lots/1300/td-210-criterion-1-before.png","height_m":9.56,"host_frame_ms":92.335,"hud":false,"lot":1300,"objects":34,"ortho_size":17.5999755859375,"street":"taru","triangles":18058,"view":"fixed front orthographic lot survey","viewport":[960,960]}
TD210_SHOT {"camera":{"basis":[[-1.0,0.0,0.0000000874227765734759],[0.0,1.0,0.0],[-0.0000000874227765734759,0.0,-1.0]],"fov":75.0,"position":[716.614990234375,3.54999995231628,-1151.01745605469]},"car":[716.614990234375,-0.149998098611832,-1151.01745605469],"draw_calls":50,"file":"lots/1301/td-210-criterion-1-before.png","height_m":7.1,"host_frame_ms":182.168,"hud":false,"lot":1301,"objects":50,"ortho_size":43.0700073242188,"street":"seri4","triangles":22850,"view":"fixed front orthographic lot survey","viewport":[960,960]}
TD210_SHOT {"camera":{"basis":[[-0.0000000437113882867379,0.0,-1.0],[0.0,1.0,0.0],[1.0,0.0,-0.0000000437113882867379]],"fov":75.0,"position":[741.017456054688,5.07999992370605,-1096.35498046875]},"car":[741.017456054688,-0.149996191263199,-1096.35498046875],"draw_calls":32,"file":"lots/1302/td-210-criterion-1-before.png","height_m":10.16,"host_frame_ms":185.653,"hud":false,"lot":1302,"objects":32,"ortho_size":41.6099853515625,"street":"uogashi2","triangles":16811,"view":"fixed front orthographic lot survey","viewport":[960,960]}
TD210_SHOT {"camera":{"basis":[[-0.0000000437113882867379,0.0,-1.0],[0.0,1.0,0.0],[1.0,0.0,-0.0000000437113882867379]],"fov":75.0,"position":[741.017456054688,4.55000019073486,-1064.52502441406]},"car":[741.017456054688,-0.149996191263199,-1064.52502441406],"draw_calls":51,"file":"lots/1303/td-210-criterion-1-before.png","height_m":9.1,"host_frame_ms":255.189,"hud":false,"lot":1303,"objects":51,"ortho_size":36.050048828125,"street":"uogashi2","triangles":27457,"view":"fixed front orthographic lot survey","viewport":[960,960]}
TD210_SHOT {"camera":{"basis":[[-0.0000000437113882867379,0.0,-1.0],[0.0,1.0,0.0],[1.0,0.0,-0.0000000437113882867379]],"fov":75.0,"position":[701.072509765625,4.09499979019165,-1064.52502441406]},"car":[701.072509765625,-0.150000005960464,-1064.52502441406],"draw_calls":38,"file":"lots/1304/td-210-criterion-1-before.png","height_m":8.19,"host_frame_ms":193.197,"hud":false,"lot":1304,"objects":38,"ortho_size":36.050048828125,"street":"taru","triangles":17135,"view":"fixed front orthographic lot survey","viewport":[960,960]}
TD210_SHOT {"camera":{"basis":[[1.0,0.0,0.0],[0.0,1.0,0.0],[0.0,0.0,1.0]],"fov":75.0,"position":[566.640014648438,5.40000009536743,-1148.98254394531]},"car":[566.640014648438,-0.150001913309097,-1148.98254394531],"draw_calls":55,"file":"lots/1305/td-210-criterion-1-before.png","height_m":10.8,"host_frame_ms":124.395,"hud":false,"lot":1305,"objects":55,"ortho_size":40.280029296875,"street":"seri4","triangles":25954,"view":"fixed front orthographic lot survey","viewport":[960,960]}
TD210_SHOT {"camera":{"basis":[[1.0,0.0,0.0],[0.0,1.0,0.0],[0.0,0.0,1.0]],"fov":75.0,"position":[602.650024414062,4.84499979019165,-1148.98254394531]},"car":[602.650024414062,-0.149998098611832,-1148.98254394531],"draw_calls":40,"file":"lots/1306/td-210-criterion-1-before.png","height_m":9.69,"host_frame_ms":183.55,"hud":false,"lot":1306,"objects":40,"ortho_size":45.739990234375,"street":"seri4","triangles":27719,"view":"fixed front orthographic lot survey","viewport":[960,960]}
TD210_SHOT {"camera":{"basis":[[-0.0000000437113882867379,0.0,1.0],[0.0,1.0,0.0],[-1.0,0.0,-0.0000000437113882867379]],"fov":75.0,"position":[536.424987792969,4.69000005722046,-1207.68994140625]},"car":[536.424987792969,-0.150000005960464,-1207.68994140625],"draw_calls":65,"file":"lots/1307/td-210-criterion-1-before.png","height_m":9.38,"host_frame_ms":183.55,"hud":false,"lot":1307,"objects":65,"ortho_size":60.9200439453125,"street":"kotobuki_e","triangles":29444,"view":"fixed front orthographic lot survey","viewport":[960,960]}
TD210_SHOT {"camera":{"basis":[[-1.0,0.0,0.0000000874227765734759],[0.0,1.0,0.0],[-0.0000000874227765734759,0.0,-1.0]],"fov":75.0,"position":[602.085021972656,3.97000002861023,-1241.01745605469]},"car":[602.085021972656,-0.150001913309097,-1241.01745605469],"draw_calls":40,"file":"lots/1308/td-210-criterion-1-before.png","height_m":7.94,"host_frame_ms":133.099,"hud":false,"lot":1308,"objects":40,"ortho_size":46.8699951171875,"street":"seri5","triangles":28237,"view":"fixed front orthographic lot survey","viewport":[960,960]}
TD210_SHOT {"camera":{"basis":[[-1.0,0.0,0.0000000874227765734759],[0.0,1.0,0.0],[-0.0000000874227765734759,0.0,-1.0]],"fov":75.0,"position":[640.744995117188,5.35500001907349,-1241.01745605469]},"car":[640.744995117188,-0.150001913309097,-1241.01745605469],"draw_calls":40,"file":"lots/1309/td-210-criterion-1-before.png","height_m":10.71,"host_frame_ms":162.106,"hud":false,"lot":1309,"objects":40,"ortho_size":44.449951171875,"street":"seri5","triangles":21350,"view":"fixed front orthographic lot survey","viewport":[960,960]}
TD210_SHOT {"camera":{"basis":[[1.0,0.0,0.0],[0.0,1.0,0.0],[0.0,0.0,1.0]],"fov":75.0,"position":[640.744995117188,3.94000005722046,-1148.98254394531]},"car":[640.744995117188,-0.149998098611832,-1148.98254394531],"draw_calls":38,"file":"lots/1310/td-210-criterion-1-before.png","height_m":7.88,"host_frame_ms":144.154,"hud":false,"lot":1310,"objects":38,"ortho_size":44.449951171875,"street":"seri4","triangles":20189,"view":"fixed front orthographic lot survey","viewport":[960,960]}
TD210_SHOT {"camera":{"basis":[[-1.0,0.0,0.0000000874227765734759],[0.0,1.0,0.0],[-0.0000000874227765734759,0.0,-1.0]],"fov":75.0,"position":[679.214965820312,4.28999996185303,-1241.01745605469]},"car":[679.214965820312,-0.150001913309097,-1241.01745605469],"draw_calls":58,"file":"lots/1311/td-210-criterion-1-before.png","height_m":8.58,"host_frame_ms":176.389,"hud":false,"lot":1311,"objects":58,"ortho_size":46.4900512695312,"street":"seri5","triangles":23664,"view":"fixed front orthographic lot survey","viewport":[960,960]}
TD210_SHOT {"camera":{"basis":[[-0.0000000437113882867379,0.0,-1.0],[0.0,1.0,0.0],[1.0,0.0,-0.0000000437113882867379]],"fov":75.0,"position":[741.017456054688,4.93499994277954,-1207.35998535156]},"car":[741.017456054688,-0.150000005960464,-1207.35998535156],"draw_calls":68,"file":"lots/1312/td-210-criterion-1-before.png","height_m":9.87,"host_frame_ms":148.754,"hud":false,"lot":1312,"objects":68,"ortho_size":61.580078125,"street":"uogashi2","triangles":31630,"view":"fixed front orthographic lot survey","viewport":[960,960]}
TD210_SHOT {"camera":{"basis":[[1.0,0.0,0.0],[0.0,1.0,0.0],[0.0,0.0,1.0]],"fov":75.0,"position":[716.380004882812,4.15500020980835,-1148.98254394531]},"car":[716.380004882812,-0.149998098611832,-1148.98254394531],"draw_calls":43,"file":"lots/1313/td-210-criterion-1-before.png","height_m":8.31,"host_frame_ms":204.982,"hud":false,"lot":1313,"objects":43,"ortho_size":43.5400390625,"street":"seri4","triangles":22039,"view":"fixed front orthographic lot survey","viewport":[960,960]}
TD210_SHOT {"camera":{"basis":[[1.0,0.0,0.0],[0.0,1.0,0.0],[0.0,0.0,1.0]],"fov":75.0,"position":[678.789978027344,4.28000020980835,-1148.98254394531]},"car":[678.789978027344,-0.149998098611832,-1148.98254394531],"draw_calls":47,"file":"lots/1314/td-210-criterion-1-before.png","height_m":8.56,"host_frame_ms":336.884,"hud":false,"lot":1314,"objects":47,"ortho_size":45.6400146484375,"street":"seri4","triangles":27969,"view":"fixed front orthographic lot survey","viewport":[960,960]}
TD210_SHOT {"camera":{"basis":[[-1.0,0.0,0.0000000874227765734759],[0.0,1.0,0.0],[-0.0000000874227765734759,0.0,-1.0]],"fov":75.0,"position":[670.049987792969,4.23000001907349,-623.849975585938]},"car":[670.049987792969,-0.149998098611832,-623.849975585938],"draw_calls":55,"file":"lots/1315/td-210-criterion-1-before.png","height_m":8.46,"host_frame_ms":89.064,"hud":false,"lot":1315,"objects":55,"ortho_size":56.4000244140625,"street":"ichiba","triangles":24405,"view":"fixed front orthographic lot survey","viewport":[960,960]}
TD210_SHOT {"camera":{"basis":[[-0.0000000437113882867379,0.0,-1.0],[0.0,1.0,0.0],[1.0,0.0,-0.0000000437113882867379]],"fov":75.0,"position":[700.962524414062,5.01000022888184,-560.565002441406]},"car":[700.962524414062,-0.149998098611832,-560.565002441406],"draw_calls":27,"file":"lots/1316/td-210-criterion-1-before.png","height_m":10.02,"host_frame_ms":89.064,"hud":false,"lot":1316,"objects":27,"ortho_size":42.1099853515625,"street":"hakobi","triangles":16908,"view":"fixed front orthographic lot survey","viewport":[960,960]}
TD210_SHOT {"camera":{"basis":[[-0.0000000437113882867379,0.0,-1.0],[0.0,1.0,0.0],[1.0,0.0,-0.0000000437113882867379]],"fov":75.0,"position":[700.962524414062,3.54999995231628,-524.890014648438]},"car":[700.962524414062,-0.150000005960464,-524.890014648438],"draw_calls":20,"file":"lots/1317/td-210-criterion-1-before.png","height_m":7.1,"host_frame_ms":89.272,"hud":false,"lot":1317,"objects":20,"ortho_size":43.2400207519531,"street":"hakobi","triangles":10494,"view":"fixed front orthographic lot survey","viewport":[960,960]}
TD210_SHOT {"camera":{"basis":[[1.0,0.0,0.0],[0.0,1.0,0.0],[0.0,0.0,1.0]],"fov":75.0,"position":[670.049987792969,4.52500009536743,-468.982482910156]},"car":[670.049987792969,-0.150000005960464,-468.982482910156],"draw_calls":61,"file":"lots/1318/td-210-criterion-1-before.png","height_m":9.05,"host_frame_ms":89.272,"hud":false,"lot":1318,"objects":61,"ortho_size":56.4000244140625,"street":"seri1","triangles":29959,"view":"fixed front orthographic lot survey","viewport":[960,960]}
TD210_SHOT {"camera":{"basis":[[-0.0000000437113882867379,0.0,-1.0],[0.0,1.0,0.0],[1.0,0.0,-0.0000000437113882867379]],"fov":75.0,"position":[641.017456054688,4.09000015258789,-647.445007324219]},"car":[641.017456054688,-0.150001913309097,-647.445007324219],"draw_calls":29,"file":"lots/1319/td-210-criterion-1-before.png","height_m":8.18,"host_frame_ms":83.069,"hud":false,"lot":1319,"objects":29,"ortho_size":40.8900146484375,"street":"uogashi1","triangles":15756,"view":"fixed front orthographic lot survey","viewport":[960,960]}
TD210_SHOT {"camera":{"basis":[[1.0,0.0,0.0],[0.0,1.0,0.0],[0.0,0.0,1.0]],"fov":75.0,"position":[590.525024414062,4.3600001335144,-616.150024414062]},"car":[590.525024414062,-0.149998098611832,-616.150024414062],"draw_calls":27,"file":"lots/1320/td-210-criterion-1-before.png","height_m":8.72,"host_frame_ms":83.069,"hud":false,"lot":1320,"objects":27,"ortho_size":36.6900024414062,"street":"ichiba","triangles":15702,"view":"fixed front orthographic lot survey","viewport":[960,960]}
TD210_SHOT {"camera":{"basis":[[-0.0000000437113882867379,0.0,1.0],[0.0,1.0,0.0],[-1.0,0.0,-0.0000000437113882867379]],"fov":75.0,"position":[557.080017089844,5.48000001907349,-683.050048828125]},"car":[557.080017089844,-0.150000005960464,-683.050048828125],"draw_calls":30,"file":"lots/1321/td-210-criterion-1-before.png","height_m":10.96,"host_frame_ms":78.939,"hud":false,"lot":1321,"objects":30,"ortho_size":44.3200073242188,"street":"uogashi1","triangles":20576,"view":"fixed front orthographic lot survey","viewport":[960,960]}
TD210_SHOT {"camera":{"basis":[[-0.0000000437113882867379,0.0,-1.0],[0.0,1.0,0.0],[1.0,0.0,-0.0000000437113882867379]],"fov":75.0,"position":[641.017456054688,4.20499992370605,-683.050048828125]},"car":[641.017456054688,-0.150001913309097,-683.050048828125],"draw_calls":41,"file":"lots/1322/td-210-criterion-1-before.png","height_m":8.41,"host_frame_ms":78.939,"hud":false,"lot":1322,"objects":41,"ortho_size":44.3200073242188,"street":"uogashi1","triangles":25134,"view":"fixed front orthographic lot survey","viewport":[960,960]}
TD210_SHOT {"camera":{"basis":[[-0.0000000437113882867379,0.0,1.0],[0.0,1.0,0.0],[-1.0,0.0,-0.0000000437113882867379]],"fov":75.0,"position":[536.424987792969,5.01000022888184,-646.795043945312]},"car":[536.424987792969,-0.149998098611832,-646.795043945312],"draw_calls":39,"file":"lots/1323/td-210-criterion-1-before.png","height_m":10.02,"host_frame_ms":78.939,"hud":false,"lot":1323,"objects":39,"ortho_size":39.5900268554688,"street":"kotobuki_e","triangles":25610,"view":"fixed front orthographic lot survey","viewport":[960,960]}
TD210_SHOT {"camera":{"basis":[[-0.0000000437113882867379,0.0,1.0],[0.0,1.0,0.0],[-1.0,0.0,-0.0000000437113882867379]],"fov":75.0,"position":[536.424987792969,4.35500001907349,-682.400024414062]},"car":[536.424987792969,-0.149998098611832,-682.400024414062],"draw_calls":36,"file":"lots/1324/td-210-criterion-1-before.png","height_m":8.71,"host_frame_ms":77.846,"hud":false,"lot":1324,"objects":36,"ortho_size":45.6199951171875,"street":"kotobuki_e","triangles":24730,"view":"fixed front orthographic lot survey","viewport":[960,960]}
TD210_SHOT {"camera":{"basis":[[-0.0000000437113882867379,0.0,1.0],[0.0,1.0,0.0],[-1.0,0.0,-0.0000000437113882867379]],"fov":75.0,"position":[536.424987792969,4.42000007629395,-729.015014648438]},"car":[536.424987792969,-0.150000005960464,-729.015014648438],"draw_calls":51,"file":"lots/1325/td-210-criterion-1-before.png","height_m":8.84,"host_frame_ms":77.846,"hud":false,"lot":1325,"objects":51,"ortho_size":61.6099853515625,"street":"kotobuki_e","triangles":29883,"view":"fixed front orthographic lot survey","viewport":[960,960]}
TD210_SHOT {"camera":{"basis":[[-0.0000000437113882867379,0.0,1.0],[0.0,1.0,0.0],[-1.0,0.0,-0.0000000437113882867379]],"fov":75.0,"position":[536.424987792969,5.38500022888184,-781.410034179688]},"car":[536.424987792969,-0.150001913309097,-781.410034179688],"draw_calls":53,"file":"lots/1326/td-210-criterion-1-before.png","height_m":10.77,"host_frame_ms":74.812,"hud":false,"lot":1326,"objects":53,"ortho_size":57.1799926757812,"street":"kotobuki_e","triangles":27074,"view":"fixed front orthographic lot survey","viewport":[960,960]}
TD210_SHOT {"camera":{"basis":[[-1.0,0.0,0.0000000874227765734759],[0.0,1.0,0.0],[-0.0000000874227765734759,0.0,-1.0]],"fov":75.0,"position":[601.52001953125,5.26000022888184,-825.5]},"car":[601.52001953125,-0.150000005960464,-825.5],"draw_calls":48,"file":"lots/1327/td-210-criterion-1-before.png","height_m":10.52,"host_frame_ms":74.812,"hud":false,"lot":1327,"objects":48,"ortho_size":42.4600219726562,"street":"nishimon","triangles":36572,"view":"fixed front orthographic lot survey","viewport":[960,960]}
TD210_SHOT {"camera":{"basis":[[-0.0000000437113882867379,0.0,-1.0],[0.0,1.0,0.0],[1.0,0.0,-0.0000000437113882867379]],"fov":75.0,"position":[637.849975585938,5.40999984741211,-753.869995117188]},"car":[637.849975585938,-0.150000005960464,-753.869995117188],"draw_calls":38,"file":"lots/1328/td-210-criterion-1-before.png","height_m":10.82,"host_frame_ms":74.812,"hud":false,"lot":1328,"objects":38,"ortho_size":43.3800048828125,"street":"uogashi1","triangles":23905,"view":"fixed front orthographic lot survey","viewport":[960,960]}
TD210_SHOT {"camera":{"basis":[[-0.0000000437113882867379,0.0,-1.0],[0.0,1.0,0.0],[1.0,0.0,-0.0000000437113882867379]],"fov":75.0,"position":[661.017456054688,4.04500007629395,-790.390014648438]},"car":[661.017456054688,-0.150001913309097,-790.390014648438],"draw_calls":58,"file":"lots/1329/td-210-criterion-1-before.png","height_m":8.09,"host_frame_ms":83.021,"hud":false,"lot":1329,"objects":58,"ortho_size":39.219970703125,"street":"uogashi1b","triangles":37105,"view":"fixed front orthographic lot survey","viewport":[960,960]}
TD210_SHOT {"camera":{"basis":[[-0.0000000437113882867379,0.0,-1.0],[0.0,1.0,0.0],[1.0,0.0,-0.0000000437113882867379]],"fov":75.0,"position":[661.017456054688,3.76999998092651,-754.97998046875]},"car":[661.017456054688,-0.150001913309097,-754.97998046875],"draw_calls":41,"file":"lots/1330/td-210-criterion-1-before.png","height_m":7.54,"host_frame_ms":83.021,"hud":false,"lot":1330,"objects":41,"ortho_size":45.6000366210938,"street":"uogashi1b","triangles":25971,"view":"fixed front orthographic lot survey","viewport":[960,960]}
TD210_SHOT {"camera":{"basis":[[-0.0000000437113882867379,0.0,1.0],[0.0,1.0,0.0],[-1.0,0.0,-0.0000000437113882867379]],"fov":75.0,"position":[635.282592773438,2.95499992370605,-710.809997558594]},"car":[635.282592773438,-0.149996191263199,-710.809997558594],"draw_calls":34,"file":"lots/1331/td-210-criterion-1-before.png","height_m":5.91,"host_frame_ms":63.381,"hud":false,"lot":1331,"objects":34,"ortho_size":25.199951171875,"street":"uogashi1","triangles":22578,"view":"fixed front orthographic lot survey","viewport":[960,960]}
TD210_SHOT {"camera":{"basis":[[1.0,0.0,0.0],[0.0,1.0,0.0],[0.0,0.0,1.0]],"fov":75.0,"position":[601.815002441406,4.72499990463257,-683.110046386719]},"car":[601.815002441406,-0.149996191263199,-683.110046386719],"draw_calls":34,"file":"lots/1332/td-210-criterion-1-before.png","height_m":9.45,"host_frame_ms":63.381,"hud":false,"lot":1332,"objects":34,"ortho_size":43.050048828125,"street":"uogashi1","triangles":27221,"view":"fixed front orthographic lot survey","viewport":[960,960]}
TD210_SHOT {"camera":{"basis":[[-0.0000000437113882867379,0.0,1.0],[0.0,1.0,0.0],[-1.0,0.0,-0.0000000437113882867379]],"fov":75.0,"position":[536.424987792969,3.59500002861023,-1010.54998779297]},"car":[536.424987792969,-0.150001913309097,-1010.54998779297],"draw_calls":33,"file":"lots/1333/td-210-criterion-1-before.png","height_m":7.19,"host_frame_ms":63.381,"hud":false,"lot":1333,"objects":33,"ortho_size":45.9000244140625,"street":"kotobuki_e","triangles":24293,"view":"fixed front orthographic lot survey","viewport":[960,960]}
TD210_SHOT {"camera":{"basis":[[-0.0000000437113882867379,0.0,1.0],[0.0,1.0,0.0],[-1.0,0.0,-0.0000000437113882867379]],"fov":75.0,"position":[536.424987792969,5.10500001907349,-970.719970703125]},"car":[536.424987792969,-0.150001913309097,-970.719970703125],"draw_calls":34,"file":"lots/1334/td-210-criterion-1-before.png","height_m":10.21,"host_frame_ms":74.686,"hud":false,"lot":1334,"objects":34,"ortho_size":47.7599487304688,"street":"kotobuki_e","triangles":22883,"view":"fixed front orthographic lot survey","viewport":[960,960]}
TD210_SHOT {"camera":{"basis":[[-1.0,0.0,0.0000000874227765734759],[0.0,1.0,0.0],[-0.0000000874227765734759,0.0,-1.0]],"fov":75.0,"position":[604.614990234375,3.5550000667572,-1043.57495117188]},"car":[604.614990234375,-0.150000005960464,-1043.57495117188],"draw_calls":42,"file":"lots/1335/td-210-criterion-1-before.png","height_m":7.11,"host_frame_ms":74.686,"hud":false,"lot":1335,"objects":42,"ortho_size":45.1099853515625,"street":"reizo","triangles":30647,"view":"fixed front orthographic lot survey","viewport":[960,960]}
TD210_SHOT {"camera":{"basis":[[-0.0000000437113882867379,0.0,-1.0],[0.0,1.0,0.0],[1.0,0.0,-0.0000000437113882867379]],"fov":75.0,"position":[661.017456054688,5.07999992370605,-1011.34497070312]},"car":[661.017456054688,-0.150001913309097,-1011.34497070312],"draw_calls":51,"file":"lots/1336/td-210-criterion-1-before.png","height_m":10.16,"host_frame_ms":75.299,"hud":false,"lot":1336,"objects":51,"ortho_size":44.3099975585938,"street":"uogashi1b","triangles":31143,"view":"fixed front orthographic lot survey","viewport":[960,960]}
TD210_SHOT {"camera":{"basis":[[-0.0000000437113882867379,0.0,-1.0],[0.0,1.0,0.0],[1.0,0.0,-0.0000000437113882867379]],"fov":75.0,"position":[661.017456054688,5.28000020980835,-971.515014648438]},"car":[661.017456054688,-0.150001913309097,-971.515014648438],"draw_calls":47,"file":"lots/1337/td-210-criterion-1-before.png","height_m":10.56,"host_frame_ms":75.299,"hud":false,"lot":1337,"objects":47,"ortho_size":49.3499755859375,"street":"uogashi1b","triangles":28861,"view":"fixed front orthographic lot survey","viewport":[960,960]}
TD210_SHOT {"camera":{"basis":[[-0.0000000437113882867379,0.0,1.0],[0.0,1.0,0.0],[-1.0,0.0,-0.0000000437113882867379]],"fov":75.0,"position":[566.960021972656,4.36499977111816,-971.515014648438]},"car":[566.960021972656,-0.150000005960464,-971.515014648438],"draw_calls":30,"file":"lots/1338/td-210-criterion-1-before.png","height_m":8.73,"host_frame_ms":75.299,"hud":false,"lot":1338,"objects":30,"ortho_size":49.3499755859375,"street":"uogashi1b","triangles":19759,"view":"fixed front orthographic lot survey","viewport":[960,960]}
TD210_SHOT {"camera":{"basis":[[-0.0000000437113882867379,0.0,-1.0],[0.0,1.0,0.0],[1.0,0.0,-0.0000000437113882867379]],"fov":75.0,"position":[661.017456054688,3.67000007629395,-930.724975585938]},"car":[661.017456054688,-0.150000005960464,-930.724975585938],"draw_calls":49,"file":"lots/1339/td-210-criterion-1-before.png","height_m":7.34,"host_frame_ms":75.198,"hud":false,"lot":1339,"objects":49,"ortho_size":46.2300415039062,"street":"uogashi1b","triangles":24530,"view":"fixed front orthographic lot survey","viewport":[960,960]}
TD210_SHOT {"camera":{"basis":[[-0.0000000437113882867379,0.0,1.0],[0.0,1.0,0.0],[-1.0,0.0,-0.0000000437113882867379]],"fov":75.0,"position":[536.424987792969,3.53999996185303,-930.724975585938]},"car":[536.424987792969,-0.150001913309097,-930.724975585938],"draw_calls":36,"file":"lots/1340/td-210-criterion-1-before.png","height_m":7.08,"host_frame_ms":75.198,"hud":false,"lot":1340,"objects":36,"ortho_size":46.2300415039062,"street":"kotobuki_e","triangles":17352,"view":"fixed front orthographic lot survey","viewport":[960,960]}
TD210_SHOT {"camera":{"basis":[[-0.0000000437113882867379,0.0,-1.0],[0.0,1.0,0.0],[1.0,0.0,-0.0000000437113882867379]],"fov":75.0,"position":[661.017456054688,4.67999982833862,-891.664978027344]},"car":[661.017456054688,-0.150000005960464,-891.664978027344],"draw_calls":39,"file":"lots/1341/td-210-criterion-1-before.png","height_m":9.36,"host_frame_ms":75.198,"hud":false,"lot":1341,"objects":39,"ortho_size":45.8900146484375,"street":"uogashi1b","triangles":22664,"view":"fixed front orthographic lot survey","viewport":[960,960]}
TD210_SHOT {"camera":{"basis":[[-0.0000000437113882867379,0.0,1.0],[0.0,1.0,0.0],[-1.0,0.0,-0.0000000437113882867379]],"fov":75.0,"position":[567.340026855469,5.2649998664856,-891.664978027344]},"car":[567.340026855469,-0.149998098611832,-891.664978027344],"draw_calls":31,"file":"lots/1342/td-210-criterion-1-before.png","height_m":10.53,"host_frame_ms":61.802,"hud":false,"lot":1342,"objects":31,"ortho_size":45.8900146484375,"street":"uogashi1b","triangles":21595,"view":"fixed front orthographic lot survey","viewport":[960,960]}
TD210_SHOT {"camera":{"basis":[[-0.0000000437113882867379,0.0,-1.0],[0.0,1.0,0.0],[1.0,0.0,-0.0000000437113882867379]],"fov":75.0,"position":[661.017456054688,4.98999977111816,-852.859985351562]},"car":[661.017456054688,-0.150000005960464,-852.859985351562],"draw_calls":42,"file":"lots/1343/td-210-criterion-1-before.png","height_m":9.98,"host_frame_ms":61.802,"hud":false,"lot":1343,"objects":42,"ortho_size":45.719970703125,"street":"uogashi1b","triangles":19140,"view":"fixed front orthographic lot survey","viewport":[960,960]}
TD210_SHOT {"camera":{"basis":[[1.0,0.0,0.0],[0.0,1.0,0.0],[0.0,0.0,1.0]],"fov":75.0,"position":[603.859985351562,5.23999977111816,-814.5]},"car":[603.859985351562,-0.150000005960464,-814.5],"draw_calls":39,"file":"lots/1344/td-210-criterion-1-before.png","height_m":10.48,"host_frame_ms":61.802,"hud":false,"lot":1344,"objects":39,"ortho_size":42.8400268554688,"street":"nishimon","triangles":26800,"view":"fixed front orthographic lot survey","viewport":[960,960]}
TD210_SHOT {"camera":{"basis":[[-0.0000000437113882867379,0.0,1.0],[0.0,1.0,0.0],[-1.0,0.0,-0.0000000437113882867379]],"fov":75.0,"position":[536.424987792969,3.51999998092651,-851.2099609375]},"car":[536.424987792969,-0.149998098611832,-851.2099609375],"draw_calls":38,"file":"lots/1345/td-210-criterion-1-before.png","height_m":7.04,"host_frame_ms":73.246,"hud":false,"lot":1345,"objects":38,"ortho_size":42.4199829101562,"street":"kotobuki_e","triangles":19239,"view":"fixed front orthographic lot survey","viewport":[960,960]}
TD210_SHOT {"camera":{"basis":[[-0.0000000437113882867379,0.0,1.0],[0.0,1.0,0.0],[-1.0,0.0,-0.0000000437113882867379]],"fov":75.0,"position":[536.424987792969,4.53000020980835,-890.015014648438]},"car":[536.424987792969,-0.149998098611832,-890.015014648438],"draw_calls":45,"file":"lots/1346/td-210-criterion-1-before.png","height_m":9.06,"host_frame_ms":73.246,"hud":false,"lot":1346,"objects":45,"ortho_size":49.1900024414062,"street":"kotobuki_e","triangles":27519,"view":"fixed front orthographic lot survey","viewport":[960,960]}
TD210_SHOT {"camera":{"basis":[[-0.800005376338959,0.0,0.59999281167984],[0.0,1.0,0.0],[-0.59999281167984,0.0,-0.800005376338959]],"fov":75.0,"position":[614.422485351562,2.99000000953674,-602.02001953125]},"car":[614.422485351562,-0.150066763162613,-602.02001953125],"draw_calls":43,"file":"lots/1347/td-210-criterion-1-before.png","height_m":5.98,"host_frame_ms":64.0,"hud":false,"lot":1347,"objects":43,"ortho_size":14.7999877929688,"street":"uroko","triangles":28370,"view":"fixed front orthographic lot survey","viewport":[960,960]}
TD210_SHOT {"camera":{"basis":[[-0.0000000437113882867379,0.0,-1.0],[0.0,1.0,0.0],[1.0,0.0,-0.0000000437113882867379]],"fov":75.0,"position":[641.017456054688,5.46999979019165,-561.275024414062]},"car":[641.017456054688,-0.149998098611832,-561.275024414062],"draw_calls":45,"file":"lots/1348/td-210-criterion-1-before.png","height_m":10.94,"host_frame_ms":64.0,"hud":false,"lot":1348,"objects":45,"ortho_size":40.6699829101562,"street":"uogashi1","triangles":28667,"view":"fixed front orthographic lot survey","viewport":[960,960]}
TD210_SHOT {"camera":{"basis":[[-0.799832284450531,0.0,0.60022360086441],[0.0,1.0,0.0],[-0.60022360086441,0.0,-0.799832284450531]],"fov":75.0,"position":[577.259643554688,4.11999988555908,-574.145874023438]},"car":[577.259643554688,-0.150066763162613,-574.145874023438],"draw_calls":26,"file":"lots/1349/td-210-criterion-1-before.png","height_m":8.24,"host_frame_ms":64.0,"hud":false,"lot":1349,"objects":26,"ortho_size":15.2399997711182,"street":"uroko","triangles":14211,"view":"fixed front orthographic lot survey","viewport":[960,960]}
TD210_SHOT {"camera":{"basis":[[-0.800300002098083,0.0,0.599599897861481],[0.0,1.0,0.0],[-0.599599897861481,0.0,-0.800300002098083]],"fov":75.0,"position":[558.175476074219,3.125,-559.833312988281]},"car":[558.175476074219,-0.15001717209816,-559.833312988281],"draw_calls":29,"file":"lots/1350/td-210-criterion-1-before.png","height_m":6.25,"host_frame_ms":68.089,"hud":false,"lot":1350,"objects":29,"ortho_size":14.8220100402832,"street":"uroko","triangles":16800,"view":"fixed front orthographic lot survey","viewport":[960,960]}
TD210_SHOT {"camera":{"basis":[[-0.0000000437113882867379,0.0,-1.0],[0.0,1.0,0.0],[1.0,0.0,-0.0000000437113882867379]],"fov":75.0,"position":[641.017456054688,5.36999988555908,-527.085021972656]},"car":[641.017456054688,-0.150000005960464,-527.085021972656],"draw_calls":33,"file":"lots/1351/td-210-criterion-1-before.png","height_m":10.74,"host_frame_ms":68.089,"hud":false,"lot":1351,"objects":33,"ortho_size":41.7099914550781,"street":"uogashi1","triangles":19395,"view":"fixed front orthographic lot survey","viewport":[960,960]}
TD210_SHOT {"camera":{"basis":[[-0.0000000437113882867379,0.0,1.0],[0.0,1.0,0.0],[-1.0,0.0,-0.0000000437113882867379]],"fov":75.0,"position":[558.5,4.44000005722046,-527.085021972656]},"car":[558.5,-0.149998098611832,-527.085021972656],"draw_calls":19,"file":"lots/1352/td-210-criterion-1-before.png","height_m":8.88,"host_frame_ms":68.089,"hud":false,"lot":1352,"objects":19,"ortho_size":41.7099914550781,"street":"uroko","triangles":11600,"view":"fixed front orthographic lot survey","viewport":[960,960]}
TD210_SHOT {"camera":{"basis":[[-0.0000000437113882867379,0.0,-1.0],[0.0,1.0,0.0],[1.0,0.0,-0.0000000437113882867379]],"fov":75.0,"position":[641.017456054688,3.91000008583069,-492.540008544922]},"car":[641.017456054688,-0.150000005960464,-492.540008544922],"draw_calls":31,"file":"lots/1353/td-210-criterion-1-before.png","height_m":7.82,"host_frame_ms":59.259,"hud":false,"lot":1353,"objects":31,"ortho_size":41.3800048828125,"street":"uogashi1","triangles":14639,"view":"fixed front orthographic lot survey","viewport":[960,960]}
TD210_SHOT {"camera":{"basis":[[1.0,0.0,0.0],[0.0,1.0,0.0],[0.0,0.0,1.0]],"fov":75.0,"position":[592.574951171875,3.875,-468.982482910156]},"car":[592.574951171875,-0.150000005960464,-468.982482910156],"draw_calls":26,"file":"lots/1354/td-210-criterion-1-before.png","height_m":7.75,"host_frame_ms":59.259,"hud":false,"lot":1354,"objects":26,"ortho_size":37.9500122070312,"street":"seri1","triangles":18181,"view":"fixed front orthographic lot survey","viewport":[960,960]}
TD210_SHOT {"camera":{"basis":[[1.0,0.0,0.0],[0.0,1.0,0.0],[0.0,0.0,1.0]],"fov":75.0,"position":[563.549987792969,4.31500005722046,-468.982482910156]},"car":[563.549987792969,-0.150000005960464,-468.982482910156],"draw_calls":34,"file":"lots/1355/td-210-criterion-1-before.png","height_m":8.63,"host_frame_ms":59.259,"hud":false,"lot":1355,"objects":34,"ortho_size":34.0999755859375,"street":"seri1","triangles":17313,"view":"fixed front orthographic lot survey","viewport":[960,960]}
TD210_SHOT {"camera":{"basis":[[-0.0000000437113882867379,0.0,1.0],[0.0,1.0,0.0],[-1.0,0.0,-0.0000000437113882867379]],"fov":75.0,"position":[536.424987792969,4.14499998092651,-526.974975585938]},"car":[536.424987792969,-0.150000005960464,-526.974975585938],"draw_calls":32,"file":"lots/1356/td-210-criterion-1-before.png","height_m":8.29,"host_frame_ms":72.354,"hud":false,"lot":1356,"objects":32,"ortho_size":41.9299926757812,"street":"kotobuki_e","triangles":21186,"view":"fixed front orthographic lot survey","viewport":[960,960]}
TD210_SHOT {"camera":{"basis":[[-0.0000000437113882867379,0.0,-1.0],[0.0,1.0,0.0],[1.0,0.0,-0.0000000437113882867379]],"fov":75.0,"position":[641.017456054688,4.76000022888184,-446.39501953125]},"car":[641.017456054688,-0.149998098611832,-446.39501953125],"draw_calls":49,"file":"lots/1357/td-210-criterion-1-before.png","height_m":9.52,"host_frame_ms":72.354,"hud":false,"lot":1357,"objects":49,"ortho_size":43.5099792480469,"street":"uogashi1","triangles":26697,"view":"fixed front orthographic lot survey","viewport":[960,960]}
TD210_SHOT {"camera":{"basis":[[-1.0,0.0,0.0000000874227765734759],[0.0,1.0,0.0],[-0.0000000874227765734759,0.0,-1.0]],"fov":75.0,"position":[590.910034179688,4.69999980926514,-471.017517089844]},"car":[590.910034179688,-0.150000005960464,-471.017517089844],"draw_calls":32,"file":"lots/1358/td-210-criterion-1-before.png","height_m":9.4,"host_frame_ms":75.075,"hud":false,"lot":1358,"objects":32,"ortho_size":38.0399780273438,"street":"seri1","triangles":17704,"view":"fixed front orthographic lot survey","viewport":[960,960]}
TD210_SHOT {"camera":{"basis":[[-0.0000000437113882867379,0.0,-1.0],[0.0,1.0,0.0],[1.0,0.0,-0.0000000437113882867379]],"fov":75.0,"position":[641.017456054688,5.02500009536743,-407.859985351562]},"car":[641.017456054688,-0.150000005960464,-407.859985351562],"draw_calls":40,"file":"lots/1359/td-210-criterion-1-before.png","height_m":10.05,"host_frame_ms":75.075,"hud":false,"lot":1359,"objects":40,"ortho_size":47.5600280761719,"street":"uogashi1","triangles":20669,"view":"fixed front orthographic lot survey","viewport":[960,960]}
TD210_SHOT {"camera":{"basis":[[-0.0000000437113882867379,0.0,1.0],[0.0,1.0,0.0],[-1.0,0.0,-0.0000000437113882867379]],"fov":75.0,"position":[556.7900390625,4.05000019073486,-407.859985351562]},"car":[556.7900390625,-0.150001913309097,-407.859985351562],"draw_calls":38,"file":"lots/1360/td-210-criterion-1-before.png","height_m":8.1,"host_frame_ms":75.075,"hud":false,"lot":1360,"objects":38,"ortho_size":47.5600280761719,"street":"uogashi1","triangles":20788,"view":"fixed front orthographic lot survey","viewport":[960,960]}
TD210_SHOT {"camera":{"basis":[[-0.0000000437113882867379,0.0,1.0],[0.0,1.0,0.0],[-1.0,0.0,-0.0000000437113882867379]],"fov":75.0,"position":[536.424987792969,3.76999998092651,-407.144989013672]},"car":[536.424987792969,-0.150000005960464,-407.144989013672],"draw_calls":38,"file":"lots/1361/td-210-criterion-1-before.png","height_m":7.54,"host_frame_ms":75.075,"hud":false,"lot":1361,"objects":38,"ortho_size":46.1300048828125,"street":"kotobuki_e","triangles":22018,"view":"fixed front orthographic lot survey","viewport":[960,960]}
TD210_SHOT {"camera":{"basis":[[-0.0000000437113882867379,0.0,1.0],[0.0,1.0,0.0],[-1.0,0.0,-0.0000000437113882867379]],"fov":75.0,"position":[536.424987792969,5.13000011444092,-445.679992675781]},"car":[536.424987792969,-0.150000005960464,-445.679992675781],"draw_calls":53,"file":"lots/1362/td-210-criterion-1-before.png","height_m":10.26,"host_frame_ms":73.842,"hud":false,"lot":1362,"objects":53,"ortho_size":44.9400024414062,"street":"kotobuki_e","triangles":27267,"view":"fixed front orthographic lot survey","viewport":[960,960]}
TD210_SHOT {"camera":{"basis":[[-0.0000000437113882867379,0.0,-1.0],[0.0,1.0,0.0],[1.0,0.0,-0.0000000437113882867379]],"fov":75.0,"position":[641.017456054688,4.84499979019165,-368.539978027344]},"car":[641.017456054688,-0.150000005960464,-368.539978027344],"draw_calls":40,"file":"lots/1363/td-210-criterion-1-before.png","height_m":9.69,"host_frame_ms":73.842,"hud":false,"lot":1363,"objects":40,"ortho_size":45.0799865722656,"street":"uogashi1","triangles":14662,"view":"fixed front orthographic lot survey","viewport":[960,960]}
TD210_SHOT {"camera":{"basis":[[-0.0000000437113882867379,0.0,1.0],[0.0,1.0,0.0],[-1.0,0.0,-0.0000000437113882867379]],"fov":75.0,"position":[536.424987792969,4.19999980926514,-368.539978027344]},"car":[536.424987792969,-0.150000005960464,-368.539978027344],"draw_calls":36,"file":"lots/1364/td-210-criterion-1-before.png","height_m":8.4,"host_frame_ms":73.842,"hud":false,"lot":1364,"objects":36,"ortho_size":45.0799865722656,"street":"kotobuki_e","triangles":15681,"view":"fixed front orthographic lot survey","viewport":[960,960]}
TD210_SHOT {"camera":{"basis":[[0.800300002098083,0.0,-0.599599897861481],[0.0,1.0,0.0],[0.599599897861481,0.0,0.800300002098083]],"fov":75.0,"position":[571.824523925781,4.7649998664856,-567.666687011719]},"car":[571.824523925781,-0.15001717209816,-567.666687011719],"draw_calls":43,"file":"lots/1365/td-210-criterion-1-before.png","height_m":9.53,"host_frame_ms":66.606,"hud":false,"lot":1365,"objects":43,"ortho_size":16.5300006866455,"street":"uroko","triangles":21935,"view":"fixed front orthographic lot survey","viewport":[960,960]}
TD210_SHOT {"camera":{"basis":[[0.800300002098083,0.0,-0.599599897861481],[0.0,1.0,0.0],[0.599599897861481,0.0,0.800300002098083]],"fov":75.0,"position":[596.824523925781,2.77999997138977,-586.416687011719]},"car":[596.824523925781,-0.15001717209816,-586.416687011719],"draw_calls":46,"file":"lots/1366/td-210-criterion-1-before.png","height_m":5.56,"host_frame_ms":66.606,"hud":false,"lot":1366,"objects":46,"ortho_size":14.8220100402832,"street":"uroko","triangles":25645,"view":"fixed front orthographic lot survey","viewport":[960,960]}
TD210_SHOT {"camera":{"basis":[[1.0,0.0,0.0],[0.0,0.97618705034256,-0.216930449008942],[0.0,0.216930449008942,0.97618705034256]],"fov":70.0,"position":[837.799987792969,3.04999804496765,-736.0]},"car":[837.799987792969,-0.150001913309097,-745.0],"draw_calls":1348,"file":"routes/kamome-forward-hud-1280/td-210-criterion-2-before.png","host_frame_ms":63.816,"hud":true,"objects":1480,"street":"kamome","triangles":143452,"view":"actual ChaseCam, parked","viewport":[1280,720]}
TD210_SHOT {"camera":{"basis":[[1.0,0.0,0.0],[0.0,0.97618705034256,-0.216930449008942],[0.0,0.216930449008942,0.97618705034256]],"fov":70.0,"position":[837.799987792969,3.04999804496765,-736.0]},"car":[837.799987792969,-0.150001913309097,-745.0],"draw_calls":111,"file":"routes/kamome-forward-world-1280/td-210-criterion-2-before.png","host_frame_ms":114.782,"hud":false,"objects":111,"street":"kamome","triangles":85958,"view":"actual ChaseCam, parked","viewport":[1280,720]}
TD210_SHOT {"camera":{"basis":[[-1.0,0.0,0.0],[0.0,0.97618705034256,0.216930449008942],[0.0,0.216930449008942,-0.97618705034256]],"fov":70.0,"position":[842.200012207031,3.04999804496765,-754.0]},"car":[842.200012207031,-0.150001913309097,-745.0],"draw_calls":1410,"file":"routes/kamome-reverse-hud-1280/td-210-criterion-2-before.png","host_frame_ms":79.393,"hud":true,"objects":1542,"street":"kamome","triangles":110859,"view":"actual ChaseCam, parked","viewport":[1280,720]}
TD210_SHOT {"camera":{"basis":[[-1.0,0.0,0.0],[0.0,0.97618705034256,0.216930449008942],[0.0,0.216930449008942,-0.97618705034256]],"fov":70.0,"position":[842.200012207031,3.04999804496765,-754.0]},"car":[842.200012207031,-0.150001913309097,-745.0],"draw_calls":173,"file":"routes/kamome-reverse-world-1280/td-210-criterion-2-before.png","host_frame_ms":79.393,"hud":false,"objects":173,"street":"kamome","triangles":53365,"view":"actual ChaseCam, parked","viewport":[1280,720]}
TD210_SHOT {"camera":{"basis":[[0.0,0.0,-1.0],[-0.216930449008942,0.97618705034256,0.0],[0.97618705034256,0.216930449008942,0.0]],"fov":70.0,"position":[829.0,3.04999995231628,-467.799987792969]},"car":[820.0,-0.150000005960464,-467.799987792969],"draw_calls":1401,"file":"routes/seri1-forward-hud-1280/td-210-criterion-2-before.png","host_frame_ms":121.604,"hud":true,"objects":1533,"street":"seri1","triangles":109323,"view":"actual ChaseCam, parked","viewport":[1280,720]}
TD210_SHOT {"camera":{"basis":[[0.0,0.0,-1.0],[-0.216930449008942,0.97618705034256,0.0],[0.97618705034256,0.216930449008942,0.0]],"fov":70.0,"position":[829.0,3.04999995231628,-467.799987792969]},"car":[820.0,-0.150000005960464,-467.799987792969],"draw_calls":164,"file":"routes/seri1-forward-world-1280/td-210-criterion-2-before.png","host_frame_ms":119.736,"hud":false,"objects":164,"street":"seri1","triangles":51829,"view":"actual ChaseCam, parked","viewport":[1280,720]}
TD210_SHOT {"camera":{"basis":[[-0.00000339084203915263,0.0,1.0],[0.216930449008942,0.97618705034256,0.000000735576861643494],[-0.97618705034256,0.216930449008942,-0.00000331009619003453]],"fov":70.0,"position":[811.0,3.04999995231628,-472.200042724609]},"car":[820.0,-0.150000005960464,-472.200012207031],"draw_calls":1358,"file":"routes/seri1-reverse-hud-1280/td-210-criterion-2-before.png","host_frame_ms":81.334,"hud":true,"objects":1490,"street":"seri1","triangles":167592,"view":"actual ChaseCam, parked","viewport":[1280,720]}
TD210_SHOT {"camera":{"basis":[[-0.00000339084203915263,0.0,1.0],[0.216930449008942,0.97618705034256,0.000000735576861643494],[-0.97618705034256,0.216930449008942,-0.00000331009619003453]],"fov":70.0,"position":[811.0,3.04999995231628,-472.200042724609]},"car":[820.0,-0.150000005960464,-472.200012207031],"draw_calls":125,"file":"routes/seri1-reverse-world-1280/td-210-criterion-2-before.png","host_frame_ms":81.334,"hud":false,"objects":125,"street":"seri1","triangles":110146,"view":"actual ChaseCam, parked","viewport":[1280,720]}
TD210_SHOT {"camera":{"basis":[[0.0,0.0,-1.0],[-0.643400251865387,0.765530049800873,0.0],[0.765530049800873,0.643400251865387,0.0]],"fov":70.0,"position":[882.379638671875,3.04999995231628,-927.799987792969]},"car":[880.0,-0.150000005960464,-927.799987792969],"draw_calls":1260,"file":"routes/seri3-forward-hud-1280/td-210-criterion-2-before.png","host_frame_ms":133.406,"hud":true,"objects":1392,"street":"seri3","triangles":72027,"view":"actual ChaseCam, parked","viewport":[1280,720]}
TD210_SHOT {"camera":{"basis":[[0.0,0.0,-1.0],[-0.643400251865387,0.765530049800873,0.0],[0.765530049800873,0.643400251865387,0.0]],"fov":70.0,"position":[882.379638671875,3.04999995231628,-927.799987792969]},"car":[880.0,-0.150000005960464,-927.799987792969],"draw_calls":23,"file":"routes/seri3-forward-world-1280/td-210-criterion-2-before.png","host_frame_ms":133.406,"hud":false,"objects":23,"street":"seri3","triangles":14533,"view":"actual ChaseCam, parked","viewport":[1280,720]}
TD210_SHOT {"camera":{"basis":[[0.0,0.0,1.0],[0.216930449008942,0.97618705034256,0.0],[-0.97618705034256,0.216930449008942,0.0]],"fov":70.0,"position":[871.0,3.04999995231628,-932.200012207031]},"car":[880.0,-0.150000005960464,-932.200012207031],"draw_calls":1410,"file":"routes/seri3-reverse-hud-1280/td-210-criterion-2-before.png","host_frame_ms":125.46,"hud":true,"objects":1542,"street":"seri3","triangles":349206,"view":"actual ChaseCam, parked","viewport":[1280,720]}
TD210_SHOT {"camera":{"basis":[[0.0,0.0,1.0],[0.216930449008942,0.97618705034256,0.0],[-0.97618705034256,0.216930449008942,0.0]],"fov":70.0,"position":[871.0,3.04999995231628,-932.200012207031]},"car":[880.0,-0.150000005960464,-932.200012207031],"draw_calls":173,"file":"routes/seri3-reverse-world-1280/td-210-criterion-2-before.png","host_frame_ms":125.46,"hud":false,"objects":173,"street":"seri3","triangles":291720,"view":"actual ChaseCam, parked","viewport":[1280,720]}
TD210_SHOT {"camera":{"basis":[[0.0,0.0,-1.0],[-0.312891483306885,0.949788928031921,0.0],[0.949788868427277,0.312891483306885,0.0]],"fov":70.0,"position":[736.072143554688,3.04999995231628,-1237.80004882812]},"car":[730.0,-0.150000005960464,-1237.80004882812],"draw_calls":1310,"file":"routes/seri5-forward-hud-1280/td-210-criterion-2-before.png","host_frame_ms":159.781,"hud":true,"objects":1442,"street":"seri5","triangles":89320,"view":"actual ChaseCam, parked","viewport":[1280,720]}
TD210_SHOT {"camera":{"basis":[[0.0,0.0,-1.0],[-0.312891483306885,0.949788928031921,0.0],[0.949788868427277,0.312891483306885,0.0]],"fov":70.0,"position":[736.072143554688,3.04999995231628,-1237.80004882812]},"car":[730.0,-0.150000005960464,-1237.80004882812],"draw_calls":74,"file":"routes/seri5-forward-world-1280/td-210-criterion-2-before.png","host_frame_ms":106.52,"hud":false,"objects":74,"street":"seri5","triangles":31828,"view":"actual ChaseCam, parked","viewport":[1280,720]}
TD210_SHOT {"camera":{"basis":[[0.0,0.0,1.0],[0.216930449008942,0.97618705034256,0.0],[-0.97618705034256,0.216930449008942,0.0]],"fov":70.0,"position":[721.0,3.04999995231628,-1242.19995117188]},"car":[730.0,-0.150000005960464,-1242.19995117188],"draw_calls":1436,"file":"routes/seri5-reverse-hud-1280/td-210-criterion-2-before.png","host_frame_ms":70.107,"hud":true,"objects":1568,"street":"seri5","triangles":109586,"view":"actual ChaseCam, parked","viewport":[1280,720]}
TD210_SHOT {"camera":{"basis":[[0.0,0.0,1.0],[0.216930449008942,0.97618705034256,0.0],[-0.97618705034256,0.216930449008942,0.0]],"fov":70.0,"position":[721.0,3.04999995231628,-1242.19995117188]},"car":[730.0,-0.150000005960464,-1242.19995117188],"draw_calls":199,"file":"routes/seri5-reverse-world-1280/td-210-criterion-2-before.png","host_frame_ms":70.107,"hud":false,"objects":199,"street":"seri5","triangles":52092,"view":"actual ChaseCam, parked","viewport":[1280,720]}
TD210_SHOT {"camera":{"basis":[[1.0,0.0,0.00000678168407830526],[0.00000147115372328699,0.97618705034256,-0.216930449008942],[-0.00000662019238006906,0.216930449008942,0.97618705034256]],"fov":70.0,"position":[637.799926757812,3.04999804496765,-516.0]},"car":[637.799987792969,-0.150001913309097,-525.0],"draw_calls":1453,"file":"routes/uogashi1-forward-hud-1280/td-210-criterion-2-before.png","host_frame_ms":38.788,"hud":true,"objects":1585,"street":"uogashi1","triangles":106558,"view":"actual ChaseCam, parked","viewport":[1280,720]}
TD210_SHOT {"camera":{"basis":[[1.0,0.0,0.00000678168407830526],[0.00000147115372328699,0.97618705034256,-0.216930449008942],[-0.00000662019238006906,0.216930449008942,0.97618705034256]],"fov":70.0,"position":[637.799926757812,3.04999804496765,-516.0]},"car":[637.799987792969,-0.150001913309097,-525.0],"draw_calls":216,"file":"routes/uogashi1-forward-world-1280/td-210-criterion-2-before.png","host_frame_ms":38.788,"hud":false,"objects":216,"street":"uogashi1","triangles":49064,"view":"actual ChaseCam, parked","viewport":[1280,720]}
TD210_SHOT {"camera":{"basis":[[-1.0,0.0,0.0],[0.0,0.97618705034256,0.216930449008942],[0.0,0.216930449008942,-0.97618705034256]],"fov":70.0,"position":[642.200012207031,3.04999995231628,-534.0]},"car":[642.200012207031,-0.150000005960464,-525.0],"draw_calls":1350,"file":"routes/uogashi1-reverse-hud-1280/td-210-criterion-2-before.png","host_frame_ms":115.518,"hud":true,"objects":1482,"street":"uogashi1","triangles":93502,"view":"actual ChaseCam, parked","viewport":[1280,720]}
TD210_SHOT {"camera":{"basis":[[-1.0,0.0,0.0],[0.0,0.97618705034256,0.216930449008942],[0.0,0.216930449008942,-0.97618705034256]],"fov":70.0,"position":[642.200012207031,3.04999995231628,-534.0]},"car":[642.200012207031,-0.150000005960464,-525.0],"draw_calls":113,"file":"routes/uogashi1-reverse-world-1280/td-210-criterion-2-before.png","host_frame_ms":109.118,"hud":false,"objects":113,"street":"uogashi1","triangles":36008,"view":"actual ChaseCam, parked","viewport":[1280,720]}
TD210_SHOT {"camera":{"basis":[[-1.0,0.0,0.0],[0.0,0.97618705034256,0.216930449008942],[0.0,0.216930449008942,-0.97618705034256]],"fov":70.0,"position":[762.200012207031,3.04999995231628,-764.0]},"car":[762.200012207031,-0.150000005960464,-755.0],"draw_calls":1417,"file":"routes/uogashi2b-forward-hud-1280/td-210-criterion-2-before.png","host_frame_ms":72.59,"hud":true,"objects":1549,"street":"uogashi2b","triangles":106990,"view":"actual ChaseCam, parked","viewport":[1280,720]}
TD210_SHOT {"camera":{"basis":[[-1.0,0.0,0.0],[0.0,0.97618705034256,0.216930449008942],[0.0,0.216930449008942,-0.97618705034256]],"fov":70.0,"position":[762.200012207031,3.04999995231628,-764.0]},"car":[762.200012207031,-0.150000005960464,-755.0],"draw_calls":180,"file":"routes/uogashi2b-forward-world-1280/td-210-criterion-2-before.png","host_frame_ms":72.59,"hud":false,"objects":180,"street":"uogashi2b","triangles":49496,"view":"actual ChaseCam, parked","viewport":[1280,720]}
TD210_SHOT {"camera":{"basis":[[1.0,0.0,0.0],[0.0,0.895263195037842,-0.445537686347961],[0.0,0.445537686347961,0.895263195037842]],"fov":70.0,"position":[757.799987792969,3.04999995231628,-750.981201171875]},"car":[757.799987792969,-0.150000005960464,-755.0],"draw_calls":1344,"file":"routes/uogashi2b-reverse-hud-1280/td-210-criterion-2-before.png","host_frame_ms":378.493,"hud":true,"objects":1476,"street":"uogashi2b","triangles":106375,"view":"actual ChaseCam, parked","viewport":[1280,720]}
TD210_SHOT {"camera":{"basis":[[1.0,0.0,0.0],[0.0,0.895263195037842,-0.445537686347961],[0.0,0.445537686347961,0.895263195037842]],"fov":70.0,"position":[757.799987792969,3.04999995231628,-750.981201171875]},"car":[757.799987792969,-0.150000005960464,-755.0],"draw_calls":107,"file":"routes/uogashi2b-reverse-world-1280/td-210-criterion-2-before.png","host_frame_ms":110.222,"hud":false,"objects":107,"street":"uogashi2b","triangles":48881,"view":"actual ChaseCam, parked","viewport":[1280,720]}
TD210_SHOT {"camera":{"basis":[[1.0,0.0,0.0],[0.0,0.97618705034256,-0.216930449008942],[0.0,0.216930449008942,0.97618705034256]],"fov":70.0,"position":[937.799987792969,3.04999995231628,-636.0]},"car":[937.799987792969,-0.150000005960464,-645.0],"draw_calls":1373,"file":"routes/uogashi3-forward-hud-1280/td-210-criterion-2-before.png","host_frame_ms":73.925,"hud":true,"objects":1505,"street":"uogashi3","triangles":195515,"view":"actual ChaseCam, parked","viewport":[1280,720]}
TD210_SHOT {"camera":{"basis":[[1.0,0.0,0.0],[0.0,0.97618705034256,-0.216930449008942],[0.0,0.216930449008942,0.97618705034256]],"fov":70.0,"position":[937.799987792969,3.04999995231628,-636.0]},"car":[937.799987792969,-0.150000005960464,-645.0],"draw_calls":136,"file":"routes/uogashi3-forward-world-1280/td-210-criterion-2-before.png","host_frame_ms":73.925,"hud":false,"objects":136,"street":"uogashi3","triangles":138021,"view":"actual ChaseCam, parked","viewport":[1280,720]}
TD210_SHOT {"camera":{"basis":[[-1.0,0.0,0.0],[0.0,0.97618705034256,0.216930449008942],[0.0,0.216930449008942,-0.97618705034256]],"fov":70.0,"position":[942.200012207031,3.05000185966492,-654.0]},"car":[942.200012207031,-0.149998098611832,-645.0],"draw_calls":1376,"file":"routes/uogashi3-reverse-hud-1280/td-210-criterion-2-before.png","host_frame_ms":126.206,"hud":true,"objects":1508,"street":"uogashi3","triangles":260370,"view":"actual ChaseCam, parked","viewport":[1280,720]}
TD210_SHOT {"camera":{"basis":[[-1.0,0.0,0.0],[0.0,0.97618705034256,0.216930449008942],[0.0,0.216930449008942,-0.97618705034256]],"fov":70.0,"position":[942.200012207031,3.05000185966492,-654.0]},"car":[942.200012207031,-0.149998098611832,-645.0],"draw_calls":140,"file":"routes/uogashi3-reverse-world-1280/td-210-criterion-2-before.png","host_frame_ms":138.858,"hud":false,"objects":140,"street":"uogashi3","triangles":202878,"view":"actual ChaseCam, parked","viewport":[1280,720]}
TD210_SHOT {"camera":{"basis":[[-1.0,0.0,0.0],[0.0,0.97618705034256,0.216930449008942],[0.0,0.216930449008942,-0.97618705034256]],"fov":70.0,"position":[1022.20001220703,3.05000185966492,-894.0]},"car":[1022.20001220703,-0.149998098611832,-885.0],"draw_calls":1489,"file":"routes/uogashi4-forward-hud-1280/td-210-criterion-2-before.png","host_frame_ms":100.603,"hud":true,"objects":1621,"street":"uogashi4","triangles":356659,"view":"actual ChaseCam, parked","viewport":[1280,720]}
TD210_SHOT {"camera":{"basis":[[-1.0,0.0,0.0],[0.0,0.97618705034256,0.216930449008942],[0.0,0.216930449008942,-0.97618705034256]],"fov":70.0,"position":[1022.20001220703,3.05000185966492,-894.0]},"car":[1022.20001220703,-0.149998098611832,-885.0],"draw_calls":252,"file":"routes/uogashi4-forward-world-1280/td-210-criterion-2-before.png","host_frame_ms":163.606,"hud":false,"objects":252,"street":"uogashi4","triangles":299165,"view":"actual ChaseCam, parked","viewport":[1280,720]}
TD210_SHOT {"camera":{"basis":[[1.0,0.0,0.0],[0.0,0.97618705034256,-0.216930449008942],[0.0,0.216930449008942,0.97618705034256]],"fov":70.0,"position":[1017.79998779297,3.04999995231628,-876.0]},"car":[1017.79998779297,-0.150000005960464,-885.0],"draw_calls":1361,"file":"routes/uogashi4-reverse-hud-1280/td-210-criterion-2-before.png","host_frame_ms":129.035,"hud":true,"objects":1493,"street":"uogashi4","triangles":413976,"view":"actual ChaseCam, parked","viewport":[1280,720]}
TD210_SHOT {"camera":{"basis":[[1.0,0.0,0.0],[0.0,0.97618705034256,-0.216930449008942],[0.0,0.216930449008942,0.97618705034256]],"fov":70.0,"position":[1017.79998779297,3.04999995231628,-876.0]},"car":[1017.79998779297,-0.150000005960464,-885.0],"draw_calls":124,"file":"routes/uogashi4-reverse-world-1280/td-210-criterion-2-before.png","host_frame_ms":168.422,"hud":false,"objects":124,"street":"uogashi4","triangles":356482,"view":"actual ChaseCam, parked","viewport":[1280,720]}
TD210_SHOT {"camera":{"basis":[[0.0,0.0,1.0],[0.216930449008942,0.97618705034256,0.0],[-0.97618705034256,0.216930449008942,0.0]],"fov":70.0,"position":[671.0,3.04999995231628,-1042.19995117188]},"car":[680.0,-0.150000005960464,-1042.19995117188],"draw_calls":1460,"file":"routes/reizo-forward-hud-1280/td-210-criterion-2-before.png","host_frame_ms":117.112,"hud":true,"objects":1592,"street":"reizo","triangles":120154,"view":"actual ChaseCam, parked","viewport":[1280,720]}
TD210_SHOT {"camera":{"basis":[[0.0,0.0,1.0],[0.216930449008942,0.97618705034256,0.0],[-0.97618705034256,0.216930449008942,0.0]],"fov":70.0,"position":[671.0,3.04999995231628,-1042.19995117188]},"car":[680.0,-0.150000005960464,-1042.19995117188],"draw_calls":223,"file":"routes/reizo-forward-world-1280/td-210-criterion-2-before.png","host_frame_ms":117.112,"hud":false,"objects":223,"street":"reizo","triangles":62660,"view":"actual ChaseCam, parked","viewport":[1280,720]}
TD210_SHOT {"camera":{"basis":[[0.0,0.0,-1.0],[-0.216930449008942,0.97618705034256,0.0],[0.97618705034256,0.216930449008942,0.0]],"fov":70.0,"position":[689.0,3.04999804496765,-1037.80004882812]},"car":[680.0,-0.150001913309097,-1037.80004882812],"draw_calls":1339,"file":"routes/reizo-reverse-hud-1280/td-210-criterion-2-before.png","host_frame_ms":152.839,"hud":true,"objects":1471,"street":"reizo","triangles":100940,"view":"actual ChaseCam, parked","viewport":[1280,720]}
TD210_SHOT {"camera":{"basis":[[0.0,0.0,-1.0],[-0.216930449008942,0.97618705034256,0.0],[0.97618705034256,0.216930449008942,0.0]],"fov":70.0,"position":[689.0,3.04999804496765,-1037.80004882812]},"car":[680.0,-0.150001913309097,-1037.80004882812],"draw_calls":102,"file":"routes/reizo-reverse-world-1280/td-210-criterion-2-before.png","host_frame_ms":108.959,"hud":false,"objects":102,"street":"reizo","triangles":43446,"view":"actual ChaseCam, parked","viewport":[1280,720]}
TD210_SHOT {"camera":{"basis":[[0.600005865097046,0.0,0.799995601177216],[0.231140732765198,0.957350969314575,-0.17335818707943],[-0.765876531600952,0.288927495479584,0.574416220188141]],"fov":70.0,"position":[583.378479003906,3.04999995231628,-580.283813476562]},"car":[588.679992675781,-0.150000005960464,-584.260009765625],"draw_calls":1441,"file":"routes/uroko-forward-hud-1280/td-210-criterion-2-before.png","host_frame_ms":81.31,"hud":true,"objects":1573,"street":"uroko","triangles":103303,"view":"actual ChaseCam, parked","viewport":[1280,720]}
TD210_SHOT {"camera":{"basis":[[0.600005865097046,0.0,0.799995601177216],[0.231140732765198,0.957350969314575,-0.17335818707943],[-0.765876531600952,0.288927495479584,0.574416220188141]],"fov":70.0,"position":[583.378479003906,3.04999995231628,-580.283813476562]},"car":[588.679992675781,-0.150000005960464,-584.260009765625],"draw_calls":204,"file":"routes/uroko-forward-world-1280/td-210-criterion-2-before.png","host_frame_ms":81.31,"hud":false,"objects":204,"street":"uroko","triangles":45809,"view":"actual ChaseCam, parked","viewport":[1280,720]}
TD210_SHOT {"camera":{"basis":[[-0.600001096725464,0.0,-0.799999177455902],[-0.173543751239777,0.976187169551849,0.130158185958862],[0.78094893693924,0.216929912567139,-0.585713446140289]],"fov":70.0,"position":[598.52001953125,3.04999995231628,-586.140014648438]},"car":[591.320007324219,-0.150000005960464,-580.739990234375],"draw_calls":1331,"file":"routes/uroko-reverse-hud-1280/td-210-criterion-2-before.png","host_frame_ms":114.724,"hud":true,"objects":1463,"street":"uroko","triangles":93672,"view":"actual ChaseCam, parked","viewport":[1280,720]}
TD210_SHOT {"camera":{"basis":[[-0.600001096725464,0.0,-0.799999177455902],[-0.173543751239777,0.976187169551849,0.130158185958862],[0.78094893693924,0.216929912567139,-0.585713446140289]],"fov":70.0,"position":[598.52001953125,3.04999995231628,-586.140014648438]},"car":[591.320007324219,-0.150000005960464,-580.739990234375],"draw_calls":94,"file":"routes/uroko-reverse-world-1280/td-210-criterion-2-before.png","host_frame_ms":115.324,"hud":false,"objects":94,"street":"uroko","triangles":36178,"view":"actual ChaseCam, parked","viewport":[1280,720]}
TD210_SHOT {"camera":{"basis":[[0.0,0.0,1.0],[0.216930449008942,0.97618705034256,0.0],[-0.97618705034256,0.216930449008942,0.0]],"fov":70.0,"position":[746.0,3.04999995231628,-622.200012207031]},"car":[755.0,-0.150000005960464,-622.200012207031],"draw_calls":1368,"file":"routes/ichiba-forward-hud-1280/td-210-criterion-2-before.png","host_frame_ms":78.925,"hud":true,"objects":1500,"street":"ichiba","triangles":96697,"view":"actual ChaseCam, parked","viewport":[1280,720]}
TD210_SHOT {"camera":{"basis":[[0.0,0.0,1.0],[0.216930449008942,0.97618705034256,0.0],[-0.97618705034256,0.216930449008942,0.0]],"fov":70.0,"position":[746.0,3.04999995231628,-622.200012207031]},"car":[755.0,-0.150000005960464,-622.200012207031],"draw_calls":131,"file":"routes/ichiba-forward-world-1280/td-210-criterion-2-before.png","host_frame_ms":78.925,"hud":false,"objects":131,"street":"ichiba","triangles":39203,"view":"actual ChaseCam, parked","viewport":[1280,720]}
TD210_SHOT {"camera":{"basis":[[0.0,0.0,-1.0],[-0.216930449008942,0.97618705034256,0.0],[0.97618705034256,0.216930449008942,0.0]],"fov":70.0,"position":[764.0,3.04999995231628,-617.799987792969]},"car":[755.0,-0.150000005960464,-617.799987792969],"draw_calls":1375,"file":"routes/ichiba-reverse-hud-1280/td-210-criterion-2-before.png","host_frame_ms":129.727,"hud":true,"objects":1507,"street":"ichiba","triangles":109936,"view":"actual ChaseCam, parked","viewport":[1280,720]}
TD210_SHOT {"camera":{"basis":[[0.0,0.0,-1.0],[-0.216930449008942,0.97618705034256,0.0],[0.97618705034256,0.216930449008942,0.0]],"fov":70.0,"position":[764.0,3.04999995231628,-617.799987792969]},"car":[755.0,-0.150000005960464,-617.799987792969],"draw_calls":138,"file":"routes/ichiba-reverse-world-1280/td-210-criterion-2-before.png","host_frame_ms":138.664,"hud":false,"objects":138,"street":"ichiba","triangles":52442,"view":"actual ChaseCam, parked","viewport":[1280,720]}
TD210_SHOT {"camera":{"basis":[[0.0,0.0,1.0],[0.216930449008942,0.97618705034256,0.0],[-0.97618705034256,0.216930449008942,0.0]],"fov":70.0,"position":[871.0,3.04999804496765,-992.200012207031]},"car":[880.0,-0.150001913309097,-992.200012207031],"draw_calls":1389,"file":"routes/kori-forward-hud-1280/td-210-criterion-2-before.png","host_frame_ms":96.001,"hud":true,"objects":1521,"street":"kori","triangles":222398,"view":"actual ChaseCam, parked","viewport":[1280,720]}
