Godot Engine v4.7.2.stable.official.ed1daf0bf - https://godotengine.org

Unable to open Android 'build-tools' directory.
[   0% ] [90m[1mfirst_scan_filesystem[22m | Started Project initialization (5 steps)[39m[0m
[   0% ] [90m[1mfirst_scan_filesystem[22m | Scanning file structure...[39m[0m
[  16% ] [90m[1mfirst_scan_filesystem[22m | Loading global class names...[39m[0m
[  33% ] [90m[1mfirst_scan_filesystem[22m | Verifying GDExtensions...[39m[0m
[  50% ] [90m[1mfirst_scan_filesystem[22m | Creating autoload scripts...[39m[0m
[  66% ] [90m[1mfirst_scan_filesystem[22m | Initializing plugins...[39m[0m
[  83% ] [90m[1mfirst_scan_filesystem[22m | Starting file scan...[39m[0m
[92m[ DONE ][39m [1mfirst_scan_filesystem[22m
[0m
[   0% ] [90m[1mupdate_scripts_classes[22m | Started Registering global classes... (320 steps)[39m[0m
[   0% ] [90m[1mupdate_scripts_classes[22m | [39m[0m
[   0% ] [90m[1mupdate_scripts_classes[22m | [39m[0m
[   0% ] [90m[1mupdate_scripts_classes[22m | [39m[0m
[   0% ] [90m[1mupdate_scripts_classes[22m | [39m[0m
[   1% ] [90m[1mupdate_scripts_classes[22m | [39m[0m
[   1% ] [90m[1mupdate_scripts_classes[22m | [39m[0m
[   1% ] [90m[1mupdate_scripts_classes[22m | [39m[0m
[   2% ] [90m[1mupdate_scripts_classes[22m | [39m[0m
[   2% ] [90m[1mupdate_scripts_classes[22m | [39m[0m
[   2% ] [90m[1mupdate_scripts_classes[22m | MockPlayer[39m[0m
[   3% ] [90m[1mupdate_scripts_classes[22m | StubCity[39m[0m
[   3% ] [90m[1mupdate_scripts_classes[22m | StubDriver[39m[0m
[   3% ] [90m[1mupdate_scripts_classes[22m | [39m[0m
[   4% ] [90m[1mupdate_scripts_classes[22m | [39m[0m
[   4% ] [90m[1mupdate_scripts_classes[22m | [39m[0m
[   4% ] [90m[1mupdate_scripts_classes[22m | [39m[0m
[   4% ] [90m[1mupdate_scripts_classes[22m | [39m[0m
[   5% ] [90m[1mupdate_scripts_classes[22m | [39m[0m
[   5% ] [90m[1mupdate_scripts_classes[22m | [39m[0m
[   5% ] [90m[1mupdate_scripts_classes[22m | [39m[0m
[   6% ] [90m[1mupdate_scripts_classes[22m | [39m[0m
[   6% ] [90m[1mupdate_scripts_classes[22m | [39m[0m
[   6% ] [90m[1mupdate_scripts_classes[22m | [39m[0m
[   7% ] [90m[1mupdate_scripts_classes[22m | [39m[0m
[   7% ] [90m[1mupdate_scripts_classes[22m | [39m[0m
[   7% ] [90m[1mupdate_scripts_classes[22m | [39m[0m
[   8% ] [90m[1mupdate_scripts_classes[22m | [39m[0m
[   8% ] [90m[1mupdate_scripts_classes[22m | [39m[0m
[   8% ] [90m[1mupdate_scripts_classes[22m | AnimeAdapter[39m[0m
[   9% ] [90m[1mupdate_scripts_classes[22m | AnimeAdapterLowerCity[39m[0m
[   9% ] [90m[1mupdate_scripts_classes[22m | AnimeAdapterShuto[39m[0m
[   9% ] [90m[1mupdate_scripts_classes[22m | AnimeAdapterSlice[39m[0m
[   9% ] [90m[1mupdate_scripts_classes[22m | AnimePalette[39m[0m
[  10% ] [90m[1mupdate_scripts_classes[22m | ImpactSparks[39m[0m
[  10% ] [90m[1mupdate_scripts_classes[22m | PauseMenu[39m[0m
[  10% ] [90m[1mupdate_scripts_classes[22m | TuningPanel[39m[0m
[  11% ] [90m[1mupdate_scripts_classes[22m | ArrestSequence[39m[0m
[  11% ] [90m[1mupdate_scripts_classes[22m | CityAtmosphere[39m[0m
[  11% ] [90m[1mupdate_scripts_classes[22m | CityBatch[39m[0m
[  12% ] [90m[1mupdate_scripts_classes[22m | CityData[39m[0m
[  12% ] [90m[1mupdate_scripts_classes[22m | CityDressing[39m[0m
[  12% ] [90m[1mupdate_scripts_classes[22m | CityDriver[39m[0m
[  13% ] [90m[1mupdate_scripts_classes[22m | CityRouter[39m[0m
[  13% ] [90m[1mupdate_scripts_classes[22m | CitySigns[39m[0m
[  13% ] [90m[1mupdate_scripts_classes[22m | CityTouchControls[39m[0m
[  14% ] [90m[1mupdate_scripts_classes[22m | FuelHud[39m[0m
[  14% ] [90m[1mupdate_scripts_classes[22m | FuelProfile[39m[0m
[  14% ] [90m[1mupdate_scripts_classes[22m | FuelService[39m[0m
[  14% ] [90m[1mupdate_scripts_classes[22m | FuelStation[39m[0m
[  15% ] [90m[1mupdate_scripts_classes[22m | FuelTank[39m[0m
[  15% ] [90m[1mupdate_scripts_classes[22m | GigDispatch[39m[0m
[  15% ] [90m[1mupdate_scripts_classes[22m | GigHud[39m[0m
[  16% ] [90m[1mupdate_scripts_classes[22m | GigMenu[39m[0m
[  16% ] [90m[1mupdate_scripts_classes[22m | GlyphAtlas[39m[0m
[  16% ] [90m[1mupdate_scripts_classes[22m | LowerCity[39m[0m
[  17% ] [90m[1mupdate_scripts_classes[22m | LowerCityWorld[39m[0m
[  17% ] [90m[1mupdate_scripts_classes[22m | MapSheet[39m[0m
[  17% ] [90m[1mupdate_scripts_classes[22m | Minimap[39m[0m
[  18% ] [90m[1mupdate_scripts_classes[22m | PaperMap[39m[0m
[  18% ] [90m[1mupdate_scripts_classes[22m | SignReader[39m[0m
[  18% ] [90m[1mupdate_scripts_classes[22m | WantedHud[39m[0m
[  19% ] [90m[1mupdate_scripts_classes[22m | ShutoC1[39m[0m
[  19% ] [90m[1mupdate_scripts_classes[22m | ShutoC1World[39m[0m
[  19% ] [90m[1mupdate_scripts_classes[22m | ShutoCones[39m[0m
[  19% ] [90m[1mupdate_scripts_classes[22m | AnimeLook[39m[0m
[  20% ] [90m[1mupdate_scripts_classes[22m | AwningPlacer[39m[0m
[  20% ] [90m[1mupdate_scripts_classes[22m | CivilianTraffic[39m[0m
[  20% ] [90m[1mupdate_scripts_classes[22m | [39m[0m
[  21% ] [90m[1mupdate_scripts_classes[22m | [39m[0m
[  21% ] [90m[1mupdate_scripts_classes[22m | [39m[0m
[  21% ] [90m[1mupdate_scripts_classes[22m | [39m[0m
[  22% ] [90m[1mupdate_scripts_classes[22m | [39m[0m
[  22% ] [90m[1mupdate_scripts_classes[22m | PoleKitPlacer[39m[0m
[  22% ] [90m[1mupdate_scripts_classes[22m | [39m[0m
[  23% ] [90m[1mupdate_scripts_classes[22m | [39m[0m
[  23% ] [90m[1mupdate_scripts_classes[22m | SliceWorld[39m[0m
[  23% ] [90m[1mupdate_scripts_classes[22m | CityRoadGraph[39m[0m
[  23% ] [90m[1mupdate_scripts_classes[22m | CityTraffic[39m[0m
[  24% ] [90m[1mupdate_scripts_classes[22m | CityTrafficAI[39m[0m
[  24% ] [90m[1mupdate_scripts_classes[22m | CheckeredStrip[39m[0m
[  24% ] [90m[1mupdate_scripts_classes[22m | DamageBar[39m[0m
[  25% ] [90m[1mupdate_scripts_classes[22m | DamageVignette[39m[0m
[  25% ] [90m[1mupdate_scripts_classes[22m | LoadingOverlay[39m[0m
[  25% ] [90m[1mupdate_scripts_classes[22m | MenuBackdrop[39m[0m
[  26% ] [90m[1mupdate_scripts_classes[22m | RaceResultsPanel[39m[0m
[  26% ] [90m[1mupdate_scripts_classes[22m | SkewButton[39m[0m
[  26% ] [90m[1mupdate_scripts_classes[22m | SkewLabel[39m[0m
[  27% ] [90m[1mupdate_scripts_classes[22m | StripedBar[39m[0m
[  27% ] [90m[1mupdate_scripts_classes[22m | UiKit[39m[0m
[  27% ] [90m[1mupdate_scripts_classes[22m | ChaseCamera[39m[0m
[  28% ] [90m[1mupdate_scripts_classes[22m | CopCar[39m[0m
[  28% ] [90m[1mupdate_scripts_classes[22m | CopManager[39m[0m
[  28% ] [90m[1mupdate_scripts_classes[22m | [39m[0m
[  28% ] [90m[1mupdate_scripts_classes[22m | DriveInput[39m[0m
[  29% ] [90m[1mupdate_scripts_classes[22m | GameConfig[39m[0m
[  29% ] [90m[1mupdate_scripts_classes[22m | [39m[0m
[  29% ] [90m[1mupdate_scripts_classes[22m | ImpactFx[39m[0m
[  30% ] [90m[1mupdate_scripts_classes[22m | InputProvider[39m[0m
[  30% ] [90m[1mupdate_scripts_classes[22m | KenneyCarModel[39m[0m
[  30% ] [90m[1mupdate_scripts_classes[22m | LocalInputProvider[39m[0m
[  31% ] [90m[1mupdate_scripts_classes[22m | [39m[0m
[  31% ] [90m[1mupdate_scripts_classes[22m | MultiplayerInputProvider[39m[0m
[  31% ] [90m[1mupdate_scripts_classes[22m | MpNameplate[39m[0m
[  32% ] [90m[1mupdate_scripts_classes[22m | MultiplayerRace[39m[0m
[  32% ] [90m[1mupdate_scripts_classes[22m | MultiplayerDebugOverlay[39m[0m
[  32% ] [90m[1mupdate_scripts_classes[22m | MultiplayerLobby[39m[0m
[  33% ] [90m[1mupdate_scripts_classes[22m | [39m[0m
[  33% ] [90m[1mupdate_scripts_classes[22m | [39m[0m
[  33% ] [90m[1mupdate_scripts_classes[22m | NetConfig[39m[0m
[  33% ] [90m[1mupdate_scripts_classes[22m | [39m[0m
[  34% ] [90m[1mupdate_scripts_classes[22m | [39m[0m
[  34% ] [90m[1mupdate_scripts_classes[22m | Pedestrian[39m[0m
[  34% ] [90m[1mupdate_scripts_classes[22m | PedestrianManager[39m[0m
[  35% ] [90m[1mupdate_scripts_classes[22m | [39m[0m
[  35% ] [90m[1mupdate_scripts_classes[22m | [39m[0m
[  35% ] [90m[1mupdate_scripts_classes[22m | RemoteSnapshotInterpolator[39m[0m
[  36% ] [90m[1mupdate_scripts_classes[22m | TD109SedanModel[39m[0m
[  36% ] [90m[1mupdate_scripts_classes[22m | TouchControls[39m[0m
[  36% ] [90m[1mupdate_scripts_classes[22m | TouchState[39m[0m
[  37% ] [90m[1mupdate_scripts_classes[22m | TrackDecorator[39m[0m
[  37% ] [90m[1mupdate_scripts_classes[22m | TrackWaypoints[39m[0m
[  37% ] [90m[1mupdate_scripts_classes[22m | TrafficManager[39m[0m
[  38% ] [90m[1mupdate_scripts_classes[22m | TrafficAI[39m[0m
[  38% ] [90m[1mupdate_scripts_classes[22m | TrafficFleetConfig[39m[0m
[  38% ] [90m[1mupdate_scripts_classes[22m | TripoCarModel[39m[0m
[  38% ] [90m[1mupdate_scripts_classes[22m | VehicleConfig[39m[0m
[  39% ] [90m[1mupdate_scripts_classes[22m | VehicleModel[39m[0m
[  39% ] [90m[1mupdate_scripts_classes[22m | Vehicle[39m[0m
[  39% ] [90m[1mupdate_scripts_classes[22m | VehicleSphereContacts[39m[0m
[  40% ] [90m[1mupdate_scripts_classes[22m | WorldBuilder[39m[0m
[  40% ] [90m[1mupdate_scripts_classes[22m | WorldTrack[39m[0m
[  40% ] [90m[1mupdate_scripts_classes[22m | [39m[0m
[  41% ] [90m[1mupdate_scripts_classes[22m | [39m[0m
[  41% ] [90m[1mupdate_scripts_classes[22m | [39m[0m
[  41% ] [90m[1mupdate_scripts_classes[22m | [39m[0m
[  42% ] [90m[1mupdate_scripts_classes[22m | [39m[0m
[  42% ] [90m[1mupdate_scripts_classes[22m | [39m[0m
[  42% ] [90m[1mupdate_scripts_classes[22m | [39m[0m
[  42% ] [90m[1mupdate_scripts_classes[22m | [39m[0m
[  43% ] [90m[1mupdate_scripts_classes[22m | [39m[0m
[  43% ] [90m[1mupdate_scripts_classes[22m | [39m[0m
[  43% ] [90m[1mupdate_scripts_classes[22m | [39m[0m
[  44% ] [90m[1mupdate_scripts_classes[22m | [39m[0m
[  44% ] [90m[1mupdate_scripts_classes[22m | [39m[0m
[  44% ] [90m[1mupdate_scripts_classes[22m | [39m[0m
[  45% ] [90m[1mupdate_scripts_classes[22m | [39m[0m
[  45% ] [90m[1mupdate_scripts_classes[22m | [39m[0m
[  45% ] [90m[1mupdate_scripts_classes[22m | [39m[0m
[  46% ] [90m[1mupdate_scripts_classes[22m | [39m[0m
[  46% ] [90m[1mupdate_scripts_classes[22m | [39m[0m
[  46% ] [90m[1mupdate_scripts_classes[22m | [39m[0m
[  47% ] [90m[1mupdate_scripts_classes[22m | [39m[0m
[  47% ] [90m[1mupdate_scripts_classes[22m | [39m[0m
[  47% ] [90m[1mupdate_scripts_classes[22m | [39m[0m
[  47% ] [90m[1mupdate_scripts_classes[22m | [39m[0m
[  48% ] [90m[1mupdate_scripts_classes[22m | [39m[0m
[  48% ] [90m[1mupdate_scripts_classes[22m | [39m[0m
[  48% ] [90m[1mupdate_scripts_classes[22m | [39m[0m
[  49% ] [90m[1mupdate_scripts_classes[22m | [39m[0m
[  49% ] [90m[1mupdate_scripts_classes[22m | [39m[0m
[  49% ] [90m[1mupdate_scripts_classes[22m | [39m[0m
[  50% ] [90m[1mupdate_scripts_classes[22m | [39m[0m
[  50% ] [90m[1mupdate_scripts_classes[22m | [39m[0m
[  50% ] [90m[1mupdate_scripts_classes[22m | [39m[0m
[  51% ] [90m[1mupdate_scripts_classes[22m | [39m[0m
[  51% ] [90m[1mupdate_scripts_classes[22m | [39m[0m
[  51% ] [90m[1mupdate_scripts_classes[22m | [39m[0m
[  52% ] [90m[1mupdate_scripts_classes[22m | [39m[0m
[  52% ] [90m[1mupdate_scripts_classes[22m | [39m[0m
[  52% ] [90m[1mupdate_scripts_classes[22m | [39m[0m
[  52% ] [90m[1mupdate_scripts_classes[22m | [39m[0m
[  53% ] [90m[1mupdate_scripts_classes[22m | [39m[0m
[  53% ] [90m[1mupdate_scripts_classes[22m | [39m[0m
[  53% ] [90m[1mupdate_scripts_classes[22m | [39m[0m
[  54% ] [90m[1mupdate_scripts_classes[22m | [39m[0m
[  54% ] [90m[1mupdate_scripts_classes[22m | [39m[0m
[  54% ] [90m[1mupdate_scripts_classes[22m | [39m[0m
[  55% ] [90m[1mupdate_scripts_classes[22m | [39m[0m
[  55% ] [90m[1mupdate_scripts_classes[22m | [39m[0m
[  55% ] [90m[1mupdate_scripts_classes[22m | [39m[0m
[  56% ] [90m[1mupdate_scripts_classes[22m | [39m[0m
[  56% ] [90m[1mupdate_scripts_classes[22m | [39m[0m
[  56% ] [90m[1mupdate_scripts_classes[22m | [39m[0m
[  57% ] [90m[1mupdate_scripts_classes[22m | [39m[0m
[  57% ] [90m[1mupdate_scripts_classes[22m | [39m[0m
[  57% ] [90m[1mupdate_scripts_classes[22m | [39m[0m
[  57% ] [90m[1mupdate_scripts_classes[22m | [39m[0m
[  58% ] [90m[1mupdate_scripts_classes[22m | [39m[0m
[  58% ] [90m[1mupdate_scripts_classes[22m | [39m[0m
[  58% ] [90m[1mupdate_scripts_classes[22m | [39m[0m
[  59% ] [90m[1mupdate_scripts_classes[22m | [39m[0m
[  59% ] [90m[1mupdate_scripts_classes[22m | [39m[0m
[  59% ] [90m[1mupdate_scripts_classes[22m | [39m[0m
[  60% ] [90m[1mupdate_scripts_classes[22m | [39m[0m
[  60% ] [90m[1mupdate_scripts_classes[22m | [39m[0m
[  60% ] [90m[1mupdate_scripts_classes[22m | [39m[0m
[  61% ] [90m[1mupdate_scripts_classes[22m | [39m[0m
[  61% ] [90m[1mupdate_scripts_classes[22m | [39m[0m
[  61% ] [90m[1mupdate_scripts_classes[22m | [39m[0m
[  61% ] [90m[1mupdate_scripts_classes[22m | [39m[0m
[  62% ] [90m[1mupdate_scripts_classes[22m | [39m[0m
[  62% ] [90m[1mupdate_scripts_classes[22m | [39m[0m
[  62% ] [90m[1mupdate_scripts_classes[22m | [39m[0m
[  63% ] [90m[1mupdate_scripts_classes[22m | [39m[0m
[  63% ] [90m[1mupdate_scripts_classes[22m | [39m[0m
[  63% ] [90m[1mupdate_scripts_classes[22m | [39m[0m
[  64% ] [90m[1mupdate_scripts_classes[22m | [39m[0m
[  64% ] [90m[1mupdate_scripts_classes[22m | [39m[0m
[  64% ] [90m[1mupdate_scripts_classes[22m | [39m[0m
[  65% ] [90m[1mupdate_scripts_classes[22m | [39m[0m
[  65% ] [90m[1mupdate_scripts_classes[22m | [39m[0m
[  65% ] [90m[1mupdate_scripts_classes[22m | [39m[0m
[  66% ] [90m[1mupdate_scripts_classes[22m | [39m[0m
[  66% ] [90m[1mupdate_scripts_classes[22m | [39m[0m
[  66% ] [90m[1mupdate_scripts_classes[22m | [39m[0m
[  66% ] [90m[1mupdate_scripts_classes[22m | [39m[0m
[  67% ] [90m[1mupdate_scripts_classes[22m | [39m[0m
[  67% ] [90m[1mupdate_scripts_classes[22m | [39m[0m
[  67% ] [90m[1mupdate_scripts_classes[22m | [39m[0m
[  68% ] [90m[1mupdate_scripts_classes[22m | [39m[0m
[  68% ] [90m[1mupdate_scripts_classes[22m | [39m[0m
[  68% ] [90m[1mupdate_scripts_classes[22m | [39m[0m
[  69% ] [90m[1mupdate_scripts_classes[22m | [39m[0m
[  69% ] [90m[1mupdate_scripts_classes[22m | [39m[0m
[  69% ] [90m[1mupdate_scripts_classes[22m | [39m[0m
[  70% ] [90m[1mupdate_scripts_classes[22m | [39m[0m
[  70% ] [90m[1mupdate_scripts_classes[22m | [39m[0m
[  70% ] [90m[1mupdate_scripts_classes[22m | [39m[0m
[  71% ] [90m[1mupdate_scripts_classes[22m | [39m[0m
[  71% ] [90m[1mupdate_scripts_classes[22m | [39m[0m
[  71% ] [90m[1mupdate_scripts_classes[22m | [39m[0m
[  71% ] [90m[1mupdate_scripts_classes[22m | [39m[0m
[  72% ] [90m[1mupdate_scripts_classes[22m | [39m[0m
[  72% ] [90m[1mupdate_scripts_classes[22m | [39m[0m
[  72% ] [90m[1mupdate_scripts_classes[22m | [39m[0m
[  73% ] [90m[1mupdate_scripts_classes[22m | [39m[0m
[  73% ] [90m[1mupdate_scripts_classes[22m | [39m[0m
[  73% ] [90m[1mupdate_scripts_classes[22m | [39m[0m
[  74% ] [90m[1mupdate_scripts_classes[22m | [39m[0m
[  74% ] [90m[1mupdate_scripts_classes[22m | [39m[0m
[  74% ] [90m[1mupdate_scripts_classes[22m | [39m[0m
[  75% ] [90m[1mupdate_scripts_classes[22m | [39m[0m
[  75% ] [90m[1mupdate_scripts_classes[22m | [39m[0m
[  75% ] [90m[1mupdate_scripts_classes[22m | [39m[0m
[  76% ] [90m[1mupdate_scripts_classes[22m | [39m[0m
[  76% ] [90m[1mupdate_scripts_classes[22m | [39m[0m
[  76% ] [90m[1mupdate_scripts_classes[22m | [39m[0m
[  76% ] [90m[1mupdate_scripts_classes[22m | [39m[0m
[  77% ] [90m[1mupdate_scripts_classes[22m | [39m[0m
[  77% ] [90m[1mupdate_scripts_classes[22m | [39m[0m
[  77% ] [90m[1mupdate_scripts_classes[22m | [39m[0m
[  78% ] [90m[1mupdate_scripts_classes[22m | [39m[0m
[  78% ] [90m[1mupdate_scripts_classes[22m | [39m[0m
[  78% ] [90m[1mupdate_scripts_classes[22m | [39m[0m
[  79% ] [90m[1mupdate_scripts_classes[22m | [39m[0m
[  79% ] [90m[1mupdate_scripts_classes[22m | [39m[0m
[  79% ] [90m[1mupdate_scripts_classes[22m | [39m[0m
[  80% ] [90m[1mupdate_scripts_classes[22m | [39m[0m
[  80% ] [90m[1mupdate_scripts_classes[22m | [39m[0m
[  80% ] [90m[1mupdate_scripts_classes[22m | [39m[0m
[  80% ] [90m[1mupdate_scripts_classes[22m | [39m[0m
[  81% ] [90m[1mupdate_scripts_classes[22m | [39m[0m
[  81% ] [90m[1mupdate_scripts_classes[22m | [39m[0m
[  81% ] [90m[1mupdate_scripts_classes[22m | [39m[0m
[  82% ] [90m[1mupdate_scripts_classes[22m | [39m[0m
[  82% ] [90m[1mupdate_scripts_classes[22m | [39m[0m
[  82% ] [90m[1mupdate_scripts_classes[22m | [39m[0m
[  83% ] [90m[1mupdate_scripts_classes[22m | [39m[0m
[  83% ] [90m[1mupdate_scripts_classes[22m | [39m[0m
[  83% ] [90m[1mupdate_scripts_classes[22m | [39m[0m
[  84% ] [90m[1mupdate_scripts_classes[22m | [39m[0m
[  84% ] [90m[1mupdate_scripts_classes[22m | [39m[0m
[  84% ] [90m[1mupdate_scripts_classes[22m | [39m[0m
[  85% ] [90m[1mupdate_scripts_classes[22m | [39m[0m
[  85% ] [90m[1mupdate_scripts_classes[22m | [39m[0m
[  85% ] [90m[1mupdate_scripts_classes[22m | [39m[0m
[  85% ] [90m[1mupdate_scripts_classes[22m | [39m[0m
[  86% ] [90m[1mupdate_scripts_classes[22m | [39m[0m
[  86% ] [90m[1mupdate_scripts_classes[22m | [39m[0m
[  86% ] [90m[1mupdate_scripts_classes[22m | [39m[0m
[  87% ] [90m[1mupdate_scripts_classes[22m | [39m[0m
[  87% ] [90m[1mupdate_scripts_classes[22m | [39m[0m
[  87% ] [90m[1mupdate_scripts_classes[22m | [39m[0m
[  88% ] [90m[1mupdate_scripts_classes[22m | [39m[0m
[  88% ] [90m[1mupdate_scripts_classes[22m | [39m[0m
[  88% ] [90m[1mupdate_scripts_classes[22m | [39m[0m
[  89% ] [90m[1mupdate_scripts_classes[22m | [39m[0m
[  89% ] [90m[1mupdate_scripts_classes[22m | [39m[0m
[  89% ] [90m[1mupdate_scripts_classes[22m | [39m[0m
[  90% ] [90m[1mupdate_scripts_classes[22m | [39m[0m
[  90% ] [90m[1mupdate_scripts_classes[22m | [39m[0m
[  90% ] [90m[1mupdate_scripts_classes[22m | [39m[0m
[  90% ] [90m[1mupdate_scripts_classes[22m | [39m[0m
[  91% ] [90m[1mupdate_scripts_classes[22m | [39m[0m
[  91% ] [90m[1mupdate_scripts_classes[22m | [39m[0m
[  91% ] [90m[1mupdate_scripts_classes[22m | [39m[0m
[  92% ] [90m[1mupdate_scripts_classes[22m | [39m[0m
[  92% ] [90m[1mupdate_scripts_classes[22m | [39m[0m
[  92% ] [90m[1mupdate_scripts_classes[22m | [39m[0m
[  93% ] [90m[1mupdate_scripts_classes[22m | [39m[0m
[  93% ] [90m[1mupdate_scripts_classes[22m | [39m[0m
[  93% ] [90m[1mupdate_scripts_classes[22m | [39m[0m
[  94% ] [90m[1mupdate_scripts_classes[22m | [39m[0m
[  94% ] [90m[1mupdate_scripts_classes[22m | [39m[0m
[  94% ] [90m[1mupdate_scripts_classes[22m | [39m[0m
[  95% ] [90m[1mupdate_scripts_classes[22m | [39m[0m
[  95% ] [90m[1mupdate_scripts_classes[22m | [39m[0m
[  95% ] [90m[1mupdate_scripts_classes[22m | [39m[0m
[  95% ] [90m[1mupdate_scripts_classes[22m | [39m[0m
[  96% ] [90m[1mupdate_scripts_classes[22m | [39m[0m
[  96% ] [90m[1mupdate_scripts_classes[22m | [39m[0m
[  96% ] [90m[1mupdate_scripts_classes[22m | [39m[0m
[  97% ] [90m[1mupdate_scripts_classes[22m | [39m[0m
[  97% ] [90m[1mupdate_scripts_classes[22m | [39m[0m
[  97% ] [90m[1mupdate_scripts_classes[22m | [39m[0m
[  98% ] [90m[1mupdate_scripts_classes[22m | [39m[0m
[  98% ] [90m[1mupdate_scripts_classes[22m | [39m[0m
[  98% ] [90m[1mupdate_scripts_classes[22m | [39m[0m
[  99% ] [90m[1mupdate_scripts_classes[22m | [39m[0m
[  99% ] [90m[1mupdate_scripts_classes[22m | [39m[0m
[92m[ DONE ][39m [1mupdate_scripts_classes[22m
[0m
[   0% ] [90m[1m_update_scan_actions[22m | Started Scanning actions... (1512 steps)[39m[0m
[   0% ] [90m[1m_update_scan_actions[22m | hero_portrait.png[39m[0m
[   0% ] [90m[1m_update_scan_actions[22m | hero_portrait_loading.webp[39m[0m
[   0% ] [90m[1m_update_scan_actions[22m | skyline_panorama.png[39m[0m
[   0% ] [90m[1m_update_scan_actions[22m | colormap.png[39m[0m
[   0% ] [90m[1m_update_scan_actions[22m | construction-barrier.glb[39m[0m
[   0% ] [90m[1m_update_scan_actions[22m | construction-cone.glb[39m[0m
[   0% ] [90m[1m_update_scan_actions[22m | road-sign-warning.glb[39m[0m
[   0% ] [90m[1m_update_scan_actions[22m | road-straight-barrier-half.glb[39m[0m
[   0% ] [90m[1m_update_scan_actions[22m | road-straight-barrier.glb[39m[0m
[   0% ] [90m[1m_update_scan_actions[22m | sign-highway.glb[39m[0m
[   0% ] [90m[1m_update_scan_actions[22m | traffic-light.glb[39m[0m
[   0% ] [90m[1m_update_scan_actions[22m | Asphalt033_2K-PNG_AmbientOcclusion.png[39m[0m
[   0% ] [90m[1m_update_scan_actions[22m | Asphalt033_2K-PNG_Color.png[39m[0m
[   0% ] [90m[1m_update_scan_actions[22m | Asphalt033_2K-PNG_Displacement.png[39m[0m
[   0% ] [90m[1m_update_scan_actions[22m | Asphalt033_2K-PNG_NormalGL.png[39m[0m
[   0% ] [90m[1m_update_scan_actions[22m | Asphalt033_2K-PNG_Roughness.png[39m[0m
[   1% ] [90m[1m_update_scan_actions[22m | Concrete034_2K-PNG_Color.png[39m[0m
[   1% ] [90m[1m_update_scan_actions[22m | Concrete034_2K-PNG_Displacement.png[39m[0m
[   1% ] [90m[1m_update_scan_actions[22m | Concrete034_2K-PNG_NormalGL.png[39m[0m
[   1% ] [90m[1m_update_scan_actions[22m | Concrete034_2K-PNG_Roughness.png[39m[0m
[   1% ] [90m[1m_update_scan_actions[22m | Grass005_2K-PNG_AmbientOcclusion.png[39m[0m
[   1% ] [90m[1m_update_scan_actions[22m | Grass005_2K-PNG_Color.png[39m[0m
[   1% ] [90m[1m_update_scan_actions[22m | Grass005_2K-PNG_Displacement.png[39m[0m
[   1% ] [90m[1m_update_scan_actions[22m | Grass005_2K-PNG_NormalGL.png[39m[0m
[   1% ] [90m[1m_update_scan_actions[22m | Grass005_2K-PNG_Roughness.png[39m[0m
[   1% ] [90m[1m_update_scan_actions[22m | Gravel043_2K-PNG_AmbientOcclusion.png[39m[0m
[   1% ] [90m[1m_update_scan_actions[22m | Gravel043_2K-PNG_Color.png[39m[0m
[   1% ] [90m[1m_update_scan_actions[22m | Gravel043_2K-PNG_Displacement.png[39m[0m
[   1% ] [90m[1m_update_scan_actions[22m | Gravel043_2K-PNG_NormalGL.png[39m[0m
[   1% ] [90m[1m_update_scan_actions[22m | Gravel043_2K-PNG_Roughness.png[39m[0m
[   1% ] [90m[1m_update_scan_actions[22m | Ground109_2K-PNG_AmbientOcclusion.png[39m[0m
[   2% ] [90m[1m_update_scan_actions[22m | Ground109_2K-PNG_Color.png[39m[0m
[   2% ] [90m[1m_update_scan_actions[22m | Ground109_2K-PNG_Displacement.png[39m[0m
[   2% ] [90m[1m_update_scan_actions[22m | Ground109_2K-PNG_NormalGL.png[39m[0m
[   2% ] [90m[1m_update_scan_actions[22m | Ground109_2K-PNG_Roughness.png[39m[0m
[   2% ] [90m[1m_update_scan_actions[22m | asphalt_graphic.png[39m[0m
[   2% ] [90m[1m_update_scan_actions[22m | facade_panel.png[39m[0m
[   2% ] [90m[1m_update_scan_actions[22m | foliage_mottle.png[39m[0m
[   2% ] [90m[1m_update_scan_actions[22m | ground_aggregate.png[39m[0m
[   2% ] [90m[1m_update_scan_actions[22m | metal_panel_albedo.png[39m[0m
[   2% ] [90m[1m_update_scan_actions[22m | painted_trim_albedo.png[39m[0m
[   2% ] [90m[1m_update_scan_actions[22m | signage_panel_albedo.png[39m[0m
[   2% ] [90m[1m_update_scan_actions[22m | wood_grain_albedo.png[39m[0m
[   2% ] [90m[1m_update_scan_actions[22m | media-generation-tokyo-tower-ref-0-74d4c879-0f9d-45a4-9318-749ad2cf3270.webp[39m[0m
[   2% ] [90m[1m_update_scan_actions[22m | media-generation-torii-gate-ref-0-f17a5aab-8db7-45e6-9a6b-8b5dbfa4f828.webp[39m[0m
[   2% ] [90m[1m_update_scan_actions[22m | tokyo-tower-ref.png[39m[0m
[   3% ] [90m[1m_update_scan_actions[22m | torii-gate-ref.png[39m[0m
[   3% ] [90m[1m_update_scan_actions[22m | tokyo_tower_triposr.glb[39m[0m
[   3% ] [90m[1m_update_scan_actions[22m | tokyo_tower_views.png[39m[0m
[   3% ] [90m[1m_update_scan_actions[22m | torii_gate_triposr.glb[39m[0m
[   3% ] [90m[1m_update_scan_actions[22m | torii_gate_views.png[39m[0m
[   3% ] [90m[1m_update_scan_actions[22m | enamel_atlas.png[39m[0m
[   3% ] [90m[1m_update_scan_actions[22m | sode_izakaya.png[39m[0m
[   3% ] [90m[1m_update_scan_actions[22m | sode_kissaten.png[39m[0m
[   3% ] [90m[1m_update_scan_actions[22m | sode_pachinko.png[39m[0m
[   3% ] [90m[1m_update_scan_actions[22m | sode_sakaya.png[39m[0m
[   3% ] [90m[1m_update_scan_actions[22m | sode_soba.png[39m[0m
[   3% ] [90m[1m_update_scan_actions[22m | sode_sushi.png[39m[0m
[   3% ] [90m[1m_update_scan_actions[22m | sode_tabako.png[39m[0m
[   3% ] [90m[1m_update_scan_actions[22m | sode_yakkyoku.png[39m[0m
[   3% ] [90m[1m_update_scan_actions[22m | adv_hamazakibashi_c1.png[39m[0m
[   4% ] [90m[1m_update_scan_actions[22m | adv_hamazakibashi_r1.png[39m[0m
[   4% ] [90m[1m_update_scan_actions[22m | adv_shibakoen_exit.png[39m[0m
[   4% ] [90m[1m_update_scan_actions[22m | c1_route_marker.png[39m[0m
[   4% ] [90m[1m_update_scan_actions[22m | exit_shibakoen.png[39m[0m
[   4% ] [90m[1m_update_scan_actions[22m | jct_hamazakibashi_c1.png[39m[0m
[   4% ] [90m[1m_update_scan_actions[22m | jct_hamazakibashi_r1.png[39m[0m
[   4% ] [90m[1m_update_scan_actions[22m | adv_hamazakibashi_c1.png[39m[0m
[   4% ] [90m[1m_update_scan_actions[22m | adv_hamazakibashi_r1.png[39m[0m
[   4% ] [90m[1m_update_scan_actions[22m | adv_shibakoen_exit.png[39m[0m
[   4% ] [90m[1m_update_scan_actions[22m | c1_route_marker.png[39m[0m
[   4% ] [90m[1m_update_scan_actions[22m | exit_shibakoen.png[39m[0m
[   4% ] [90m[1m_update_scan_actions[22m | jct_hamazakibashi_c1.png[39m[0m
[   4% ] [90m[1m_update_scan_actions[22m | jct_hamazakibashi_r1.png[39m[0m
[   4% ] [90m[1m_update_scan_actions[22m | street_tree_ginkgo.glb[39m[0m
[   4% ] [90m[1m_update_scan_actions[22m | street_tree_plane.glb[39m[0m
[   5% ] [90m[1m_update_scan_actions[22m | street_tree_zelkova.glb[39m[0m
[   5% ] [90m[1m_update_scan_actions[22m | asphalt_diff.jpg[39m[0m
[   5% ] [90m[1m_update_scan_actions[22m | asphalt_rough.png[39m[0m
[   5% ] [90m[1m_update_scan_actions[22m | awning_diff.png[39m[0m
[   5% ] [90m[1m_update_scan_actions[22m | bb_open24_diff.jpg[39m[0m
[   5% ] [90m[1m_update_scan_actions[22m | bb_open24_emis.png[39m[0m
[   5% ] [90m[1m_update_scan_actions[22m | bb_uri_diff.jpg[39m[0m
[   5% ] [90m[1m_update_scan_actions[22m | bb_uri_emis.png[39m[0m
[   5% ] [90m[1m_update_scan_actions[22m | bridge_rail.png[39m[0m
[   5% ] [90m[1m_update_scan_actions[22m | bridge_road.png[39m[0m
[   5% ] [90m[1m_update_scan_actions[22m | chochin_diff.png[39m[0m
[   5% ] [90m[1m_update_scan_actions[22m | chochin_emis.png[39m[0m
[   5% ] [90m[1m_update_scan_actions[22m | facA_diff.jpg[39m[0m
[   5% ] [90m[1m_update_scan_actions[22m | facA_emis.png[39m[0m
[   5% ] [90m[1m_update_scan_actions[22m | facB_diff.jpg[39m[0m
[   6% ] [90m[1m_update_scan_actions[22m | facB_emis.png[39m[0m
[   6% ] [90m[1m_update_scan_actions[22m | facC_diff.jpg[39m[0m
[   6% ] [90m[1m_update_scan_actions[22m | facC_emis.png[39m[0m
[   6% ] [90m[1m_update_scan_actions[22m | gantry_A.png[39m[0m
[   6% ] [90m[1m_update_scan_actions[22m | gantry_B.png[39m[0m
[   6% ] [90m[1m_update_scan_actions[22m | gantry_C.png[39m[0m
[   6% ] [90m[1m_update_scan_actions[22m | gantry_topper.png[39m[0m
[   6% ] [90m[1m_update_scan_actions[22m | gantry_yellow.png[39m[0m
[   6% ] [90m[1m_update_scan_actions[22m | interior_a_diff.png[39m[0m
[   6% ] [90m[1m_update_scan_actions[22m | interior_a_emis.png[39m[0m
[   6% ] [90m[1m_update_scan_actions[22m | interior_b_diff.png[39m[0m
[   6% ] [90m[1m_update_scan_actions[22m | interior_b_emis.png[39m[0m
[   6% ] [90m[1m_update_scan_actions[22m | interior_c_diff.png[39m[0m
[   6% ] [90m[1m_update_scan_actions[22m | interior_c_emis.png[39m[0m
[   6% ] [90m[1m_update_scan_actions[22m | kawara_diff.png[39m[0m
[   7% ] [90m[1m_update_scan_actions[22m | lattice_diff.png[39m[0m
[   7% ] [90m[1m_update_scan_actions[22m | lattice_emis.png[39m[0m
[   7% ] [90m[1m_update_scan_actions[22m | noren_ramen_diff.png[39m[0m
[   7% ] [90m[1m_update_scan_actions[22m | noren_ramen_emis.png[39m[0m
[   7% ] [90m[1m_update_scan_actions[22m | noren_sakaba_diff.png[39m[0m
[   7% ] [90m[1m_update_scan_actions[22m | noren_sakaba_emis.png[39m[0m
[   7% ] [90m[1m_update_scan_actions[22m | noren_sushi_diff.png[39m[0m
[   7% ] [90m[1m_update_scan_actions[22m | noren_sushi_emis.png[39m[0m
[   7% ] [90m[1m_update_scan_actions[22m | paint_worn.png[39m[0m
[   7% ] [90m[1m_update_scan_actions[22m | plaster_diff.png[39m[0m
[   7% ] [90m[1m_update_scan_actions[22m | podium_diff.jpg[39m[0m
[   7% ] [90m[1m_update_scan_actions[22m | podium_emis.png[39m[0m
[   7% ] [90m[1m_update_scan_actions[22m | sideA_diff.jpg[39m[0m
[   7% ] [90m[1m_update_scan_actions[22m | sideA_emis.png[39m[0m
[   7% ] [90m[1m_update_scan_actions[22m | sideB_diff.jpg[39m[0m
[   7% ] [90m[1m_update_scan_actions[22m | sideB_emis.png[39m[0m
[   8% ] [90m[1m_update_scan_actions[22m | sideC_diff.jpg[39m[0m
[   8% ] [90m[1m_update_scan_actions[22m | sideC_emis.png[39m[0m
[   8% ] [90m[1m_update_scan_actions[22m | sidewalk_diff.jpg[39m[0m
[   8% ] [90m[1m_update_scan_actions[22m | sign_biyouin_diff.png[39m[0m
[   8% ] [90m[1m_update_scan_actions[22m | sign_biyouin_emis.png[39m[0m
[   8% ] [90m[1m_update_scan_actions[22m | sign_cafe_diff.png[39m[0m
[   8% ] [90m[1m_update_scan_actions[22m | sign_cafe_emis.png[39m[0m
[   8% ] [90m[1m_update_scan_actions[22m | sign_cleaning_diff.png[39m[0m
[   8% ] [90m[1m_update_scan_actions[22m | sign_cleaning_emis.png[39m[0m
[   8% ] [90m[1m_update_scan_actions[22m | sign_game_diff.png[39m[0m
[   8% ] [90m[1m_update_scan_actions[22m | sign_game_emis.png[39m[0m
[   8% ] [90m[1m_update_scan_actions[22m | sign_honya_diff.png[39m[0m
[   8% ] [90m[1m_update_scan_actions[22m | sign_honya_emis.png[39m[0m
[   8% ] [90m[1m_update_scan_actions[22m | sign_izakaya_diff.png[39m[0m
[   8% ] [90m[1m_update_scan_actions[22m | sign_izakaya_emis.png[39m[0m
[   9% ] [90m[1m_update_scan_actions[22m | sign_karaoke_diff.png[39m[0m
[   9% ] [90m[1m_update_scan_actions[22m | sign_karaoke_emis.png[39m[0m
[   9% ] [90m[1m_update_scan_actions[22m | sign_kissaten_diff.png[39m[0m
[   9% ] [90m[1m_update_scan_actions[22m | sign_kissaten_emis.png[39m[0m
[   9% ] [90m[1m_update_scan_actions[22m | sign_pachinko_diff.png[39m[0m
[   9% ] [90m[1m_update_scan_actions[22m | sign_pachinko_emis.png[39m[0m
[   9% ] [90m[1m_update_scan_actions[22m | sign_ramen_diff.png[39m[0m
[   9% ] [90m[1m_update_scan_actions[22m | sign_ramen_emis.png[39m[0m
[   9% ] [90m[1m_update_scan_actions[22m | sign_sakaba_diff.png[39m[0m
[   9% ] [90m[1m_update_scan_actions[22m | sign_sakaba_emis.png[39m[0m
[   9% ] [90m[1m_update_scan_actions[22m | sign_saketen_diff.png[39m[0m
[   9% ] [90m[1m_update_scan_actions[22m | sign_saketen_emis.png[39m[0m
[   9% ] [90m[1m_update_scan_actions[22m | sign_shika_diff.png[39m[0m
[   9% ] [90m[1m_update_scan_actions[22m | sign_shika_emis.png[39m[0m
[   9% ] [90m[1m_update_scan_actions[22m | sign_shoten_diff.png[39m[0m
[  10% ] [90m[1m_update_scan_actions[22m | sign_shoten_emis.png[39m[0m
[  10% ] [90m[1m_update_scan_actions[22m | sign_snack_diff.png[39m[0m
[  10% ] [90m[1m_update_scan_actions[22m | sign_snack_emis.png[39m[0m
[  10% ] [90m[1m_update_scan_actions[22m | sign_soba_diff.png[39m[0m
[  10% ] [90m[1m_update_scan_actions[22m | sign_soba_emis.png[39m[0m
[  10% ] [90m[1m_update_scan_actions[22m | sign_sushi_diff.png[39m[0m
[  10% ] [90m[1m_update_scan_actions[22m | sign_sushi_emis.png[39m[0m
[  10% ] [90m[1m_update_scan_actions[22m | sign_tabako_diff.png[39m[0m
[  10% ] [90m[1m_update_scan_actions[22m | sign_tabako_emis.png[39m[0m
[  10% ] [90m[1m_update_scan_actions[22m | sign_teishoku_diff.png[39m[0m
[  10% ] [90m[1m_update_scan_actions[22m | sign_teishoku_emis.png[39m[0m
[  10% ] [90m[1m_update_scan_actions[22m | sign_udon_diff.png[39m[0m
[  10% ] [90m[1m_update_scan_actions[22m | sign_udon_emis.png[39m[0m
[  10% ] [90m[1m_update_scan_actions[22m | sign_yakiniku_diff.png[39m[0m
[  10% ] [90m[1m_update_scan_actions[22m | sign_yakiniku_emis.png[39m[0m
[  11% ] [90m[1m_update_scan_actions[22m | sign_yakkyoku_diff.png[39m[0m
[  11% ] [90m[1m_update_scan_actions[22m | sign_yakkyoku_emis.png[39m[0m
[  11% ] [90m[1m_update_scan_actions[22m | tower_deck1.png[39m[0m
[  11% ] [90m[1m_update_scan_actions[22m | tower_deck2.png[39m[0m
[  11% ] [90m[1m_update_scan_actions[22m | tower_deck_v2_a.png[39m[0m
[  11% ] [90m[1m_update_scan_actions[22m | tower_deck_v2_a_em.png[39m[0m
[  11% ] [90m[1m_update_scan_actions[22m | tower_deck_v2_b.png[39m[0m
[  11% ] [90m[1m_update_scan_actions[22m | tower_deck_v2_b_em.png[39m[0m
[  11% ] [90m[1m_update_scan_actions[22m | truss_grime.png[39m[0m
[  11% ] [90m[1m_update_scan_actions[22m | wood_diff.png[39m[0m
[  11% ] [90m[1m_update_scan_actions[22m | bridge_suspension.glb[39m[0m
[  11% ] [90m[1m_update_scan_actions[22m | downtown_facade.glb[39m[0m
[  11% ] [90m[1m_update_scan_actions[22m | port_crane.glb[39m[0m
[  11% ] [90m[1m_update_scan_actions[22m | scramble_crossing.glb[39m[0m
[  11% ] [90m[1m_update_scan_actions[22m | shotengai_storefront.glb[39m[0m
[  12% ] [90m[1m_update_scan_actions[22m | signal_gantry.glb[39m[0m
[  12% ] [90m[1m_update_scan_actions[22m | street_lamp.glb[39m[0m
[  12% ] [90m[1m_update_scan_actions[22m | street_tree.glb[39m[0m
[  12% ] [90m[1m_update_scan_actions[22m | tokyo_tower.glb[39m[0m
[  12% ] [90m[1m_update_scan_actions[22m | bottle_crate.glb[39m[0m
[  12% ] [90m[1m_update_scan_actions[22m | light_pool.glb[39m[0m
[  12% ] [90m[1m_update_scan_actions[22m | phone_booth_pillar.glb[39m[0m
[  12% ] [90m[1m_update_scan_actions[22m | phone_booth_square.glb[39m[0m
[  12% ] [90m[1m_update_scan_actions[22m | vending_button80s_pocari.glb[39m[0m
[  12% ] [90m[1m_update_scan_actions[22m | vending_button80s_ucc.glb[39m[0m
[  12% ] [90m[1m_update_scan_actions[22m | vending_flat70s_cocacola.glb[39m[0m
[  12% ] [90m[1m_update_scan_actions[22m | vending_flat70s_pokka.glb[39m[0m
[  12% ] [90m[1m_update_scan_actions[22m | jizo_hokora.glb[39m[0m
[  12% ] [90m[1m_update_scan_actions[22m | jizo_shed.glb[39m[0m
[  12% ] [90m[1m_update_scan_actions[22m | koban_brick.glb[39m[0m
[  13% ] [90m[1m_update_scan_actions[22m | koban_concrete.glb[39m[0m
[  13% ] [90m[1m_update_scan_actions[22m | sento.glb[39m[0m
[  13% ] [90m[1m_update_scan_actions[22m | chidori_terrace.glb[39m[0m
[  13% ] [90m[1m_update_scan_actions[22m | chidori_terrace_albedo.jpg[39m[0m
[  13% ] [90m[1m_update_scan_actions[22m | chidori_terrace_emission.jpg[39m[0m
[  13% ] [90m[1m_update_scan_actions[22m | daikoku_container_20ft_beige.glb[39m[0m
[  13% ] [90m[1m_update_scan_actions[22m | daikoku_container_20ft_beige_albedo.jpg[39m[0m
[  13% ] [90m[1m_update_scan_actions[22m | daikoku_container_20ft_primer.glb[39m[0m
[  13% ] [90m[1m_update_scan_actions[22m | daikoku_container_20ft_primer_albedo.jpg[39m[0m
[  13% ] [90m[1m_update_scan_actions[22m | daikoku_container_20ft_rust.glb[39m[0m
[  13% ] [90m[1m_update_scan_actions[22m | daikoku_container_20ft_rust_albedo.jpg[39m[0m
[  13% ] [90m[1m_update_scan_actions[22m | daikoku_tally_office.glb[39m[0m
[  13% ] [90m[1m_update_scan_actions[22m | daikoku_tally_office_albedo.jpg[39m[0m
[  13% ] [90m[1m_update_scan_actions[22m | daikoku_tally_office_emission.jpg[39m[0m
[  13% ] [90m[1m_update_scan_actions[22m | depots_goods_shed.glb[39m[0m
[  14% ] [90m[1m_update_scan_actions[22m | depots_goods_shed_albedo.jpg[39m[0m
[  14% ] [90m[1m_update_scan_actions[22m | depots_goods_shed_emission.jpg[39m[0m
[  14% ] [90m[1m_update_scan_actions[22m | kamome_hall.glb[39m[0m
[  14% ] [90m[1m_update_scan_actions[22m | kamome_hall_albedo.jpg[39m[0m
[  14% ] [90m[1m_update_scan_actions[22m | kamome_hall_emission.jpg[39m[0m
[  14% ] [90m[1m_update_scan_actions[22m | kotobuki_bay.glb[39m[0m
[  14% ] [90m[1m_update_scan_actions[22m | kotobuki_bay_albedo.jpg[39m[0m
[  14% ] [90m[1m_update_scan_actions[22m | kotobuki_bay_emission.jpg[39m[0m
[  14% ] [90m[1m_update_scan_actions[22m | tenjin_slab.glb[39m[0m
[  14% ] [90m[1m_update_scan_actions[22m | tenjin_slab_albedo.jpg[39m[0m
[  14% ] [90m[1m_update_scan_actions[22m | tenjin_slab_emission.jpg[39m[0m
[  14% ] [90m[1m_update_scan_actions[22m | fixture_character.fbx[39m[0m
[  14% ] [90m[1m_update_scan_actions[22m | fixture_walk_inplace.fbx[39m[0m
[  14% ] [90m[1m_update_scan_actions[22m | ped_dock_worker.glb[39m[0m
[  14% ] [90m[1m_update_scan_actions[22m | ped_dock_worker_albedo.jpg[39m[0m
[  15% ] [90m[1m_update_scan_actions[22m | ped_dock_worker_emission.jpg[39m[0m
[  15% ] [90m[1m_update_scan_actions[22m | ped_patrol_officer.glb[39m[0m
[  15% ] [90m[1m_update_scan_actions[22m | ped_patrol_officer_albedo.jpg[39m[0m
[  15% ] [90m[1m_update_scan_actions[22m | ped_patrol_officer_emission.jpg[39m[0m
[  15% ] [90m[1m_update_scan_actions[22m | ped_suited_worker.glb[39m[0m
[  15% ] [90m[1m_update_scan_actions[22m | ped_suited_worker_albedo.jpg[39m[0m
[  15% ] [90m[1m_update_scan_actions[22m | ped_suited_worker_emission.jpg[39m[0m
[  15% ] [90m[1m_update_scan_actions[22m | ped_vendor.glb[39m[0m
[  15% ] [90m[1m_update_scan_actions[22m | ped_vendor_albedo.jpg[39m[0m
[  15% ] [90m[1m_update_scan_actions[22m | ped_vendor_emission.jpg[39m[0m
[  15% ] [90m[1m_update_scan_actions[22m | airlance_boom.glb[39m[0m
[  15% ] [90m[1m_update_scan_actions[22m | airlance_boom_albedo.jpg[39m[0m
[  15% ] [90m[1m_update_scan_actions[22m | beacon_pylon.glb[39m[0m
[  15% ] [90m[1m_update_scan_actions[22m | beacon_pylon_albedo.jpg[39m[0m
[  15% ] [90m[1m_update_scan_actions[22m | beacon_pylon_emission.jpg[39m[0m
[  15% ] [90m[1m_update_scan_actions[22m | canister_pyramid.glb[39m[0m
[  16% ] [90m[1m_update_scan_actions[22m | canister_pyramid_albedo.jpg[39m[0m
[  16% ] [90m[1m_update_scan_actions[22m | curve_mirror.glb[39m[0m
[  16% ] [90m[1m_update_scan_actions[22m | curve_mirror_albedo.jpg[39m[0m
[  16% ] [90m[1m_update_scan_actions[22m | drum_barrier.glb[39m[0m
[  16% ] [90m[1m_update_scan_actions[22m | drum_barrier_albedo.jpg[39m[0m
[  16% ] [90m[1m_update_scan_actions[22m | drum_stove.glb[39m[0m
[  16% ] [90m[1m_update_scan_actions[22m | drum_stove_albedo.jpg[39m[0m
[  16% ] [90m[1m_update_scan_actions[22m | drum_stove_emission.jpg[39m[0m
[  16% ] [90m[1m_update_scan_actions[22m | fish_crates.glb[39m[0m
[  16% ] [90m[1m_update_scan_actions[22m | fish_crates_albedo.jpg[39m[0m
[  16% ] [90m[1m_update_scan_actions[22m | hand_trucks.glb[39m[0m
[  16% ] [90m[1m_update_scan_actions[22m | hand_trucks_albedo.jpg[39m[0m
[  16% ] [90m[1m_update_scan_actions[22m | hawser_pallets.glb[39m[0m
[  16% ] [90m[1m_update_scan_actions[22m | hawser_pallets_albedo.jpg[39m[0m
[  16% ] [90m[1m_update_scan_actions[22m | lead_drums.glb[39m[0m
[  17% ] [90m[1m_update_scan_actions[22m | lead_drums_albedo.jpg[39m[0m
[  17% ] [90m[1m_update_scan_actions[22m | slag_windrow.glb[39m[0m
[  17% ] [90m[1m_update_scan_actions[22m | slag_windrow_albedo.jpg[39m[0m
[  17% ] [90m[1m_update_scan_actions[22m | sol88_tower.glb[39m[0m
[  17% ] [90m[1m_update_scan_actions[22m | sol88_tower_albedo.jpg[39m[0m
[  17% ] [90m[1m_update_scan_actions[22m | sol88_tower_emission.jpg[39m[0m
[  17% ] [90m[1m_update_scan_actions[22m | tally_aframe.glb[39m[0m
[  17% ] [90m[1m_update_scan_actions[22m | tally_aframe_albedo.jpg[39m[0m
[  17% ] [90m[1m_update_scan_actions[22m | tube_pedestal.glb[39m[0m
[  17% ] [90m[1m_update_scan_actions[22m | tube_pedestal_albedo.jpg[39m[0m
[  17% ] [90m[1m_update_scan_actions[22m | tube_pedestal_emission.jpg[39m[0m
[  17% ] [90m[1m_update_scan_actions[22m | tyre_wall.glb[39m[0m
[  17% ] [90m[1m_update_scan_actions[22m | tyre_wall_albedo.jpg[39m[0m
[  17% ] [90m[1m_update_scan_actions[22m | velvet_rope.glb[39m[0m
[  17% ] [90m[1m_update_scan_actions[22m | velvet_rope_albedo.jpg[39m[0m
[  18% ] [90m[1m_update_scan_actions[22m | izakaya.glb[39m[0m
[  18% ] [90m[1m_update_scan_actions[22m | izakaya_albedo.jpg[39m[0m
[  18% ] [90m[1m_update_scan_actions[22m | izakaya_emission.jpg[39m[0m
[  18% ] [90m[1m_update_scan_actions[22m | kissaten.glb[39m[0m
[  18% ] [90m[1m_update_scan_actions[22m | kissaten_albedo.jpg[39m[0m
[  18% ] [90m[1m_update_scan_actions[22m | kissaten_emission.jpg[39m[0m
[  18% ] [90m[1m_update_scan_actions[22m | pachinko_front.glb[39m[0m
[  18% ] [90m[1m_update_scan_actions[22m | pachinko_front_albedo.jpg[39m[0m
[  18% ] [90m[1m_update_scan_actions[22m | pachinko_front_emission.jpg[39m[0m
[  18% ] [90m[1m_update_scan_actions[22m | ramen_window.glb[39m[0m
[  18% ] [90m[1m_update_scan_actions[22m | ramen_window_albedo.jpg[39m[0m
[  18% ] [90m[1m_update_scan_actions[22m | ramen_window_emission.jpg[39m[0m
[  18% ] [90m[1m_update_scan_actions[22m | sakaya.glb[39m[0m
[  18% ] [90m[1m_update_scan_actions[22m | sakaya_albedo.jpg[39m[0m
[  18% ] [90m[1m_update_scan_actions[22m | sakaya_emission.jpg[39m[0m
[  19% ] [90m[1m_update_scan_actions[22m | sengyo_stall.glb[39m[0m
[  19% ] [90m[1m_update_scan_actions[22m | sengyo_stall_albedo.jpg[39m[0m
[  19% ] [90m[1m_update_scan_actions[22m | sengyo_stall_emission.jpg[39m[0m
[  19% ] [90m[1m_update_scan_actions[22m | tabako_kiosk.glb[39m[0m
[  19% ] [90m[1m_update_scan_actions[22m | tabako_kiosk_albedo.jpg[39m[0m
[  19% ] [90m[1m_update_scan_actions[22m | tabako_kiosk_emission.jpg[39m[0m
[  19% ] [90m[1m_update_scan_actions[22m | yakkyoku.glb[39m[0m
[  19% ] [90m[1m_update_scan_actions[22m | yakkyoku_albedo.jpg[39m[0m
[  19% ] [90m[1m_update_scan_actions[22m | yakkyoku_emission.jpg[39m[0m
[  19% ] [90m[1m_update_scan_actions[22m | box_truck.glb[39m[0m
[  19% ] [90m[1m_update_scan_actions[22m | box_truck_albedo.jpg[39m[0m
[  19% ] [90m[1m_update_scan_actions[22m | box_truck_emission.jpg[39m[0m
[  19% ] [90m[1m_update_scan_actions[22m | bus.glb[39m[0m
[  19% ] [90m[1m_update_scan_actions[22m | bus_albedo.jpg[39m[0m
[  19% ] [90m[1m_update_scan_actions[22m | bus_emission.jpg[39m[0m
[  20% ] [90m[1m_update_scan_actions[22m | kei_trike.glb[39m[0m
[  20% ] [90m[1m_update_scan_actions[22m | kei_trike_albedo.jpg[39m[0m
[  20% ] [90m[1m_update_scan_actions[22m | kei_trike_emission.jpg[39m[0m
[  20% ] [90m[1m_update_scan_actions[22m | kei_truck.glb[39m[0m
[  20% ] [90m[1m_update_scan_actions[22m | kei_truck_albedo.jpg[39m[0m
[  20% ] [90m[1m_update_scan_actions[22m | kei_truck_emission.jpg[39m[0m
[  20% ] [90m[1m_update_scan_actions[22m | kei_van.glb[39m[0m
[  20% ] [90m[1m_update_scan_actions[22m | kei_van_albedo.jpg[39m[0m
[  20% ] [90m[1m_update_scan_actions[22m | kei_van_emission.jpg[39m[0m
[  20% ] [90m[1m_update_scan_actions[22m | sedan.glb[39m[0m
[  20% ] [90m[1m_update_scan_actions[22m | sedan_albedo.jpg[39m[0m
[  20% ] [90m[1m_update_scan_actions[22m | sedan_emission.jpg[39m[0m
[  20% ] [90m[1m_update_scan_actions[22m | taxi.glb[39m[0m
[  20% ] [90m[1m_update_scan_actions[22m | taxi_albedo.jpg[39m[0m
[  20% ] [90m[1m_update_scan_actions[22m | taxi_emission.jpg[39m[0m
[  21% ] [90m[1m_update_scan_actions[22m | engine.ogg[39m[0m
[  21% ] [90m[1m_update_scan_actions[22m | impact.ogg[39m[0m
[  21% ] [90m[1m_update_scan_actions[22m | skid.ogg[39m[0m
[  21% ] [90m[1m_update_scan_actions[22m | display-latin.ttf[39m[0m
[  21% ] [90m[1m_update_scan_actions[22m | jp-neon.otf[39m[0m
[  21% ] [90m[1m_update_scan_actions[22m | kicker-cjk.ttf[39m[0m
[  21% ] [90m[1m_update_scan_actions[22m | trench-signs-jp.ttf[39m[0m
[  21% ] [90m[1m_update_scan_actions[22m | v44-systems-jp.otf[39m[0m
[  21% ] [90m[1m_update_scan_actions[22m | colormap.png[39m[0m
[  21% ] [90m[1m_update_scan_actions[22m | tripo-boxtruck.glb[39m[0m
[  21% ] [90m[1m_update_scan_actions[22m | tripo-bus.glb[39m[0m
[  21% ] [90m[1m_update_scan_actions[22m | tripo-coupe.glb[39m[0m
[  21% ] [90m[1m_update_scan_actions[22m | tripo-hatchback.glb[39m[0m
[  21% ] [90m[1m_update_scan_actions[22m | tripo-keicar.glb[39m[0m
[  21% ] [90m[1m_update_scan_actions[22m | tripo-luxury.glb[39m[0m
[  22% ] [90m[1m_update_scan_actions[22m | tripo-minivan.glb[39m[0m
[  22% ] [90m[1m_update_scan_actions[22m | tripo-pickup.glb[39m[0m
[  22% ] [90m[1m_update_scan_actions[22m | tripo-sedan.glb[39m[0m
[  22% ] [90m[1m_update_scan_actions[22m | tripo-suv.glb[39m[0m
[  22% ] [90m[1m_update_scan_actions[22m | tripo-van.glb[39m[0m
[  22% ] [90m[1m_update_scan_actions[22m | tripo-wagon.glb[39m[0m
[  22% ] [90m[1m_update_scan_actions[22m | race.glb[39m[0m
[  22% ] [90m[1m_update_scan_actions[22m | sedan.glb[39m[0m
[  22% ] [90m[1m_update_scan_actions[22m | suv.glb[39m[0m
[  22% ] [90m[1m_update_scan_actions[22m | taxi.glb[39m[0m
[  22% ] [90m[1m_update_scan_actions[22m | van.glb[39m[0m
[  22% ] [90m[1m_update_scan_actions[22m | colormap.png[39m[0m
[  22% ] [90m[1m_update_scan_actions[22m | building-a.glb[39m[0m
[  22% ] [90m[1m_update_scan_actions[22m | building-b.glb[39m[0m
[  22% ] [90m[1m_update_scan_actions[22m | building-c.glb[39m[0m
[  23% ] [90m[1m_update_scan_actions[22m | building-d.glb[39m[0m
[  23% ] [90m[1m_update_scan_actions[22m | building-e.glb[39m[0m
[  23% ] [90m[1m_update_scan_actions[22m | building-f.glb[39m[0m
[  23% ] [90m[1m_update_scan_actions[22m | building-skyscraper-a.glb[39m[0m
[  23% ] [90m[1m_update_scan_actions[22m | building-skyscraper-b.glb[39m[0m
[  23% ] [90m[1m_update_scan_actions[22m | banner_hw.png[39m[0m
[  23% ] [90m[1m_update_scan_actions[22m | sky_night.png[39m[0m
[  23% ] [90m[1m_update_scan_actions[22m | town_night.png[39m[0m
[  23% ] [90m[1m_update_scan_actions[22m | windows_night.png[39m[0m
[  23% ] [90m[1m_update_scan_actions[22m | bay_strait.glb[39m[0m
[  23% ] [90m[1m_update_scan_actions[22m | bay_strait_0.png[39m[0m
[  23% ] [90m[1m_update_scan_actions[22m | bay_strait_1.png[39m[0m
[  23% ] [90m[1m_update_scan_actions[22m | bay_strait_2.png[39m[0m
[  23% ] [90m[1m_update_scan_actions[22m | bay_strait_3.png[39m[0m
[  23% ] [90m[1m_update_scan_actions[22m | bay_strait_4.png[39m[0m
[  23% ] [90m[1m_update_scan_actions[22m | bay_strait_5.png[39m[0m
[  24% ] [90m[1m_update_scan_actions[22m | bay_strait_6.png[39m[0m
[  24% ] [90m[1m_update_scan_actions[22m | bay_strait_7.png[39m[0m
[  24% ] [90m[1m_update_scan_actions[22m | bay_strait_8.png[39m[0m
[  24% ] [90m[1m_update_scan_actions[22m | bay_strait_9.png[39m[0m
[  24% ] [90m[1m_update_scan_actions[22m | bay_strait_10.png[39m[0m
[  24% ] [90m[1m_update_scan_actions[22m | bay_strait_11.png[39m[0m
[  24% ] [90m[1m_update_scan_actions[22m | bay_strait_12.png[39m[0m
[  24% ] [90m[1m_update_scan_actions[22m | bay_strait_13.png[39m[0m
[  24% ] [90m[1m_update_scan_actions[22m | bay_strait_14.png[39m[0m
[  24% ] [90m[1m_update_scan_actions[22m | bay_strait_15.png[39m[0m
[  24% ] [90m[1m_update_scan_actions[22m | bay_strait_16.png[39m[0m
[  24% ] [90m[1m_update_scan_actions[22m | bay_strait_17.png[39m[0m
[  24% ] [90m[1m_update_scan_actions[22m | bay_strait_18.png[39m[0m
[  24% ] [90m[1m_update_scan_actions[22m | bay_strait_19.png[39m[0m
[  24% ] [90m[1m_update_scan_actions[22m | bay_strait_20.png[39m[0m
[  25% ] [90m[1m_update_scan_actions[22m | bay_strait_21.png[39m[0m
[  25% ] [90m[1m_update_scan_actions[22m | bay_strait_22.png[39m[0m
[  25% ] [90m[1m_update_scan_actions[22m | bay_strait_23.png[39m[0m
[  25% ] [90m[1m_update_scan_actions[22m | bay_strait_24.png[39m[0m
[  25% ] [90m[1m_update_scan_actions[22m | harbor_west.glb[39m[0m
[  25% ] [90m[1m_update_scan_actions[22m | awning_bluewhite.glb[39m[0m
[  25% ] [90m[1m_update_scan_actions[22m | awning_bluewhite_awning_stripes_blue.png[39m[0m
[  25% ] [90m[1m_update_scan_actions[22m | awning_greenwhite.glb[39m[0m
[  25% ] [90m[1m_update_scan_actions[22m | awning_greenwhite_awning_stripes_green.png[39m[0m
[  25% ] [90m[1m_update_scan_actions[22m | awning_redwhite.glb[39m[0m
[  25% ] [90m[1m_update_scan_actions[22m | awning_redwhite_awning_stripes_red.png[39m[0m
[  25% ] [90m[1m_update_scan_actions[22m | awning_retracted.glb[39m[0m
[  25% ] [90m[1m_update_scan_actions[22m | awning_retracted_awning_stripes_red.png[39m[0m
[  25% ] [90m[1m_update_scan_actions[22m | awning_worn.glb[39m[0m
[  25% ] [90m[1m_update_scan_actions[22m | awning_worn_awning_stripes_worn.png[39m[0m
[  26% ] [90m[1m_update_scan_actions[22m | att_crossarm_tier.glb[39m[0m
[  26% ] [90m[1m_update_scan_actions[22m | att_gooseneck.glb[39m[0m
[  26% ] [90m[1m_update_scan_actions[22m | att_horo_kanban.glb[39m[0m
[  26% ] [90m[1m_update_scan_actions[22m | att_id_plate.glb[39m[0m
[  26% ] [90m[1m_update_scan_actions[22m | att_insulator.glb[39m[0m
[  26% ] [90m[1m_update_scan_actions[22m | att_transformer.glb[39m[0m
[  26% ] [90m[1m_update_scan_actions[22m | pole_bare.glb[39m[0m
[  26% ] [90m[1m_update_scan_actions[22m | pole_corner.glb[39m[0m
[  26% ] [90m[1m_update_scan_actions[22m | pole_streetlight.glb[39m[0m
[  26% ] [90m[1m_update_scan_actions[22m | pole_transformer.glb[39m[0m
[  26% ] [90m[1m_update_scan_actions[22m | gas_aframe_sign.glb[39m[0m
[  26% ] [90m[1m_update_scan_actions[22m | gas_canopy_fascia_blue.glb[39m[0m
[  26% ] [90m[1m_update_scan_actions[22m | gas_canopy_fascia_red.glb[39m[0m
[  26% ] [90m[1m_update_scan_actions[22m | gas_canopy_roof.glb[39m[0m
[  26% ] [90m[1m_update_scan_actions[22m | gas_column.glb[39m[0m
[  27% ] [90m[1m_update_scan_actions[22m | gas_enamel_plate_blue.glb[39m[0m
[  27% ] [90m[1m_update_scan_actions[22m | gas_enamel_plate_red.glb[39m[0m
[  27% ] [90m[1m_update_scan_actions[22m | gas_forecourt_pad.glb[39m[0m
[  27% ] [90m[1m_update_scan_actions[22m | gas_hose_boom.glb[39m[0m
[  27% ] [90m[1m_update_scan_actions[22m | gas_kiosk.glb[39m[0m
[  27% ] [90m[1m_update_scan_actions[22m | gas_price_board.glb[39m[0m
[  27% ] [90m[1m_update_scan_actions[22m | gas_pump_blue.glb[39m[0m
[  27% ] [90m[1m_update_scan_actions[22m | gas_pump_island.glb[39m[0m
[  27% ] [90m[1m_update_scan_actions[22m | gas_pump_red.glb[39m[0m
[  27% ] [90m[1m_update_scan_actions[22m | colormap.png[39m[0m
[  27% ] [90m[1m_update_scan_actions[22m | barrierWhite.glb[39m[0m
[  27% ] [90m[1m_update_scan_actions[22m | jnr-canopy-edge.glb[39m[0m
[  27% ] [90m[1m_update_scan_actions[22m | jnr-country-halt.glb[39m[0m
[  27% ] [90m[1m_update_scan_actions[22m | jnr-platform-sign.glb[39m[0m
[  27% ] [90m[1m_update_scan_actions[22m | jnr-station-board.glb[39m[0m
[  28% ] [90m[1m_update_scan_actions[22m | jnr-ticket-gate.glb[39m[0m
[  28% ] [90m[1m_update_scan_actions[22m | light-curved.glb[39m[0m
[  28% ] [90m[1m_update_scan_actions[22m | road.obj[39m[0m
[  28% ] [90m[1m_update_scan_actions[22m | road.png[39m[0m
[  28% ] [90m[1m_update_scan_actions[22m | guest-frozen-start-line.jpg[39m[0m
[  28% ] [90m[1m_update_scan_actions[22m | input-overlay-giant-host.jpg[39m[0m
[  28% ] [90m[1m_update_scan_actions[22m | input-overlay-giant-join.jpg[39m[0m
[  28% ] [90m[1m_update_scan_actions[22m | td-094-criterion-1-after.png[39m[0m
[  28% ] [90m[1m_update_scan_actions[22m | td-094-criterion-1-before.png[39m[0m
[  28% ] [90m[1m_update_scan_actions[22m | after_aerial_1500m.png[39m[0m
[  28% ] [90m[1m_update_scan_actions[22m | after_pov_0600m.png[39m[0m
[  28% ] [90m[1m_update_scan_actions[22m | after_pov_1150m.png[39m[0m
[  28% ] [90m[1m_update_scan_actions[22m | after_pov_1790m.png[39m[0m
[  28% ] [90m[1m_update_scan_actions[22m | after_pov_2230m.png[39m[0m
[  28% ] [90m[1m_update_scan_actions[22m | before_aerial_1500m.png[39m[0m
[  29% ] [90m[1m_update_scan_actions[22m | before_pov_0600m.png[39m[0m
[  29% ] [90m[1m_update_scan_actions[22m | before_pov_1150m.png[39m[0m
[  29% ] [90m[1m_update_scan_actions[22m | before_pov_1790m.png[39m[0m
[  29% ] [90m[1m_update_scan_actions[22m | before_pov_2230m.png[39m[0m
[  29% ] [90m[1m_update_scan_actions[22m | td-038-criterion-1-after.png[39m[0m
[  29% ] [90m[1m_update_scan_actions[22m | td-038-criterion-1-before.png[39m[0m
[  29% ] [90m[1m_update_scan_actions[22m | td-042-criterion-1-after.png[39m[0m
[  29% ] [90m[1m_update_scan_actions[22m | td-042-criterion-1-before.png[39m[0m
[  29% ] [90m[1m_update_scan_actions[22m | td-022-barrier-ch1032-aerial.png[39m[0m
[  29% ] [90m[1m_update_scan_actions[22m | td-022-barrier-ch1745-aerial.png[39m[0m
[  29% ] [90m[1m_update_scan_actions[22m | td-022-barrier-ch2150-aerial.png[39m[0m
[  29% ] [90m[1m_update_scan_actions[22m | td-022-criterion-1-after.png[39m[0m
[  29% ] [90m[1m_update_scan_actions[22m | td-022-criterion-1-before.png[39m[0m
[  29% ] [90m[1m_update_scan_actions[22m | td-022-criterion-2-after.png[39m[0m
[  29% ] [90m[1m_update_scan_actions[22m | td-022-criterion-2-before.png[39m[0m
[  30% ] [90m[1m_update_scan_actions[22m | td-023-criterion-1-after.png[39m[0m
[  30% ] [90m[1m_update_scan_actions[22m | td-023-criterion-1-before.png[39m[0m
[  30% ] [90m[1m_update_scan_actions[22m | td-023-finish-gantry-triptych.png[39m[0m
[  30% ] [90m[1m_update_scan_actions[22m | td-023-gantry-preview.png[39m[0m
[  30% ] [90m[1m_update_scan_actions[22m | td-023-mock-finish-gantry.png[39m[0m
[  30% ] [90m[1m_update_scan_actions[22m | td-023-reference-finish-gantry.jpg[39m[0m
[  30% ] [90m[1m_update_scan_actions[22m | td-029-app-boot-1-downloading.png[39m[0m
[  30% ] [90m[1m_update_scan_actions[22m | td-029-app-boot-2-downloading-mid.png[39m[0m
[  30% ] [90m[1m_update_scan_actions[22m | td-029-app-boot-3-download-complete.png[39m[0m
[  30% ] [90m[1m_update_scan_actions[22m | td-029-app-boot-4-staged-build-start.png[39m[0m
[  30% ] [90m[1m_update_scan_actions[22m | td-029-app-boot-5-staged-build-near-end.png[39m[0m
[  30% ] [90m[1m_update_scan_actions[22m | td-049-criterion-1-after.png[39m[0m
[  30% ] [90m[1m_update_scan_actions[22m | td-049-criterion-1-before.png[39m[0m
[  30% ] [90m[1m_update_scan_actions[22m | td-049-criterion-1-front.png[39m[0m
[  30% ] [90m[1m_update_scan_actions[22m | td-049-criterion-1-side.png[39m[0m
[  30% ] [90m[1m_update_scan_actions[22m | td-076-criterion-1-after.png[39m[0m
[  31% ] [90m[1m_update_scan_actions[22m | td-076-criterion-1-before.png[39m[0m
[  31% ] [90m[1m_update_scan_actions[22m | td-076-criterion-2-after.png[39m[0m
[  31% ] [90m[1m_update_scan_actions[22m | td-076-criterion-2-before.png[39m[0m
[  31% ] [90m[1m_update_scan_actions[22m | traffic-on-road.png[39m[0m
[  31% ] [90m[1m_update_scan_actions[22m | no-traffic-on-road.png[39m[0m
[  31% ] [90m[1m_update_scan_actions[22m | td-078-criterion-1-after.png[39m[0m
[  31% ] [90m[1m_update_scan_actions[22m | td-078-criterion-1-before.png[39m[0m
[  31% ] [90m[1m_update_scan_actions[22m | td-078-criterion-2-after.png[39m[0m
[  31% ] [90m[1m_update_scan_actions[22m | td-078-criterion-2-before.png[39m[0m
[  31% ] [90m[1m_update_scan_actions[22m | 23052_36_g1lh.jpg[39m[0m
[  31% ] [90m[1m_update_scan_actions[22m | 23050_35_elhb.jpg[39m[0m
[  31% ] [90m[1m_update_scan_actions[22m | td-084-criterion-1-after.png[39m[0m
[  31% ] [90m[1m_update_scan_actions[22m | td-084-criterion-1-before.png[39m[0m
[  31% ] [90m[1m_update_scan_actions[22m | td-084-criterion-4-after.png[39m[0m
[  31% ] [90m[1m_update_scan_actions[22m | td-084-criterion-4-before.png[39m[0m
[  32% ] [90m[1m_update_scan_actions[22m | live-deeplink-web.png[39m[0m
[  32% ] [90m[1m_update_scan_actions[22m | td-085-criterion-1-after.png[39m[0m
[  32% ] [90m[1m_update_scan_actions[22m | td-085-criterion-1-before.png[39m[0m
[  32% ] [90m[1m_update_scan_actions[22m | td-085-criterion-2-after.png[39m[0m
[  32% ] [90m[1m_update_scan_actions[22m | td-085-criterion-2-before.png[39m[0m
[  32% ] [90m[1m_update_scan_actions[22m | td-087-criterion-1-before.png[39m[0m
[  32% ] [90m[1m_update_scan_actions[22m | td-087-criterion-2-before.png[39m[0m
[  32% ] [90m[1m_update_scan_actions[22m | two-fresh-joins-lobby.png[39m[0m
[  32% ] [90m[1m_update_scan_actions[22m | two-fresh-joins-lobby.png[39m[0m
[  32% ] [90m[1m_update_scan_actions[22m | td-089-criterion-1-after.png[39m[0m
[  32% ] [90m[1m_update_scan_actions[22m | td-089-criterion-1-before.png[39m[0m
[  32% ] [90m[1m_update_scan_actions[22m | td-089-criterion-1-lobby.png[39m[0m
[  32% ] [90m[1m_update_scan_actions[22m | leader-client-1-of-2.png[39m[0m
[  32% ] [90m[1m_update_scan_actions[22m | trailer-client-2-of-2.png[39m[0m
[  32% ] [90m[1m_update_scan_actions[22m | td-091-criterion-1-after.png[39m[0m
[  33% ] [90m[1m_update_scan_actions[22m | td-091-criterion-1-before.png[39m[0m
[  33% ] [90m[1m_update_scan_actions[22m | td-096-host-camera-mid-track.png[39m[0m
[  33% ] [90m[1m_update_scan_actions[22m | td-096-host-at-start-line.png[39m[0m
[  33% ] [90m[1m_update_scan_actions[22m | guest-start-line.png[39m[0m
[  33% ] [90m[1m_update_scan_actions[22m | guest-start-line.png[39m[0m
[  33% ] [90m[1m_update_scan_actions[22m | td-098-create-no-popup-after.png[39m[0m
[  33% ] [90m[1m_update_scan_actions[22m | td-098-create-popup-before.jpg[39m[0m
[  33% ] [90m[1m_update_scan_actions[22m | player-civilian-bump.png[39m[0m
[  33% ] [90m[1m_update_scan_actions[22m | player-player-guest-view.png[39m[0m
[  33% ] [90m[1m_update_scan_actions[22m | player-player-host-view.png[39m[0m
[  33% ] [90m[1m_update_scan_actions[22m | player-through-civilian.png[39m[0m
[  33% ] [90m[1m_update_scan_actions[22m | render-cherry-tree-v3.png[39m[0m
[  33% ] [90m[1m_update_scan_actions[22m | render-shrub-v6.png[39m[0m
[  33% ] [90m[1m_update_scan_actions[22m | td-101-street-tree-ginkgo-preview.png[39m[0m
[  33% ] [90m[1m_update_scan_actions[22m | td-101-street-tree-plane-preview.png[39m[0m
[  34% ] [90m[1m_update_scan_actions[22m | td-101-street-tree-zelkova-preview.png[39m[0m
[  34% ] [90m[1m_update_scan_actions[22m | td-101-street-trees-1-after.png[39m[0m
[  34% ] [90m[1m_update_scan_actions[22m | td-101-street-trees-1-before.png[39m[0m
[  34% ] [90m[1m_update_scan_actions[22m | td-101-street-trees-2-after.png[39m[0m
[  34% ] [90m[1m_update_scan_actions[22m | td-101-street-trees-2-before.png[39m[0m
[  34% ] [90m[1m_update_scan_actions[22m | triptych-cherry-tree.png[39m[0m
[  34% ] [90m[1m_update_scan_actions[22m | triptych-shrub-planter.png[39m[0m
[  34% ] [90m[1m_update_scan_actions[22m | contact-sheet.png[39m[0m
[  34% ] [90m[1m_update_scan_actions[22m | game-fleet-after.png[39m[0m
[  34% ] [90m[1m_update_scan_actions[22m | td-103-criterion-1-after.png[39m[0m
[  34% ] [90m[1m_update_scan_actions[22m | td-103-criterion-1-before.png[39m[0m
[  34% ] [90m[1m_update_scan_actions[22m | td-103-criterion-2-after.png[39m[0m
[  34% ] [90m[1m_update_scan_actions[22m | td-103-criterion-2-before.png[39m[0m
[  34% ] [90m[1m_update_scan_actions[22m | td-103-criterion-3-after.png[39m[0m
[  34% ] [90m[1m_update_scan_actions[22m | td-103-criterion-3-before.png[39m[0m
[  35% ] [90m[1m_update_scan_actions[22m | td-103-criterion-4-after.png[39m[0m
[  35% ] [90m[1m_update_scan_actions[22m | td-103-criterion-4-before.png[39m[0m
[  35% ] [90m[1m_update_scan_actions[22m | after-chase.png[39m[0m
[  35% ] [90m[1m_update_scan_actions[22m | after-rear-three-quarter.png[39m[0m
[  35% ] [90m[1m_update_scan_actions[22m | rejected-comparison-material.png[39m[0m
[  35% ] [90m[1m_update_scan_actions[22m | comparison-clay.png[39m[0m
[  35% ] [90m[1m_update_scan_actions[22m | comparison-material.png[39m[0m
[  35% ] [90m[1m_update_scan_actions[22m | td-109-criterion-2-chase-after-clay.png[39m[0m
[  35% ] [90m[1m_update_scan_actions[22m | td-109-criterion-2-chase-after.png[39m[0m
[  35% ] [90m[1m_update_scan_actions[22m | td-109-criterion-2-chase-before-clay.png[39m[0m
[  35% ] [90m[1m_update_scan_actions[22m | td-109-criterion-2-chase-before.png[39m[0m
[  35% ] [90m[1m_update_scan_actions[22m | td-109-criterion-2-front-after-clay.png[39m[0m
[  35% ] [90m[1m_update_scan_actions[22m | td-109-criterion-2-front-after.png[39m[0m
[  35% ] [90m[1m_update_scan_actions[22m | td-109-criterion-2-front-before-clay.png[39m[0m
[  35% ] [90m[1m_update_scan_actions[22m | td-109-criterion-2-front-before.png[39m[0m
[  36% ] [90m[1m_update_scan_actions[22m | td-109-criterion-2-front-three-quarter-after-clay.png[39m[0m
[  36% ] [90m[1m_update_scan_actions[22m | td-109-criterion-2-front-three-quarter-after.png[39m[0m
[  36% ] [90m[1m_update_scan_actions[22m | td-109-criterion-2-front-three-quarter-before-clay.png[39m[0m
[  36% ] [90m[1m_update_scan_actions[22m | td-109-criterion-2-front-three-quarter-before.png[39m[0m
[  36% ] [90m[1m_update_scan_actions[22m | td-109-criterion-2-rear-after-clay.png[39m[0m
[  36% ] [90m[1m_update_scan_actions[22m | td-109-criterion-2-rear-after.png[39m[0m
[  36% ] [90m[1m_update_scan_actions[22m | td-109-criterion-2-rear-before-clay.png[39m[0m
[  36% ] [90m[1m_update_scan_actions[22m | td-109-criterion-2-rear-before.png[39m[0m
[  36% ] [90m[1m_update_scan_actions[22m | td-109-criterion-2-rear-three-quarter-after-clay.png[39m[0m
[  36% ] [90m[1m_update_scan_actions[22m | td-109-criterion-2-rear-three-quarter-after.png[39m[0m
[  36% ] [90m[1m_update_scan_actions[22m | td-109-criterion-2-rear-three-quarter-before-clay.png[39m[0m
[  36% ] [90m[1m_update_scan_actions[22m | td-109-criterion-2-rear-three-quarter-before.png[39m[0m
[  36% ] [90m[1m_update_scan_actions[22m | td-109-criterion-2-side-after-clay.png[39m[0m
[  36% ] [90m[1m_update_scan_actions[22m | td-109-criterion-2-side-after.png[39m[0m
[  36% ] [90m[1m_update_scan_actions[22m | td-109-criterion-2-side-before-clay.png[39m[0m
[  37% ] [90m[1m_update_scan_actions[22m | td-109-criterion-2-side-before.png[39m[0m
[  37% ] [90m[1m_update_scan_actions[22m | td-109-criterion-3-runtime-after.png[39m[0m
[  37% ] [90m[1m_update_scan_actions[22m | td-109-criterion-3-runtime-before.png[39m[0m
[  37% ] [90m[1m_update_scan_actions[22m | after-side.png[39m[0m
[  37% ] [90m[1m_update_scan_actions[22m | td-110-criterion-2-chase-after-clay.png[39m[0m
[  37% ] [90m[1m_update_scan_actions[22m | td-110-criterion-2-chase-after.png[39m[0m
[  37% ] [90m[1m_update_scan_actions[22m | td-110-criterion-2-chase-before.png[39m[0m
[  37% ] [90m[1m_update_scan_actions[22m | td-110-criterion-2-front-after-clay.png[39m[0m
[  37% ] [90m[1m_update_scan_actions[22m | td-110-criterion-2-front-after.png[39m[0m
[  37% ] [90m[1m_update_scan_actions[22m | td-110-criterion-2-front-before.png[39m[0m
[  37% ] [90m[1m_update_scan_actions[22m | td-110-criterion-2-front-three-quarter-after-clay.png[39m[0m
[  37% ] [90m[1m_update_scan_actions[22m | td-110-criterion-2-front-three-quarter-after.png[39m[0m
[  37% ] [90m[1m_update_scan_actions[22m | td-110-criterion-2-front-three-quarter-before.png[39m[0m
[  37% ] [90m[1m_update_scan_actions[22m | td-110-criterion-2-rear-after-clay.png[39m[0m
[  37% ] [90m[1m_update_scan_actions[22m | td-110-criterion-2-rear-after.png[39m[0m
[  38% ] [90m[1m_update_scan_actions[22m | td-110-criterion-2-rear-before.png[39m[0m
[  38% ] [90m[1m_update_scan_actions[22m | td-110-criterion-2-rear-three-quarter-after-clay.png[39m[0m
[  38% ] [90m[1m_update_scan_actions[22m | td-110-criterion-2-rear-three-quarter-after.png[39m[0m
[  38% ] [90m[1m_update_scan_actions[22m | td-110-criterion-2-rear-three-quarter-before.png[39m[0m
[  38% ] [90m[1m_update_scan_actions[22m | td-110-criterion-2-side-after-clay.png[39m[0m
[  38% ] [90m[1m_update_scan_actions[22m | td-110-criterion-2-side-after.png[39m[0m
[  38% ] [90m[1m_update_scan_actions[22m | td-110-criterion-2-side-before.png[39m[0m
[  38% ] [90m[1m_update_scan_actions[22m | triptych-front34.png[39m[0m
[  38% ] [90m[1m_update_scan_actions[22m | triptych-side.png[39m[0m
[  38% ] [90m[1m_update_scan_actions[22m | td-111-triptych-f3q-iter1.png[39m[0m
[  38% ] [90m[1m_update_scan_actions[22m | godot-after-front-three-quarter.png[39m[0m
[  38% ] [90m[1m_update_scan_actions[22m | godot-after-rear-three-quarter.png[39m[0m
[  38% ] [90m[1m_update_scan_actions[22m | godot-after-side.png[39m[0m
[  38% ] [90m[1m_update_scan_actions[22m | td-111-c2-after-chase-clay.png[39m[0m
[  38% ] [90m[1m_update_scan_actions[22m | td-111-c2-after-chase.png[39m[0m
[  38% ] [90m[1m_update_scan_actions[22m | td-111-c2-after-front-clay.png[39m[0m
[  39% ] [90m[1m_update_scan_actions[22m | td-111-c2-after-front-three-quarter-clay.png[39m[0m
[  39% ] [90m[1m_update_scan_actions[22m | td-111-c2-after-front-three-quarter.png[39m[0m
[  39% ] [90m[1m_update_scan_actions[22m | td-111-c2-after-front.png[39m[0m
[  39% ] [90m[1m_update_scan_actions[22m | td-111-c2-after-rear-clay.png[39m[0m
[  39% ] [90m[1m_update_scan_actions[22m | td-111-c2-after-rear-three-quarter-clay.png[39m[0m
[  39% ] [90m[1m_update_scan_actions[22m | td-111-c2-after-rear-three-quarter.png[39m[0m
[  39% ] [90m[1m_update_scan_actions[22m | td-111-c2-after-rear.png[39m[0m
[  39% ] [90m[1m_update_scan_actions[22m | td-111-c2-after-side-clay.png[39m[0m
[  39% ] [90m[1m_update_scan_actions[22m | td-111-c2-after-side.png[39m[0m
[  39% ] [90m[1m_update_scan_actions[22m | td-111-c2-after-top-clay.png[39m[0m
[  39% ] [90m[1m_update_scan_actions[22m | td-111-c2-after-top.png[39m[0m
[  39% ] [90m[1m_update_scan_actions[22m | td-111-c2-before-chase.png[39m[0m
[  39% ] [90m[1m_update_scan_actions[22m | td-111-c2-before-front-three-quarter.png[39m[0m
[  39% ] [90m[1m_update_scan_actions[22m | td-111-c2-before-front.png[39m[0m
[  39% ] [90m[1m_update_scan_actions[22m | td-111-c2-before-rear-three-quarter.png[39m[0m
[  40% ] [90m[1m_update_scan_actions[22m | td-111-c2-before-rear.png[39m[0m
[  40% ] [90m[1m_update_scan_actions[22m | td-111-c2-before-side.png[39m[0m
[  40% ] [90m[1m_update_scan_actions[22m | td-111-c2-before-top.png[39m[0m
[  40% ] [90m[1m_update_scan_actions[22m | td-111-mock-3q.png[39m[0m
[  40% ] [90m[1m_update_scan_actions[22m | td-111-triptych-f3q-iter2.png[39m[0m
[  40% ] [90m[1m_update_scan_actions[22m | after-chase-clay.png[39m[0m
[  40% ] [90m[1m_update_scan_actions[22m | after-front-clay.png[39m[0m
[  40% ] [90m[1m_update_scan_actions[22m | after-front-three-quarter-clay.png[39m[0m
[  40% ] [90m[1m_update_scan_actions[22m | after-rear-clay.png[39m[0m
[  40% ] [90m[1m_update_scan_actions[22m | after-rear-three-quarter-clay.png[39m[0m
[  40% ] [90m[1m_update_scan_actions[22m | after-side-clay.png[39m[0m
[  40% ] [90m[1m_update_scan_actions[22m | after-top-clay.png[39m[0m
[  40% ] [90m[1m_update_scan_actions[22m | after-chase.png[39m[0m
[  40% ] [90m[1m_update_scan_actions[22m | after-front-three-quarter.png[39m[0m
[  40% ] [90m[1m_update_scan_actions[22m | after-front.png[39m[0m
[  41% ] [90m[1m_update_scan_actions[22m | after-rear-three-quarter.png[39m[0m
[  41% ] [90m[1m_update_scan_actions[22m | after-rear.png[39m[0m
[  41% ] [90m[1m_update_scan_actions[22m | after-side.png[39m[0m
[  41% ] [90m[1m_update_scan_actions[22m | after-top.png[39m[0m
[  41% ] [90m[1m_update_scan_actions[22m | before-chase-clay.png[39m[0m
[  41% ] [90m[1m_update_scan_actions[22m | before-front-clay.png[39m[0m
[  41% ] [90m[1m_update_scan_actions[22m | before-front-three-quarter-clay.png[39m[0m
[  41% ] [90m[1m_update_scan_actions[22m | before-rear-clay.png[39m[0m
[  41% ] [90m[1m_update_scan_actions[22m | before-rear-three-quarter-clay.png[39m[0m
[  41% ] [90m[1m_update_scan_actions[22m | before-side-clay.png[39m[0m
[  41% ] [90m[1m_update_scan_actions[22m | before-top-clay.png[39m[0m
[  41% ] [90m[1m_update_scan_actions[22m | before-chase.png[39m[0m
[  41% ] [90m[1m_update_scan_actions[22m | before-front-three-quarter.png[39m[0m
[  41% ] [90m[1m_update_scan_actions[22m | before-front.png[39m[0m
[  41% ] [90m[1m_update_scan_actions[22m | before-rear-three-quarter.png[39m[0m
[  42% ] [90m[1m_update_scan_actions[22m | before-rear.png[39m[0m
[  42% ] [90m[1m_update_scan_actions[22m | before-side.png[39m[0m
[  42% ] [90m[1m_update_scan_actions[22m | before-top.png[39m[0m
[  42% ] [90m[1m_update_scan_actions[22m | comparison-clay.jpg[39m[0m
[  42% ] [90m[1m_update_scan_actions[22m | comparison-material.jpg[39m[0m
[  42% ] [90m[1m_update_scan_actions[22m | local-route-contact-sheet.jpg[39m[0m
[  42% ] [90m[1m_update_scan_actions[22m | bridge_suspension-aaa-compare.png[39m[0m
[  42% ] [90m[1m_update_scan_actions[22m | downtown_facade-aaa-compare.png[39m[0m
[  42% ] [90m[1m_update_scan_actions[22m | port_crane-aaa-compare.png[39m[0m
[  42% ] [90m[1m_update_scan_actions[22m | scramble_crossing-aaa-compare.png[39m[0m
[  42% ] [90m[1m_update_scan_actions[22m | shotengai_storefront-aaa-compare.png[39m[0m
[  42% ] [90m[1m_update_scan_actions[22m | signal_gantry-aaa-compare.png[39m[0m
[  42% ] [90m[1m_update_scan_actions[22m | street_lamp-aaa-compare.png[39m[0m
[  42% ] [90m[1m_update_scan_actions[22m | street_tree-aaa-compare.png[39m[0m
[  42% ] [90m[1m_update_scan_actions[22m | tokyo_tower-aaa-compare.png[39m[0m
[  43% ] [90m[1m_update_scan_actions[22m | td-119-blueprint.jpg[39m[0m
[  43% ] [90m[1m_update_scan_actions[22m | td-119-blueprint.svg[39m[0m
[  43% ] [90m[1m_update_scan_actions[22m | td-119-criterion-2-after.png[39m[0m
[  43% ] [90m[1m_update_scan_actions[22m | td-119-criterion-2-before.png[39m[0m
[  43% ] [90m[1m_update_scan_actions[22m | td-119-criterion-3-after.png[39m[0m
[  43% ] [90m[1m_update_scan_actions[22m | td-119-criterion-3-before.png[39m[0m
[  43% ] [90m[1m_update_scan_actions[22m | td-119-mock-01-bridge-approach.jpg[39m[0m
[  43% ] [90m[1m_update_scan_actions[22m | td-119-mock-02-shotengai.jpg[39m[0m
[  43% ] [90m[1m_update_scan_actions[22m | td-119-mock-03-downtown.jpg[39m[0m
[  43% ] [90m[1m_update_scan_actions[22m | td-119-mock-04-waterfront.jpg[39m[0m
[  43% ] [90m[1m_update_scan_actions[22m | td-119-p3-bridge_suspension-preview.png[39m[0m
[  43% ] [90m[1m_update_scan_actions[22m | td-119-p3-downtown_facade-preview.png[39m[0m
[  43% ] [90m[1m_update_scan_actions[22m | td-119-p3-port_crane-preview.png[39m[0m
[  43% ] [90m[1m_update_scan_actions[22m | td-119-p3-scramble_crossing-preview.png[39m[0m
[  43% ] [90m[1m_update_scan_actions[22m | td-119-p3-shotengai_storefront-preview.png[39m[0m
[  44% ] [90m[1m_update_scan_actions[22m | td-119-p3-signal_gantry-preview.png[39m[0m
[  44% ] [90m[1m_update_scan_actions[22m | td-119-p3-street_lamp-preview.png[39m[0m
[  44% ] [90m[1m_update_scan_actions[22m | td-119-p3-street_tree-preview.png[39m[0m
[  44% ] [90m[1m_update_scan_actions[22m | td-119-p3-tokyo_tower-preview.png[39m[0m
[  44% ] [90m[1m_update_scan_actions[22m | td-126-criterion-1-after.png[39m[0m
[  44% ] [90m[1m_update_scan_actions[22m | td-126-criterion-1-before.png[39m[0m
[  44% ] [90m[1m_update_scan_actions[22m | td-126-criterion-3-after.png[39m[0m
[  44% ] [90m[1m_update_scan_actions[22m | td-126-criterion-3-before.png[39m[0m
[  44% ] [90m[1m_update_scan_actions[22m | td-126-reverify-1-healthy.png[39m[0m
[  44% ] [90m[1m_update_scan_actions[22m | td-126-reverify-2-connection-lost.png[39m[0m
[  44% ] [90m[1m_update_scan_actions[22m | td-126-reverify-3-recovered.png[39m[0m
[  44% ] [90m[1m_update_scan_actions[22m | td-126-reverify-4-gaveup-results.png[39m[0m
[  44% ] [90m[1m_update_scan_actions[22m | td-127-criterion-1-guest-after.png[39m[0m
[  44% ] [90m[1m_update_scan_actions[22m | td-127-criterion-1-guest-before.png[39m[0m
[  44% ] [90m[1m_update_scan_actions[22m | td-127-criterion-1-host-after.png[39m[0m
[  45% ] [90m[1m_update_scan_actions[22m | td-127-criterion-1-host-before.png[39m[0m
[  45% ] [90m[1m_update_scan_actions[22m | blackout-2000ms.csv[39m[0m
[  45% ] [90m[1m_update_scan_actions[22m | delay-trace.csv[39m[0m
[  45% ] [90m[1m_update_scan_actions[22m | gap-300ms.csv[39m[0m
[  45% ] [90m[1m_update_scan_actions[22m | takeover-seed.csv[39m[0m
[  45% ] [90m[1m_update_scan_actions[22m | td-130-case1-after.csv[39m[0m
[  45% ] [90m[1m_update_scan_actions[22m | td-130-case1-before.csv[39m[0m
[  45% ] [90m[1m_update_scan_actions[22m | td-130-case2-after.csv[39m[0m
[  45% ] [90m[1m_update_scan_actions[22m | td-130-case2-before.csv[39m[0m
[  45% ] [90m[1m_update_scan_actions[22m | phaseB.csv[39m[0m
[  45% ] [90m[1m_update_scan_actions[22m | td-132-criterion-1-after.png[39m[0m
[  45% ] [90m[1m_update_scan_actions[22m | td-132-criterion-1-before.png[39m[0m
[  45% ] [90m[1m_update_scan_actions[22m | td-133-criterion-1-after.png[39m[0m
[  45% ] [90m[1m_update_scan_actions[22m | td-133-criterion-1-before.png[39m[0m
[  45% ] [90m[1m_update_scan_actions[22m | td-133-criterion-2-after.png[39m[0m
[  46% ] [90m[1m_update_scan_actions[22m | td-133-criterion-2-before.png[39m[0m
[  46% ] [90m[1m_update_scan_actions[22m | td-133-criterion-4-after.png[39m[0m
[  46% ] [90m[1m_update_scan_actions[22m | td-133-criterion-4-before.png[39m[0m
[  46% ] [90m[1m_update_scan_actions[22m | td-134-criterion-1-after.png[39m[0m
[  46% ] [90m[1m_update_scan_actions[22m | td-134-criterion-1-before.png[39m[0m
[  46% ] [90m[1m_update_scan_actions[22m | td-134-criterion-2-after.png[39m[0m
[  46% ] [90m[1m_update_scan_actions[22m | td-134-criterion-2-before.png[39m[0m
[  46% ] [90m[1m_update_scan_actions[22m | frame-0000.png[39m[0m
[  46% ] [90m[1m_update_scan_actions[22m | frame-0006.png[39m[0m
[  46% ] [90m[1m_update_scan_actions[22m | frame-0012.png[39m[0m
[  46% ] [90m[1m_update_scan_actions[22m | frame-0018.png[39m[0m
[  46% ] [90m[1m_update_scan_actions[22m | frame-0024.png[39m[0m
[  46% ] [90m[1m_update_scan_actions[22m | frame-0030.png[39m[0m
[  46% ] [90m[1m_update_scan_actions[22m | frame-0036.png[39m[0m
[  46% ] [90m[1m_update_scan_actions[22m | frame-0042.png[39m[0m
[  46% ] [90m[1m_update_scan_actions[22m | frame-0048.png[39m[0m
[  47% ] [90m[1m_update_scan_actions[22m | frame-0054.png[39m[0m
[  47% ] [90m[1m_update_scan_actions[22m | frame-0060.png[39m[0m
[  47% ] [90m[1m_update_scan_actions[22m | frame-0000.png[39m[0m
[  47% ] [90m[1m_update_scan_actions[22m | frame-0006.png[39m[0m
[  47% ] [90m[1m_update_scan_actions[22m | frame-0012.png[39m[0m
[  47% ] [90m[1m_update_scan_actions[22m | frame-0018.png[39m[0m
[  47% ] [90m[1m_update_scan_actions[22m | frame-0024.png[39m[0m
[  47% ] [90m[1m_update_scan_actions[22m | frame-0030.png[39m[0m
[  47% ] [90m[1m_update_scan_actions[22m | frame-0036.png[39m[0m
[  47% ] [90m[1m_update_scan_actions[22m | frame-0042.png[39m[0m
[  47% ] [90m[1m_update_scan_actions[22m | frame-0048.png[39m[0m
[  47% ] [90m[1m_update_scan_actions[22m | frame-0054.png[39m[0m
[  47% ] [90m[1m_update_scan_actions[22m | frame-0060.png[39m[0m
[  47% ] [90m[1m_update_scan_actions[22m | after-sequence-contact-sheet.png[39m[0m
[  47% ] [90m[1m_update_scan_actions[22m | before-sequence-contact-sheet.png[39m[0m
[  48% ] [90m[1m_update_scan_actions[22m | phone-stutter-trace-after.png[39m[0m
[  48% ] [90m[1m_update_scan_actions[22m | phone-stutter-trace-before.png[39m[0m
[  48% ] [90m[1m_update_scan_actions[22m | td-135-criterion-1-after.png[39m[0m
[  48% ] [90m[1m_update_scan_actions[22m | td-135-criterion-1-before.png[39m[0m
[  48% ] [90m[1m_update_scan_actions[22m | td-136-criterion-1-after.png[39m[0m
[  48% ] [90m[1m_update_scan_actions[22m | td-136-criterion-1-before.png[39m[0m
[  48% ] [90m[1m_update_scan_actions[22m | td-136-criterion-2-after.png[39m[0m
[  48% ] [90m[1m_update_scan_actions[22m | td-136-criterion-2-before.png[39m[0m
[  48% ] [90m[1m_update_scan_actions[22m | td137_ch0493.png[39m[0m
[  48% ] [90m[1m_update_scan_actions[22m | td137_ch0700.png[39m[0m
[  48% ] [90m[1m_update_scan_actions[22m | td137_ch1032.png[39m[0m
[  48% ] [90m[1m_update_scan_actions[22m | td137_ch1745.png[39m[0m
[  48% ] [90m[1m_update_scan_actions[22m | td137_ch2150.png[39m[0m
[  48% ] [90m[1m_update_scan_actions[22m | td137_ch2500.png[39m[0m
[  48% ] [90m[1m_update_scan_actions[22m | td137_ch2580.png[39m[0m
[  49% ] [90m[1m_update_scan_actions[22m | td137_ch0493.png[39m[0m
[  49% ] [90m[1m_update_scan_actions[22m | td137_ch0700.png[39m[0m
[  49% ] [90m[1m_update_scan_actions[22m | td137_ch1032.png[39m[0m
[  49% ] [90m[1m_update_scan_actions[22m | td137_ch1745.png[39m[0m
[  49% ] [90m[1m_update_scan_actions[22m | td137_ch2150.png[39m[0m
[  49% ] [90m[1m_update_scan_actions[22m | td137_ch2500.png[39m[0m
[  49% ] [90m[1m_update_scan_actions[22m | td137_ch2580.png[39m[0m
[  49% ] [90m[1m_update_scan_actions[22m | ref-01-night-exit-gore.jpg[39m[0m
[  49% ] [90m[1m_update_scan_actions[22m | ref-02-day-aerial-jct.jpg[39m[0m
[  49% ] [90m[1m_update_scan_actions[22m | ref-03-day-split-gore.jpg[39m[0m
[  49% ] [90m[1m_update_scan_actions[22m | ref-04-day-overhead-jct-signs.jpg[39m[0m
[  49% ] [90m[1m_update_scan_actions[22m | ref-05-night-jct-crash-cushion.jpg[39m[0m
[  49% ] [90m[1m_update_scan_actions[22m | before-after-ch493-aerial.png[39m[0m
[  49% ] [90m[1m_update_scan_actions[22m | before-after-ch493-chase.png[39m[0m
[  49% ] [90m[1m_update_scan_actions[22m | before-after-ch1032-aerial.png[39m[0m
[  50% ] [90m[1m_update_scan_actions[22m | before-after-ch1032-chase.png[39m[0m
[  50% ] [90m[1m_update_scan_actions[22m | before-after-ch1745-aerial.png[39m[0m
[  50% ] [90m[1m_update_scan_actions[22m | before-after-ch1745-chase.png[39m[0m
[  50% ] [90m[1m_update_scan_actions[22m | before-after-ch2150-aerial.png[39m[0m
[  50% ] [90m[1m_update_scan_actions[22m | before-after-ch2150-chase.png[39m[0m
[  50% ] [90m[1m_update_scan_actions[22m | triptych-ch493.png[39m[0m
[  50% ] [90m[1m_update_scan_actions[22m | triptych-ch1032.png[39m[0m
[  50% ] [90m[1m_update_scan_actions[22m | triptych-ch1745.png[39m[0m
[  50% ] [90m[1m_update_scan_actions[22m | triptych-ch2150.png[39m[0m
[  50% ] [90m[1m_update_scan_actions[22m | td-137-criterion-1-after.png[39m[0m
[  50% ] [90m[1m_update_scan_actions[22m | td-137-criterion-1-before.png[39m[0m
[  50% ] [90m[1m_update_scan_actions[22m | td-137-criterion-2-after.png[39m[0m
[  50% ] [90m[1m_update_scan_actions[22m | td-137-criterion-2-before.png[39m[0m
[  50% ] [90m[1m_update_scan_actions[22m | td-137-criterion-3-after.png[39m[0m
[  50% ] [90m[1m_update_scan_actions[22m | td-137-criterion-3-before.png[39m[0m
[  51% ] [90m[1m_update_scan_actions[22m | mock-front.png[39m[0m
[  51% ] [90m[1m_update_scan_actions[22m | mock-rear.png[39m[0m
[  51% ] [90m[1m_update_scan_actions[22m | mock-side.png[39m[0m
[  51% ] [90m[1m_update_scan_actions[22m | mock-three-quarter.png[39m[0m
[  51% ] [90m[1m_update_scan_actions[22m | reference_real_1.jpg[39m[0m
[  51% ] [90m[1m_update_scan_actions[22m | reference_real_2.jpg[39m[0m
[  51% ] [90m[1m_update_scan_actions[22m | mock-downtown_facade.png[39m[0m
[  51% ] [90m[1m_update_scan_actions[22m | mock-gantry.png[39m[0m
[  51% ] [90m[1m_update_scan_actions[22m | mock-shotengai_storefront.png[39m[0m
[  51% ] [90m[1m_update_scan_actions[22m | mock-tokyo-tower.png[39m[0m
[  51% ] [90m[1m_update_scan_actions[22m | mock-tree.png[39m[0m
[  51% ] [90m[1m_update_scan_actions[22m | ref-gantry.jpg[39m[0m
[  51% ] [90m[1m_update_scan_actions[22m | ref-signs-downtown.jpg[39m[0m
[  51% ] [90m[1m_update_scan_actions[22m | ref-signs-shotengai.jpg[39m[0m
[  51% ] [90m[1m_update_scan_actions[22m | ref-tokyo-tower-night.jpg[39m[0m
[  52% ] [90m[1m_update_scan_actions[22m | ref-tree-night.jpg[39m[0m
[  52% ] [90m[1m_update_scan_actions[22m | td-139-gantry-side-clearance.png[39m[0m
[  52% ] [90m[1m_update_scan_actions[22m | td-139-gantry-triptych-final.png[39m[0m
[  52% ] [90m[1m_update_scan_actions[22m | td-139-signs-downtown-final.png[39m[0m
[  52% ] [90m[1m_update_scan_actions[22m | td-139-signs-shotengai-final.png[39m[0m
[  52% ] [90m[1m_update_scan_actions[22m | td-139-tower-triptych-final.png[39m[0m
[  52% ] [90m[1m_update_scan_actions[22m | td-139-tree-triptych-final.png[39m[0m
[  52% ] [90m[1m_update_scan_actions[22m | td-140-hud-before-after.png[39m[0m
[  52% ] [90m[1m_update_scan_actions[22m | td-140-hud-triptych.png[39m[0m
[  52% ] [90m[1m_update_scan_actions[22m | td-140-loading-before-after.png[39m[0m
[  52% ] [90m[1m_update_scan_actions[22m | td-140-loading-triptych.png[39m[0m
[  52% ] [90m[1m_update_scan_actions[22m | td-140-lobby-host-before-after.png[39m[0m
[  52% ] [90m[1m_update_scan_actions[22m | td-140-lobby-host-triptych.png[39m[0m
[  52% ] [90m[1m_update_scan_actions[22m | td-140-lobby-join-before-after.png[39m[0m
[  52% ] [90m[1m_update_scan_actions[22m | td-140-lobby-join-triptych.png[39m[0m
[  53% ] [90m[1m_update_scan_actions[22m | td-140-main-menu-before-after.png[39m[0m
[  53% ] [90m[1m_update_scan_actions[22m | td-140-main-menu-triptych.png[39m[0m
[  53% ] [90m[1m_update_scan_actions[22m | td-140-pause-before-after.png[39m[0m
[  53% ] [90m[1m_update_scan_actions[22m | td-140-pause-triptych.png[39m[0m
[  53% ] [90m[1m_update_scan_actions[22m | td-140-results-before-after.png[39m[0m
[  53% ] [90m[1m_update_scan_actions[22m | td-140-results-triptych.png[39m[0m
[  53% ] [90m[1m_update_scan_actions[22m | triptych-boxtruck.png[39m[0m
[  53% ] [90m[1m_update_scan_actions[22m | triptych-bus.png[39m[0m
[  53% ] [90m[1m_update_scan_actions[22m | triptych-coupe.png[39m[0m
[  53% ] [90m[1m_update_scan_actions[22m | triptych-hatchback.png[39m[0m
[  53% ] [90m[1m_update_scan_actions[22m | triptych-keicar.png[39m[0m
[  53% ] [90m[1m_update_scan_actions[22m | triptych-luxury.png[39m[0m
[  53% ] [90m[1m_update_scan_actions[22m | triptych-minivan.png[39m[0m
[  53% ] [90m[1m_update_scan_actions[22m | triptych-pickup.png[39m[0m
[  53% ] [90m[1m_update_scan_actions[22m | triptych-sedan.png[39m[0m
[  53% ] [90m[1m_update_scan_actions[22m | triptych-suv.png[39m[0m
[  54% ] [90m[1m_update_scan_actions[22m | triptych-van.png[39m[0m
[  54% ] [90m[1m_update_scan_actions[22m | triptych-wagon.png[39m[0m
[  54% ] [90m[1m_update_scan_actions[22m | td-147-footprint.svg[39m[0m
[  54% ] [90m[1m_update_scan_actions[22m | td-149-criterion-1-after.png[39m[0m
[  54% ] [90m[1m_update_scan_actions[22m | td-149-criterion-1-before.png[39m[0m
[  54% ] [90m[1m_update_scan_actions[22m | td-149-criterion-2-after.png[39m[0m
[  54% ] [90m[1m_update_scan_actions[22m | td-149-criterion-2-before.png[39m[0m
[  54% ] [90m[1m_update_scan_actions[22m | td-149-criterion-3-after.png[39m[0m
[  54% ] [90m[1m_update_scan_actions[22m | td-149-criterion-3-before.png[39m[0m
[  54% ] [90m[1m_update_scan_actions[22m | td-149-wheel-spin-t2.png[39m[0m
[  54% ] [90m[1m_update_scan_actions[22m | loading-art-v1.png[39m[0m
[  54% ] [90m[1m_update_scan_actions[22m | td-150-criterion-1-after.png[39m[0m
[  54% ] [90m[1m_update_scan_actions[22m | td-150-criterion-1-before.png[39m[0m
[  54% ] [90m[1m_update_scan_actions[22m | warmup-coverage.png[39m[0m
[  54% ] [90m[1m_update_scan_actions[22m | td-152-headon-before-after.png[39m[0m
[  55% ] [90m[1m_update_scan_actions[22m | mock-diagram.png[39m[0m
[  55% ] [90m[1m_update_scan_actions[22m | triptych-c1-front34.png[39m[0m
[  55% ] [90m[1m_update_scan_actions[22m | triptych-c2-side.png[39m[0m
[  55% ] [90m[1m_update_scan_actions[22m | triptych-c3-rear34.png[39m[0m
[  55% ] [90m[1m_update_scan_actions[22m | triptych-c4-darkfront.png[39m[0m
[  55% ] [90m[1m_update_scan_actions[22m | boxtruck-after.png[39m[0m
[  55% ] [90m[1m_update_scan_actions[22m | boxtruck-before.png[39m[0m
[  55% ] [90m[1m_update_scan_actions[22m | bus-after.png[39m[0m
[  55% ] [90m[1m_update_scan_actions[22m | bus-before.png[39m[0m
[  55% ] [90m[1m_update_scan_actions[22m | coupe-after.png[39m[0m
[  55% ] [90m[1m_update_scan_actions[22m | coupe-before.png[39m[0m
[  55% ] [90m[1m_update_scan_actions[22m | hatchback-after.png[39m[0m
[  55% ] [90m[1m_update_scan_actions[22m | hatchback-before.png[39m[0m
[  55% ] [90m[1m_update_scan_actions[22m | keicar-after.png[39m[0m
[  55% ] [90m[1m_update_scan_actions[22m | keicar-before.png[39m[0m
[  56% ] [90m[1m_update_scan_actions[22m | luxury-after.png[39m[0m
[  56% ] [90m[1m_update_scan_actions[22m | luxury-before.png[39m[0m
[  56% ] [90m[1m_update_scan_actions[22m | minivan-after.png[39m[0m
[  56% ] [90m[1m_update_scan_actions[22m | minivan-before.png[39m[0m
[  56% ] [90m[1m_update_scan_actions[22m | pickup-after.png[39m[0m
[  56% ] [90m[1m_update_scan_actions[22m | pickup-before.png[39m[0m
[  56% ] [90m[1m_update_scan_actions[22m | sedan-after.png[39m[0m
[  56% ] [90m[1m_update_scan_actions[22m | sedan-before.png[39m[0m
[  56% ] [90m[1m_update_scan_actions[22m | suv-after.png[39m[0m
[  56% ] [90m[1m_update_scan_actions[22m | suv-before.png[39m[0m
[  56% ] [90m[1m_update_scan_actions[22m | van-after.png[39m[0m
[  56% ] [90m[1m_update_scan_actions[22m | van-before.png[39m[0m
[  56% ] [90m[1m_update_scan_actions[22m | wagon-after.png[39m[0m
[  56% ] [90m[1m_update_scan_actions[22m | wagon-before.png[39m[0m
[  56% ] [90m[1m_update_scan_actions[22m | td-156-cama-after.png[39m[0m
[  57% ] [90m[1m_update_scan_actions[22m | td-156-cama-before.png[39m[0m
[  57% ] [90m[1m_update_scan_actions[22m | td-156-cama-outline.png[39m[0m
[  57% ] [90m[1m_update_scan_actions[22m | td-156-camb-after.png[39m[0m
[  57% ] [90m[1m_update_scan_actions[22m | td-156-camb-before.png[39m[0m
[  57% ] [90m[1m_update_scan_actions[22m | td-157-asphalt-comparison.png[39m[0m
[  57% ] [90m[1m_update_scan_actions[22m | td-157-facA-comparison.png[39m[0m
[  57% ] [90m[1m_update_scan_actions[22m | td-157-facB-comparison.png[39m[0m
[  57% ] [90m[1m_update_scan_actions[22m | td-157-facC-comparison.png[39m[0m
[  57% ] [90m[1m_update_scan_actions[22m | td-157-sidewalk-comparison.png[39m[0m
[  57% ] [90m[1m_update_scan_actions[22m | td-158-2-beauty-after.png[39m[0m
[  57% ] [90m[1m_update_scan_actions[22m | td-158-2-beauty-before.png[39m[0m
[  57% ] [90m[1m_update_scan_actions[22m | td-158-2-chase-after.png[39m[0m
[  57% ] [90m[1m_update_scan_actions[22m | td-158-2-chase-before.png[39m[0m
[  57% ] [90m[1m_update_scan_actions[22m | td-160-after-flat.png[39m[0m
[  57% ] [90m[1m_update_scan_actions[22m | td-160-after.png[39m[0m
[  58% ] [90m[1m_update_scan_actions[22m | td-160-bake-Mat_Car_Body.png[39m[0m
[  58% ] [90m[1m_update_scan_actions[22m | td-160-bake-Mat_Wheel.png[39m[0m
[  58% ] [90m[1m_update_scan_actions[22m | td-160-before.png[39m[0m
[  58% ] [90m[1m_update_scan_actions[22m | 2d-mock-pole-kit.png[39m[0m
[  58% ] [90m[1m_update_scan_actions[22m | after_chase.png[39m[0m
[  58% ] [90m[1m_update_scan_actions[22m | after_plate_closeup.png[39m[0m
[  58% ] [90m[1m_update_scan_actions[22m | after_street.png[39m[0m
[  58% ] [90m[1m_update_scan_actions[22m | after_wide.png[39m[0m
[  58% ] [90m[1m_update_scan_actions[22m | before_chase.png[39m[0m
[  58% ] [90m[1m_update_scan_actions[22m | before_street.png[39m[0m
[  58% ] [90m[1m_update_scan_actions[22m | before_wide.png[39m[0m
[  58% ] [90m[1m_update_scan_actions[22m | mock_pole_transformer.png[39m[0m
[  58% ] [90m[1m_update_scan_actions[22m | td-163-chase-pair.png[39m[0m
[  58% ] [90m[1m_update_scan_actions[22m | td-163-street-pair.png[39m[0m
[  58% ] [90m[1m_update_scan_actions[22m | td-163-triptych.png[39m[0m
[  59% ] [90m[1m_update_scan_actions[22m | td-163-wide-pair.png[39m[0m
[  59% ] [90m[1m_update_scan_actions[22m | before_after_commercial-a.png[39m[0m
[  59% ] [90m[1m_update_scan_actions[22m | before_after_commercial-b.png[39m[0m
[  59% ] [90m[1m_update_scan_actions[22m | before_after_commercial-chase.png[39m[0m
[  59% ] [90m[1m_update_scan_actions[22m | triptych_signage.png[39m[0m
[  59% ] [90m[1m_update_scan_actions[22m | mock_2d.png[39m[0m
[  59% ] [90m[1m_update_scan_actions[22m | td-165-bank-after.png[39m[0m
[  59% ] [90m[1m_update_scan_actions[22m | td-165-bank-before.png[39m[0m
[  59% ] [90m[1m_update_scan_actions[22m | td-165-booth-after.png[39m[0m
[  59% ] [90m[1m_update_scan_actions[22m | td-165-booth-before.png[39m[0m
[  59% ] [90m[1m_update_scan_actions[22m | td-165-wide-after.png[39m[0m
[  59% ] [90m[1m_update_scan_actions[22m | triptych_bank.png[39m[0m
[  59% ] [90m[1m_update_scan_actions[22m | triptych_booth.png[39m[0m
[  59% ] [90m[1m_update_scan_actions[22m | td-168-jizo-hokora-after.png[39m[0m
[  59% ] [90m[1m_update_scan_actions[22m | td-168-jizo-hokora-before.png[39m[0m
[  60% ] [90m[1m_update_scan_actions[22m | td-168-jizo-shed-after.png[39m[0m
[  60% ] [90m[1m_update_scan_actions[22m | td-168-jizo-shed-before.png[39m[0m
[  60% ] [90m[1m_update_scan_actions[22m | td-168-koban-brick-after.png[39m[0m
[  60% ] [90m[1m_update_scan_actions[22m | td-168-koban-brick-before.png[39m[0m
[  60% ] [90m[1m_update_scan_actions[22m | td-168-koban-concrete-after.png[39m[0m
[  60% ] [90m[1m_update_scan_actions[22m | td-168-koban-concrete-before.png[39m[0m
[  60% ] [90m[1m_update_scan_actions[22m | td-168-sento-chimney-closeup.png[39m[0m
[  60% ] [90m[1m_update_scan_actions[22m | td-168-sento-front-after.png[39m[0m
[  60% ] [90m[1m_update_scan_actions[22m | td-168-sento-front-before.png[39m[0m
[  60% ] [90m[1m_update_scan_actions[22m | td-168-sento-noren-closeup.png[39m[0m
[  60% ] [90m[1m_update_scan_actions[22m | td-168-sento-wide-after.png[39m[0m
[  60% ] [90m[1m_update_scan_actions[22m | td-168-sento-wide-before.png[39m[0m
[  60% ] [90m[1m_update_scan_actions[22m | triptych-jizo-hokora.png[39m[0m
[  60% ] [90m[1m_update_scan_actions[22m | triptych-jizo-shed.png[39m[0m
[  60% ] [90m[1m_update_scan_actions[22m | triptych-koban-brick.png[39m[0m
[  61% ] [90m[1m_update_scan_actions[22m | triptych-koban-concrete.png[39m[0m
[  61% ] [90m[1m_update_scan_actions[22m | triptych-sento.png[39m[0m
[  61% ] [90m[1m_update_scan_actions[22m | after_driver.png[39m[0m
[  61% ] [90m[1m_update_scan_actions[22m | after_shopfront.png[39m[0m
[  61% ] [90m[1m_update_scan_actions[22m | before_driver.png[39m[0m
[  61% ] [90m[1m_update_scan_actions[22m | before_shopfront.png[39m[0m
[  61% ] [90m[1m_update_scan_actions[22m | mock_awning_kit.png[39m[0m
[  61% ] [90m[1m_update_scan_actions[22m | reference_shotengai.jpg[39m[0m
[  61% ] [90m[1m_update_scan_actions[22m | triptych-kit.png[39m[0m
[  61% ] [90m[1m_update_scan_actions[22m | variant_retracted.png[39m[0m
[  61% ] [90m[1m_update_scan_actions[22m | variant_worn.png[39m[0m
[  61% ] [90m[1m_update_scan_actions[22m | after-chase-cam.png[39m[0m
[  61% ] [90m[1m_update_scan_actions[22m | after-country-halt.png[39m[0m
[  61% ] [90m[1m_update_scan_actions[22m | after-gate-row.png[39m[0m
[  61% ] [90m[1m_update_scan_actions[22m | after-station-front.png[39m[0m
[  61% ] [90m[1m_update_scan_actions[22m | before-chase-cam.png[39m[0m
[  62% ] [90m[1m_update_scan_actions[22m | before-country-halt.png[39m[0m
[  62% ] [90m[1m_update_scan_actions[22m | before-gate-row.png[39m[0m
[  62% ] [90m[1m_update_scan_actions[22m | before-station-front.png[39m[0m
[  62% ] [90m[1m_update_scan_actions[22m | chase-cam.png[39m[0m
[  62% ] [90m[1m_update_scan_actions[22m | country-halt.png[39m[0m
[  62% ] [90m[1m_update_scan_actions[22m | gate-row.png[39m[0m
[  62% ] [90m[1m_update_scan_actions[22m | station-front.png[39m[0m
[  62% ] [90m[1m_update_scan_actions[22m | td173-triptych.png[39m[0m
[  62% ] [90m[1m_update_scan_actions[22m | after-td-174-chasecam.png[39m[0m
[  62% ] [90m[1m_update_scan_actions[22m | after-td-174-forecourt-near.png[39m[0m
[  62% ] [90m[1m_update_scan_actions[22m | after-td-174-forecourt-wide.png[39m[0m
[  62% ] [90m[1m_update_scan_actions[22m | after-td-174-triptych-near.png[39m[0m
[  62% ] [90m[1m_update_scan_actions[22m | after-td-174-triptych-wide.png[39m[0m
[  62% ] [90m[1m_update_scan_actions[22m | before-td-174-chasecam.png[39m[0m
[  62% ] [90m[1m_update_scan_actions[22m | before-td-174-forecourt-near.png[39m[0m
[  63% ] [90m[1m_update_scan_actions[22m | before-td-174-forecourt-wide.png[39m[0m
[  63% ] [90m[1m_update_scan_actions[22m | enamel-closeup.png[39m[0m
[  63% ] [90m[1m_update_scan_actions[22m | fascia-road.png[39m[0m
[  63% ] [90m[1m_update_scan_actions[22m | kiosk.png[39m[0m
[  63% ] [90m[1m_update_scan_actions[22m | priceboard-close.png[39m[0m
[  63% ] [90m[1m_update_scan_actions[22m | priceboard.png[39m[0m
[  63% ] [90m[1m_update_scan_actions[22m | station-wide.png[39m[0m
[  63% ] [90m[1m_update_scan_actions[22m | chase.png[39m[0m
[  63% ] [90m[1m_update_scan_actions[22m | wide.png[39m[0m
[  63% ] [90m[1m_update_scan_actions[22m | after_bridge_end_left.png[39m[0m
[  63% ] [90m[1m_update_scan_actions[22m | before_bridge_end_left.png[39m[0m
[  63% ] [90m[1m_update_scan_actions[22m | td-178-before.png[39m[0m
[  63% ] [90m[1m_update_scan_actions[22m | td-178-critical.png[39m[0m
[  63% ] [90m[1m_update_scan_actions[22m | td-178-ghost.png[39m[0m
[  63% ] [90m[1m_update_scan_actions[22m | td-178-impact.png[39m[0m
[  64% ] [90m[1m_update_scan_actions[22m | td-178-ingame-before.png[39m[0m
[  64% ] [90m[1m_update_scan_actions[22m | td-178-ingame-ghost.png[39m[0m
[  64% ] [90m[1m_update_scan_actions[22m | td-178-ingame-hud.png[39m[0m
[  64% ] [90m[1m_update_scan_actions[22m | td-178-ingame-impact.png[39m[0m
[  64% ] [90m[1m_update_scan_actions[22m | td-178-ingame-shake2.png[39m[0m
[  64% ] [90m[1m_update_scan_actions[22m | td-178-ingame-sparks.png[39m[0m
[  64% ] [90m[1m_update_scan_actions[22m | td-178-mp-hud.png[39m[0m
[  64% ] [90m[1m_update_scan_actions[22m | td-178-mp-impact.png[39m[0m
[  64% ] [90m[1m_update_scan_actions[22m | td-178-settled.png[39m[0m
[  64% ] [90m[1m_update_scan_actions[22m | td-178-sparks.png[39m[0m
[  64% ] [90m[1m_update_scan_actions[22m | td-188-approach.png[39m[0m
[  64% ] [90m[1m_update_scan_actions[22m | td-188-hit-zoom.png[39m[0m
[  64% ] [90m[1m_update_scan_actions[22m | td-188-hit.png[39m[0m
[  64% ] [90m[1m_update_scan_actions[22m | td-188-walkers.png[39m[0m
[  64% ] [90m[1m_update_scan_actions[22m | car-lineup.png[39m[0m
[  65% ] [90m[1m_update_scan_actions[22m | car-sedan-front34.png[39m[0m
[  65% ] [90m[1m_update_scan_actions[22m | car-sedan-rear34.png[39m[0m
[  65% ] [90m[1m_update_scan_actions[22m | car-sedan-side.png[39m[0m
[  65% ] [90m[1m_update_scan_actions[22m | car-taxi-front34.png[39m[0m
[  65% ] [90m[1m_update_scan_actions[22m | car-taxi-rear34.png[39m[0m
[  65% ] [90m[1m_update_scan_actions[22m | car-taxi-side.png[39m[0m
[  65% ] [90m[1m_update_scan_actions[22m | car-truck-front34.png[39m[0m
[  65% ] [90m[1m_update_scan_actions[22m | car-truck-rear34.png[39m[0m
[  65% ] [90m[1m_update_scan_actions[22m | car-truck-side.png[39m[0m
[  65% ] [90m[1m_update_scan_actions[22m | td189-brake-approach.png[39m[0m
[  65% ] [90m[1m_update_scan_actions[22m | td189-brake-braking.png[39m[0m
[  65% ] [90m[1m_update_scan_actions[22m | td189-brake-stopped.png[39m[0m
[  65% ] [90m[1m_update_scan_actions[22m | td190-01-establishing.png[39m[0m
[  65% ] [90m[1m_update_scan_actions[22m | td190-02-wanted1.png[39m[0m
[  65% ] [90m[1m_update_scan_actions[22m | td190-03-pursuit.png[39m[0m
[  66% ] [90m[1m_update_scan_actions[22m | td190-04-busted.png[39m[0m
[  66% ] [90m[1m_update_scan_actions[22m | td190-05-decay.png[39m[0m
[  66% ] [90m[1m_update_scan_actions[22m | td-194-c1-popin-after.png[39m[0m
[  66% ] [90m[1m_update_scan_actions[22m | td-194-c1-popin-before.png[39m[0m
[  66% ] [90m[1m_update_scan_actions[22m | td-194-density-t30.png[39m[0m
[  66% ] [90m[1m_update_scan_actions[22m | td-194-density-t90.png[39m[0m
[  66% ] [90m[1m_update_scan_actions[22m | td-194-density-t150.png[39m[0m
[  66% ] [90m[1m_update_scan_actions[22m | td-194-density-traffic.png[39m[0m
[  66% ] [90m[1m_update_scan_actions[22m | after-td-195-A-approach.png[39m[0m
[  66% ] [90m[1m_update_scan_actions[22m | after-td-195-A-result.png[39m[0m
[  66% ] [90m[1m_update_scan_actions[22m | after-td-195-B-approach.png[39m[0m
[  66% ] [90m[1m_update_scan_actions[22m | after-td-195-B-result.png[39m[0m
[  66% ] [90m[1m_update_scan_actions[22m | after-td-195-C-beauty.png[39m[0m
[  66% ] [90m[1m_update_scan_actions[22m | before-td-195-A-approach.png[39m[0m
[  66% ] [90m[1m_update_scan_actions[22m | before-td-195-A-result.png[39m[0m
[  67% ] [90m[1m_update_scan_actions[22m | before-td-195-B-approach.png[39m[0m
[  67% ] [90m[1m_update_scan_actions[22m | before-td-195-B-result.png[39m[0m
[  67% ] [90m[1m_update_scan_actions[22m | before-td-195-C-beauty.png[39m[0m
[  67% ] [90m[1m_update_scan_actions[22m | td-196-1-bump.png[39m[0m
[  67% ] [90m[1m_update_scan_actions[22m | td-196-2-banner.png[39m[0m
[  67% ] [90m[1m_update_scan_actions[22m | td-196-3-banner-hold.png[39m[0m
[  67% ] [90m[1m_update_scan_actions[22m | td-196-4-released.png[39m[0m
[  67% ] [90m[1m_update_scan_actions[22m | td-203-1-driving-minimap-after.png[39m[0m
[  67% ] [90m[1m_update_scan_actions[22m | td-203-1-driving-minimap-before.png[39m[0m
[  67% ] [90m[1m_update_scan_actions[22m | td-203-2-minimap-collapsed-after.png[39m[0m
[  67% ] [90m[1m_update_scan_actions[22m | td-203-3-compass-north-after.png[39m[0m
[  67% ] [90m[1m_update_scan_actions[22m | td-203-3-compass-north-before.png[39m[0m
[  67% ] [90m[1m_update_scan_actions[22m | td-203-4-target-pickup-after.png[39m[0m
[  67% ] [90m[1m_update_scan_actions[22m | td-203-4-target-pickup-before.png[39m[0m
[  67% ] [90m[1m_update_scan_actions[22m | td-203-5-target-dropoff-after.png[39m[0m
[  68% ] [90m[1m_update_scan_actions[22m | td-203-6-largemap-player-after.png[39m[0m
[  68% ] [90m[1m_update_scan_actions[22m | td-203-6-largemap-player-before.png[39m[0m
[  68% ] [90m[1m_update_scan_actions[22m | td-203-7-expand-opens-largemap-after.png[39m[0m
[  68% ] [90m[1m_update_scan_actions[22m | td-204-1-ok.png[39m[0m
[  68% ] [90m[1m_update_scan_actions[22m | td-204-2-critical.png[39m[0m
[  68% ] [90m[1m_update_scan_actions[22m | td-204-2-damaged.png[39m[0m
[  68% ] [90m[1m_update_scan_actions[22m | td-204-2-hitafter.png[39m[0m
[  68% ] [90m[1m_update_scan_actions[22m | td-204-2-hitbefore.png[39m[0m
[  68% ] [90m[1m_update_scan_actions[22m | td-204-3-failed.png[39m[0m
[  68% ] [90m[1m_update_scan_actions[22m | td-204-3-prefail.png[39m[0m
[  68% ] [90m[1m_update_scan_actions[22m | td-204-1-ok.png[39m[0m
[  68% ] [90m[1m_update_scan_actions[22m | td-204-2-critical.png[39m[0m
[  68% ] [90m[1m_update_scan_actions[22m | td-204-2-damaged.png[39m[0m
[  68% ] [90m[1m_update_scan_actions[22m | td-204-2-hitafter.png[39m[0m
[  68% ] [90m[1m_update_scan_actions[22m | td-204-2-hitbefore.png[39m[0m
[  69% ] [90m[1m_update_scan_actions[22m | td-204-3-failed.png[39m[0m
[  69% ] [90m[1m_update_scan_actions[22m | td-204-3-prefail.png[39m[0m
[  69% ] [90m[1m_update_scan_actions[22m | td-205-criterion-1-after.png[39m[0m
[  69% ] [90m[1m_update_scan_actions[22m | td-205-criterion-1-before.png[39m[0m
[  69% ] [90m[1m_update_scan_actions[22m | td-205-criterion-2-after.png[39m[0m
[  69% ] [90m[1m_update_scan_actions[22m | td-205-criterion-2-before.png[39m[0m
[  69% ] [90m[1m_update_scan_actions[22m | td-205-criterion-2b-after.png[39m[0m
[  69% ] [90m[1m_update_scan_actions[22m | td-205-criterion-3-after.png[39m[0m
[  69% ] [90m[1m_update_scan_actions[22m | td-205-criterion-3-before.png[39m[0m
[  69% ] [90m[1m_update_scan_actions[22m | td-205-criterion-4a-after.png[39m[0m
[  69% ] [90m[1m_update_scan_actions[22m | td-205-criterion-4a-before.png[39m[0m
[  69% ] [90m[1m_update_scan_actions[22m | td-205-criterion-4b-after.png[39m[0m
[  69% ] [90m[1m_update_scan_actions[22m | td-205-criterion-4b-before.png[39m[0m
[  69% ] [90m[1m_update_scan_actions[22m | quay_east-approach.png[39m[0m
[  69% ] [90m[1m_update_scan_actions[22m | quay_east-wide.png[39m[0m
[  69% ] [90m[1m_update_scan_actions[22m | quay_west-approach.png[39m[0m
[  70% ] [90m[1m_update_scan_actions[22m | quay_west-wide.png[39m[0m
[  70% ] [90m[1m_update_scan_actions[22m | quay_east-approach.png[39m[0m
[  70% ] [90m[1m_update_scan_actions[22m | quay_east-wide.png[39m[0m
[  70% ] [90m[1m_update_scan_actions[22m | quay_west-approach.png[39m[0m
[  70% ] [90m[1m_update_scan_actions[22m | quay_west-wide.png[39m[0m
[  70% ] [90m[1m_update_scan_actions[22m | quay_east-approach.png[39m[0m
[  70% ] [90m[1m_update_scan_actions[22m | quay_east-wide.png[39m[0m
[  70% ] [90m[1m_update_scan_actions[22m | quay_west-approach.png[39m[0m
[  70% ] [90m[1m_update_scan_actions[22m | quay_west-wide.png[39m[0m
[  70% ] [90m[1m_update_scan_actions[22m | quay_east-approach.png[39m[0m
[  70% ] [90m[1m_update_scan_actions[22m | quay_east-wide.png[39m[0m
[  70% ] [90m[1m_update_scan_actions[22m | quay_west-approach.png[39m[0m
[  70% ] [90m[1m_update_scan_actions[22m | quay_west-wide.png[39m[0m
[  70% ] [90m[1m_update_scan_actions[22m | quay_east-approach.png[39m[0m
[  70% ] [90m[1m_update_scan_actions[22m | quay_east-wide.png[39m[0m
[  71% ] [90m[1m_update_scan_actions[22m | quay_west-approach.png[39m[0m
[  71% ] [90m[1m_update_scan_actions[22m | quay_west-wide.png[39m[0m
[  71% ] [90m[1m_update_scan_actions[22m | empty-tow-confirm.png[39m[0m
[  71% ] [90m[1m_update_scan_actions[22m | fuel-game-over.png[39m[0m
[  71% ] [90m[1m_update_scan_actions[22m | landscape-confirm.png[39m[0m
[  71% ] [90m[1m_update_scan_actions[22m | landscape-low-range.png[39m[0m
[  71% ] [90m[1m_update_scan_actions[22m | landscape-paid.png[39m[0m
[  71% ] [90m[1m_update_scan_actions[22m | portrait-confirm.png[39m[0m
[  71% ] [90m[1m_update_scan_actions[22m | portrait-low-range.png[39m[0m
[  71% ] [90m[1m_update_scan_actions[22m | portrait-paid.png[39m[0m
[  71% ] [90m[1m_update_scan_actions[22m | wreck-game-over.png[39m[0m
[  71% ] [90m[1m_update_scan_actions[22m | wreck-salvage-confirm.png[39m[0m
[  71% ] [90m[1m_update_scan_actions[22m | escape.png[39m[0m
[  71% ] [90m[1m_update_scan_actions[22m | landscape-safe.png[39m[0m
[  71% ] [90m[1m_update_scan_actions[22m | portrait-safe.png[39m[0m
[  72% ] [90m[1m_update_scan_actions[22m | quote.png[39m[0m
[  72% ] [90m[1m_update_scan_actions[22m | tab-cancel.png[39m[0m
[  72% ] [90m[1m_update_scan_actions[22m | tab-quote.png[39m[0m
[  72% ] [90m[1m_update_scan_actions[22m | escape.png[39m[0m
[  72% ] [90m[1m_update_scan_actions[22m | quote.png[39m[0m
[  72% ] [90m[1m_update_scan_actions[22m | tab-cancel.png[39m[0m
[  72% ] [90m[1m_update_scan_actions[22m | tab-quote.png[39m[0m
[  72% ] [90m[1m_update_scan_actions[22m | landscape-confirm.png[39m[0m
[  72% ] [90m[1m_update_scan_actions[22m | landscape-paid.png[39m[0m
[  72% ] [90m[1m_update_scan_actions[22m | landscape-reloaded.png[39m[0m
[  72% ] [90m[1m_update_scan_actions[22m | landscape-second-paid.png[39m[0m
[  72% ] [90m[1m_update_scan_actions[22m | portrait-confirm.png[39m[0m
[  72% ] [90m[1m_update_scan_actions[22m | portrait-range.png[39m[0m
[  72% ] [90m[1m_update_scan_actions[22m | escape.png[39m[0m
[  72% ] [90m[1m_update_scan_actions[22m | quote.png[39m[0m
[  73% ] [90m[1m_update_scan_actions[22m | tab-cancel.png[39m[0m
[  73% ] [90m[1m_update_scan_actions[22m | tab-quote.png[39m[0m
[  73% ] [90m[1m_update_scan_actions[22m | escape.png[39m[0m
[  73% ] [90m[1m_update_scan_actions[22m | landscape-safe.png[39m[0m
[  73% ] [90m[1m_update_scan_actions[22m | portrait-safe.png[39m[0m
[  73% ] [90m[1m_update_scan_actions[22m | quote.png[39m[0m
[  73% ] [90m[1m_update_scan_actions[22m | tab-cancel.png[39m[0m
[  73% ] [90m[1m_update_scan_actions[22m | tab-quote.png[39m[0m
[  73% ] [90m[1m_update_scan_actions[22m | landscape-busted.png[39m[0m
[  73% ] [90m[1m_update_scan_actions[22m | landscape-cleared.png[39m[0m
[  73% ] [90m[1m_update_scan_actions[22m | landscape-fill-quote.png[39m[0m
[  73% ] [90m[1m_update_scan_actions[22m | landscape-gig-active.png[39m[0m
[  73% ] [90m[1m_update_scan_actions[22m | landscape-gig-pickup.png[39m[0m
[  73% ] [90m[1m_update_scan_actions[22m | landscape-gig-settled.png[39m[0m
[  73% ] [90m[1m_update_scan_actions[22m | landscape-idle.png[39m[0m
[  74% ] [90m[1m_update_scan_actions[22m | landscape-insufficient-fill.png[39m[0m
[  74% ] [90m[1m_update_scan_actions[22m | landscape-insufficient-home.png[39m[0m
[  74% ] [90m[1m_update_scan_actions[22m | landscape-pedestrian-low-balance.png[39m[0m
[  74% ] [90m[1m_update_scan_actions[22m | landscape-run-over.png[39m[0m
[  74% ] [90m[1m_update_scan_actions[22m | landscape-salvage-quote.png[39m[0m
[  74% ] [90m[1m_update_scan_actions[22m | landscape-tow-quote.png[39m[0m
[  74% ] [90m[1m_update_scan_actions[22m | landscape-vehicle-low-range.png[39m[0m
[  74% ] [90m[1m_update_scan_actions[22m | portrait-busted.png[39m[0m
[  74% ] [90m[1m_update_scan_actions[22m | portrait-cleared.png[39m[0m
[  74% ] [90m[1m_update_scan_actions[22m | portrait-fill-quote.png[39m[0m
[  74% ] [90m[1m_update_scan_actions[22m | portrait-gig-active.png[39m[0m
[  74% ] [90m[1m_update_scan_actions[22m | portrait-gig-pickup.png[39m[0m
[  74% ] [90m[1m_update_scan_actions[22m | portrait-gig-settled.png[39m[0m
[  74% ] [90m[1m_update_scan_actions[22m | portrait-idle.png[39m[0m
[  74% ] [90m[1m_update_scan_actions[22m | portrait-insufficient-fill.png[39m[0m
[  75% ] [90m[1m_update_scan_actions[22m | portrait-insufficient-home.png[39m[0m
[  75% ] [90m[1m_update_scan_actions[22m | portrait-pedestrian-low-balance.png[39m[0m
[  75% ] [90m[1m_update_scan_actions[22m | portrait-run-over.png[39m[0m
[  75% ] [90m[1m_update_scan_actions[22m | portrait-salvage-quote.png[39m[0m
[  75% ] [90m[1m_update_scan_actions[22m | portrait-tow-quote.png[39m[0m
[  75% ] [90m[1m_update_scan_actions[22m | portrait-vehicle-low-range.png[39m[0m
[  75% ] [90m[1m_update_scan_actions[22m | landscape-busted.png[39m[0m
[  75% ] [90m[1m_update_scan_actions[22m | landscape-cleared.png[39m[0m
[  75% ] [90m[1m_update_scan_actions[22m | landscape-fill-quote.png[39m[0m
[  75% ] [90m[1m_update_scan_actions[22m | landscape-gig-active.png[39m[0m
[  75% ] [90m[1m_update_scan_actions[22m | landscape-gig-pickup.png[39m[0m
[  75% ] [90m[1m_update_scan_actions[22m | landscape-gig-settled.png[39m[0m
[  75% ] [90m[1m_update_scan_actions[22m | landscape-idle.png[39m[0m
[  75% ] [90m[1m_update_scan_actions[22m | landscape-insufficient-fill.png[39m[0m
[  75% ] [90m[1m_update_scan_actions[22m | landscape-insufficient-home.png[39m[0m
[  76% ] [90m[1m_update_scan_actions[22m | landscape-pedestrian-low-balance.png[39m[0m
[  76% ] [90m[1m_update_scan_actions[22m | landscape-run-over.png[39m[0m
[  76% ] [90m[1m_update_scan_actions[22m | landscape-salvage-quote.png[39m[0m
[  76% ] [90m[1m_update_scan_actions[22m | landscape-tow-quote.png[39m[0m
[  76% ] [90m[1m_update_scan_actions[22m | landscape-vehicle-low-range.png[39m[0m
[  76% ] [90m[1m_update_scan_actions[22m | portrait-busted.png[39m[0m
[  76% ] [90m[1m_update_scan_actions[22m | portrait-cleared.png[39m[0m
[  76% ] [90m[1m_update_scan_actions[22m | portrait-fill-quote.png[39m[0m
[  76% ] [90m[1m_update_scan_actions[22m | portrait-gig-active.png[39m[0m
[  76% ] [90m[1m_update_scan_actions[22m | portrait-gig-pickup.png[39m[0m
[  76% ] [90m[1m_update_scan_actions[22m | portrait-gig-settled.png[39m[0m
[  76% ] [90m[1m_update_scan_actions[22m | portrait-idle.png[39m[0m
[  76% ] [90m[1m_update_scan_actions[22m | portrait-insufficient-fill.png[39m[0m
[  76% ] [90m[1m_update_scan_actions[22m | portrait-insufficient-home.png[39m[0m
[  76% ] [90m[1m_update_scan_actions[22m | portrait-pedestrian-low-balance.png[39m[0m
[  76% ] [90m[1m_update_scan_actions[22m | portrait-run-over.png[39m[0m
[  77% ] [90m[1m_update_scan_actions[22m | portrait-salvage-quote.png[39m[0m
[  77% ] [90m[1m_update_scan_actions[22m | portrait-tow-quote.png[39m[0m
[  77% ] [90m[1m_update_scan_actions[22m | portrait-vehicle-low-range.png[39m[0m
[  77% ] [90m[1m_update_scan_actions[22m | empty-tow-confirm.png[39m[0m
[  77% ] [90m[1m_update_scan_actions[22m | fuel-game-over.png[39m[0m
[  77% ] [90m[1m_update_scan_actions[22m | landscape-confirm.png[39m[0m
[  77% ] [90m[1m_update_scan_actions[22m | landscape-low-range.png[39m[0m
[  77% ] [90m[1m_update_scan_actions[22m | landscape-paid.png[39m[0m
[  77% ] [90m[1m_update_scan_actions[22m | portrait-confirm.png[39m[0m
[  77% ] [90m[1m_update_scan_actions[22m | portrait-low-range.png[39m[0m
[  77% ] [90m[1m_update_scan_actions[22m | portrait-paid.png[39m[0m
[  77% ] [90m[1m_update_scan_actions[22m | wreck-game-over.png[39m[0m
[  77% ] [90m[1m_update_scan_actions[22m | wreck-salvage-confirm.png[39m[0m
[  77% ] [90m[1m_update_scan_actions[22m | landscape-busted.png[39m[0m
[  77% ] [90m[1m_update_scan_actions[22m | landscape-cleared.png[39m[0m
[  78% ] [90m[1m_update_scan_actions[22m | landscape-fill-quote.png[39m[0m
[  78% ] [90m[1m_update_scan_actions[22m | landscape-idle.png[39m[0m
[  78% ] [90m[1m_update_scan_actions[22m | landscape-insufficient-fill.png[39m[0m
[  78% ] [90m[1m_update_scan_actions[22m | landscape-pedestrian-low-balance.png[39m[0m
[  78% ] [90m[1m_update_scan_actions[22m | landscape-run-over.png[39m[0m
[  78% ] [90m[1m_update_scan_actions[22m | landscape-salvage-quote.png[39m[0m
[  78% ] [90m[1m_update_scan_actions[22m | landscape-tow-quote.png[39m[0m
[  78% ] [90m[1m_update_scan_actions[22m | landscape-vehicle-low-range.png[39m[0m
[  78% ] [90m[1m_update_scan_actions[22m | portrait-busted.png[39m[0m
[  78% ] [90m[1m_update_scan_actions[22m | portrait-cleared.png[39m[0m
[  78% ] [90m[1m_update_scan_actions[22m | portrait-fill-quote.png[39m[0m
[  78% ] [90m[1m_update_scan_actions[22m | portrait-idle.png[39m[0m
[  78% ] [90m[1m_update_scan_actions[22m | portrait-insufficient-fill.png[39m[0m
[  78% ] [90m[1m_update_scan_actions[22m | portrait-pedestrian-low-balance.png[39m[0m
[  78% ] [90m[1m_update_scan_actions[22m | portrait-run-over.png[39m[0m
[  79% ] [90m[1m_update_scan_actions[22m | portrait-salvage-quote.png[39m[0m
[  79% ] [90m[1m_update_scan_actions[22m | portrait-tow-quote.png[39m[0m
[  79% ] [90m[1m_update_scan_actions[22m | portrait-vehicle-low-range.png[39m[0m
[  79% ] [90m[1m_update_scan_actions[22m | landscape-busted.png[39m[0m
[  79% ] [90m[1m_update_scan_actions[22m | landscape-cleared.png[39m[0m
[  79% ] [90m[1m_update_scan_actions[22m | landscape-fill-quote.png[39m[0m
[  79% ] [90m[1m_update_scan_actions[22m | landscape-gig-active.png[39m[0m
[  79% ] [90m[1m_update_scan_actions[22m | landscape-gig-pickup.png[39m[0m
[  79% ] [90m[1m_update_scan_actions[22m | landscape-gig-settled.png[39m[0m
[  79% ] [90m[1m_update_scan_actions[22m | landscape-idle.png[39m[0m
[  79% ] [90m[1m_update_scan_actions[22m | landscape-insufficient-fill.png[39m[0m
[  79% ] [90m[1m_update_scan_actions[22m | landscape-insufficient-home.png[39m[0m
[  79% ] [90m[1m_update_scan_actions[22m | landscape-pedestrian-low-balance.png[39m[0m
[  79% ] [90m[1m_update_scan_actions[22m | landscape-run-over.png[39m[0m
[  79% ] [90m[1m_update_scan_actions[22m | landscape-salvage-quote.png[39m[0m
[  80% ] [90m[1m_update_scan_actions[22m | landscape-tow-quote.png[39m[0m
[  80% ] [90m[1m_update_scan_actions[22m | landscape-vehicle-low-range.png[39m[0m
[  80% ] [90m[1m_update_scan_actions[22m | portrait-busted.png[39m[0m
[  80% ] [90m[1m_update_scan_actions[22m | portrait-cleared.png[39m[0m
[  80% ] [90m[1m_update_scan_actions[22m | portrait-fill-quote.png[39m[0m
[  80% ] [90m[1m_update_scan_actions[22m | portrait-gig-active.png[39m[0m
[  80% ] [90m[1m_update_scan_actions[22m | portrait-gig-pickup.png[39m[0m
[  80% ] [90m[1m_update_scan_actions[22m | portrait-gig-settled.png[39m[0m
[  80% ] [90m[1m_update_scan_actions[22m | portrait-idle.png[39m[0m
[  80% ] [90m[1m_update_scan_actions[22m | portrait-insufficient-fill.png[39m[0m
[  80% ] [90m[1m_update_scan_actions[22m | portrait-insufficient-home.png[39m[0m
[  80% ] [90m[1m_update_scan_actions[22m | portrait-pedestrian-low-balance.png[39m[0m
[  80% ] [90m[1m_update_scan_actions[22m | portrait-run-over.png[39m[0m
[  80% ] [90m[1m_update_scan_actions[22m | portrait-salvage-quote.png[39m[0m
[  80% ] [90m[1m_update_scan_actions[22m | portrait-tow-quote.png[39m[0m
[  81% ] [90m[1m_update_scan_actions[22m | portrait-vehicle-low-range.png[39m[0m
[  81% ] [90m[1m_update_scan_actions[22m | landscape-busted.png[39m[0m
[  81% ] [90m[1m_update_scan_actions[22m | landscape-cleared.png[39m[0m
[  81% ] [90m[1m_update_scan_actions[22m | landscape-fill-quote.png[39m[0m
[  81% ] [90m[1m_update_scan_actions[22m | landscape-gig-active.png[39m[0m
[  81% ] [90m[1m_update_scan_actions[22m | landscape-gig-pickup.png[39m[0m
[  81% ] [90m[1m_update_scan_actions[22m | landscape-gig-settled.png[39m[0m
[  81% ] [90m[1m_update_scan_actions[22m | landscape-idle.png[39m[0m
[  81% ] [90m[1m_update_scan_actions[22m | landscape-insufficient-fill.png[39m[0m
[  81% ] [90m[1m_update_scan_actions[22m | landscape-insufficient-home.png[39m[0m
[  81% ] [90m[1m_update_scan_actions[22m | landscape-pedestrian-low-balance.png[39m[0m
[  81% ] [90m[1m_update_scan_actions[22m | landscape-run-over.png[39m[0m
[  81% ] [90m[1m_update_scan_actions[22m | landscape-salvage-quote.png[39m[0m
[  81% ] [90m[1m_update_scan_actions[22m | landscape-tow-quote.png[39m[0m
[  81% ] [90m[1m_update_scan_actions[22m | landscape-vehicle-low-range.png[39m[0m
[  82% ] [90m[1m_update_scan_actions[22m | portrait-busted.png[39m[0m
[  82% ] [90m[1m_update_scan_actions[22m | portrait-cleared.png[39m[0m
[  82% ] [90m[1m_update_scan_actions[22m | portrait-fill-quote.png[39m[0m
[  82% ] [90m[1m_update_scan_actions[22m | portrait-gig-active.png[39m[0m
[  82% ] [90m[1m_update_scan_actions[22m | portrait-gig-pickup.png[39m[0m
[  82% ] [90m[1m_update_scan_actions[22m | portrait-gig-settled.png[39m[0m
[  82% ] [90m[1m_update_scan_actions[22m | portrait-idle.png[39m[0m
[  82% ] [90m[1m_update_scan_actions[22m | portrait-insufficient-fill.png[39m[0m
[  82% ] [90m[1m_update_scan_actions[22m | portrait-insufficient-home.png[39m[0m
[  82% ] [90m[1m_update_scan_actions[22m | portrait-pedestrian-low-balance.png[39m[0m
[  82% ] [90m[1m_update_scan_actions[22m | portrait-run-over.png[39m[0m
[  82% ] [90m[1m_update_scan_actions[22m | portrait-salvage-quote.png[39m[0m
[  82% ] [90m[1m_update_scan_actions[22m | portrait-tow-quote.png[39m[0m
[  82% ] [90m[1m_update_scan_actions[22m | portrait-vehicle-low-range.png[39m[0m
[  82% ] [90m[1m_update_scan_actions[22m | escape.png[39m[0m
[  83% ] [90m[1m_update_scan_actions[22m | landscape-safe.png[39m[0m
[  83% ] [90m[1m_update_scan_actions[22m | portrait-safe.png[39m[0m
[  83% ] [90m[1m_update_scan_actions[22m | quote.png[39m[0m
[  83% ] [90m[1m_update_scan_actions[22m | tab-cancel.png[39m[0m
[  83% ] [90m[1m_update_scan_actions[22m | tab-quote.png[39m[0m
[  83% ] [90m[1m_update_scan_actions[22m | landscape-busted.png[39m[0m
[  83% ] [90m[1m_update_scan_actions[22m | landscape-cleared.png[39m[0m
[  83% ] [90m[1m_update_scan_actions[22m | landscape-fill-quote.png[39m[0m
[  83% ] [90m[1m_update_scan_actions[22m | landscape-gig-active.png[39m[0m
[  83% ] [90m[1m_update_scan_actions[22m | landscape-gig-pickup.png[39m[0m
[  83% ] [90m[1m_update_scan_actions[22m | landscape-gig-settled.png[39m[0m
[  83% ] [90m[1m_update_scan_actions[22m | landscape-idle.png[39m[0m
[  83% ] [90m[1m_update_scan_actions[22m | landscape-insufficient-fill.png[39m[0m
[  83% ] [90m[1m_update_scan_actions[22m | landscape-insufficient-home.png[39m[0m
[  83% ] [90m[1m_update_scan_actions[22m | landscape-pedestrian-low-balance.png[39m[0m
[  84% ] [90m[1m_update_scan_actions[22m | landscape-run-over.png[39m[0m
[  84% ] [90m[1m_update_scan_actions[22m | landscape-salvage-quote.png[39m[0m
[  84% ] [90m[1m_update_scan_actions[22m | landscape-tow-quote.png[39m[0m
[  84% ] [90m[1m_update_scan_actions[22m | landscape-vehicle-low-range.png[39m[0m
[  84% ] [90m[1m_update_scan_actions[22m | portrait-busted.png[39m[0m
[  84% ] [90m[1m_update_scan_actions[22m | portrait-cleared.png[39m[0m
[  84% ] [90m[1m_update_scan_actions[22m | portrait-fill-quote.png[39m[0m
[  84% ] [90m[1m_update_scan_actions[22m | portrait-gig-active.png[39m[0m
[  84% ] [90m[1m_update_scan_actions[22m | portrait-gig-pickup.png[39m[0m
[  84% ] [90m[1m_update_scan_actions[22m | portrait-gig-settled.png[39m[0m
[  84% ] [90m[1m_update_scan_actions[22m | portrait-idle.png[39m[0m
[  84% ] [90m[1m_update_scan_actions[22m | portrait-insufficient-fill.png[39m[0m
[  84% ] [90m[1m_update_scan_actions[22m | portrait-insufficient-home.png[39m[0m
[  84% ] [90m[1m_update_scan_actions[22m | portrait-pedestrian-low-balance.png[39m[0m
[  84% ] [90m[1m_update_scan_actions[22m | portrait-run-over.png[39m[0m
[  84% ] [90m[1m_update_scan_actions[22m | portrait-salvage-quote.png[39m[0m
[  85% ] [90m[1m_update_scan_actions[22m | portrait-tow-quote.png[39m[0m
[  85% ] [90m[1m_update_scan_actions[22m | portrait-vehicle-low-range.png[39m[0m
[  85% ] [90m[1m_update_scan_actions[22m | after-contact.png[39m[0m
[  85% ] [90m[1m_update_scan_actions[22m | before-contact.png[39m[0m
[  85% ] [90m[1m_update_scan_actions[22m | web-landscape-contact.png[39m[0m
[  85% ] [90m[1m_update_scan_actions[22m | web-portrait-contact.png[39m[0m
[  85% ] [90m[1m_update_scan_actions[22m | landscape-confirm.png[39m[0m
[  85% ] [90m[1m_update_scan_actions[22m | landscape-paid.png[39m[0m
[  85% ] [90m[1m_update_scan_actions[22m | landscape-reloaded.png[39m[0m
[  85% ] [90m[1m_update_scan_actions[22m | landscape-second-paid.png[39m[0m
[  85% ] [90m[1m_update_scan_actions[22m | portrait-confirm.png[39m[0m
[  85% ] [90m[1m_update_scan_actions[22m | portrait-range.png[39m[0m
[  85% ] [90m[1m_update_scan_actions[22m | landscape-confirm.png[39m[0m
[  85% ] [90m[1m_update_scan_actions[22m | landscape-paid.png[39m[0m
[  85% ] [90m[1m_update_scan_actions[22m | landscape-reloaded.png[39m[0m
[  86% ] [90m[1m_update_scan_actions[22m | landscape-second-paid.png[39m[0m
[  86% ] [90m[1m_update_scan_actions[22m | portrait-confirm.png[39m[0m
[  86% ] [90m[1m_update_scan_actions[22m | portrait-range.png[39m[0m
[  86% ] [90m[1m_update_scan_actions[22m | station-plan.png[39m[0m
[  86% ] [90m[1m_update_scan_actions[22m | td-207-1-drive-after-landscape.png[39m[0m
[  86% ] [90m[1m_update_scan_actions[22m | td-207-1-drive-after-portrait.png[39m[0m
[  86% ] [90m[1m_update_scan_actions[22m | td-207-2-staged-after-landscape.png[39m[0m
[  86% ] [90m[1m_update_scan_actions[22m | td-207-2-staged-after-portrait.png[39m[0m
[  86% ] [90m[1m_update_scan_actions[22m | td-207-3-expanded-after-landscape.png[39m[0m
[  86% ] [90m[1m_update_scan_actions[22m | td-207-3-expanded-after-portrait.png[39m[0m
[  86% ] [90m[1m_update_scan_actions[22m | td-207-1-drive-before-landscape.png[39m[0m
[  86% ] [90m[1m_update_scan_actions[22m | td-207-1-drive-before-portrait.png[39m[0m
[  86% ] [90m[1m_update_scan_actions[22m | td-207-2-staged-before-landscape.png[39m[0m
[  86% ] [90m[1m_update_scan_actions[22m | td-207-2-staged-before-portrait.png[39m[0m
[  86% ] [90m[1m_update_scan_actions[22m | bridge_midpoint-landscape.jpg[39m[0m
[  87% ] [90m[1m_update_scan_actions[22m | bridge_midpoint-portrait.jpg[39m[0m
[  87% ] [90m[1m_update_scan_actions[22m | commercial_arrival-landscape.jpg[39m[0m
[  87% ] [90m[1m_update_scan_actions[22m | commercial_arrival-portrait.jpg[39m[0m
[  87% ] [90m[1m_update_scan_actions[22m | jnr_station-landscape.jpg[39m[0m
[  87% ] [90m[1m_update_scan_actions[22m | jnr_station-portrait.jpg[39m[0m
[  87% ] [90m[1m_update_scan_actions[22m | koban_start-landscape.jpg[39m[0m
[  87% ] [90m[1m_update_scan_actions[22m | koban_start-portrait.jpg[39m[0m
[  87% ] [90m[1m_update_scan_actions[22m | bridge_midpoint-landscape.jpg[39m[0m
[  87% ] [90m[1m_update_scan_actions[22m | bridge_midpoint-portrait.jpg[39m[0m
[  87% ] [90m[1m_update_scan_actions[22m | commercial_arrival-landscape.jpg[39m[0m
[  87% ] [90m[1m_update_scan_actions[22m | commercial_arrival-portrait.jpg[39m[0m
[  87% ] [90m[1m_update_scan_actions[22m | jnr_station-landscape.jpg[39m[0m
[  87% ] [90m[1m_update_scan_actions[22m | jnr_station-portrait.jpg[39m[0m
[  87% ] [90m[1m_update_scan_actions[22m | koban_start-landscape.jpg[39m[0m
[  87% ] [90m[1m_update_scan_actions[22m | koban_start-portrait.jpg[39m[0m
[  88% ] [90m[1m_update_scan_actions[22m | bridge_midpoint-portrait.jpg[39m[0m
[  88% ] [90m[1m_update_scan_actions[22m | jnr_station-portrait.jpg[39m[0m
[  88% ] [90m[1m_update_scan_actions[22m | bridge_midpoint-portrait.jpg[39m[0m
[  88% ] [90m[1m_update_scan_actions[22m | jnr_station-portrait.jpg[39m[0m
[  88% ] [90m[1m_update_scan_actions[22m | cars-closeup-bridge_midpoint.png[39m[0m
[  88% ] [90m[1m_update_scan_actions[22m | cars-closeup-jnr_station.png[39m[0m
[  88% ] [90m[1m_update_scan_actions[22m | pairs-before-vs-after-landscape.png[39m[0m
[  88% ] [90m[1m_update_scan_actions[22m | pairs-before-vs-after-portrait.png[39m[0m
[  88% ] [90m[1m_update_scan_actions[22m | yellow-car-zoom.png[39m[0m
[  88% ] [90m[1m_update_scan_actions[22m | ui-hud.png[39m[0m
[  88% ] [90m[1m_update_scan_actions[22m | ui-loading.png[39m[0m
[  88% ] [90m[1m_update_scan_actions[22m | ui-lobby-host.png[39m[0m
[  88% ] [90m[1m_update_scan_actions[22m | ui-lobby-join.png[39m[0m
[  88% ] [90m[1m_update_scan_actions[22m | ui-main-menu.png[39m[0m
[  88% ] [90m[1m_update_scan_actions[22m | ui-pause.png[39m[0m
[  89% ] [90m[1m_update_scan_actions[22m | ui-results.png[39m[0m
[  89% ] [90m[1m_update_scan_actions[22m | busted-gig-failure.png[39m[0m
[  89% ] [90m[1m_update_scan_actions[22m | continuous-drive.png[39m[0m
[  89% ] [90m[1m_update_scan_actions[22m | cop-approach.png[39m[0m
[  89% ] [90m[1m_update_scan_actions[22m | cop-contact.png[39m[0m
[  89% ] [90m[1m_update_scan_actions[22m | held-throttle-stop.png[39m[0m
[  89% ] [90m[1m_update_scan_actions[22m | hud-landscape.png[39m[0m
[  89% ] [90m[1m_update_scan_actions[22m | hud-portrait.png[39m[0m
[  89% ] [90m[1m_update_scan_actions[22m | moving-contact.png[39m[0m
[  89% ] [90m[1m_update_scan_actions[22m | released-start-bay.png[39m[0m
[  89% ] [90m[1m_update_scan_actions[22m | sidewalk-walkers.png[39m[0m
[  89% ] [90m[1m_update_scan_actions[22m | traffic-approach.png[39m[0m
[  89% ] [90m[1m_update_scan_actions[22m | traffic-contact.png[39m[0m
[  89% ] [90m[1m_update_scan_actions[22m | trench-pursuit.png[39m[0m
[  89% ] [90m[1m_update_scan_actions[22m | wanted-1.png[39m[0m
[  90% ] [90m[1m_update_scan_actions[22m | wanted-2.png[39m[0m
[  90% ] [90m[1m_update_scan_actions[22m | wanted-3.png[39m[0m
[  90% ] [90m[1m_update_scan_actions[22m | wanted-cleared.png[39m[0m
[  90% ] [90m[1m_update_scan_actions[22m | arrest.png[39m[0m
[  90% ] [90m[1m_update_scan_actions[22m | restored.png[39m[0m
[  90% ] [90m[1m_update_scan_actions[22m | settlement.png[39m[0m
[  90% ] [90m[1m_update_scan_actions[22m | arrest.png[39m[0m
[  90% ] [90m[1m_update_scan_actions[22m | restored.png[39m[0m
[  90% ] [90m[1m_update_scan_actions[22m | settlement.png[39m[0m
[  90% ] [90m[1m_update_scan_actions[22m | drive-away.png[39m[0m
[  90% ] [90m[1m_update_scan_actions[22m | hud-arrest.png[39m[0m
[  90% ] [90m[1m_update_scan_actions[22m | hud-settlement.png[39m[0m
[  90% ] [90m[1m_update_scan_actions[22m | drive-away.png[39m[0m
[  90% ] [90m[1m_update_scan_actions[22m | hud-arrest.png[39m[0m
[  90% ] [90m[1m_update_scan_actions[22m | hud-settlement.png[39m[0m
[  91% ] [90m[1m_update_scan_actions[22m | arrest.png[39m[0m
[  91% ] [90m[1m_update_scan_actions[22m | restored.png[39m[0m
[  91% ] [90m[1m_update_scan_actions[22m | settlement.png[39m[0m
[  91% ] [90m[1m_update_scan_actions[22m | arrest.png[39m[0m
[  91% ] [90m[1m_update_scan_actions[22m | rejected-first-restored.png[39m[0m
[  91% ] [90m[1m_update_scan_actions[22m | restored.png[39m[0m
[  91% ] [90m[1m_update_scan_actions[22m | settlement.png[39m[0m
[  91% ] [90m[1m_update_scan_actions[22m | arrest.png[39m[0m
[  91% ] [90m[1m_update_scan_actions[22m | restored.png[39m[0m
[  91% ] [90m[1m_update_scan_actions[22m | settlement.png[39m[0m
[  91% ] [90m[1m_update_scan_actions[22m | arrest.png[39m[0m
[  91% ] [90m[1m_update_scan_actions[22m | restored.png[39m[0m
[  91% ] [90m[1m_update_scan_actions[22m | settlement.png[39m[0m
[  91% ] [90m[1m_update_scan_actions[22m | arrest.png[39m[0m
[  91% ] [90m[1m_update_scan_actions[22m | restored.png[39m[0m
[  92% ] [90m[1m_update_scan_actions[22m | settlement.png[39m[0m
[  92% ] [90m[1m_update_scan_actions[22m | arrest.png[39m[0m
[  92% ] [90m[1m_update_scan_actions[22m | restored.png[39m[0m
[  92% ] [90m[1m_update_scan_actions[22m | settlement.png[39m[0m
[  92% ] [90m[1m_update_scan_actions[22m | arrest.png[39m[0m
[  92% ] [90m[1m_update_scan_actions[22m | restored.png[39m[0m
[  92% ] [90m[1m_update_scan_actions[22m | settlement.png[39m[0m
[  92% ] [90m[1m_update_scan_actions[22m | arrest.png[39m[0m
[  92% ] [90m[1m_update_scan_actions[22m | restored.png[39m[0m
[  92% ] [90m[1m_update_scan_actions[22m | settlement.png[39m[0m
[  92% ] [90m[1m_update_scan_actions[22m | cop-approach.png[39m[0m
[  92% ] [90m[1m_update_scan_actions[22m | cop-overlap.png[39m[0m
[  92% ] [90m[1m_update_scan_actions[22m | traffic-approach.png[39m[0m
[  92% ] [90m[1m_update_scan_actions[22m | traffic-under.png[39m[0m
[  92% ] [90m[1m_update_scan_actions[22m | landscape.png[39m[0m
[  92% ] [90m[1m_update_scan_actions[22m | portrait.png[39m[0m
[  93% ] [90m[1m_update_scan_actions[22m | landscape.png[39m[0m
[  93% ] [90m[1m_update_scan_actions[22m | portrait.png[39m[0m
[  93% ] [90m[1m_update_scan_actions[22m | parallel-capture-notice.png[39m[0m
[  93% ] [90m[1m_update_scan_actions[22m | arrest.png[39m[0m
[  93% ] [90m[1m_update_scan_actions[22m | restored.png[39m[0m
[  93% ] [90m[1m_update_scan_actions[22m | settlement.png[39m[0m
[  93% ] [90m[1m_update_scan_actions[22m | arrest.png[39m[0m
[  93% ] [90m[1m_update_scan_actions[22m | restored.png[39m[0m
[  93% ] [90m[1m_update_scan_actions[22m | settlement.png[39m[0m
[  93% ] [90m[1m_update_scan_actions[22m | landscape-idle-collapsed.png[39m[0m
[  93% ] [90m[1m_update_scan_actions[22m | landscape-idle-expanded.png[39m[0m
[  93% ] [90m[1m_update_scan_actions[22m | landscape-menu-available.png[39m[0m
[  93% ] [90m[1m_update_scan_actions[22m | landscape-menu-failure.png[39m[0m
[  93% ] [90m[1m_update_scan_actions[22m | landscape-menu-success.png[39m[0m
[  93% ] [90m[1m_update_scan_actions[22m | landscape-menu-tracking.png[39m[0m
[  94% ] [90m[1m_update_scan_actions[22m | landscape-owner-gas-opens-map.png[39m[0m
[  94% ] [90m[1m_update_scan_actions[22m | landscape-to_dropoff-collapsed.png[39m[0m
[  94% ] [90m[1m_update_scan_actions[22m | landscape-to_dropoff-expanded.png[39m[0m
[  94% ] [90m[1m_update_scan_actions[22m | portrait-idle-collapsed.png[39m[0m
[  94% ] [90m[1m_update_scan_actions[22m | portrait-idle-expanded.png[39m[0m
[  94% ] [90m[1m_update_scan_actions[22m | portrait-menu-available.png[39m[0m
[  94% ] [90m[1m_update_scan_actions[22m | portrait-menu-failure.png[39m[0m
[  94% ] [90m[1m_update_scan_actions[22m | portrait-menu-success.png[39m[0m
[  94% ] [90m[1m_update_scan_actions[22m | portrait-menu-tracking.png[39m[0m
[  94% ] [90m[1m_update_scan_actions[22m | portrait-to_dropoff-collapsed.png[39m[0m
[  94% ] [90m[1m_update_scan_actions[22m | portrait-to_dropoff-expanded.png[39m[0m
[  94% ] [90m[1m_update_scan_actions[22m | 390x844-collapsed-false.png[39m[0m
[  94% ] [90m[1m_update_scan_actions[22m | 390x844-collapsed-true.png[39m[0m
[  94% ] [90m[1m_update_scan_actions[22m | 844x390-collapsed-false.png[39m[0m
[  94% ] [90m[1m_update_scan_actions[22m | 844x390-collapsed-true.png[39m[0m
[  95% ] [90m[1m_update_scan_actions[22m | 390x844-collapsed-false.png[39m[0m
[  95% ] [90m[1m_update_scan_actions[22m | 390x844-collapsed-true.png[39m[0m
[  95% ] [90m[1m_update_scan_actions[22m | 844x390-collapsed-false.png[39m[0m
[  95% ] [90m[1m_update_scan_actions[22m | 844x390-collapsed-true.png[39m[0m
[  95% ] [90m[1m_update_scan_actions[22m | landscape-hit_pedestrian.png[39m[0m
[  95% ] [90m[1m_update_scan_actions[22m | portrait-hit_pedestrian.png[39m[0m
[  95% ] [90m[1m_update_scan_actions[22m | landscape-idle-collapsed.png[39m[0m
[  95% ] [90m[1m_update_scan_actions[22m | landscape-idle-expanded.png[39m[0m
[  95% ] [90m[1m_update_scan_actions[22m | landscape-owner-gas-opens-map.png[39m[0m
[  95% ] [90m[1m_update_scan_actions[22m | landscape-to_dropoff-collapsed.png[39m[0m
[  95% ] [90m[1m_update_scan_actions[22m | landscape-to_dropoff-expanded.png[39m[0m
[  95% ] [90m[1m_update_scan_actions[22m | portrait-idle-collapsed.png[39m[0m
[  95% ] [90m[1m_update_scan_actions[22m | portrait-idle-expanded.png[39m[0m
[  95% ] [90m[1m_update_scan_actions[22m | portrait-to_dropoff-collapsed.png[39m[0m
[  95% ] [90m[1m_update_scan_actions[22m | portrait-to_dropoff-expanded.png[39m[0m
[  96% ] [90m[1m_update_scan_actions[22m | drive-away.png[39m[0m
[  96% ] [90m[1m_update_scan_actions[22m | event-03-busted.png[39m[0m
[  96% ] [90m[1m_update_scan_actions[22m | event-04-reset-request.png[39m[0m
[  96% ] [90m[1m_update_scan_actions[22m | released.png[39m[0m
[  96% ] [90m[1m_update_scan_actions[22m | arrest.png[39m[0m
[  96% ] [90m[1m_update_scan_actions[22m | restored.png[39m[0m
[  96% ] [90m[1m_update_scan_actions[22m | settlement.png[39m[0m
[  96% ] [90m[1m_update_scan_actions[22m | arrest.png[39m[0m
[  96% ] [90m[1m_update_scan_actions[22m | restored.png[39m[0m
[  96% ] [90m[1m_update_scan_actions[22m | settlement.png[39m[0m
[  96% ] [90m[1m_update_scan_actions[22m | arrest.png[39m[0m
[  96% ] [90m[1m_update_scan_actions[22m | restored.png[39m[0m
[  96% ] [90m[1m_update_scan_actions[22m | settlement.png[39m[0m
[  96% ] [90m[1m_update_scan_actions[22m | arrest.png[39m[0m
[  96% ] [90m[1m_update_scan_actions[22m | restored.png[39m[0m
[  97% ] [90m[1m_update_scan_actions[22m | settlement.png[39m[0m
[  97% ] [90m[1m_update_scan_actions[22m | landscape-idle-collapsed.png[39m[0m
[  97% ] [90m[1m_update_scan_actions[22m | landscape-idle-expanded.png[39m[0m
[  97% ] [90m[1m_update_scan_actions[22m | landscape-menu-available.png[39m[0m
[  97% ] [90m[1m_update_scan_actions[22m | landscape-menu-failure.png[39m[0m
[  97% ] [90m[1m_update_scan_actions[22m | landscape-menu-success.png[39m[0m
[  97% ] [90m[1m_update_scan_actions[22m | landscape-menu-tracking.png[39m[0m
[  97% ] [90m[1m_update_scan_actions[22m | landscape-owner-gas-opens-map.png[39m[0m
[  97% ] [90m[1m_update_scan_actions[22m | landscape-to_dropoff-collapsed.png[39m[0m
[  97% ] [90m[1m_update_scan_actions[22m | landscape-to_dropoff-expanded.png[39m[0m
[  97% ] [90m[1m_update_scan_actions[22m | portrait-idle-collapsed.png[39m[0m
[  97% ] [90m[1m_update_scan_actions[22m | portrait-idle-expanded.png[39m[0m
[  97% ] [90m[1m_update_scan_actions[22m | portrait-menu-available.png[39m[0m
[  97% ] [90m[1m_update_scan_actions[22m | portrait-menu-failure.png[39m[0m
[  97% ] [90m[1m_update_scan_actions[22m | portrait-menu-success.png[39m[0m
[  98% ] [90m[1m_update_scan_actions[22m | portrait-menu-tracking.png[39m[0m
[  98% ] [90m[1m_update_scan_actions[22m | portrait-to_dropoff-collapsed.png[39m[0m
[  98% ] [90m[1m_update_scan_actions[22m | portrait-to_dropoff-expanded.png[39m[0m
[  98% ] [90m[1m_update_scan_actions[22m | 390x844-collapsed-false.png[39m[0m
[  98% ] [90m[1m_update_scan_actions[22m | 390x844-collapsed-true.png[39m[0m
[  98% ] [90m[1m_update_scan_actions[22m | 844x390-collapsed-false.png[39m[0m
[  98% ] [90m[1m_update_scan_actions[22m | 844x390-collapsed-true.png[39m[0m
[  98% ] [90m[1m_update_scan_actions[22m | 390x844-collapsed-false.png[39m[0m
[  98% ] [90m[1m_update_scan_actions[22m | 390x844-collapsed-true.png[39m[0m
[  98% ] [90m[1m_update_scan_actions[22m | 844x390-collapsed-false.png[39m[0m
[  98% ] [90m[1m_update_scan_actions[22m | 844x390-collapsed-true.png[39m[0m
[  98% ] [90m[1m_update_scan_actions[22m | hud-landscape.jpg[39m[0m
[  98% ] [90m[1m_update_scan_actions[22m | hud-portrait.jpg[39m[0m
[  98% ] [90m[1m_update_scan_actions[22m | natural-after.jpg[39m[0m
[  98% ] [90m[1m_update_scan_actions[22m | natural-before.jpg[39m[0m
[  99% ] [90m[1m_update_scan_actions[22m | drive-away.png[39m[0m
[  99% ] [90m[1m_update_scan_actions[22m | first-drive-away.png[39m[0m
[  99% ] [90m[1m_update_scan_actions[22m | released.png[39m[0m
[  99% ] [90m[1m_update_scan_actions[22m | return-bay.png[39m[0m
[  99% ] [90m[1m_update_scan_actions[22m | drive-away.png[39m[0m
[  99% ] [90m[1m_update_scan_actions[22m | first-drive-away.png[39m[0m
[  99% ] [90m[1m_update_scan_actions[22m | released.png[39m[0m
[  99% ] [90m[1m_update_scan_actions[22m | return-bay.png[39m[0m
[  99% ] [90m[1m_update_scan_actions[22m | drive-away.png[39m[0m
[  99% ] [90m[1m_update_scan_actions[22m | return-bay.png[39m[0m
[  99% ] [90m[1m_update_scan_actions[22m | drive-away.png[39m[0m
[  99% ] [90m[1m_update_scan_actions[22m | return-bay.png[39m[0m
[  99% ] [90m[1m_update_scan_actions[22m | smoke.png[39m[0m
[  99% ] [90m[1m_update_scan_actions[22m | icon.png[39m[0m
[92m[ DONE ][39m [1m_update_scan_actions[22m
[0m
[   0% ] [90m[1mreimport[22m | Started (Re)Importing Assets (1310 steps)[39m[0m
[   0% ] [90m[1mreimport[22m | Preparing files to reimport...[39m[0m
[   0% ] [90m[1mreimport[22m | Preparing files to reimport...[39m[0m
[   0% ] [90m[1mreimport[22m | Preparing files to reimport...[39m[0m
[   0% ] [90m[1mreimport[22m | Preparing files to reimport...[39m[0m
[   0% ] [90m[1mreimport[22m | Preparing files to reimport...[39m[0m
[   0% ] [90m[1mreimport[22m | Preparing files to reimport...[39m[0m
[   0% ] [90m[1mreimport[22m | Preparing files to reimport...[39m[0m
[   0% ] [90m[1mreimport[22m | Preparing files to reimport...[39m[0m
[   0% ] [90m[1mreimport[22m | Preparing files to reimport...[39m[0m
[   0% ] [90m[1mreimport[22m | Preparing files to reimport...[39m[0m
[   0% ] [90m[1mreimport[22m | Preparing files to reimport...[39m[0m
[   0% ] [90m[1mreimport[22m | Preparing files to reimport...[39m[0m
[   0% ] [90m[1mreimport[22m | Preparing files to reimport...[39m[0m
[   0% ] [90m[1mreimport[22m | Preparing files to reimport...[39m[0m
[   1% ] [90m[1mreimport[22m | Preparing files to reimport...[39m[0m
[   1% ] [90m[1mreimport[22m | Preparing files to reimport...[39m[0m
[   1% ] [90m[1mreimport[22m | Preparing files to reimport...[39m[0m
[   1% ] [90m[1mreimport[22m | Preparing files to reimport...[39m[0m
[   1% ] [90m[1mreimport[22m | Preparing files to reimport...[39m[0m
[   1% ] [90m[1mreimport[22m | Preparing files to reimport...[39m[0m
[   1% ] [90m[1mreimport[22m | Preparing files to reimport...[39m[0m
[   1% ] [90m[1mreimport[22m | Preparing files to reimport...[39m[0m
[   1% ] [90m[1mreimport[22m | Preparing files to reimport...[39m[0m
[   1% ] [90m[1mreimport[22m | Preparing files to reimport...[39m[0m
[   1% ] [90m[1mreimport[22m | Preparing files to reimport...[39m[0m
[   1% ] [90m[1mreimport[22m | Preparing files to reimport...[39m[0m
[   1% ] [90m[1mreimport[22m | Preparing files to reimport...[39m[0m
[   2% ] [90m[1mreimport[22m | Preparing files to reimport...[39m[0m
[   2% ] [90m[1mreimport[22m | Preparing files to reimport...[39m[0m
[   2% ] [90m[1mreimport[22m | Preparing files to reimport...[39m[0m
[   2% ] [90m[1mreimport[22m | Preparing files to reimport...[39m[0m
[   2% ] [90m[1mreimport[22m | Preparing files to reimport...[39m[0m
[   2% ] [90m[1mreimport[22m | Preparing files to reimport...[39m[0m
[   2% ] [90m[1mreimport[22m | Preparing files to reimport...[39m[0m
[   2% ] [90m[1mreimport[22m | Preparing files to reimport...[39m[0m
[   2% ] [90m[1mreimport[22m | Preparing files to reimport...[39m[0m
[   2% ] [90m[1mreimport[22m | Preparing files to reimport...[39m[0m
[   2% ] [90m[1mreimport[22m | Preparing files to reimport...[39m[0m
[   2% ] [90m[1mreimport[22m | Preparing files to reimport...[39m[0m
[   2% ] [90m[1mreimport[22m | Preparing files to reimport...[39m[0m
[   3% ] [90m[1mreimport[22m | Preparing files to reimport...[39m[0m
[   3% ] [90m[1mreimport[22m | Preparing files to reimport...[39m[0m
[   3% ] [90m[1mreimport[22m | Preparing files to reimport...[39m[0m
[   3% ] [90m[1mreimport[22m | Preparing files to reimport...[39m[0m
[   3% ] [90m[1mreimport[22m | Preparing files to reimport...[39m[0m
[   3% ] [90m[1mreimport[22m | Preparing files to reimport...[39m[0m
[   3% ] [90m[1mreimport[22m | Preparing files to reimport...[39m[0m
[   3% ] [90m[1mreimport[22m | Preparing files to reimport...[39m[0m
[   3% ] [90m[1mreimport[22m | Preparing files to reimport...[39m[0m
[   3% ] [90m[1mreimport[22m | Preparing files to reimport...[39m[0m
[   3% ] [90m[1mreimport[22m | Preparing files to reimport...[39m[0m
[   3% ] [90m[1mreimport[22m | Preparing files to reimport...[39m[0m
[   3% ] [90m[1mreimport[22m | Preparing files to reimport...[39m[0m
[   4% ] [90m[1mreimport[22m | Preparing files to reimport...[39m[0m
[   4% ] [90m[1mreimport[22m | Preparing files to reimport...[39m[0m
[   4% ] [90m[1mreimport[22m | Preparing files to reimport...[39m[0m
[   4% ] [90m[1mreimport[22m | Preparing files to reimport...[39m[0m
[   4% ] [90m[1mreimport[22m | Preparing files to reimport...[39m[0m
[   4% ] [90m[1mreimport[22m | Preparing files to reimport...[39m[0m
[   4% ] [90m[1mreimport[22m | Preparing files to reimport...[39m[0m
[   4% ] [90m[1mreimport[22m | Preparing files to reimport...[39m[0m
[   4% ] [90m[1mreimport[22m | Preparing files to reimport...[39m[0m
[   4% ] [90m[1mreimport[22m | Preparing files to reimport...[39m[0m
[   4% ] [90m[1mreimport[22m | Preparing files to reimport...[39m[0m
[   4% ] [90m[1mreimport[22m | Preparing files to reimport...[39m[0m
[   4% ] [90m[1mreimport[22m | Preparing files to reimport...[39m[0m
[   5% ] [90m[1mreimport[22m | Preparing files to reimport...[39m[0m
[   5% ] [90m[1mreimport[22m | Preparing files to reimport...[39m[0m
[   5% ] [90m[1mreimport[22m | Preparing files to reimport...[39m[0m
[   5% ] [90m[1mreimport[22m | Preparing files to reimport...[39m[0m
[   5% ] [90m[1mreimport[22m | Preparing files to reimport...[39m[0m
[   5% ] [90m[1mreimport[22m | Preparing files to reimport...[39m[0m
[   5% ] [90m[1mreimport[22m | Preparing files to reimport...[39m[0m
[   5% ] [90m[1mreimport[22m | Preparing files to reimport...[39m[0m
[   5% ] [90m[1mreimport[22m | Preparing files to reimport...[39m[0m
[   5% ] [90m[1mreimport[22m | Preparing files to reimport...[39m[0m
[   5% ] [90m[1mreimport[22m | Preparing files to reimport...[39m[0m
[   5% ] [90m[1mreimport[22m | Preparing files to reimport...[39m[0m
[   5% ] [90m[1mreimport[22m | Preparing files to reimport...[39m[0m
[   6% ] [90m[1mreimport[22m | Preparing files to reimport...[39m[0m
[   6% ] [90m[1mreimport[22m | Preparing files to reimport...[39m[0m
[   6% ] [90m[1mreimport[22m | Preparing files to reimport...[39m[0m
[   6% ] [90m[1mreimport[22m | Preparing files to reimport...[39m[0m
[   6% ] [90m[1mreimport[22m | Preparing files to reimport...[39m[0m
[   6% ] [90m[1mreimport[22m | Preparing files to reimport...[39m[0m
[   6% ] [90m[1mreimport[22m | Preparing files to reimport...[39m[0m
[   6% ] [90m[1mreimport[22m | Preparing files to reimport...[39m[0m
[   6% ] [90m[1mreimport[22m | Preparing files to reimport...[39m[0m
[   6% ] [90m[1mreimport[22m | Preparing files to reimport...[39m[0m
[   6% ] [90m[1mreimport[22m | Preparing files to reimport...[39m[0m
[   6% ] [90m[1mreimport[22m | Preparing files to reimport...[39m[0m
[   6% ] [90m[1mreimport[22m | Preparing files to reimport...[39m[0m
[   7% ] [90m[1mreimport[22m | Preparing files to reimport...[39m[0m
[   7% ] [90m[1mreimport[22m | Preparing files to reimport...[39m[0m
[   7% ] [90m[1mreimport[22m | Preparing files to reimport...[39m[0m
[   7% ] [90m[1mreimport[22m | Preparing files to reimport...[39m[0m
[   7% ] [90m[1mreimport[22m | Preparing files to reimport...[39m[0m
[   7% ] [90m[1mreimport[22m | Preparing files to reimport...[39m[0m
[   7% ] [90m[1mreimport[22m | Preparing files to reimport...[39m[0m
[   7% ] [90m[1mreimport[22m | Preparing files to reimport...[39m[0m
[   7% ] [90m[1mreimport[22m | Preparing files to reimport...[39m[0m
[   7% ] [90m[1mreimport[22m | Preparing files to reimport...[39m[0m
[   7% ] [90m[1mreimport[22m | Preparing files to reimport...[39m[0m
[   7% ] [90m[1mreimport[22m | Preparing files to reimport...[39m[0m
[   7% ] [90m[1mreimport[22m | Preparing files to reimport...[39m[0m
[   8% ] [90m[1mreimport[22m | Preparing files to reimport...[39m[0m
[   8% ] [90m[1mreimport[22m | Preparing files to reimport...[39m[0m
[   8% ] [90m[1mreimport[22m | Preparing files to reimport...[39m[0m
[   8% ] [90m[1mreimport[22m | Preparing files to reimport...[39m[0m
[   8% ] [90m[1mreimport[22m | Preparing files to reimport...[39m[0m
[   8% ] [90m[1mreimport[22m | Preparing files to reimport...[39m[0m
[   8% ] [90m[1mreimport[22m | Preparing files to reimport...[39m[0m
[   8% ] [90m[1mreimport[22m | Preparing files to reimport...[39m[0m
[   8% ] [90m[1mreimport[22m | Preparing files to reimport...[39m[0m
[   8% ] [90m[1mreimport[22m | Preparing files to reimport...[39m[0m
[   8% ] [90m[1mreimport[22m | Preparing files to reimport...[39m[0m
[   8% ] [90m[1mreimport[22m | Preparing files to reimport...[39m[0m
[   8% ] [90m[1mreimport[22m | Preparing files to reimport...[39m[0m
[   9% ] [90m[1mreimport[22m | Preparing files to reimport...[39m[0m
[   9% ] [90m[1mreimport[22m | Preparing files to reimport...[39m[0m
[   9% ] [90m[1mreimport[22m | Preparing files to reimport...[39m[0m
[   9% ] [90m[1mreimport[22m | Preparing files to reimport...[39m[0m
[   9% ] [90m[1mreimport[22m | Preparing files to reimport...[39m[0m
[   9% ] [90m[1mreimport[22m | Preparing files to reimport...[39m[0m
[   9% ] [90m[1mreimport[22m | Preparing files to reimport...[39m[0m
[   9% ] [90m[1mreimport[22m | Preparing files to reimport...[39m[0m
[   9% ] [90m[1mreimport[22m | Preparing files to reimport...[39m[0m
[   9% ] [90m[1mreimport[22m | Preparing files to reimport...[39m[0m
[   9% ] [90m[1mreimport[22m | Preparing files to reimport...[39m[0m
[   9% ] [90m[1mreimport[22m | Preparing files to reimport...[39m[0m
[   9% ] [90m[1mreimport[22m | Preparing files to reimport...[39m[0m
[   9% ] [90m[1mreimport[22m | Preparing files to reimport...[39m[0m
[  10% ] [90m[1mreimport[22m | Preparing files to reimport...[39m[0m
[  10% ] [90m[1mreimport[22m | Preparing files to reimport...[39m[0m
[  10% ] [90m[1mreimport[22m | Preparing files to reimport...[39m[0m
[  10% ] [90m[1mreimport[22m | Preparing files to reimport...[39m[0m
[  10% ] [90m[1mreimport[22m | Preparing files to reimport...[39m[0m
[  10% ] [90m[1mreimport[22m | Preparing files to reimport...[39m[0m
[  10% ] [90m[1mreimport[22m | Preparing files to reimport...[39m[0m
[  10% ] [90m[1mreimport[22m | Preparing files to reimport...[39m[0m
[  10% ] [90m[1mreimport[22m | Preparing files to reimport...[39m[0m
[  10% ] [90m[1mreimport[22m | Preparing files to reimport...[39m[0m
[  10% ] [90m[1mreimport[22m | Preparing files to reimport...[39m[0m
[  10% ] [90m[1mreimport[22m | Preparing files to reimport...[39m[0m
[  10% ] [90m[1mreimport[22m | Preparing files to reimport...[39m[0m
[  11% ] [90m[1mreimport[22m | Preparing files to reimport...[39m[0m
[  11% ] [90m[1mreimport[22m | Preparing files to reimport...[39m[0m
[  11% ] [90m[1mreimport[22m | Preparing files to reimport...[39m[0m
[  11% ] [90m[1mreimport[22m | Preparing files to reimport...[39m[0m
[  11% ] [90m[1mreimport[22m | Preparing files to reimport...[39m[0m
[  11% ] [90m[1mreimport[22m | Preparing files to reimport...[39m[0m
[  11% ] [90m[1mreimport[22m | Preparing files to reimport...[39m[0m
[  11% ] [90m[1mreimport[22m | Preparing files to reimport...[39m[0m
[  11% ] [90m[1mreimport[22m | Preparing files to reimport...[39m[0m
[  11% ] [90m[1mreimport[22m | Preparing files to reimport...[39m[0m
[  11% ] [90m[1mreimport[22m | Preparing files to reimport...[39m[0m
[  11% ] [90m[1mreimport[22m | Preparing files to reimport...[39m[0m
[  11% ] [90m[1mreimport[22m | Preparing files to reimport...[39m[0m
[  12% ] [90m[1mreimport[22m | Preparing files to reimport...[39m[0m
[  12% ] [90m[1mreimport[22m | Preparing files to reimport...[39m[0m
[  12% ] [90m[1mreimport[22m | Preparing files to reimport...[39m[0m
[  12% ] [90m[1mreimport[22m | Preparing files to reimport...[39m[0m
[  12% ] [90m[1mreimport[22m | Preparing files to reimport...[39m[0m
[  12% ] [90m[1mreimport[22m | Preparing files to reimport...[39m[0m
[  12% ] [90m[1mreimport[22m | Preparing files to reimport...[39m[0m
[  12% ] [90m[1mreimport[22m | Preparing files to reimport...[39m[0m
[  12% ] [90m[1mreimport[22m | Preparing files to reimport...[39m[0m
[  12% ] [90m[1mreimport[22m | Preparing files to reimport...[39m[0m
[  12% ] [90m[1mreimport[22m | Preparing files to reimport...[39m[0m
[  12% ] [90m[1mreimport[22m | Preparing files to reimport...[39m[0m
[  12% ] [90m[1mreimport[22m | Preparing files to reimport...[39m[0m
[  13% ] [90m[1mreimport[22m | Preparing files to reimport...[39m[0m
[  13% ] [90m[1mreimport[22m | Preparing files to reimport...[39m[0m
[  13% ] [90m[1mreimport[22m | Preparing files to reimport...[39m[0m
[  13% ] [90m[1mreimport[22m | Preparing files to reimport...[39m[0m
[  13% ] [90m[1mreimport[22m | Preparing files to reimport...[39m[0m
[  13% ] [90m[1mreimport[22m | Preparing files to reimport...[39m[0m
[  13% ] [90m[1mreimport[22m | Preparing files to reimport...[39m[0m
[  13% ] [90m[1mreimport[22m | Preparing files to reimport...[39m[0m
[  13% ] [90m[1mreimport[22m | Preparing files to reimport...[39m[0m
[  13% ] [90m[1mreimport[22m | Preparing files to reimport...[39m[0m
[  13% ] [90m[1mreimport[22m | Preparing files to reimport...[39m[0m
[  13% ] [90m[1mreimport[22m | Preparing files to reimport...[39m[0m
[  13% ] [90m[1mreimport[22m | Preparing files to reimport...[39m[0m
[  14% ] [90m[1mreimport[22m | Preparing files to reimport...[39m[0m
[  14% ] [90m[1mreimport[22m | Preparing files to reimport...[39m[0m
[  14% ] [90m[1mreimport[22m | Preparing files to reimport...[39m[0m
[  14% ] [90m[1mreimport[22m | Preparing files to reimport...[39m[0m
[  14% ] [90m[1mreimport[22m | Preparing files to reimport...[39m[0m
[  14% ] [90m[1mreimport[22m | Preparing files to reimport...[39m[0m
[  14% ] [90m[1mreimport[22m | Preparing files to reimport...[39m[0m
[  14% ] [90m[1mreimport[22m | Preparing files to reimport...[39m[0m
[  14% ] [90m[1mreimport[22m | Preparing files to reimport...[39m[0m
[  14% ] [90m[1mreimport[22m | Preparing files to reimport...[39m[0m
[  14% ] [90m[1mreimport[22m | Preparing files to reimport...[39m[0m
[  14% ] [90m[1mreimport[22m | Preparing files to reimport...[39m[0m
[  14% ] [90m[1mreimport[22m | Preparing files to reimport...[39m[0m
[  15% ] [90m[1mreimport[22m | Preparing files to reimport...[39m[0m
[  15% ] [90m[1mreimport[22m | Preparing files to reimport...[39m[0m
[  15% ] [90m[1mreimport[22m | Preparing files to reimport...[39m[0m
[  15% ] [90m[1mreimport[22m | Preparing files to reimport...[39m[0m
[  15% ] [90m[1mreimport[22m | Preparing files to reimport...[39m[0m
[  15% ] [90m[1mreimport[22m | Preparing files to reimport...[39m[0m
[  15% ] [90m[1mreimport[22m | Preparing files to reimport...[39m[0m
[  15% ] [90m[1mreimport[22m | Preparing files to reimport...[39m[0m
[  15% ] [90m[1mreimport[22m | Preparing files to reimport...[39m[0m
[  15% ] [90m[1mreimport[22m | Preparing files to reimport...[39m[0m
[  15% ] [90m[1mreimport[22m | Preparing files to reimport...[39m[0m
[  15% ] [90m[1mreimport[22m | Preparing files to reimport...[39m[0m
[  15% ] [90m[1mreimport[22m | Preparing files to reimport...[39m[0m
[  16% ] [90m[1mreimport[22m | Preparing files to reimport...[39m[0m
[  16% ] [90m[1mreimport[22m | Preparing files to reimport...[39m[0m
[  16% ] [90m[1mreimport[22m | Preparing files to reimport...[39m[0m
[  16% ] [90m[1mreimport[22m | Preparing files to reimport...[39m[0m
[  16% ] [90m[1mreimport[22m | Preparing files to reimport...[39m[0m
[  16% ] [90m[1mreimport[22m | Preparing files to reimport...[39m[0m
[  16% ] [90m[1mreimport[22m | Preparing files to reimport...[39m[0m
[  16% ] [90m[1mreimport[22m | Preparing files to reimport...[39m[0m
[  16% ] [90m[1mreimport[22m | Preparing files to reimport...[39m[0m
[  16% ] [90m[1mreimport[22m | Preparing files to reimport...[39m[0m
[  16% ] [90m[1mreimport[22m | Preparing files to reimport...[39m[0m
[  16% ] [90m[1mreimport[22m | Preparing files to reimport...[39m[0m
[  16% ] [90m[1mreimport[22m | Preparing files to reimport...[39m[0m
[  17% ] [90m[1mreimport[22m | Preparing files to reimport...[39m[0m
[  17% ] [90m[1mreimport[22m | Preparing files to reimport...[39m[0m
[  17% ] [90m[1mreimport[22m | Preparing files to reimport...[39m[0m
[  17% ] [90m[1mreimport[22m | Preparing files to reimport...[39m[0m
[  17% ] [90m[1mreimport[22m | Preparing files to reimport...[39m[0m
[  17% ] [90m[1mreimport[22m | Preparing files to reimport...[39m[0m
[  17% ] [90m[1mreimport[22m | Preparing files to reimport...[39m[0m
[  17% ] [90m[1mreimport[22m | Preparing files to reimport...[39m[0m
[  17% ] [90m[1mreimport[22m | Preparing files to reimport...[39m[0m
[  17% ] [90m[1mreimport[22m | Preparing files to reimport...[39m[0m
[  17% ] [90m[1mreimport[22m | Preparing files to reimport...[39m[0m
[  17% ] [90m[1mreimport[22m | Preparing files to reimport...[39m[0m
[  17% ] [90m[1mreimport[22m | Preparing files to reimport...[39m[0m
[  18% ] [90m[1mreimport[22m | Preparing files to reimport...[39m[0m
[  18% ] [90m[1mreimport[22m | Preparing files to reimport...[39m[0m
[  18% ] [90m[1mreimport[22m | Preparing files to reimport...[39m[0m
[  18% ] [90m[1mreimport[22m | Preparing files to reimport...[39m[0m
[  18% ] [90m[1mreimport[22m | Preparing files to reimport...[39m[0m
[  18% ] [90m[1mreimport[22m | Preparing files to reimport...[39m[0m
[  18% ] [90m[1mreimport[22m | Preparing files to reimport...[39m[0m
[  18% ] [90m[1mreimport[22m | Preparing files to reimport...[39m[0m
[  18% ] [90m[1mreimport[22m | Preparing files to reimport...[39m[0m
[  18% ] [90m[1mreimport[22m | Preparing files to reimport...[39m[0m
[  18% ] [90m[1mreimport[22m | Preparing files to reimport...[39m[0m
[  18% ] [90m[1mreimport[22m | Preparing files to reimport...[39m[0m
[  18% ] [90m[1mreimport[22m | Preparing files to reimport...[39m[0m
[  18% ] [90m[1mreimport[22m | Preparing files to reimport...[39m[0m
[  19% ] [90m[1mreimport[22m | Preparing files to reimport...[39m[0m
[  19% ] [90m[1mreimport[22m | Preparing files to reimport...[39m[0m
[  19% ] [90m[1mreimport[22m | Preparing files to reimport...[39m[0m
[  19% ] [90m[1mreimport[22m | Preparing files to reimport...[39m[0m
[  19% ] [90m[1mreimport[22m | Preparing files to reimport...[39m[0m
[  19% ] [90m[1mreimport[22m | Preparing files to reimport...[39m[0m
[  19% ] [90m[1mreimport[22m | Preparing files to reimport...[39m[0m
[  19% ] [90m[1mreimport[22m | Preparing files to reimport...[39m[0m
[  19% ] [90m[1mreimport[22m | Preparing files to reimport...[39m[0m
[  19% ] [90m[1mreimport[22m | Preparing files to reimport...[39m[0m
[  19% ] [90m[1mreimport[22m | Preparing files to reimport...[39m[0m
[  19% ] [90m[1mreimport[22m | Preparing files to reimport...[39m[0m
[  19% ] [90m[1mreimport[22m | Preparing files to reimport...[39m[0m
[  20% ] [90m[1mreimport[22m | Preparing files to reimport...[39m[0m
[  20% ] [90m[1mreimport[22m | Preparing files to reimport...[39m[0m
[  20% ] [90m[1mreimport[22m | Preparing files to reimport...[39m[0m
[  20% ] [90m[1mreimport[22m | Preparing files to reimport...[39m[0m
[  20% ] [90m[1mreimport[22m | Preparing files to reimport...[39m[0m
[  20% ] [90m[1mreimport[22m | Preparing files to reimport...[39m[0m
[  20% ] [90m[1mreimport[22m | Preparing files to reimport...[39m[0m
[  20% ] [90m[1mreimport[22m | Preparing files to reimport...[39m[0m
[  20% ] [90m[1mreimport[22m | Preparing files to reimport...[39m[0m
[  20% ] [90m[1mreimport[22m | Preparing files to reimport...[39m[0m
[  20% ] [90m[1mreimport[22m | Preparing files to reimport...[39m[0m
[  20% ] [90m[1mreimport[22m | Preparing files to reimport...[39m[0m
[  20% ] [90m[1mreimport[22m | Preparing files to reimport...[39m[0m
[  21% ] [90m[1mreimport[22m | Preparing files to reimport...[39m[0m
[  21% ] [90m[1mreimport[22m | Preparing files to reimport...[39m[0m
[  21% ] [90m[1mreimport[22m | Preparing files to reimport...[39m[0m
[  21% ] [90m[1mreimport[22m | Preparing files to reimport...[39m[0m
[  21% ] [90m[1mreimport[22m | Preparing files to reimport...[39m[0m
[  21% ] [90m[1mreimport[22m | Preparing files to reimport...[39m[0m
[  21% ] [90m[1mreimport[22m | Preparing files to reimport...[39m[0m
[  21% ] [90m[1mreimport[22m | Preparing files to reimport...[39m[0m
[  21% ] [90m[1mreimport[22m | Preparing files to reimport...[39m[0m
[  21% ] [90m[1mreimport[22m | Preparing files to reimport...[39m[0m
[  21% ] [90m[1mreimport[22m | Preparing files to reimport...[39m[0m
[  21% ] [90m[1mreimport[22m | Preparing files to reimport...[39m[0m
[  21% ] [90m[1mreimport[22m | Preparing files to reimport...[39m[0m
[  22% ] [90m[1mreimport[22m | Preparing files to reimport...[39m[0m
[  22% ] [90m[1mreimport[22m | Preparing files to reimport...[39m[0m
[  22% ] [90m[1mreimport[22m | Preparing files to reimport...[39m[0m
[  22% ] [90m[1mreimport[22m | Preparing files to reimport...[39m[0m
[  22% ] [90m[1mreimport[22m | Preparing files to reimport...[39m[0m
[  22% ] [90m[1mreimport[22m | Preparing files to reimport...[39m[0m
[  22% ] [90m[1mreimport[22m | Preparing files to reimport...[39m[0m
[  22% ] [90m[1mreimport[22m | Preparing files to reimport...[39m[0m
[  22% ] [90m[1mreimport[22m | Preparing files to reimport...[39m[0m
[  22% ] [90m[1mreimport[22m | Preparing files to reimport...[39m[0m
[  22% ] [90m[1mreimport[22m | Preparing files to reimport...[39m[0m
[  22% ] [90m[1mreimport[22m | Preparing files to reimport...[39m[0m
[  22% ] [90m[1mreimport[22m | Preparing files to reimport...[39m[0m
[  23% ] [90m[1mreimport[22m | Preparing files to reimport...[39m[0m
[  23% ] [90m[1mreimport[22m | Preparing files to reimport...[39m[0m
[  23% ] [90m[1mreimport[22m | Preparing files to reimport...[39m[0m
[  23% ] [90m[1mreimport[22m | Preparing files to reimport...[39m[0m
[  23% ] [90m[1mreimport[22m | Preparing files to reimport...[39m[0m
[  23% ] [90m[1mreimport[22m | Preparing files to reimport...[39m[0m
[  23% ] [90m[1mreimport[22m | Preparing files to reimport...[39m[0m
[  23% ] [90m[1mreimport[22m | Preparing files to reimport...[39m[0m
[  23% ] [90m[1mreimport[22m | Preparing files to reimport...[39m[0m
[  23% ] [90m[1mreimport[22m | Preparing files to reimport...[39m[0m
[  23% ] [90m[1mreimport[22m | Preparing files to reimport...[39m[0m
[  23% ] [90m[1mreimport[22m | Preparing files to reimport...[39m[0m
[  23% ] [90m[1mreimport[22m | Preparing files to reimport...[39m[0m
[  24% ] [90m[1mreimport[22m | Preparing files to reimport...[39m[0m
[  24% ] [90m[1mreimport[22m | Preparing files to reimport...[39m[0m
[  24% ] [90m[1mreimport[22m | Preparing files to reimport...[39m[0m
[  24% ] [90m[1mreimport[22m | Preparing files to reimport...[39m[0m
[  24% ] [90m[1mreimport[22m | Preparing files to reimport...[39m[0m
[  24% ] [90m[1mreimport[22m | Preparing files to reimport...[39m[0m
[  24% ] [90m[1mreimport[22m | Preparing files to reimport...[39m[0m
[  24% ] [90m[1mreimport[22m | Preparing files to reimport...[39m[0m
[  24% ] [90m[1mreimport[22m | Preparing files to reimport...[39m[0m
[  24% ] [90m[1mreimport[22m | Preparing files to reimport...[39m[0m
[  24% ] [90m[1mreimport[22m | Preparing files to reimport...[39m[0m
[  24% ] [90m[1mreimport[22m | Preparing files to reimport...[39m[0m
[  24% ] [90m[1mreimport[22m | Preparing files to reimport...[39m[0m
[  25% ] [90m[1mreimport[22m | Preparing files to reimport...[39m[0m
[  25% ] [90m[1mreimport[22m | Preparing files to reimport...[39m[0m
[  25% ] [90m[1mreimport[22m | Preparing files to reimport...[39m[0m
[  25% ] [90m[1mreimport[22m | Preparing files to reimport...[39m[0m
[  25% ] [90m[1mreimport[22m | Preparing files to reimport...[39m[0m
[  25% ] [90m[1mreimport[22m | Preparing files to reimport...[39m[0m
[  25% ] [90m[1mreimport[22m | Preparing files to reimport...[39m[0m
[  25% ] [90m[1mreimport[22m | Preparing files to reimport...[39m[0m
[  25% ] [90m[1mreimport[22m | Preparing files to reimport...[39m[0m
[  25% ] [90m[1mreimport[22m | Preparing files to reimport...[39m[0m
[  25% ] [90m[1mreimport[22m | Preparing files to reimport...[39m[0m
[  25% ] [90m[1mreimport[22m | Preparing files to reimport...[39m[0m
[  25% ] [90m[1mreimport[22m | Preparing files to reimport...[39m[0m
[  26% ] [90m[1mreimport[22m | Preparing files to reimport...[39m[0m
[  26% ] [90m[1mreimport[22m | Preparing files to reimport...[39m[0m
[  26% ] [90m[1mreimport[22m | Preparing files to reimport...[39m[0m
[  26% ] [90m[1mreimport[22m | Preparing files to reimport...[39m[0m
[  26% ] [90m[1mreimport[22m | Preparing files to reimport...[39m[0m
[  26% ] [90m[1mreimport[22m | Preparing files to reimport...[39m[0m
[  26% ] [90m[1mreimport[22m | Preparing files to reimport...[39m[0m
[  26% ] [90m[1mreimport[22m | Preparing files to reimport...[39m[0m
[  26% ] [90m[1mreimport[22m | Preparing files to reimport...[39m[0m
[  26% ] [90m[1mreimport[22m | Preparing files to reimport...[39m[0m
[  26% ] [90m[1mreimport[22m | Preparing files to reimport...[39m[0m
[  26% ] [90m[1mreimport[22m | Preparing files to reimport...[39m[0m
[  26% ] [90m[1mreimport[22m | Preparing files to reimport...[39m[0m
[  27% ] [90m[1mreimport[22m | Preparing files to reimport...[39m[0m
[  27% ] [90m[1mreimport[22m | Preparing files to reimport...[39m[0m
[  27% ] [90m[1mreimport[22m | Preparing files to reimport...[39m[0m
[  27% ] [90m[1mreimport[22m | Preparing files to reimport...[39m[0m
[  27% ] [90m[1mreimport[22m | Preparing files to reimport...[39m[0m
[  27% ] [90m[1mreimport[22m | Preparing files to reimport...[39m[0m
[  27% ] [90m[1mreimport[22m | Preparing files to reimport...[39m[0m
[  27% ] [90m[1mreimport[22m | Preparing files to reimport...[39m[0m
[  27% ] [90m[1mreimport[22m | Preparing files to reimport...[39m[0m
[  27% ] [90m[1mreimport[22m | Preparing files to reimport...[39m[0m
[  27% ] [90m[1mreimport[22m | Preparing files to reimport...[39m[0m
[  27% ] [90m[1mreimport[22m | Preparing files to reimport...[39m[0m
[  27% ] [90m[1mreimport[22m | Preparing files to reimport...[39m[0m
[  27% ] [90m[1mreimport[22m | Preparing files to reimport...[39m[0m
[  28% ] [90m[1mreimport[22m | Preparing files to reimport...[39m[0m
[  28% ] [90m[1mreimport[22m | Preparing files to reimport...[39m[0m
[  28% ] [90m[1mreimport[22m | Preparing files to reimport...[39m[0m
[  28% ] [90m[1mreimport[22m | Preparing files to reimport...[39m[0m
[  28% ] [90m[1mreimport[22m | Preparing files to reimport...[39m[0m
[  28% ] [90m[1mreimport[22m | Preparing files to reimport...[39m[0m
[  28% ] [90m[1mreimport[22m | Preparing files to reimport...[39m[0m
[  28% ] [90m[1mreimport[22m | Preparing files to reimport...[39m[0m
[  28% ] [90m[1mreimport[22m | Preparing files to reimport...[39m[0m
[  28% ] [90m[1mreimport[22m | Preparing files to reimport...[39m[0m
[  28% ] [90m[1mreimport[22m | Preparing files to reimport...[39m[0m
[  28% ] [90m[1mreimport[22m | Preparing files to reimport...[39m[0m
[  28% ] [90m[1mreimport[22m | Preparing files to reimport...[39m[0m
[  29% ] [90m[1mreimport[22m | Preparing files to reimport...[39m[0m
[  29% ] [90m[1mreimport[22m | Preparing files to reimport...[39m[0m
[  29% ] [90m[1mreimport[22m | Preparing files to reimport...[39m[0m
[  29% ] [90m[1mreimport[22m | Preparing files to reimport...[39m[0m
[  29% ] [90m[1mreimport[22m | Preparing files to reimport...[39m[0m
[  29% ] [90m[1mreimport[22m | Preparing files to reimport...[39m[0m
[  29% ] [90m[1mreimport[22m | Preparing files to reimport...[39m[0m
[  29% ] [90m[1mreimport[22m | Preparing files to reimport...[39m[0m
[  29% ] [90m[1mreimport[22m | Preparing files to reimport...[39m[0m
[  29% ] [90m[1mreimport[22m | Preparing files to reimport...[39m[0m
[  29% ] [90m[1mreimport[22m | Preparing files to reimport...[39m[0m
[  29% ] [90m[1mreimport[22m | Preparing files to reimport...[39m[0m
[  29% ] [90m[1mreimport[22m | Preparing files to reimport...[39m[0m
[  30% ] [90m[1mreimport[22m | Preparing files to reimport...[39m[0m
[  30% ] [90m[1mreimport[22m | Preparing files to reimport...[39m[0m
[  30% ] [90m[1mreimport[22m | Preparing files to reimport...[39m[0m
[  30% ] [90m[1mreimport[22m | Preparing files to reimport...[39m[0m
[  30% ] [90m[1mreimport[22m | Preparing files to reimport...[39m[0m
[  30% ] [90m[1mreimport[22m | Preparing files to reimport...[39m[0m
[  30% ] [90m[1mreimport[22m | Preparing files to reimport...[39m[0m
[  30% ] [90m[1mreimport[22m | Preparing files to reimport...[39m[0m
[  30% ] [90m[1mreimport[22m | Preparing files to reimport...[39m[0m
[  30% ] [90m[1mreimport[22m | Preparing files to reimport...[39m[0m
[  30% ] [90m[1mreimport[22m | Preparing files to reimport...[39m[0m
[  30% ] [90m[1mreimport[22m | Preparing files to reimport...[39m[0m
[  30% ] [90m[1mreimport[22m | Preparing files to reimport...[39m[0m
[  31% ] [90m[1mreimport[22m | Preparing files to reimport...[39m[0m
[  31% ] [90m[1mreimport[22m | Preparing files to reimport...[39m[0m
[  31% ] [90m[1mreimport[22m | Preparing files to reimport...[39m[0m
[  31% ] [90m[1mreimport[22m | Preparing files to reimport...[39m[0m
[  31% ] [90m[1mreimport[22m | Preparing files to reimport...[39m[0m
[  31% ] [90m[1mreimport[22m | Preparing files to reimport...[39m[0m
[  31% ] [90m[1mreimport[22m | Preparing files to reimport...[39m[0m
[  31% ] [90m[1mreimport[22m | Preparing files to reimport...[39m[0m
[  31% ] [90m[1mreimport[22m | Preparing files to reimport...[39m[0m
[  31% ] [90m[1mreimport[22m | Preparing files to reimport...[39m[0m
[  31% ] [90m[1mreimport[22m | Preparing files to reimport...[39m[0m
[  31% ] [90m[1mreimport[22m | Preparing files to reimport...[39m[0m
[  31% ] [90m[1mreimport[22m | Preparing files to reimport...[39m[0m
[  32% ] [90m[1mreimport[22m | Preparing files to reimport...[39m[0m
[  32% ] [90m[1mreimport[22m | Preparing files to reimport...[39m[0m
[  32% ] [90m[1mreimport[22m | Preparing files to reimport...[39m[0m
[  32% ] [90m[1mreimport[22m | Preparing files to reimport...[39m[0m
[  32% ] [90m[1mreimport[22m | Preparing files to reimport...[39m[0m
[  32% ] [90m[1mreimport[22m | Preparing files to reimport...[39m[0m
[  32% ] [90m[1mreimport[22m | Preparing files to reimport...[39m[0m
[  32% ] [90m[1mreimport[22m | Preparing files to reimport...[39m[0m
[  32% ] [90m[1mreimport[22m | Preparing files to reimport...[39m[0m
[  32% ] [90m[1mreimport[22m | Preparing files to reimport...[39m[0m
[  32% ] [90m[1mreimport[22m | Preparing files to reimport...[39m[0m
[  32% ] [90m[1mreimport[22m | Preparing files to reimport...[39m[0m
[  32% ] [90m[1mreimport[22m | Preparing files to reimport...[39m[0m
[  33% ] [90m[1mreimport[22m | Preparing files to reimport...[39m[0m
[  33% ] [90m[1mreimport[22m | Preparing files to reimport...[39m[0m
[  33% ] [90m[1mreimport[22m | Preparing files to reimport...[39m[0m
[  33% ] [90m[1mreimport[22m | Preparing files to reimport...[39m[0m
[  33% ] [90m[1mreimport[22m | Preparing files to reimport...[39m[0m
[  33% ] [90m[1mreimport[22m | Preparing files to reimport...[39m[0m
[  33% ] [90m[1mreimport[22m | Preparing files to reimport...[39m[0m
[  33% ] [90m[1mreimport[22m | Preparing files to reimport...[39m[0m
[  33% ] [90m[1mreimport[22m | Preparing files to reimport...[39m[0m
[  33% ] [90m[1mreimport[22m | Preparing files to reimport...[39m[0m
[  33% ] [90m[1mreimport[22m | Preparing files to reimport...[39m[0m
[  33% ] [90m[1mreimport[22m | Preparing files to reimport...[39m[0m
[  33% ] [90m[1mreimport[22m | Preparing files to reimport...[39m[0m
[  34% ] [90m[1mreimport[22m | Preparing files to reimport...[39m[0m
[  34% ] [90m[1mreimport[22m | Preparing files to reimport...[39m[0m
[  34% ] [90m[1mreimport[22m | Preparing files to reimport...[39m[0m
[  34% ] [90m[1mreimport[22m | Preparing files to reimport...[39m[0m
[  34% ] [90m[1mreimport[22m | Preparing files to reimport...[39m[0m
[  34% ] [90m[1mreimport[22m | Preparing files to reimport...[39m[0m
[  34% ] [90m[1mreimport[22m | Preparing files to reimport...[39m[0m
[  34% ] [90m[1mreimport[22m | Preparing files to reimport...[39m[0m
[  34% ] [90m[1mreimport[22m | Preparing files to reimport...[39m[0m
[  34% ] [90m[1mreimport[22m | Preparing files to reimport...[39m[0m
[  34% ] [90m[1mreimport[22m | Preparing files to reimport...[39m[0m
[  34% ] [90m[1mreimport[22m | Preparing files to reimport...[39m[0m
[  34% ] [90m[1mreimport[22m | Preparing files to reimport...[39m[0m
[  35% ] [90m[1mreimport[22m | Preparing files to reimport...[39m[0m
[  35% ] [90m[1mreimport[22m | Preparing files to reimport...[39m[0m
[  35% ] [90m[1mreimport[22m | Preparing files to reimport...[39m[0m
[  35% ] [90m[1mreimport[22m | Preparing files to reimport...[39m[0m
[  35% ] [90m[1mreimport[22m | Preparing files to reimport...[39m[0m
[  35% ] [90m[1mreimport[22m | Preparing files to reimport...[39m[0m
[  35% ] [90m[1mreimport[22m | Preparing files to reimport...[39m[0m
[  35% ] [90m[1mreimport[22m | Preparing files to reimport...[39m[0m
[  35% ] [90m[1mreimport[22m | Preparing files to reimport...[39m[0m
[  35% ] [90m[1mreimport[22m | Preparing files to reimport...[39m[0m
[  35% ] [90m[1mreimport[22m | Preparing files to reimport...[39m[0m
[  35% ] [90m[1mreimport[22m | Preparing files to reimport...[39m[0m
[  35% ] [90m[1mreimport[22m | Preparing files to reimport...[39m[0m
[  36% ] [90m[1mreimport[22m | Preparing files to reimport...[39m[0m
[  36% ] [90m[1mreimport[22m | Preparing files to reimport...[39m[0m
[  36% ] [90m[1mreimport[22m | Preparing files to reimport...[39m[0m
[  36% ] [90m[1mreimport[22m | Preparing files to reimport...[39m[0m
[  36% ] [90m[1mreimport[22m | Preparing files to reimport...[39m[0m
[  36% ] [90m[1mreimport[22m | Preparing files to reimport...[39m[0m
[  36% ] [90m[1mreimport[22m | Preparing files to reimport...[39m[0m
[  36% ] [90m[1mreimport[22m | Preparing files to reimport...[39m[0m
[  36% ] [90m[1mreimport[22m | Preparing files to reimport...[39m[0m
[  36% ] [90m[1mreimport[22m | Preparing files to reimport...[39m[0m
[  36% ] [90m[1mreimport[22m | Preparing files to reimport...[39m[0m
[  36% ] [90m[1mreimport[22m | Preparing files to reimport...[39m[0m
[  36% ] [90m[1mreimport[22m | Preparing files to reimport...[39m[0m
[  36% ] [90m[1mreimport[22m | Preparing files to reimport...[39m[0m
[  37% ] [90m[1mreimport[22m | Preparing files to reimport...[39m[0m
[  37% ] [90m[1mreimport[22m | Preparing files to reimport...[39m[0m
[  37% ] [90m[1mreimport[22m | Preparing files to reimport...[39m[0m
[  37% ] [90m[1mreimport[22m | Preparing files to reimport...[39m[0m
[  37% ] [90m[1mreimport[22m | Preparing files to reimport...[39m[0m
[  37% ] [90m[1mreimport[22m | Preparing files to reimport...[39m[0m
[  37% ] [90m[1mreimport[22m | Preparing files to reimport...[39m[0m
[  37% ] [90m[1mreimport[22m | Preparing files to reimport...[39m[0m
[  37% ] [90m[1mreimport[22m | Preparing files to reimport...[39m[0m
[  37% ] [90m[1mreimport[22m | Preparing files to reimport...[39m[0m
[  37% ] [90m[1mreimport[22m | Preparing files to reimport...[39m[0m
[  37% ] [90m[1mreimport[22m | Preparing files to reimport...[39m[0m
[  37% ] [90m[1mreimport[22m | Preparing files to reimport...[39m[0m
[  38% ] [90m[1mreimport[22m | Preparing files to reimport...[39m[0m
[  38% ] [90m[1mreimport[22m | Preparing files to reimport...[39m[0m
[  38% ] [90m[1mreimport[22m | Preparing files to reimport...[39m[0m
[  38% ] [90m[1mreimport[22m | Preparing files to reimport...[39m[0m
[  38% ] [90m[1mreimport[22m | Preparing files to reimport...[39m[0m
[  38% ] [90m[1mreimport[22m | Preparing files to reimport...[39m[0m
[  38% ] [90m[1mreimport[22m | Preparing files to reimport...[39m[0m
[  38% ] [90m[1mreimport[22m | Preparing files to reimport...[39m[0m
[  38% ] [90m[1mreimport[22m | Preparing files to reimport...[39m[0m
[  38% ] [90m[1mreimport[22m | Preparing files to reimport...[39m[0m
[  38% ] [90m[1mreimport[22m | Preparing files to reimport...[39m[0m
[  38% ] [90m[1mreimport[22m | Preparing files to reimport...[39m[0m
[  38% ] [90m[1mreimport[22m | Preparing files to reimport...[39m[0m
[  39% ] [90m[1mreimport[22m | Preparing files to reimport...[39m[0m
[  39% ] [90m[1mreimport[22m | Preparing files to reimport...[39m[0m
[  39% ] [90m[1mreimport[22m | Preparing files to reimport...[39m[0m
[  39% ] [90m[1mreimport[22m | Preparing files to reimport...[39m[0m
[  39% ] [90m[1mreimport[22m | Preparing files to reimport...[39m[0m
[  39% ] [90m[1mreimport[22m | Preparing files to reimport...[39m[0m
[  39% ] [90m[1mreimport[22m | Preparing files to reimport...[39m[0m
[  39% ] [90m[1mreimport[22m | Preparing files to reimport...[39m[0m
[  39% ] [90m[1mreimport[22m | Preparing files to reimport...[39m[0m
[  39% ] [90m[1mreimport[22m | Preparing files to reimport...[39m[0m
[  39% ] [90m[1mreimport[22m | Preparing files to reimport...[39m[0m
[  39% ] [90m[1mreimport[22m | Preparing files to reimport...[39m[0m
[  39% ] [90m[1mreimport[22m | Preparing files to reimport...[39m[0m
[  40% ] [90m[1mreimport[22m | Preparing files to reimport...[39m[0m
[  40% ] [90m[1mreimport[22m | Preparing files to reimport...[39m[0m
[  40% ] [90m[1mreimport[22m | Preparing files to reimport...[39m[0m
[  40% ] [90m[1mreimport[22m | Preparing files to reimport...[39m[0m
[  40% ] [90m[1mreimport[22m | Preparing files to reimport...[39m[0m
[  40% ] [90m[1mreimport[22m | Preparing files to reimport...[39m[0m
[  40% ] [90m[1mreimport[22m | Preparing files to reimport...[39m[0m
[  40% ] [90m[1mreimport[22m | Preparing files to reimport...[39m[0m
[  40% ] [90m[1mreimport[22m | Preparing files to reimport...[39m[0m
[  40% ] [90m[1mreimport[22m | Preparing files to reimport...[39m[0m
[  40% ] [90m[1mreimport[22m | Preparing files to reimport...[39m[0m
[  40% ] [90m[1mreimport[22m | Preparing files to reimport...[39m[0m
[  40% ] [90m[1mreimport[22m | Preparing files to reimport...[39m[0m
[  41% ] [90m[1mreimport[22m | Preparing files to reimport...[39m[0m
[  41% ] [90m[1mreimport[22m | Preparing files to reimport...[39m[0m
[  41% ] [90m[1mreimport[22m | Preparing files to reimport...[39m[0m
[  41% ] [90m[1mreimport[22m | Preparing files to reimport...[39m[0m
[  41% ] [90m[1mreimport[22m | Preparing files to reimport...[39m[0m
[  41% ] [90m[1mreimport[22m | Preparing files to reimport...[39m[0m
[  41% ] [90m[1mreimport[22m | Preparing files to reimport...[39m[0m
[  41% ] [90m[1mreimport[22m | Preparing files to reimport...[39m[0m
[  41% ] [90m[1mreimport[22m | Preparing files to reimport...[39m[0m
[  41% ] [90m[1mreimport[22m | Preparing files to reimport...[39m[0m
[  41% ] [90m[1mreimport[22m | Preparing files to reimport...[39m[0m
[  41% ] [90m[1mreimport[22m | Preparing files to reimport...[39m[0m
[  41% ] [90m[1mreimport[22m | Preparing files to reimport...[39m[0m
[  42% ] [90m[1mreimport[22m | Preparing files to reimport...[39m[0m
[  42% ] [90m[1mreimport[22m | Preparing files to reimport...[39m[0m
[  42% ] [90m[1mreimport[22m | Preparing files to reimport...[39m[0m
[  42% ] [90m[1mreimport[22m | Preparing files to reimport...[39m[0m
[  42% ] [90m[1mreimport[22m | Preparing files to reimport...[39m[0m
[  42% ] [90m[1mreimport[22m | Preparing files to reimport...[39m[0m
[  42% ] [90m[1mreimport[22m | Preparing files to reimport...[39m[0m
[  42% ] [90m[1mreimport[22m | Preparing files to reimport...[39m[0m
[  42% ] [90m[1mreimport[22m | Preparing files to reimport...[39m[0m
[  42% ] [90m[1mreimport[22m | Preparing files to reimport...[39m[0m
[  42% ] [90m[1mreimport[22m | Preparing files to reimport...[39m[0m
[  42% ] [90m[1mreimport[22m | Preparing files to reimport...[39m[0m
[  42% ] [90m[1mreimport[22m | Preparing files to reimport...[39m[0m
[  43% ] [90m[1mreimport[22m | Preparing files to reimport...[39m[0m
[  43% ] [90m[1mreimport[22m | Preparing files to reimport...[39m[0m
[  43% ] [90m[1mreimport[22m | Preparing files to reimport...[39m[0m
[  43% ] [90m[1mreimport[22m | Preparing files to reimport...[39m[0m
[  43% ] [90m[1mreimport[22m | Preparing files to reimport...[39m[0m
[  43% ] [90m[1mreimport[22m | Preparing files to reimport...[39m[0m
[  43% ] [90m[1mreimport[22m | Preparing files to reimport...[39m[0m
[  43% ] [90m[1mreimport[22m | Preparing files to reimport...[39m[0m
[  43% ] [90m[1mreimport[22m | Preparing files to reimport...[39m[0m
[  43% ] [90m[1mreimport[22m | Preparing files to reimport...[39m[0m
[  43% ] [90m[1mreimport[22m | Preparing files to reimport...[39m[0m
[  43% ] [90m[1mreimport[22m | Preparing files to reimport...[39m[0m
[  43% ] [90m[1mreimport[22m | Preparing files to reimport...[39m[0m
[  44% ] [90m[1mreimport[22m | Preparing files to reimport...[39m[0m
[  44% ] [90m[1mreimport[22m | Preparing files to reimport...[39m[0m
[  44% ] [90m[1mreimport[22m | Preparing files to reimport...[39m[0m
[  44% ] [90m[1mreimport[22m | Preparing files to reimport...[39m[0m
[  44% ] [90m[1mreimport[22m | Preparing files to reimport...[39m[0m
[  44% ] [90m[1mreimport[22m | Preparing files to reimport...[39m[0m
[  44% ] [90m[1mreimport[22m | Preparing files to reimport...[39m[0m
[  44% ] [90m[1mreimport[22m | Preparing files to reimport...[39m[0m
[  44% ] [90m[1mreimport[22m | Preparing files to reimport...[39m[0m
[  44% ] [90m[1mreimport[22m | Preparing files to reimport...[39m[0m
[  44% ] [90m[1mreimport[22m | Preparing files to reimport...[39m[0m
[  44% ] [90m[1mreimport[22m | Preparing files to reimport...[39m[0m
[  44% ] [90m[1mreimport[22m | Preparing files to reimport...[39m[0m
[  45% ] [90m[1mreimport[22m | Preparing files to reimport...[39m[0m
[  45% ] [90m[1mreimport[22m | Preparing files to reimport...[39m[0m
[  45% ] [90m[1mreimport[22m | Preparing files to reimport...[39m[0m
[  45% ] [90m[1mreimport[22m | Preparing files to reimport...[39m[0m
[  45% ] [90m[1mreimport[22m | Preparing files to reimport...[39m[0m
[  45% ] [90m[1mreimport[22m | Preparing files to reimport...[39m[0m
[  45% ] [90m[1mreimport[22m | Preparing files to reimport...[39m[0m
[  45% ] [90m[1mreimport[22m | Preparing files to reimport...[39m[0m
[  45% ] [90m[1mreimport[22m | Preparing files to reimport...[39m[0m
[  45% ] [90m[1mreimport[22m | Preparing files to reimport...[39m[0m
[  45% ] [90m[1mreimport[22m | Preparing files to reimport...[39m[0m
[  45% ] [90m[1mreimport[22m | Preparing files to reimport...[39m[0m
[  45% ] [90m[1mreimport[22m | Preparing files to reimport...[39m[0m
[  45% ] [90m[1mreimport[22m | Preparing files to reimport...[39m[0m
[  46% ] [90m[1mreimport[22m | Preparing files to reimport...[39m[0m
[  46% ] [90m[1mreimport[22m | Preparing files to reimport...[39m[0m
[  46% ] [90m[1mreimport[22m | Preparing files to reimport...[39m[0m
[  46% ] [90m[1mreimport[22m | Preparing files to reimport...[39m[0m
[  46% ] [90m[1mreimport[22m | Preparing files to reimport...[39m[0m
[  46% ] [90m[1mreimport[22m | Preparing files to reimport...[39m[0m
[  46% ] [90m[1mreimport[22m | Preparing files to reimport...[39m[0m
[  46% ] [90m[1mreimport[22m | Preparing files to reimport...[39m[0m
[  46% ] [90m[1mreimport[22m | Preparing files to reimport...[39m[0m
[  46% ] [90m[1mreimport[22m | Preparing files to reimport...[39m[0m
[  46% ] [90m[1mreimport[22m | Preparing files to reimport...[39m[0m
[  46% ] [90m[1mreimport[22m | Preparing files to reimport...[39m[0m
[  46% ] [90m[1mreimport[22m | Preparing files to reimport...[39m[0m
[  47% ] [90m[1mreimport[22m | Preparing files to reimport...[39m[0m
[  47% ] [90m[1mreimport[22m | Preparing files to reimport...[39m[0m
[  47% ] [90m[1mreimport[22m | Preparing files to reimport...[39m[0m
[  47% ] [90m[1mreimport[22m | Preparing files to reimport...[39m[0m
[  47% ] [90m[1mreimport[22m | Preparing files to reimport...[39m[0m
[  47% ] [90m[1mreimport[22m | Preparing files to reimport...[39m[0m
[  47% ] [90m[1mreimport[22m | Preparing files to reimport...[39m[0m
[  47% ] [90m[1mreimport[22m | Preparing files to reimport...[39m[0m
[  47% ] [90m[1mreimport[22m | Preparing files to reimport...[39m[0m
[  47% ] [90m[1mreimport[22m | Preparing files to reimport...[39m[0m
[  47% ] [90m[1mreimport[22m | Preparing files to reimport...[39m[0m
[  47% ] [90m[1mreimport[22m | Preparing files to reimport...[39m[0m
[  47% ] [90m[1mreimport[22m | Preparing files to reimport...[39m[0m
[  48% ] [90m[1mreimport[22m | Preparing files to reimport...[39m[0m
[  48% ] [90m[1mreimport[22m | Preparing files to reimport...[39m[0m
[  48% ] [90m[1mreimport[22m | Preparing files to reimport...[39m[0m
[  48% ] [90m[1mreimport[22m | Preparing files to reimport...[39m[0m
[  48% ] [90m[1mreimport[22m | Preparing files to reimport...[39m[0m
[  48% ] [90m[1mreimport[22m | Preparing files to reimport...[39m[0m
[  48% ] [90m[1mreimport[22m | Preparing files to reimport...[39m[0m
[  48% ] [90m[1mreimport[22m | Preparing files to reimport...[39m[0m
[  48% ] [90m[1mreimport[22m | Preparing files to reimport...[39m[0m
[  48% ] [90m[1mreimport[22m | Preparing files to reimport...[39m[0m
[  48% ] [90m[1mreimport[22m | Preparing files to reimport...[39m[0m
[  48% ] [90m[1mreimport[22m | Preparing files to reimport...[39m[0m
[  48% ] [90m[1mreimport[22m | Preparing files to reimport...[39m[0m
[  49% ] [90m[1mreimport[22m | Preparing files to reimport...[39m[0m
[  49% ] [90m[1mreimport[22m | Preparing files to reimport...[39m[0m
[  49% ] [90m[1mreimport[22m | Preparing files to reimport...[39m[0m
[  49% ] [90m[1mreimport[22m | Preparing files to reimport...[39m[0m
[  49% ] [90m[1mreimport[22m | Preparing files to reimport...[39m[0m
[  49% ] [90m[1mreimport[22m | Preparing files to reimport...[39m[0m
[  49% ] [90m[1mreimport[22m | Preparing files to reimport...[39m[0m
[  49% ] [90m[1mreimport[22m | Preparing files to reimport...[39m[0m
[  49% ] [90m[1mreimport[22m | Preparing files to reimport...[39m[0m
[  49% ] [90m[1mreimport[22m | Preparing files to reimport...[39m[0m
[  49% ] [90m[1mreimport[22m | Preparing files to reimport...[39m[0m
[  49% ] [90m[1mreimport[22m | Preparing files to reimport...[39m[0m
[  49% ] [90m[1mreimport[22m | Preparing files to reimport...[39m[0m
[  50% ] [90m[1mreimport[22m | Preparing files to reimport...[39m[0m
[  50% ] [90m[1mreimport[22m | Preparing files to reimport...[39m[0m
[  50% ] [90m[1mreimport[22m | Preparing files to reimport...[39m[0m
[  50% ] [90m[1mreimport[22m | Preparing files to reimport...[39m[0m
[  50% ] [90m[1mreimport[22m | Preparing files to reimport...[39m[0m
[  50% ] [90m[1mreimport[22m | Preparing files to reimport...[39m[0m
[  50% ] [90m[1mreimport[22m | Preparing files to reimport...[39m[0m
[  50% ] [90m[1mreimport[22m | Preparing files to reimport...[39m[0m
[  50% ] [90m[1mreimport[22m | Preparing files to reimport...[39m[0m
[  50% ] [90m[1mreimport[22m | Preparing files to reimport...[39m[0m
[  50% ] [90m[1mreimport[22m | Preparing files to reimport...[39m[0m
[  50% ] [90m[1mreimport[22m | Preparing files to reimport...[39m[0m
[  50% ] [90m[1mreimport[22m | Preparing files to reimport...[39m[0m
[  51% ] [90m[1mreimport[22m | Preparing files to reimport...[39m[0m
[  51% ] [90m[1mreimport[22m | Preparing files to reimport...[39m[0m
[  51% ] [90m[1mreimport[22m | Preparing files to reimport...[39m[0m
[  51% ] [90m[1mreimport[22m | Preparing files to reimport...[39m[0m
[  51% ] [90m[1mreimport[22m | Preparing files to reimport...[39m[0m
[  51% ] [90m[1mreimport[22m | Preparing files to reimport...[39m[0m
[  51% ] [90m[1mreimport[22m | Preparing files to reimport...[39m[0m
[  51% ] [90m[1mreimport[22m | Preparing files to reimport...[39m[0m
[  51% ] [90m[1mreimport[22m | Preparing files to reimport...[39m[0m
[  51% ] [90m[1mreimport[22m | Preparing files to reimport...[39m[0m
[  51% ] [90m[1mreimport[22m | Preparing files to reimport...[39m[0m
[  51% ] [90m[1mreimport[22m | Preparing files to reimport...[39m[0m
[  51% ] [90m[1mreimport[22m | Preparing files to reimport...[39m[0m
[  52% ] [90m[1mreimport[22m | Preparing files to reimport...[39m[0m
[  52% ] [90m[1mreimport[22m | Preparing files to reimport...[39m[0m
[  52% ] [90m[1mreimport[22m | Preparing files to reimport...[39m[0m
[  52% ] [90m[1mreimport[22m | Preparing files to reimport...[39m[0m
[  52% ] [90m[1mreimport[22m | Preparing files to reimport...[39m[0m
[  52% ] [90m[1mreimport[22m | Preparing files to reimport...[39m[0m
[  52% ] [90m[1mreimport[22m | Preparing files to reimport...[39m[0m
[  52% ] [90m[1mreimport[22m | Preparing files to reimport...[39m[0m
[  52% ] [90m[1mreimport[22m | Preparing files to reimport...[39m[0m
[  52% ] [90m[1mreimport[22m | Preparing files to reimport...[39m[0m
[  52% ] [90m[1mreimport[22m | Preparing files to reimport...[39m[0m
[  52% ] [90m[1mreimport[22m | Preparing files to reimport...[39m[0m
[  52% ] [90m[1mreimport[22m | Preparing files to reimport...[39m[0m
[  53% ] [90m[1mreimport[22m | Preparing files to reimport...[39m[0m
[  53% ] [90m[1mreimport[22m | Preparing files to reimport...[39m[0m
[  53% ] [90m[1mreimport[22m | Preparing files to reimport...[39m[0m
[  53% ] [90m[1mreimport[22m | Preparing files to reimport...[39m[0m
[  53% ] [90m[1mreimport[22m | Preparing files to reimport...[39m[0m
[  53% ] [90m[1mreimport[22m | Preparing files to reimport...[39m[0m
[  53% ] [90m[1mreimport[22m | Preparing files to reimport...[39m[0m
[  53% ] [90m[1mreimport[22m | Preparing files to reimport...[39m[0m
[  53% ] [90m[1mreimport[22m | Preparing files to reimport...[39m[0m
[  53% ] [90m[1mreimport[22m | Preparing files to reimport...[39m[0m
[  53% ] [90m[1mreimport[22m | Preparing files to reimport...[39m[0m
[  53% ] [90m[1mreimport[22m | Preparing files to reimport...[39m[0m
[  53% ] [90m[1mreimport[22m | Preparing files to reimport...[39m[0m
[  54% ] [90m[1mreimport[22m | Preparing files to reimport...[39m[0m
[  54% ] [90m[1mreimport[22m | Preparing files to reimport...[39m[0m
[  54% ] [90m[1mreimport[22m | Preparing files to reimport...[39m[0m
[  54% ] [90m[1mreimport[22m | Preparing files to reimport...[39m[0m
[  54% ] [90m[1mreimport[22m | Preparing files to reimport...[39m[0m
[  54% ] [90m[1mreimport[22m | Preparing files to reimport...[39m[0m
[  54% ] [90m[1mreimport[22m | Preparing files to reimport...[39m[0m
[  54% ] [90m[1mreimport[22m | Preparing files to reimport...[39m[0m
[  54% ] [90m[1mreimport[22m | Preparing files to reimport...[39m[0m
[  54% ] [90m[1mreimport[22m | Preparing files to reimport...[39m[0m
[  54% ] [90m[1mreimport[22m | Preparing files to reimport...[39m[0m
[  54% ] [90m[1mreimport[22m | Preparing files to reimport...[39m[0m
[  54% ] [90m[1mreimport[22m | Preparing files to reimport...[39m[0m
[  54% ] [90m[1mreimport[22m | Preparing files to reimport...[39m[0m
[  55% ] [90m[1mreimport[22m | Preparing files to reimport...[39m[0m
[  55% ] [90m[1mreimport[22m | Preparing files to reimport...[39m[0m
[  55% ] [90m[1mreimport[22m | Preparing files to reimport...[39m[0m
[  55% ] [90m[1mreimport[22m | Preparing files to reimport...[39m[0m
[  55% ] [90m[1mreimport[22m | Preparing files to reimport...[39m[0m
[  55% ] [90m[1mreimport[22m | Preparing files to reimport...[39m[0m
[  55% ] [90m[1mreimport[22m | Preparing files to reimport...[39m[0m
[  55% ] [90m[1mreimport[22m | Preparing files to reimport...[39m[0m
[  55% ] [90m[1mreimport[22m | Preparing files to reimport...[39m[0m
[  55% ] [90m[1mreimport[22m | Preparing files to reimport...[39m[0m
[  55% ] [90m[1mreimport[22m | Preparing files to reimport...[39m[0m
[  55% ] [90m[1mreimport[22m | Preparing files to reimport...[39m[0m
[  55% ] [90m[1mreimport[22m | Preparing files to reimport...[39m[0m
[  56% ] [90m[1mreimport[22m | Preparing files to reimport...[39m[0m
[  56% ] [90m[1mreimport[22m | Preparing files to reimport...[39m[0m
[  56% ] [90m[1mreimport[22m | Preparing files to reimport...[39m[0m
[  56% ] [90m[1mreimport[22m | Preparing files to reimport...[39m[0m
[  56% ] [90m[1mreimport[22m | Preparing files to reimport...[39m[0m
[  56% ] [90m[1mreimport[22m | Preparing files to reimport...[39m[0m
[  56% ] [90m[1mreimport[22m | Preparing files to reimport...[39m[0m
[  56% ] [90m[1mreimport[22m | Preparing files to reimport...[39m[0m
[  56% ] [90m[1mreimport[22m | Preparing files to reimport...[39m[0m
[  56% ] [90m[1mreimport[22m | Preparing files to reimport...[39m[0m
[  56% ] [90m[1mreimport[22m | Preparing files to reimport...[39m[0m
[  56% ] [90m[1mreimport[22m | Preparing files to reimport...[39m[0m
[  56% ] [90m[1mreimport[22m | Preparing files to reimport...[39m[0m
[  57% ] [90m[1mreimport[22m | Preparing files to reimport...[39m[0m
[  57% ] [90m[1mreimport[22m | Preparing files to reimport...[39m[0m
[  57% ] [90m[1mreimport[22m | Preparing files to reimport...[39m[0m
[  57% ] [90m[1mreimport[22m | Preparing files to reimport...[39m[0m
[  57% ] [90m[1mreimport[22m | Preparing files to reimport...[39m[0m
[  57% ] [90m[1mreimport[22m | Preparing files to reimport...[39m[0m
[  57% ] [90m[1mreimport[22m | Preparing files to reimport...[39m[0m
[  57% ] [90m[1mreimport[22m | Preparing files to reimport...[39m[0m
[  57% ] [90m[1mreimport[22m | Preparing files to reimport...[39m[0m
[  57% ] [90m[1mreimport[22m | Preparing files to reimport...[39m[0m
[  57% ] [90m[1mreimport[22m | Preparing files to reimport...[39m[0m
[  57% ] [90m[1mreimport[22m | Preparing files to reimport...[39m[0m
[  57% ] [90m[1mreimport[22m | Preparing files to reimport...[39m[0m
[  58% ] [90m[1mreimport[22m | Preparing files to reimport...[39m[0m
[  58% ] [90m[1mreimport[22m | Preparing files to reimport...[39m[0m
[  58% ] [90m[1mreimport[22m | Preparing files to reimport...[39m[0m
[  58% ] [90m[1mreimport[22m | Preparing files to reimport...[39m[0m
[  58% ] [90m[1mreimport[22m | Preparing files to reimport...[39m[0m
[  58% ] [90m[1mreimport[22m | Preparing files to reimport...[39m[0m
[  58% ] [90m[1mreimport[22m | Preparing files to reimport...[39m[0m
[  58% ] [90m[1mreimport[22m | Preparing files to reimport...[39m[0m
[  58% ] [90m[1mreimport[22m | Preparing files to reimport...[39m[0m
[  58% ] [90m[1mreimport[22m | Preparing files to reimport...[39m[0m
[  58% ] [90m[1mreimport[22m | Preparing files to reimport...[39m[0m
[  58% ] [90m[1mreimport[22m | Preparing files to reimport...[39m[0m
[  58% ] [90m[1mreimport[22m | Preparing files to reimport...[39m[0m
[  59% ] [90m[1mreimport[22m | Preparing files to reimport...[39m[0m
[  59% ] [90m[1mreimport[22m | Preparing files to reimport...[39m[0m
[  59% ] [90m[1mreimport[22m | Preparing files to reimport...[39m[0m
[  59% ] [90m[1mreimport[22m | Preparing files to reimport...[39m[0m
[  59% ] [90m[1mreimport[22m | Preparing files to reimport...[39m[0m
[  59% ] [90m[1mreimport[22m | Preparing files to reimport...[39m[0m
[  59% ] [90m[1mreimport[22m | Preparing files to reimport...[39m[0m
[  59% ] [90m[1mreimport[22m | Preparing files to reimport...[39m[0m
[  59% ] [90m[1mreimport[22m | Preparing files to reimport...[39m[0m
[  59% ] [90m[1mreimport[22m | Preparing files to reimport...[39m[0m
[  59% ] [90m[1mreimport[22m | Preparing files to reimport...[39m[0m
[  59% ] [90m[1mreimport[22m | Preparing files to reimport...[39m[0m
[  59% ] [90m[1mreimport[22m | Preparing files to reimport...[39m[0m
[  60% ] [90m[1mreimport[22m | Preparing files to reimport...[39m[0m
[  60% ] [90m[1mreimport[22m | Preparing files to reimport...[39m[0m
[  60% ] [90m[1mreimport[22m | Preparing files to reimport...[39m[0m
[  60% ] [90m[1mreimport[22m | Preparing files to reimport...[39m[0m
[  60% ] [90m[1mreimport[22m | Preparing files to reimport...[39m[0m
[  60% ] [90m[1mreimport[22m | Preparing files to reimport...[39m[0m
[  60% ] [90m[1mreimport[22m | Preparing files to reimport...[39m[0m
[  60% ] [90m[1mreimport[22m | Preparing files to reimport...[39m[0m
[  60% ] [90m[1mreimport[22m | Preparing files to reimport...[39m[0m
[  60% ] [90m[1mreimport[22m | Preparing files to reimport...[39m[0m
[  60% ] [90m[1mreimport[22m | Preparing files to reimport...[39m[0m
[  60% ] [90m[1mreimport[22m | Preparing files to reimport...[39m[0m
[  60% ] [90m[1mreimport[22m | Preparing files to reimport...[39m[0m
[  61% ] [90m[1mreimport[22m | Preparing files to reimport...[39m[0m
[  61% ] [90m[1mreimport[22m | Preparing files to reimport...[39m[0m
[  61% ] [90m[1mreimport[22m | Preparing files to reimport...[39m[0m
[  61% ] [90m[1mreimport[22m | Preparing files to reimport...[39m[0m
[  61% ] [90m[1mreimport[22m | Preparing files to reimport...[39m[0m
[  61% ] [90m[1mreimport[22m | Preparing files to reimport...[39m[0m
[  61% ] [90m[1mreimport[22m | Preparing files to reimport...[39m[0m
[  61% ] [90m[1mreimport[22m | Preparing files to reimport...[39m[0m
[  61% ] [90m[1mreimport[22m | Preparing files to reimport...[39m[0m
[  61% ] [90m[1mreimport[22m | Preparing files to reimport...[39m[0m
[  61% ] [90m[1mreimport[22m | Preparing files to reimport...[39m[0m
[  61% ] [90m[1mreimport[22m | Preparing files to reimport...[39m[0m
[  61% ] [90m[1mreimport[22m | Preparing files to reimport...[39m[0m
[  62% ] [90m[1mreimport[22m | Preparing files to reimport...[39m[0m
[  62% ] [90m[1mreimport[22m | Preparing files to reimport...[39m[0m
[  62% ] [90m[1mreimport[22m | Preparing files to reimport...[39m[0m
[  62% ] [90m[1mreimport[22m | Preparing files to reimport...[39m[0m
[  62% ] [90m[1mreimport[22m | Preparing files to reimport...[39m[0m
[  62% ] [90m[1mreimport[22m | Preparing files to reimport...[39m[0m
[  62% ] [90m[1mreimport[22m | Preparing files to reimport...[39m[0m
[  62% ] [90m[1mreimport[22m | Preparing files to reimport...[39m[0m
[  62% ] [90m[1mreimport[22m | Preparing files to reimport...[39m[0m
[  62% ] [90m[1mreimport[22m | Preparing files to reimport...[39m[0m
[  62% ] [90m[1mreimport[22m | Preparing files to reimport...[39m[0m
[  62% ] [90m[1mreimport[22m | Preparing files to reimport...[39m[0m
[  62% ] [90m[1mreimport[22m | Preparing files to reimport...[39m[0m
[  63% ] [90m[1mreimport[22m | Preparing files to reimport...[39m[0m
[  63% ] [90m[1mreimport[22m | Preparing files to reimport...[39m[0m
[  63% ] [90m[1mreimport[22m | Preparing files to reimport...[39m[0m
[  63% ] [90m[1mreimport[22m | Preparing files to reimport...[39m[0m
[  63% ] [90m[1mreimport[22m | Preparing files to reimport...[39m[0m
[  63% ] [90m[1mreimport[22m | Preparing files to reimport...[39m[0m
[  63% ] [90m[1mreimport[22m | Preparing files to reimport...[39m[0m
[  63% ] [90m[1mreimport[22m | Preparing files to reimport...[39m[0m
[  63% ] [90m[1mreimport[22m | Preparing files to reimport...[39m[0m
[  63% ] [90m[1mreimport[22m | Preparing files to reimport...[39m[0m
[  63% ] [90m[1mreimport[22m | Preparing files to reimport...[39m[0m
[  63% ] [90m[1mreimport[22m | Preparing files to reimport...[39m[0m
[  63% ] [90m[1mreimport[22m | Preparing files to reimport...[39m[0m
[  63% ] [90m[1mreimport[22m | Preparing files to reimport...[39m[0m
[  64% ] [90m[1mreimport[22m | Preparing files to reimport...[39m[0m
[  64% ] [90m[1mreimport[22m | Preparing files to reimport...[39m[0m
[  64% ] [90m[1mreimport[22m | Preparing files to reimport...[39m[0m
[  64% ] [90m[1mreimport[22m | Preparing files to reimport...[39m[0m
[  64% ] [90m[1mreimport[22m | Preparing files to reimport...[39m[0m
[  64% ] [90m[1mreimport[22m | Preparing files to reimport...[39m[0m
[  64% ] [90m[1mreimport[22m | Preparing files to reimport...[39m[0m
[  64% ] [90m[1mreimport[22m | Preparing files to reimport...[39m[0m
[  64% ] [90m[1mreimport[22m | Preparing files to reimport...[39m[0m
[  64% ] [90m[1mreimport[22m | Preparing files to reimport...[39m[0m
[  64% ] [90m[1mreimport[22m | Preparing files to reimport...[39m[0m
[  64% ] [90m[1mreimport[22m | Preparing files to reimport...[39m[0m
[  64% ] [90m[1mreimport[22m | Preparing files to reimport...[39m[0m
[  65% ] [90m[1mreimport[22m | Preparing files to reimport...[39m[0m
[  65% ] [90m[1mreimport[22m | Preparing files to reimport...[39m[0m
[  65% ] [90m[1mreimport[22m | Preparing files to reimport...[39m[0m
[  65% ] [90m[1mreimport[22m | Preparing files to reimport...[39m[0m
[  65% ] [90m[1mreimport[22m | Preparing files to reimport...[39m[0m
[  65% ] [90m[1mreimport[22m | Preparing files to reimport...[39m[0m
[  65% ] [90m[1mreimport[22m | Preparing files to reimport...[39m[0m
[  65% ] [90m[1mreimport[22m | Preparing files to reimport...[39m[0m
[  65% ] [90m[1mreimport[22m | Preparing files to reimport...[39m[0m
[  65% ] [90m[1mreimport[22m | Preparing files to reimport...[39m[0m
[  65% ] [90m[1mreimport[22m | Preparing files to reimport...[39m[0m
[  65% ] [90m[1mreimport[22m | Preparing files to reimport...[39m[0m
[  65% ] [90m[1mreimport[22m | Preparing files to reimport...[39m[0m
[  66% ] [90m[1mreimport[22m | Preparing files to reimport...[39m[0m
[  66% ] [90m[1mreimport[22m | Preparing files to reimport...[39m[0m
[  66% ] [90m[1mreimport[22m | Preparing files to reimport...[39m[0m
[  66% ] [90m[1mreimport[22m | Preparing files to reimport...[39m[0m
[  66% ] [90m[1mreimport[22m | Preparing files to reimport...[39m[0m
[  66% ] [90m[1mreimport[22m | Preparing files to reimport...[39m[0m
[  66% ] [90m[1mreimport[22m | Preparing files to reimport...[39m[0m
[  66% ] [90m[1mreimport[22m | Preparing files to reimport...[39m[0m
[  66% ] [90m[1mreimport[22m | Preparing files to reimport...[39m[0m
[  66% ] [90m[1mreimport[22m | Preparing files to reimport...[39m[0m
[  66% ] [90m[1mreimport[22m | Preparing files to reimport...[39m[0m
[  66% ] [90m[1mreimport[22m | Preparing files to reimport...[39m[0m
[  66% ] [90m[1mreimport[22m | Preparing files to reimport...[39m[0m
[  67% ] [90m[1mreimport[22m | Preparing files to reimport...[39m[0m
[  67% ] [90m[1mreimport[22m | Preparing files to reimport...[39m[0m
[  67% ] [90m[1mreimport[22m | Preparing files to reimport...[39m[0m
[  67% ] [90m[1mreimport[22m | Preparing files to reimport...[39m[0m
[  67% ] [90m[1mreimport[22m | Preparing files to reimport...[39m[0m
[  67% ] [90m[1mreimport[22m | Preparing files to reimport...[39m[0m
[  67% ] [90m[1mreimport[22m | Preparing files to reimport...[39m[0m
[  67% ] [90m[1mreimport[22m | Preparing files to reimport...[39m[0m
[  67% ] [90m[1mreimport[22m | Preparing files to reimport...[39m[0m
[  67% ] [90m[1mreimport[22m | Preparing files to reimport...[39m[0m
[  67% ] [90m[1mreimport[22m | Preparing files to reimport...[39m[0m
[  67% ] [90m[1mreimport[22m | Preparing files to reimport...[39m[0m
[  67% ] [90m[1mreimport[22m | Preparing files to reimport...[39m[0m
[  68% ] [90m[1mreimport[22m | Preparing files to reimport...[39m[0m
[  68% ] [90m[1mreimport[22m | Preparing files to reimport...[39m[0m
[  68% ] [90m[1mreimport[22m | Preparing files to reimport...[39m[0m
[  68% ] [90m[1mreimport[22m | Preparing files to reimport...[39m[0m
[  68% ] [90m[1mreimport[22m | Preparing files to reimport...[39m[0m
[  68% ] [90m[1mreimport[22m | Preparing files to reimport...[39m[0m
[  68% ] [90m[1mreimport[22m | Preparing files to reimport...[39m[0m
[  68% ] [90m[1mreimport[22m | Preparing files to reimport...[39m[0m
[  68% ] [90m[1mreimport[22m | Preparing files to reimport...[39m[0m
[  68% ] [90m[1mreimport[22m | Preparing files to reimport...[39m[0m
[  68% ] [90m[1mreimport[22m | Preparing files to reimport...[39m[0m
[  68% ] [90m[1mreimport[22m | Preparing files to reimport...[39m[0m
[  68% ] [90m[1mreimport[22m | Preparing files to reimport...[39m[0m
[  69% ] [90m[1mreimport[22m | Preparing files to reimport...[39m[0m
[  69% ] [90m[1mreimport[22m | Preparing files to reimport...[39m[0m
[  69% ] [90m[1mreimport[22m | Preparing files to reimport...[39m[0m
[  69% ] [90m[1mreimport[22m | Preparing files to reimport...[39m[0m
[  69% ] [90m[1mreimport[22m | Preparing files to reimport...[39m[0m
[  69% ] [90m[1mreimport[22m | Preparing files to reimport...[39m[0m
[  69% ] [90m[1mreimport[22m | Preparing files to reimport...[39m[0m
[  69% ] [90m[1mreimport[22m | Preparing files to reimport...[39m[0m
[  69% ] [90m[1mreimport[22m | Preparing files to reimport...[39m[0m
[  69% ] [90m[1mreimport[22m | Preparing files to reimport...[39m[0m
[  69% ] [90m[1mreimport[22m | Preparing files to reimport...[39m[0m
[  69% ] [90m[1mreimport[22m | Preparing files to reimport...[39m[0m
[  69% ] [90m[1mreimport[22m | Preparing files to reimport...[39m[0m
[  70% ] [90m[1mreimport[22m | Preparing files to reimport...[39m[0m
[  70% ] [90m[1mreimport[22m | Preparing files to reimport...[39m[0m
[  70% ] [90m[1mreimport[22m | Preparing files to reimport...[39m[0m
[  70% ] [90m[1mreimport[22m | Preparing files to reimport...[39m[0m
[  70% ] [90m[1mreimport[22m | Preparing files to reimport...[39m[0m
[  70% ] [90m[1mreimport[22m | Preparing files to reimport...[39m[0m
[  70% ] [90m[1mreimport[22m | Preparing files to reimport...[39m[0m
[  70% ] [90m[1mreimport[22m | Preparing files to reimport...[39m[0m
[  70% ] [90m[1mreimport[22m | Preparing files to reimport...[39m[0m
[  70% ] [90m[1mreimport[22m | Preparing files to reimport...[39m[0m
[  70% ] [90m[1mreimport[22m | Preparing files to reimport...[39m[0m
[  70% ] [90m[1mreimport[22m | Preparing files to reimport...[39m[0m
[  70% ] [90m[1mreimport[22m | Preparing files to reimport...[39m[0m
[  71% ] [90m[1mreimport[22m | Preparing files to reimport...[39m[0m
[  71% ] [90m[1mreimport[22m | Preparing files to reimport...[39m[0m
[  71% ] [90m[1mreimport[22m | Preparing files to reimport...[39m[0m
[  71% ] [90m[1mreimport[22m | Preparing files to reimport...[39m[0m
[  71% ] [90m[1mreimport[22m | Preparing files to reimport...[39m[0m
[  71% ] [90m[1mreimport[22m | Preparing files to reimport...[39m[0m
[  71% ] [90m[1mreimport[22m | Preparing files to reimport...[39m[0m
[  71% ] [90m[1mreimport[22m | Preparing files to reimport...[39m[0m
[  71% ] [90m[1mreimport[22m | Preparing files to reimport...[39m[0m
[  71% ] [90m[1mreimport[22m | Preparing files to reimport...[39m[0m
[  71% ] [90m[1mreimport[22m | Preparing files to reimport...[39m[0m
[  71% ] [90m[1mreimport[22m | Preparing files to reimport...[39m[0m
[  71% ] [90m[1mreimport[22m | Preparing files to reimport...[39m[0m
[  72% ] [90m[1mreimport[22m | Preparing files to reimport...[39m[0m
[  72% ] [90m[1mreimport[22m | Preparing files to reimport...[39m[0m
[  72% ] [90m[1mreimport[22m | Preparing files to reimport...[39m[0m
[  72% ] [90m[1mreimport[22m | Preparing files to reimport...[39m[0m
[  72% ] [90m[1mreimport[22m | Preparing files to reimport...[39m[0m
[  72% ] [90m[1mreimport[22m | Preparing files to reimport...[39m[0m
[  72% ] [90m[1mreimport[22m | Preparing files to reimport...[39m[0m
[  72% ] [90m[1mreimport[22m | Preparing files to reimport...[39m[0m
[  72% ] [90m[1mreimport[22m | Preparing files to reimport...[39m[0m
[  72% ] [90m[1mreimport[22m | Preparing files to reimport...[39m[0m
[  72% ] [90m[1mreimport[22m | Preparing files to reimport...[39m[0m
[  72% ] [90m[1mreimport[22m | Preparing files to reimport...[39m[0m
[  72% ] [90m[1mreimport[22m | Preparing files to reimport...[39m[0m
[  72% ] [90m[1mreimport[22m | Preparing files to reimport...[39m[0m
[  73% ] [90m[1mreimport[22m | Preparing files to reimport...[39m[0m
[  73% ] [90m[1mreimport[22m | Preparing files to reimport...[39m[0m
[  73% ] [90m[1mreimport[22m | Preparing files to reimport...[39m[0m
[  73% ] [90m[1mreimport[22m | Preparing files to reimport...[39m[0m
[  73% ] [90m[1mreimport[22m | Preparing files to reimport...[39m[0m
[  73% ] [90m[1mreimport[22m | Preparing files to reimport...[39m[0m
[  73% ] [90m[1mreimport[22m | Preparing files to reimport...[39m[0m
[  73% ] [90m[1mreimport[22m | Preparing files to reimport...[39m[0m
[  73% ] [90m[1mreimport[22m | Preparing files to reimport...[39m[0m
[  73% ] [90m[1mreimport[22m | Preparing files to reimport...[39m[0m
[  73% ] [90m[1mreimport[22m | Preparing files to reimport...[39m[0m
[  73% ] [90m[1mreimport[22m | Preparing files to reimport...[39m[0m
[  73% ] [90m[1mreimport[22m | Preparing files to reimport...[39m[0m
[  74% ] [90m[1mreimport[22m | Preparing files to reimport...[39m[0m
[  74% ] [90m[1mreimport[22m | Preparing files to reimport...[39m[0m
[  74% ] [90m[1mreimport[22m | Preparing files to reimport...[39m[0m
[  74% ] [90m[1mreimport[22m | Preparing files to reimport...[39m[0m
[  74% ] [90m[1mreimport[22m | Preparing files to reimport...[39m[0m
[  74% ] [90m[1mreimport[22m | Preparing files to reimport...[39m[0m
[  74% ] [90m[1mreimport[22m | Preparing files to reimport...[39m[0m
[  74% ] [90m[1mreimport[22m | Preparing files to reimport...[39m[0m
[  74% ] [90m[1mreimport[22m | Preparing files to reimport...[39m[0m
[  74% ] [90m[1mreimport[22m | Preparing files to reimport...[39m[0m
[  74% ] [90m[1mreimport[22m | Preparing files to reimport...[39m[0m
[  74% ] [90m[1mreimport[22m | Preparing files to reimport...[39m[0m
[  74% ] [90m[1mreimport[22m | Preparing files to reimport...[39m[0m
[  75% ] [90m[1mreimport[22m | Preparing files to reimport...[39m[0m
[  75% ] [90m[1mreimport[22m | Preparing files to reimport...[39m[0m
[  75% ] [90m[1mreimport[22m | Preparing files to reimport...[39m[0m
[  75% ] [90m[1mreimport[22m | Preparing files to reimport...[39m[0m
[  75% ] [90m[1mreimport[22m | Preparing files to reimport...[39m[0m
[  75% ] [90m[1mreimport[22m | Preparing files to reimport...[39m[0m
[  75% ] [90m[1mreimport[22m | Preparing files to reimport...[39m[0m
[  75% ] [90m[1mreimport[22m | Preparing files to reimport...[39m[0m
[  75% ] [90m[1mreimport[22m | Preparing files to reimport...[39m[0m
[  75% ] [90m[1mreimport[22m | Preparing files to reimport...[39m[0m
[  75% ] [90m[1mreimport[22m | Preparing files to reimport...[39m[0m
[  75% ] [90m[1mreimport[22m | Preparing files to reimport...[39m[0m
[  75% ] [90m[1mreimport[22m | Preparing files to reimport...[39m[0m
[  76% ] [90m[1mreimport[22m | Preparing files to reimport...[39m[0m
[  76% ] [90m[1mreimport[22m | Preparing files to reimport...[39m[0m
[  76% ] [90m[1mreimport[22m | Preparing files to reimport...[39m[0m
[  76% ] [90m[1mreimport[22m | Preparing files to reimport...[39m[0m
[  76% ] [90m[1mreimport[22m | Preparing files to reimport...[39m[0m
[  76% ] [90m[1mreimport[22m | Preparing files to reimport...[39m[0m
[  76% ] [90m[1mreimport[22m | Preparing files to reimport...[39m[0m
[  76% ] [90m[1mreimport[22m | Preparing files to reimport...[39m[0m
[  76% ] [90m[1mreimport[22m | Preparing files to reimport...[39m[0m
[  76% ] [90m[1mreimport[22m | Preparing files to reimport...[39m[0m
[  76% ] [90m[1mreimport[22m | Preparing files to reimport...[39m[0m
[  76% ] [90m[1mreimport[22m | Preparing files to reimport...[39m[0m
[  76% ] [90m[1mreimport[22m | Preparing files to reimport...[39m[0m
[  77% ] [90m[1mreimport[22m | Preparing files to reimport...[39m[0m
[  77% ] [90m[1mreimport[22m | Preparing files to reimport...[39m[0m
[  77% ] [90m[1mreimport[22m | Preparing files to reimport...[39m[0m
[  77% ] [90m[1mreimport[22m | Preparing files to reimport...[39m[0m
[  77% ] [90m[1mreimport[22m | Preparing files to reimport...[39m[0m
[  77% ] [90m[1mreimport[22m | Preparing files to reimport...[39m[0m
[  77% ] [90m[1mreimport[22m | Preparing files to reimport...[39m[0m
[  77% ] [90m[1mreimport[22m | Preparing files to reimport...[39m[0m
[  77% ] [90m[1mreimport[22m | Preparing files to reimport...[39m[0m
[  77% ] [90m[1mreimport[22m | Preparing files to reimport...[39m[0m
[  77% ] [90m[1mreimport[22m | Preparing files to reimport...[39m[0m
[  77% ] [90m[1mreimport[22m | Preparing files to reimport...[39m[0m
[  77% ] [90m[1mreimport[22m | Preparing files to reimport...[39m[0m
[  78% ] [90m[1mreimport[22m | Preparing files to reimport...[39m[0m
[  78% ] [90m[1mreimport[22m | Preparing files to reimport...[39m[0m
[  78% ] [90m[1mreimport[22m | Preparing files to reimport...[39m[0m
[  78% ] [90m[1mreimport[22m | Preparing files to reimport...[39m[0m
[  78% ] [90m[1mreimport[22m | Preparing files to reimport...[39m[0m
[  78% ] [90m[1mreimport[22m | Preparing files to reimport...[39m[0m
[  78% ] [90m[1mreimport[22m | Preparing files to reimport...[39m[0m
[  78% ] [90m[1mreimport[22m | Preparing files to reimport...[39m[0m
[  78% ] [90m[1mreimport[22m | Preparing files to reimport...[39m[0m
[  78% ] [90m[1mreimport[22m | Preparing files to reimport...[39m[0m
[  78% ] [90m[1mreimport[22m | Preparing files to reimport...[39m[0m
[  78% ] [90m[1mreimport[22m | Preparing files to reimport...[39m[0m
[  78% ] [90m[1mreimport[22m | Preparing files to reimport...[39m[0m
[  79% ] [90m[1mreimport[22m | Preparing files to reimport...[39m[0m
[  79% ] [90m[1mreimport[22m | Preparing files to reimport...[39m[0m
[  79% ] [90m[1mreimport[22m | Preparing files to reimport...[39m[0m
[  79% ] [90m[1mreimport[22m | Preparing files to reimport...[39m[0m
[  79% ] [90m[1mreimport[22m | Preparing files to reimport...[39m[0m
[  79% ] [90m[1mreimport[22m | Preparing files to reimport...[39m[0m
[  79% ] [90m[1mreimport[22m | Preparing files to reimport...[39m[0m
[  79% ] [90m[1mreimport[22m | Preparing files to reimport...[39m[0m
[  79% ] [90m[1mreimport[22m | Preparing files to reimport...[39m[0m
[  79% ] [90m[1mreimport[22m | Preparing files to reimport...[39m[0m
[  79% ] [90m[1mreimport[22m | Preparing files to reimport...[39m[0m
[  79% ] [90m[1mreimport[22m | Preparing files to reimport...[39m[0m
[  79% ] [90m[1mreimport[22m | Preparing files to reimport...[39m[0m
[  80% ] [90m[1mreimport[22m | Preparing files to reimport...[39m[0m
[  80% ] [90m[1mreimport[22m | Preparing files to reimport...[39m[0m
[  80% ] [90m[1mreimport[22m | Preparing files to reimport...[39m[0m
[  80% ] [90m[1mreimport[22m | Preparing files to reimport...[39m[0m
[  80% ] [90m[1mreimport[22m | Preparing files to reimport...[39m[0m
[  80% ] [90m[1mreimport[22m | Preparing files to reimport...[39m[0m
[  80% ] [90m[1mreimport[22m | Preparing files to reimport...[39m[0m
[  80% ] [90m[1mreimport[22m | Preparing files to reimport...[39m[0m
[  80% ] [90m[1mreimport[22m | Preparing files to reimport...[39m[0m
[  80% ] [90m[1mreimport[22m | Preparing files to reimport...[39m[0m
[  80% ] [90m[1mreimport[22m | Preparing files to reimport...[39m[0m
[  80% ] [90m[1mreimport[22m | Preparing files to reimport...[39m[0m
[  80% ] [90m[1mreimport[22m | Preparing files to reimport...[39m[0m
[  81% ] [90m[1mreimport[22m | Preparing files to reimport...[39m[0m
[  81% ] [90m[1mreimport[22m | Preparing files to reimport...[39m[0m
[  81% ] [90m[1mreimport[22m | Preparing files to reimport...[39m[0m
[  81% ] [90m[1mreimport[22m | Preparing files to reimport...[39m[0m
[  81% ] [90m[1mreimport[22m | Preparing files to reimport...[39m[0m
[  81% ] [90m[1mreimport[22m | Preparing files to reimport...[39m[0m
[  81% ] [90m[1mreimport[22m | Preparing files to reimport...[39m[0m
[  81% ] [90m[1mreimport[22m | Preparing files to reimport...[39m[0m
[  81% ] [90m[1mreimport[22m | Preparing files to reimport...[39m[0m
[  81% ] [90m[1mreimport[22m | Preparing files to reimport...[39m[0m
[  81% ] [90m[1mreimport[22m | Preparing files to reimport...[39m[0m
[  81% ] [90m[1mreimport[22m | Preparing files to reimport...[39m[0m
[  81% ] [90m[1mreimport[22m | Preparing files to reimport...[39m[0m
[  81% ] [90m[1mreimport[22m | Preparing files to reimport...[39m[0m
[  82% ] [90m[1mreimport[22m | Preparing files to reimport...[39m[0m
[  82% ] [90m[1mreimport[22m | Preparing files to reimport...[39m[0m
[  82% ] [90m[1mreimport[22m | Preparing files to reimport...[39m[0m
[  82% ] [90m[1mreimport[22m | Preparing files to reimport...[39m[0m
[  82% ] [90m[1mreimport[22m | Preparing files to reimport...[39m[0m
[  82% ] [90m[1mreimport[22m | Preparing files to reimport...[39m[0m
[  82% ] [90m[1mreimport[22m | Preparing files to reimport...[39m[0m
[  82% ] [90m[1mreimport[22m | Preparing files to reimport...[39m[0m
[  82% ] [90m[1mreimport[22m | Preparing files to reimport...[39m[0m
[  82% ] [90m[1mreimport[22m | Preparing files to reimport...[39m[0m
[  82% ] [90m[1mreimport[22m | Preparing files to reimport...[39m[0m
[  82% ] [90m[1mreimport[22m | Preparing files to reimport...[39m[0m
[  82% ] [90m[1mreimport[22m | Preparing files to reimport...[39m[0m
[  83% ] [90m[1mreimport[22m | Preparing files to reimport...[39m[0m
[  83% ] [90m[1mreimport[22m | Preparing files to reimport...[39m[0m
[  83% ] [90m[1mreimport[22m | Preparing files to reimport...[39m[0m
[  83% ] [90m[1mreimport[22m | Preparing files to reimport...[39m[0m
[  83% ] [90m[1mreimport[22m | Preparing files to reimport...[39m[0m
[  83% ] [90m[1mreimport[22m | Preparing files to reimport...[39m[0m
[  83% ] [90m[1mreimport[22m | Preparing files to reimport...[39m[0m
[  83% ] [90m[1mreimport[22m | Preparing files to reimport...[39m[0m
[  83% ] [90m[1mreimport[22m | Preparing files to reimport...[39m[0m
[  83% ] [90m[1mreimport[22m | Preparing files to reimport...[39m[0m
[  83% ] [90m[1mreimport[22m | Preparing files to reimport...[39m[0m
[  83% ] [90m[1mreimport[22m | Preparing files to reimport...[39m[0m
[  83% ] [90m[1mreimport[22m | Preparing files to reimport...[39m[0m
[  84% ] [90m[1mreimport[22m | Preparing files to reimport...[39m[0m
[  84% ] [90m[1mreimport[22m | Preparing files to reimport...[39m[0m
[  84% ] [90m[1mreimport[22m | Preparing files to reimport...[39m[0m
[  84% ] [90m[1mreimport[22m | Preparing files to reimport...[39m[0m
[  84% ] [90m[1mreimport[22m | Preparing files to reimport...[39m[0m
[  84% ] [90m[1mreimport[22m | Preparing files to reimport...[39m[0m
[  84% ] [90m[1mreimport[22m | Preparing files to reimport...[39m[0m
[  84% ] [90m[1mreimport[22m | Preparing files to reimport...[39m[0m
[  84% ] [90m[1mreimport[22m | Preparing files to reimport...[39m[0m
[  84% ] [90m[1mreimport[22m | Preparing files to reimport...[39m[0m
[  84% ] [90m[1mreimport[22m | Preparing files to reimport...[39m[0m
[  84% ] [90m[1mreimport[22m | Preparing files to reimport...[39m[0m
[  84% ] [90m[1mreimport[22m | Preparing files to reimport...[39m[0m
[  85% ] [90m[1mreimport[22m | Preparing files to reimport...[39m[0m
[  85% ] [90m[1mreimport[22m | Preparing files to reimport...[39m[0m
[  85% ] [90m[1mreimport[22m | Preparing files to reimport...[39m[0m
[  85% ] [90m[1mreimport[22m | Preparing files to reimport...[39m[0m
[  85% ] [90m[1mreimport[22m | Preparing files to reimport...[39m[0m
[  85% ] [90m[1mreimport[22m | Preparing files to reimport...[39m[0m
[  85% ] [90m[1mreimport[22m | Preparing files to reimport...[39m[0m
[  85% ] [90m[1mreimport[22m | Preparing files to reimport...[39m[0m
[  85% ] [90m[1mreimport[22m | Preparing files to reimport...[39m[0m
[  85% ] [90m[1mreimport[22m | Preparing files to reimport...[39m[0m
[  85% ] [90m[1mreimport[22m | Preparing files to reimport...[39m[0m
[  85% ] [90m[1mreimport[22m | Preparing files to reimport...[39m[0m
[  85% ] [90m[1mreimport[22m | Preparing files to reimport...[39m[0m
[  86% ] [90m[1mreimport[22m | Preparing files to reimport...[39m[0m
[  86% ] [90m[1mreimport[22m | Preparing files to reimport...[39m[0m
[  86% ] [90m[1mreimport[22m | Preparing files to reimport...[39m[0m
[  86% ] [90m[1mreimport[22m | Preparing files to reimport...[39m[0m
[  86% ] [90m[1mreimport[22m | Preparing files to reimport...[39m[0m
[  86% ] [90m[1mreimport[22m | Preparing files to reimport...[39m[0m
[  86% ] [90m[1mreimport[22m | Preparing files to reimport...[39m[0m
[  86% ] [90m[1mreimport[22m | Preparing files to reimport...[39m[0m
[  86% ] [90m[1mreimport[22m | Preparing files to reimport...[39m[0m
[  86% ] [90m[1mreimport[22m | Preparing files to reimport...[39m[0m
[  86% ] [90m[1mreimport[22m | Preparing files to reimport...[39m[0m
[  86% ] [90m[1mreimport[22m | Preparing files to reimport...[39m[0m
[  86% ] [90m[1mreimport[22m | Preparing files to reimport...[39m[0m
[  87% ] [90m[1mreimport[22m | Preparing files to reimport...[39m[0m
[  87% ] [90m[1mreimport[22m | Preparing files to reimport...[39m[0m
[  87% ] [90m[1mreimport[22m | Preparing files to reimport...[39m[0m
[  87% ] [90m[1mreimport[22m | Preparing files to reimport...[39m[0m
[  87% ] [90m[1mreimport[22m | Preparing files to reimport...[39m[0m
[  87% ] [90m[1mreimport[22m | Preparing files to reimport...[39m[0m
[  87% ] [90m[1mreimport[22m | Preparing files to reimport...[39m[0m
[  87% ] [90m[1mreimport[22m | Preparing files to reimport...[39m[0m
[  87% ] [90m[1mreimport[22m | Preparing files to reimport...[39m[0m
[  87% ] [90m[1mreimport[22m | Preparing files to reimport...[39m[0m
[  87% ] [90m[1mreimport[22m | Preparing files to reimport...[39m[0m
[  87% ] [90m[1mreimport[22m | Preparing files to reimport...[39m[0m
[  87% ] [90m[1mreimport[22m | Preparing files to reimport...[39m[0m
[  88% ] [90m[1mreimport[22m | Preparing files to reimport...[39m[0m
[  88% ] [90m[1mreimport[22m | Preparing files to reimport...[39m[0m
[  88% ] [90m[1mreimport[22m | Preparing files to reimport...[39m[0m
[  88% ] [90m[1mreimport[22m | Preparing files to reimport...[39m[0m
[  88% ] [90m[1mreimport[22m | Preparing files to reimport...[39m[0m
[  88% ] [90m[1mreimport[22m | Preparing files to reimport...[39m[0m
[  88% ] [90m[1mreimport[22m | Preparing files to reimport...[39m[0m
[  88% ] [90m[1mreimport[22m | Preparing files to reimport...[39m[0m
[  88% ] [90m[1mreimport[22m | Preparing files to reimport...[39m[0m
[  88% ] [90m[1mreimport[22m | Preparing files to reimport...[39m[0m
[  88% ] [90m[1mreimport[22m | Preparing files to reimport...[39m[0m
[  88% ] [90m[1mreimport[22m | Preparing files to reimport...[39m[0m
[  88% ] [90m[1mreimport[22m | Preparing files to reimport...[39m[0m
[  89% ] [90m[1mreimport[22m | Preparing files to reimport...[39m[0m
[  89% ] [90m[1mreimport[22m | Preparing files to reimport...[39m[0m
[  89% ] [90m[1mreimport[22m | Preparing files to reimport...[39m[0m
[  89% ] [90m[1mreimport[22m | Preparing files to reimport...[39m[0m
[  89% ] [90m[1mreimport[22m | Preparing files to reimport...[39m[0m
[  89% ] [90m[1mreimport[22m | Preparing files to reimport...[39m[0m
[  89% ] [90m[1mreimport[22m | Preparing files to reimport...[39m[0m
[  89% ] [90m[1mreimport[22m | Preparing files to reimport...[39m[0m
[  89% ] [90m[1mreimport[22m | Preparing files to reimport...[39m[0m
[  89% ] [90m[1mreimport[22m | Preparing files to reimport...[39m[0m
[  89% ] [90m[1mreimport[22m | Preparing files to reimport...[39m[0m
[  89% ] [90m[1mreimport[22m | Preparing files to reimport...[39m[0m
[  89% ] [90m[1mreimport[22m | Preparing files to reimport...[39m[0m
[  90% ] [90m[1mreimport[22m | Preparing files to reimport...[39m[0m
[  90% ] [90m[1mreimport[22m | Preparing files to reimport...[39m[0m
[  90% ] [90m[1mreimport[22m | Preparing files to reimport...[39m[0m
[  90% ] [90m[1mreimport[22m | Preparing files to reimport...[39m[0m
[  90% ] [90m[1mreimport[22m | Preparing files to reimport...[39m[0m
[  90% ] [90m[1mreimport[22m | Preparing files to reimport...[39m[0m
[  90% ] [90m[1mreimport[22m | Preparing files to reimport...[39m[0m
[  90% ] [90m[1mreimport[22m | Preparing files to reimport...[39m[0m
[  90% ] [90m[1mreimport[22m | Preparing files to reimport...[39m[0m
[  90% ] [90m[1mreimport[22m | Preparing files to reimport...[39m[0m
[  90% ] [90m[1mreimport[22m | Preparing files to reimport...[39m[0m
[  90% ] [90m[1mreimport[22m | Preparing files to reimport...[39m[0m
[  90% ] [90m[1mreimport[22m | Preparing files to reimport...[39m[0m
[  90% ] [90m[1mreimport[22m | Preparing files to reimport...[39m[0m
[  91% ] [90m[1mreimport[22m | Preparing files to reimport...[39m[0m
[  91% ] [90m[1mreimport[22m | Preparing files to reimport...[39m[0m
[  91% ] [90m[1mreimport[22m | Preparing files to reimport...[39m[0m
[  91% ] [90m[1mreimport[22m | Preparing files to reimport...[39m[0m
[  91% ] [90m[1mreimport[22m | Preparing files to reimport...[39m[0m
[  91% ] [90m[1mreimport[22m | Preparing files to reimport...[39m[0m
[  91% ] [90m[1mreimport[22m | Preparing files to reimport...[39m[0m
[  91% ] [90m[1mreimport[22m | Preparing files to reimport...[39m[0m
[  91% ] [90m[1mreimport[22m | Preparing files to reimport...[39m[0m
[  91% ] [90m[1mreimport[22m | Preparing files to reimport...[39m[0m
[  91% ] [90m[1mreimport[22m | Preparing files to reimport...[39m[0m
[  91% ] [90m[1mreimport[22m | Preparing files to reimport...[39m[0m
[  91% ] [90m[1mreimport[22m | Preparing files to reimport...[39m[0m
[  92% ] [90m[1mreimport[22m | Preparing files to reimport...[39m[0m
[  92% ] [90m[1mreimport[22m | Preparing files to reimport...[39m[0m
[  92% ] [90m[1mreimport[22m | Preparing files to reimport...[39m[0m
[  92% ] [90m[1mreimport[22m | Preparing files to reimport...[39m[0m
[  92% ] [90m[1mreimport[22m | Preparing files to reimport...[39m[0m
[  92% ] [90m[1mreimport[22m | Preparing files to reimport...[39m[0m
[  92% ] [90m[1mreimport[22m | Preparing files to reimport...[39m[0m
[  92% ] [90m[1mreimport[22m | Preparing files to reimport...[39m[0m
[  92% ] [90m[1mreimport[22m | Preparing files to reimport...[39m[0m
[  92% ] [90m[1mreimport[22m | Preparing files to reimport...[39m[0m
[  92% ] [90m[1mreimport[22m | Preparing files to reimport...[39m[0m
[  92% ] [90m[1mreimport[22m | Preparing files to reimport...[39m[0m
[  92% ] [90m[1mreimport[22m | Preparing files to reimport...[39m[0m
[  93% ] [90m[1mreimport[22m | Preparing files to reimport...[39m[0m
[  93% ] [90m[1mreimport[22m | Preparing files to reimport...[39m[0m
[  93% ] [90m[1mreimport[22m | Preparing files to reimport...[39m[0m
[  93% ] [90m[1mreimport[22m | Preparing files to reimport...[39m[0m
[  93% ] [90m[1mreimport[22m | Preparing files to reimport...[39m[0m
[  93% ] [90m[1mreimport[22m | Preparing files to reimport...[39m[0m
[  93% ] [90m[1mreimport[22m | Preparing files to reimport...[39m[0m
[  93% ] [90m[1mreimport[22m | Preparing files to reimport...[39m[0m
[  93% ] [90m[1mreimport[22m | Preparing files to reimport...[39m[0m
[  93% ] [90m[1mreimport[22m | Preparing files to reimport...[39m[0m
[  93% ] [90m[1mreimport[22m | Preparing files to reimport...[39m[0m
[  93% ] [90m[1mreimport[22m | Preparing files to reimport...[39m[0m
[  93% ] [90m[1mreimport[22m | Preparing files to reimport...[39m[0m
[  94% ] [90m[1mreimport[22m | Preparing files to reimport...[39m[0m
[  94% ] [90m[1mreimport[22m | Preparing files to reimport...[39m[0m
[  94% ] [90m[1mreimport[22m | Preparing files to reimport...[39m[0m
[  94% ] [90m[1mreimport[22m | Preparing files to reimport...[39m[0m
[  94% ] [90m[1mreimport[22m | Preparing files to reimport...[39m[0m
[  94% ] [90m[1mreimport[22m | Preparing files to reimport...[39m[0m
[  94% ] [90m[1mreimport[22m | Preparing files to reimport...[39m[0m
[  94% ] [90m[1mreimport[22m | Preparing files to reimport...[39m[0m
[  94% ] [90m[1mreimport[22m | Preparing files to reimport...[39m[0m
[  94% ] [90m[1mreimport[22m | Preparing files to reimport...[39m[0m
[  94% ] [90m[1mreimport[22m | Preparing files to reimport...[39m[0m
[  94% ] [90m[1mreimport[22m | Preparing files to reimport...[39m[0m
[  94% ] [90m[1mreimport[22m | Preparing files to reimport...[39m[0m
[  95% ] [90m[1mreimport[22m | Preparing files to reimport...[39m[0m
[  95% ] [90m[1mreimport[22m | Preparing files to reimport...[39m[0m
[  95% ] [90m[1mreimport[22m | Preparing files to reimport...[39m[0m
[  95% ] [90m[1mreimport[22m | Preparing files to reimport...[39m[0m
[  95% ] [90m[1mreimport[22m | Preparing files to reimport...[39m[0m
[  95% ] [90m[1mreimport[22m | Preparing files to reimport...[39m[0m
[  95% ] [90m[1mreimport[22m | Preparing files to reimport...[39m[0m
[  95% ] [90m[1mreimport[22m | Preparing files to reimport...[39m[0m
[  95% ] [90m[1mreimport[22m | Preparing files to reimport...[39m[0m
[  95% ] [90m[1mreimport[22m | Preparing files to reimport...[39m[0m
[  95% ] [90m[1mreimport[22m | Preparing files to reimport...[39m[0m
[  95% ] [90m[1mreimport[22m | Preparing files to reimport...[39m[0m
[  95% ] [90m[1mreimport[22m | Preparing files to reimport...[39m[0m
[  96% ] [90m[1mreimport[22m | Preparing files to reimport...[39m[0m
[  96% ] [90m[1mreimport[22m | Preparing files to reimport...[39m[0m
[  96% ] [90m[1mreimport[22m | Preparing files to reimport...[39m[0m
[  96% ] [90m[1mreimport[22m | Preparing files to reimport...[39m[0m
[  96% ] [90m[1mreimport[22m | Preparing files to reimport...[39m[0m
[  96% ] [90m[1mreimport[22m | Preparing files to reimport...[39m[0m
[  96% ] [90m[1mreimport[22m | Preparing files to reimport...[39m[0m
[  96% ] [90m[1mreimport[22m | Preparing files to reimport...[39m[0m
[  96% ] [90m[1mreimport[22m | Preparing files to reimport...[39m[0m
[  96% ] [90m[1mreimport[22m | Preparing files to reimport...[39m[0m
[  96% ] [90m[1mreimport[22m | Preparing files to reimport...[39m[0m
[  96% ] [90m[1mreimport[22m | Preparing files to reimport...[39m[0m
[  96% ] [90m[1mreimport[22m | Preparing files to reimport...[39m[0m
[  97% ] [90m[1mreimport[22m | Preparing files to reimport...[39m[0m
[  97% ] [90m[1mreimport[22m | Preparing files to reimport...[39m[0m
[  97% ] [90m[1mreimport[22m | Preparing files to reimport...[39m[0m
[  97% ] [90m[1mreimport[22m | Preparing files to reimport...[39m[0m
[  97% ] [90m[1mreimport[22m | Preparing files to reimport...[39m[0m
[  97% ] [90m[1mreimport[22m | Preparing files to reimport...[39m[0m
[  97% ] [90m[1mreimport[22m | Preparing files to reimport...[39m[0m
[  97% ] [90m[1mreimport[22m | Preparing files to reimport...[39m[0m
[  97% ] [90m[1mreimport[22m | Preparing files to reimport...[39m[0m
[  97% ] [90m[1mreimport[22m | Preparing files to reimport...[39m[0m
[  97% ] [90m[1mreimport[22m | Preparing files to reimport...[39m[0m
[  97% ] [90m[1mreimport[22m | Preparing files to reimport...[39m[0m
[  97% ] [90m[1mreimport[22m | Preparing files to reimport...[39m[0m
[  98% ] [90m[1mreimport[22m | Preparing files to reimport...[39m[0m
[  98% ] [90m[1mreimport[22m | Preparing files to reimport...[39m[0m
[  98% ] [90m[1mreimport[22m | Preparing files to reimport...[39m[0m
[  98% ] [90m[1mreimport[22m | Preparing files to reimport...[39m[0m
[  98% ] [90m[1mreimport[22m | Preparing files to reimport...[39m[0m
[  98% ] [90m[1mreimport[22m | Preparing files to reimport...[39m[0m
[  98% ] [90m[1mreimport[22m | Preparing files to reimport...[39m[0m
[  98% ] [90m[1mreimport[22m | Preparing files to reimport...[39m[0m
[  98% ] [90m[1mreimport[22m | Preparing files to reimport...[39m[0m
[  98% ] [90m[1mreimport[22m | Preparing files to reimport...[39m[0m
[  98% ] [90m[1mreimport[22m | Preparing files to reimport...[39m[0m
[  98% ] [90m[1mreimport[22m | Preparing files to reimport...[39m[0m
[  98% ] [90m[1mreimport[22m | Preparing files to reimport...[39m[0m
[  99% ] [90m[1mreimport[22m | Preparing files to reimport...[39m[0m
[  99% ] [90m[1mreimport[22m | Preparing files to reimport...[39m[0m
[  99% ] [90m[1mreimport[22m | Preparing files to reimport...[39m[0m
[  99% ] [90m[1mreimport[22m | Preparing files to reimport...[39m[0m
[  99% ] [90m[1mreimport[22m | Preparing files to reimport...[39m[0m
[  99% ] [90m[1mreimport[22m | Preparing files to reimport...[39m[0m
[  99% ] [90m[1mreimport[22m | Preparing files to reimport...[39m[0m
[  99% ] [90m[1mreimport[22m | Preparing files to reimport...[39m[0m
[  99% ] [90m[1mreimport[22m | Preparing files to reimport...[39m[0m
[  99% ] [90m[1mreimport[22m | Preparing files to reimport...[39m[0m
[  99% ] [90m[1mreimport[22m | Preparing files to reimport...[39m[0m
[  99% ] [90m[1mreimport[22m | Preparing files to reimport...[39m[0m
[   0% ] [90m[1mreimport[22m | Executing pre-reimport operations...[39m[0m
[   0% ] [90m[1mpreload_reimporting_scene[22m | Started Preparing scenes for reload (1 steps)[39m[0m
[   0% ] [90m[1mpreload_reimporting_scene[22m | Analyzing scene [empty][39m[0m
[  50% ] [90m[1mpreload_reimporting_scene[22m | Preparation done.[39m[0m
[92m[ DONE ][39m [1mpreload_reimporting_scene[22m
[0m
[   0% ] [90m[1mreimport[22m | td-130-case2-after.csv[39m[0m
[   0% ] [90m[1mreimport[22m | td-130-case1-before.csv[39m[0m
[   0% ] [90m[1mreimport[22m | td-130-case1-after.csv[39m[0m
[   0% ] [90m[1mreimport[22m | takeover-seed.csv[39m[0m
[   0% ] [90m[1mreimport[22m | gap-300ms.csv[39m[0m
[   0% ] [90m[1mreimport[22m | delay-trace.csv[39m[0m
[   0% ] [90m[1mreimport[22m | blackout-2000ms.csv[39m[0m
[   0% ] [90m[1mreimport[22m | td-130-case2-before.csv[39m[0m
[   0% ] [90m[1mreimport[22m | phaseB.csv[39m[0m
[   0% ] [90m[1mreimport[22m | td-130-case2-after.csv[39m[0m
[   0% ] [90m[1mreimport[22m | td-130-case1-before.csv[39m[0m
[   0% ] [90m[1mreimport[22m | td-130-case1-after.csv[39m[0m
[   0% ] [90m[1mreimport[22m | takeover-seed.csv[39m[0m
[   0% ] [90m[1mreimport[22m | gap-300ms.csv[39m[0m
[   1% ] [90m[1mreimport[22m | delay-trace.csv[39m[0m
[   1% ] [90m[1mreimport[22m | blackout-2000ms.csv[39m[0m
[   1% ] [90m[1mreimport[22m | td-130-case2-before.csv[39m[0m
[   1% ] [90m[1mreimport[22m | phaseB.csv[39m[0m
[   1% ] [90m[1mreimport[22m | quay_west-wide.png[39m[0m
[   1% ] [90m[1mreimport[22m | quay_east-approach.png[39m[0m
[   1% ] [90m[1mreimport[22m | quay_east-wide.png[39m[0m
[   1% ] [90m[1mreimport[22m | quay_west-approach.png[39m[0m
[   1% ] [90m[1mreimport[22m | quay_west-wide.png[39m[0m
[   1% ] [90m[1mreimport[22m | quay_east-approach.png[39m[0m
[   1% ] [90m[1mreimport[22m | quay_east-wide.png[39m[0m
[   1% ] [90m[1mreimport[22m | quay_west-approach.png[39m[0m
[   1% ] [90m[1mreimport[22m | quay_west-approach.png[39m[0m
[   2% ] [90m[1mreimport[22m | quay_east-wide.png[39m[0m
[   2% ] [90m[1mreimport[22m | quay_east-approach.png[39m[0m
[   2% ] [90m[1mreimport[22m | quay_west-wide.png[39m[0m
[   2% ] [90m[1mreimport[22m | quay_west-approach.png[39m[0m
[   2% ] [90m[1mreimport[22m | quay_east-wide.png[39m[0m
[   2% ] [90m[1mreimport[22m | quay_east-approach.png[39m[0m
[   2% ] [90m[1mreimport[22m | quay_west-wide.png[39m[0m
[   2% ] [90m[1mreimport[22m | quay_west-approach.png[39m[0m
[   2% ] [90m[1mreimport[22m | quay_east-wide.png[39m[0m
[   2% ] [90m[1mreimport[22m | quote.png[39m[0m
[   2% ] [90m[1mreimport[22m | escape.png[39m[0m
[   2% ] [90m[1mreimport[22m | tab-quote.png[39m[0m
[   2% ] [90m[1mreimport[22m | tab-cancel.png[39m[0m
[   3% ] [90m[1mreimport[22m | quote.png[39m[0m
[   3% ] [90m[1mreimport[22m | portrait-safe.png[39m[0m
[   3% ] [90m[1mreimport[22m | landscape-safe.png[39m[0m
[   3% ] [90m[1mreimport[22m | escape.png[39m[0m
[   3% ] [90m[1mreimport[22m | wreck-salvage-confirm.png[39m[0m
[   3% ] [90m[1mreimport[22m | wreck-game-over.png[39m[0m
[   3% ] [90m[1mreimport[22m | portrait-paid.png[39m[0m
[   3% ] [90m[1mreimport[22m | portrait-low-range.png[39m[0m
[   3% ] [90m[1mreimport[22m | portrait-confirm.png[39m[0m
[   3% ] [90m[1mreimport[22m | landscape-paid.png[39m[0m
[   3% ] [90m[1mreimport[22m | landscape-low-range.png[39m[0m
[   3% ] [90m[1mreimport[22m | landscape-confirm.png[39m[0m
[   3% ] [90m[1mreimport[22m | fuel-game-over.png[39m[0m
[   4% ] [90m[1mreimport[22m | empty-tow-confirm.png[39m[0m
[   4% ] [90m[1mreimport[22m | quay_west-wide.png[39m[0m
[   4% ] [90m[1mreimport[22m | td-204-3-prefail.png[39m[0m
[   4% ] [90m[1mreimport[22m | td-204-3-failed.png[39m[0m
[   4% ] [90m[1mreimport[22m | td-204-2-hitbefore.png[39m[0m
[   4% ] [90m[1mreimport[22m | td-204-2-hitafter.png[39m[0m
[   4% ] [90m[1mreimport[22m | td-204-2-damaged.png[39m[0m
[   4% ] [90m[1mreimport[22m | td-204-2-critical.png[39m[0m
[   4% ] [90m[1mreimport[22m | td-204-1-ok.png[39m[0m
[   4% ] [90m[1mreimport[22m | td-203-7-expand-opens-largemap-after.png[39m[0m
[   4% ] [90m[1mreimport[22m | td-203-6-largemap-player-before.png[39m[0m
[   4% ] [90m[1mreimport[22m | td-203-6-largemap-player-after.png[39m[0m
[   4% ] [90m[1mreimport[22m | td-203-5-target-dropoff-after.png[39m[0m
[   5% ] [90m[1mreimport[22m | td-203-4-target-pickup-before.png[39m[0m
[   5% ] [90m[1mreimport[22m | td-203-4-target-pickup-after.png[39m[0m
[   5% ] [90m[1mreimport[22m | td-203-3-compass-north-before.png[39m[0m
[   5% ] [90m[1mreimport[22m | td-203-3-compass-north-after.png[39m[0m
[   5% ] [90m[1mreimport[22m | td-203-2-minimap-collapsed-after.png[39m[0m
[   5% ] [90m[1mreimport[22m | td-203-1-driving-minimap-before.png[39m[0m
[   5% ] [90m[1mreimport[22m | td-203-1-driving-minimap-after.png[39m[0m
[   5% ] [90m[1mreimport[22m | before-td-195-C-beauty.png[39m[0m
[   5% ] [90m[1mreimport[22m | quay_east-approach.png[39m[0m
[   5% ] [90m[1mreimport[22m | td-205-criterion-4b-before.png[39m[0m
[   5% ] [90m[1mreimport[22m | td-205-criterion-4b-after.png[39m[0m
[   5% ] [90m[1mreimport[22m | td-205-criterion-4a-before.png[39m[0m
[   5% ] [90m[1mreimport[22m | td-205-criterion-4a-after.png[39m[0m
[   6% ] [90m[1mreimport[22m | td-205-criterion-3-before.png[39m[0m
[   6% ] [90m[1mreimport[22m | td-205-criterion-3-after.png[39m[0m
[   6% ] [90m[1mreimport[22m | td-205-criterion-2b-after.png[39m[0m
[   6% ] [90m[1mreimport[22m | td-205-criterion-2-before.png[39m[0m
[   6% ] [90m[1mreimport[22m | td-205-criterion-2-after.png[39m[0m
[   6% ] [90m[1mreimport[22m | td-205-criterion-1-before.png[39m[0m
[   6% ] [90m[1mreimport[22m | td-205-criterion-1-after.png[39m[0m
[   6% ] [90m[1mreimport[22m | td-204-3-prefail.png[39m[0m
[   6% ] [90m[1mreimport[22m | td-204-3-failed.png[39m[0m
[   6% ] [90m[1mreimport[22m | td-204-2-hitbefore.png[39m[0m
[   6% ] [90m[1mreimport[22m | td-204-2-hitafter.png[39m[0m
[   6% ] [90m[1mreimport[22m | td-204-2-damaged.png[39m[0m
[   6% ] [90m[1mreimport[22m | td-204-2-critical.png[39m[0m
[   7% ] [90m[1mreimport[22m | td-204-1-ok.png[39m[0m
[   7% ] [90m[1mreimport[22m | portrait-gig-active.png[39m[0m
[   7% ] [90m[1mreimport[22m | portrait-fill-quote.png[39m[0m
[   7% ] [90m[1mreimport[22m | portrait-cleared.png[39m[0m
[   7% ] [90m[1mreimport[22m | portrait-busted.png[39m[0m
[   7% ] [90m[1mreimport[22m | landscape-vehicle-low-range.png[39m[0m
[   7% ] [90m[1mreimport[22m | landscape-tow-quote.png[39m[0m
[   7% ] [90m[1mreimport[22m | landscape-salvage-quote.png[39m[0m
[   7% ] [90m[1mreimport[22m | landscape-run-over.png[39m[0m
[   7% ] [90m[1mreimport[22m | landscape-pedestrian-low-balance.png[39m[0m
[   7% ] [90m[1mreimport[22m | landscape-insufficient-home.png[39m[0m
[   7% ] [90m[1mreimport[22m | landscape-insufficient-fill.png[39m[0m
[   7% ] [90m[1mreimport[22m | landscape-idle.png[39m[0m
[   8% ] [90m[1mreimport[22m | landscape-gig-settled.png[39m[0m
[   8% ] [90m[1mreimport[22m | landscape-gig-pickup.png[39m[0m
[   8% ] [90m[1mreimport[22m | landscape-gig-active.png[39m[0m
[   8% ] [90m[1mreimport[22m | landscape-fill-quote.png[39m[0m
[   8% ] [90m[1mreimport[22m | landscape-cleared.png[39m[0m
[   8% ] [90m[1mreimport[22m | landscape-busted.png[39m[0m
[   8% ] [90m[1mreimport[22m | portrait-vehicle-low-range.png[39m[0m
[   8% ] [90m[1mreimport[22m | portrait-tow-quote.png[39m[0m
[   8% ] [90m[1mreimport[22m | portrait-salvage-quote.png[39m[0m
[   8% ] [90m[1mreimport[22m | landscape-busted.png[39m[0m
[   8% ] [90m[1mreimport[22m | wreck-salvage-confirm.png[39m[0m
[   8% ] [90m[1mreimport[22m | wreck-game-over.png[39m[0m
[   8% ] [90m[1mreimport[22m | portrait-paid.png[39m[0m
[   9% ] [90m[1mreimport[22m | portrait-low-range.png[39m[0m
[   9% ] [90m[1mreimport[22m | portrait-confirm.png[39m[0m
[   9% ] [90m[1mreimport[22m | landscape-paid.png[39m[0m
[   9% ] [90m[1mreimport[22m | landscape-low-range.png[39m[0m
[   9% ] [90m[1mreimport[22m | landscape-confirm.png[39m[0m
[   9% ] [90m[1mreimport[22m | fuel-game-over.png[39m[0m
[   9% ] [90m[1mreimport[22m | empty-tow-confirm.png[39m[0m
[   9% ] [90m[1mreimport[22m | portrait-vehicle-low-range.png[39m[0m
[   9% ] [90m[1mreimport[22m | portrait-tow-quote.png[39m[0m
[   9% ] [90m[1mreimport[22m | portrait-salvage-quote.png[39m[0m
[   9% ] [90m[1mreimport[22m | portrait-run-over.png[39m[0m
[   9% ] [90m[1mreimport[22m | portrait-pedestrian-low-balance.png[39m[0m
[   9% ] [90m[1mreimport[22m | portrait-insufficient-home.png[39m[0m
[   9% ] [90m[1mreimport[22m | portrait-insufficient-fill.png[39m[0m
[  10% ] [90m[1mreimport[22m | portrait-idle.png[39m[0m
[  10% ] [90m[1mreimport[22m | portrait-gig-settled.png[39m[0m
[  10% ] [90m[1mreimport[22m | portrait-gig-pickup.png[39m[0m
[  10% ] [90m[1mreimport[22m | landscape-fill-quote.png[39m[0m
[  10% ] [90m[1mreimport[22m | landscape-cleared.png[39m[0m
[  10% ] [90m[1mreimport[22m | landscape-busted.png[39m[0m
[  10% ] [90m[1mreimport[22m | tab-quote.png[39m[0m
[  10% ] [90m[1mreimport[22m | tab-cancel.png[39m[0m
[  10% ] [90m[1mreimport[22m | quote.png[39m[0m
[  10% ] [90m[1mreimport[22m | portrait-safe.png[39m[0m
[  10% ] [90m[1mreimport[22m | landscape-safe.png[39m[0m
[  10% ] [90m[1mreimport[22m | escape.png[39m[0m
[  10% ] [90m[1mreimport[22m | tab-quote.png[39m[0m
[  11% ] [90m[1mreimport[22m | tab-cancel.png[39m[0m
[  11% ] [90m[1mreimport[22m | quote.png[39m[0m
[  11% ] [90m[1mreimport[22m | escape.png[39m[0m
[  11% ] [90m[1mreimport[22m | portrait-range.png[39m[0m
[  11% ] [90m[1mreimport[22m | portrait-confirm.png[39m[0m
[  11% ] [90m[1mreimport[22m | landscape-second-paid.png[39m[0m
[  11% ] [90m[1mreimport[22m | landscape-reloaded.png[39m[0m
[  11% ] [90m[1mreimport[22m | landscape-paid.png[39m[0m
[  11% ] [90m[1mreimport[22m | landscape-confirm.png[39m[0m
[  11% ] [90m[1mreimport[22m | tab-quote.png[39m[0m
[  11% ] [90m[1mreimport[22m | tab-cancel.png[39m[0m
[  11% ] [90m[1mreimport[22m | portrait-run-over.png[39m[0m
[  11% ] [90m[1mreimport[22m | portrait-pedestrian-low-balance.png[39m[0m
[  12% ] [90m[1mreimport[22m | portrait-insufficient-home.png[39m[0m
[  12% ] [90m[1mreimport[22m | portrait-insufficient-fill.png[39m[0m
[  12% ] [90m[1mreimport[22m | portrait-idle.png[39m[0m
[  12% ] [90m[1mreimport[22m | portrait-gig-settled.png[39m[0m
[  12% ] [90m[1mreimport[22m | portrait-gig-pickup.png[39m[0m
[  12% ] [90m[1mreimport[22m | portrait-gig-active.png[39m[0m
[  12% ] [90m[1mreimport[22m | portrait-fill-quote.png[39m[0m
[  12% ] [90m[1mreimport[22m | portrait-cleared.png[39m[0m
[  12% ] [90m[1mreimport[22m | portrait-busted.png[39m[0m
[  12% ] [90m[1mreimport[22m | landscape-vehicle-low-range.png[39m[0m
[  12% ] [90m[1mreimport[22m | landscape-tow-quote.png[39m[0m
[  12% ] [90m[1mreimport[22m | landscape-salvage-quote.png[39m[0m
[  12% ] [90m[1mreimport[22m | landscape-run-over.png[39m[0m
[  13% ] [90m[1mreimport[22m | landscape-pedestrian-low-balance.png[39m[0m
[  13% ] [90m[1mreimport[22m | landscape-insufficient-home.png[39m[0m
[  13% ] [90m[1mreimport[22m | landscape-insufficient-fill.png[39m[0m
[  13% ] [90m[1mreimport[22m | landscape-idle.png[39m[0m
[  13% ] [90m[1mreimport[22m | landscape-gig-settled.png[39m[0m
[  13% ] [90m[1mreimport[22m | landscape-gig-pickup.png[39m[0m
[  13% ] [90m[1mreimport[22m | landscape-gig-active.png[39m[0m
[  13% ] [90m[1mreimport[22m | triptych_booth.png[39m[0m
[  13% ] [90m[1mreimport[22m | triptych_bank.png[39m[0m
[  13% ] [90m[1mreimport[22m | td-165-wide-after.png[39m[0m
[  13% ] [90m[1mreimport[22m | td-165-booth-before.png[39m[0m
[  13% ] [90m[1mreimport[22m | td-165-booth-after.png[39m[0m
[  13% ] [90m[1mreimport[22m | td-165-bank-before.png[39m[0m
[  14% ] [90m[1mreimport[22m | td-165-bank-after.png[39m[0m
[  14% ] [90m[1mreimport[22m | mock_2d.png[39m[0m
[  14% ] [90m[1mreimport[22m | triptych_signage.png[39m[0m
[  14% ] [90m[1mreimport[22m | before_after_commercial-chase.png[39m[0m
[  14% ] [90m[1mreimport[22m | before_after_commercial-b.png[39m[0m
[  14% ] [90m[1mreimport[22m | before_after_commercial-a.png[39m[0m
[  14% ] [90m[1mreimport[22m | td-163-wide-pair.png[39m[0m
[  14% ] [90m[1mreimport[22m | td-163-triptych.png[39m[0m
[  14% ] [90m[1mreimport[22m | td-163-street-pair.png[39m[0m
[  14% ] [90m[1mreimport[22m | td-163-chase-pair.png[39m[0m
[  14% ] [90m[1mreimport[22m | mock_pole_transformer.png[39m[0m
[  14% ] [90m[1mreimport[22m | before_wide.png[39m[0m
[  14% ] [90m[1mreimport[22m | before_street.png[39m[0m
[  15% ] [90m[1mreimport[22m | before_chase.png[39m[0m
[  15% ] [90m[1mreimport[22m | after_driver.png[39m[0m
[  15% ] [90m[1mreimport[22m | triptych-sento.png[39m[0m
[  15% ] [90m[1mreimport[22m | triptych-koban-concrete.png[39m[0m
[  15% ] [90m[1mreimport[22m | triptych-koban-brick.png[39m[0m
[  15% ] [90m[1mreimport[22m | triptych-jizo-shed.png[39m[0m
[  15% ] [90m[1mreimport[22m | triptych-jizo-hokora.png[39m[0m
[  15% ] [90m[1mreimport[22m | td-168-sento-wide-before.png[39m[0m
[  15% ] [90m[1mreimport[22m | td-168-sento-wide-after.png[39m[0m
[  15% ] [90m[1mreimport[22m | td-168-sento-noren-closeup.png[39m[0m
[  15% ] [90m[1mreimport[22m | td-168-sento-front-before.png[39m[0m
[  15% ] [90m[1mreimport[22m | td-168-sento-front-after.png[39m[0m
[  15% ] [90m[1mreimport[22m | td-168-sento-chimney-closeup.png[39m[0m
[  16% ] [90m[1mreimport[22m | td-168-koban-concrete-before.png[39m[0m
[  16% ] [90m[1mreimport[22m | td-168-koban-concrete-after.png[39m[0m
[  16% ] [90m[1mreimport[22m | td-168-koban-brick-before.png[39m[0m
[  16% ] [90m[1mreimport[22m | td-168-koban-brick-after.png[39m[0m
[  16% ] [90m[1mreimport[22m | td-168-jizo-shed-before.png[39m[0m
[  16% ] [90m[1mreimport[22m | td-168-jizo-shed-after.png[39m[0m
[  16% ] [90m[1mreimport[22m | td-168-jizo-hokora-before.png[39m[0m
[  16% ] [90m[1mreimport[22m | td-168-jizo-hokora-after.png[39m[0m
[  16% ] [90m[1mreimport[22m | td-156-camb-after.png[39m[0m
[  16% ] [90m[1mreimport[22m | td-156-cama-outline.png[39m[0m
[  16% ] [90m[1mreimport[22m | td-156-cama-before.png[39m[0m
[  16% ] [90m[1mreimport[22m | td-156-cama-after.png[39m[0m
[  16% ] [90m[1mreimport[22m | wagon-before.png[39m[0m
[  17% ] [90m[1mreimport[22m | wagon-after.png[39m[0m
[  17% ] [90m[1mreimport[22m | van-before.png[39m[0m
[  17% ] [90m[1mreimport[22m | van-after.png[39m[0m
[  17% ] [90m[1mreimport[22m | suv-before.png[39m[0m
[  17% ] [90m[1mreimport[22m | suv-after.png[39m[0m
[  17% ] [90m[1mreimport[22m | sedan-before.png[39m[0m
[  17% ] [90m[1mreimport[22m | sedan-after.png[39m[0m
[  17% ] [90m[1mreimport[22m | pickup-before.png[39m[0m
[  17% ] [90m[1mreimport[22m | pickup-after.png[39m[0m
[  17% ] [90m[1mreimport[22m | minivan-before.png[39m[0m
[  17% ] [90m[1mreimport[22m | minivan-after.png[39m[0m
[  17% ] [90m[1mreimport[22m | luxury-before.png[39m[0m
[  17% ] [90m[1mreimport[22m | luxury-after.png[39m[0m
[  18% ] [90m[1mreimport[22m | keicar-before.png[39m[0m
[  18% ] [90m[1mreimport[22m | keicar-after.png[39m[0m
[  18% ] [90m[1mreimport[22m | after_wide.png[39m[0m
[  18% ] [90m[1mreimport[22m | after_street.png[39m[0m
[  18% ] [90m[1mreimport[22m | after_plate_closeup.png[39m[0m
[  18% ] [90m[1mreimport[22m | after_chase.png[39m[0m
[  18% ] [90m[1mreimport[22m | 2d-mock-pole-kit.png[39m[0m
[  18% ] [90m[1mreimport[22m | td-160-before.png[39m[0m
[  18% ] [90m[1mreimport[22m | td-160-bake-Mat_Wheel.png[39m[0m
[  18% ] [90m[1mreimport[22m | td-160-bake-Mat_Car_Body.png[39m[0m
[  18% ] [90m[1mreimport[22m | td-160-after.png[39m[0m
[  18% ] [90m[1mreimport[22m | td-160-after-flat.png[39m[0m
[  18% ] [90m[1mreimport[22m | td-158-2-chase-before.png[39m[0m
[  18% ] [90m[1mreimport[22m | td-158-2-chase-after.png[39m[0m
[  19% ] [90m[1mreimport[22m | td-158-2-beauty-before.png[39m[0m
[  19% ] [90m[1mreimport[22m | td-158-2-beauty-after.png[39m[0m
[  19% ] [90m[1mreimport[22m | td-157-sidewalk-comparison.png[39m[0m
[  19% ] [90m[1mreimport[22m | td-157-facC-comparison.png[39m[0m
[  19% ] [90m[1mreimport[22m | td-157-facB-comparison.png[39m[0m
[  19% ] [90m[1mreimport[22m | td-157-facA-comparison.png[39m[0m
[  19% ] [90m[1mreimport[22m | td-157-asphalt-comparison.png[39m[0m
[  19% ] [90m[1mreimport[22m | td-156-camb-before.png[39m[0m
[  19% ] [90m[1mreimport[22m | car-taxi-side.png[39m[0m
[  19% ] [90m[1mreimport[22m | car-taxi-rear34.png[39m[0m
[  19% ] [90m[1mreimport[22m | car-taxi-front34.png[39m[0m
[  19% ] [90m[1mreimport[22m | car-sedan-side.png[39m[0m
[  19% ] [90m[1mreimport[22m | car-sedan-rear34.png[39m[0m
[  20% ] [90m[1mreimport[22m | car-sedan-front34.png[39m[0m
[  20% ] [90m[1mreimport[22m | car-lineup.png[39m[0m
[  20% ] [90m[1mreimport[22m | td-178-sparks.png[39m[0m
[  20% ] [90m[1mreimport[22m | td-178-settled.png[39m[0m
[  20% ] [90m[1mreimport[22m | td-178-mp-impact.png[39m[0m
[  20% ] [90m[1mreimport[22m | td-178-mp-hud.png[39m[0m
[  20% ] [90m[1mreimport[22m | td-178-ingame-sparks.png[39m[0m
[  20% ] [90m[1mreimport[22m | td-178-ingame-shake2.png[39m[0m
[  20% ] [90m[1mreimport[22m | td-178-ingame-impact.png[39m[0m
[  20% ] [90m[1mreimport[22m | td-178-ingame-hud.png[39m[0m
[  20% ] [90m[1mreimport[22m | td-178-ingame-ghost.png[39m[0m
[  20% ] [90m[1mreimport[22m | td-178-ingame-before.png[39m[0m
[  20% ] [90m[1mreimport[22m | td-178-impact.png[39m[0m
[  21% ] [90m[1mreimport[22m | td-178-ghost.png[39m[0m
[  21% ] [90m[1mreimport[22m | td-178-critical.png[39m[0m
[  21% ] [90m[1mreimport[22m | before-td-195-B-result.png[39m[0m
[  21% ] [90m[1mreimport[22m | before-td-195-B-approach.png[39m[0m
[  21% ] [90m[1mreimport[22m | before-td-195-A-result.png[39m[0m
[  21% ] [90m[1mreimport[22m | before-td-195-A-approach.png[39m[0m
[  21% ] [90m[1mreimport[22m | after-td-195-C-beauty.png[39m[0m
[  21% ] [90m[1mreimport[22m | after-td-195-B-result.png[39m[0m
[  21% ] [90m[1mreimport[22m | after-td-195-B-approach.png[39m[0m
[  21% ] [90m[1mreimport[22m | after-td-195-A-result.png[39m[0m
[  21% ] [90m[1mreimport[22m | after-td-195-A-approach.png[39m[0m
[  21% ] [90m[1mreimport[22m | td190-05-decay.png[39m[0m
[  21% ] [90m[1mreimport[22m | td190-04-busted.png[39m[0m
[  22% ] [90m[1mreimport[22m | td190-03-pursuit.png[39m[0m
[  22% ] [90m[1mreimport[22m | td190-02-wanted1.png[39m[0m
[  22% ] [90m[1mreimport[22m | td190-01-establishing.png[39m[0m
[  22% ] [90m[1mreimport[22m | td189-brake-stopped.png[39m[0m
[  22% ] [90m[1mreimport[22m | td189-brake-braking.png[39m[0m
[  22% ] [90m[1mreimport[22m | td189-brake-approach.png[39m[0m
[  22% ] [90m[1mreimport[22m | car-truck-side.png[39m[0m
[  22% ] [90m[1mreimport[22m | car-truck-rear34.png[39m[0m
[  22% ] [90m[1mreimport[22m | car-truck-front34.png[39m[0m
[  22% ] [90m[1mreimport[22m | station-front.png[39m[0m
[  22% ] [90m[1mreimport[22m | gate-row.png[39m[0m
[  22% ] [90m[1mreimport[22m | country-halt.png[39m[0m
[  22% ] [90m[1mreimport[22m | chase-cam.png[39m[0m
[  23% ] [90m[1mreimport[22m | before-station-front.png[39m[0m
[  23% ] [90m[1mreimport[22m | before-gate-row.png[39m[0m
[  23% ] [90m[1mreimport[22m | before-country-halt.png[39m[0m
[  23% ] [90m[1mreimport[22m | before-chase-cam.png[39m[0m
[  23% ] [90m[1mreimport[22m | after-station-front.png[39m[0m
[  23% ] [90m[1mreimport[22m | after-gate-row.png[39m[0m
[  23% ] [90m[1mreimport[22m | after-country-halt.png[39m[0m
[  23% ] [90m[1mreimport[22m | after-chase-cam.png[39m[0m
[  23% ] [90m[1mreimport[22m | variant_worn.png[39m[0m
[  23% ] [90m[1mreimport[22m | variant_retracted.png[39m[0m
[  23% ] [90m[1mreimport[22m | triptych-kit.png[39m[0m
[  23% ] [90m[1mreimport[22m | reference_shotengai.jpg[39m[0m
[  23% ] [90m[1mreimport[22m | mock_awning_kit.png[39m[0m
[  24% ] [90m[1mreimport[22m | before_shopfront.png[39m[0m
[  24% ] [90m[1mreimport[22m | before_driver.png[39m[0m
[  24% ] [90m[1mreimport[22m | after_shopfront.png[39m[0m
[  24% ] [90m[1mreimport[22m | td-178-before.png[39m[0m
[  24% ] [90m[1mreimport[22m | before_bridge_end_left.png[39m[0m
[  24% ] [90m[1mreimport[22m | after_bridge_end_left.png[39m[0m
[  24% ] [90m[1mreimport[22m | wide.png[39m[0m
[  24% ] [90m[1mreimport[22m | chase.png[39m[0m
[  24% ] [90m[1mreimport[22m | station-wide.png[39m[0m
[  24% ] [90m[1mreimport[22m | priceboard.png[39m[0m
[  24% ] [90m[1mreimport[22m | priceboard-close.png[39m[0m
[  24% ] [90m[1mreimport[22m | kiosk.png[39m[0m
[  24% ] [90m[1mreimport[22m | fascia-road.png[39m[0m
[  25% ] [90m[1mreimport[22m | enamel-closeup.png[39m[0m
[  25% ] [90m[1mreimport[22m | before-td-174-forecourt-wide.png[39m[0m
[  25% ] [90m[1mreimport[22m | before-td-174-forecourt-near.png[39m[0m
[  25% ] [90m[1mreimport[22m | before-td-174-chasecam.png[39m[0m
[  25% ] [90m[1mreimport[22m | after-td-174-triptych-wide.png[39m[0m
[  25% ] [90m[1mreimport[22m | after-td-174-triptych-near.png[39m[0m
[  25% ] [90m[1mreimport[22m | after-td-174-forecourt-wide.png[39m[0m
[  25% ] [90m[1mreimport[22m | after-td-174-forecourt-near.png[39m[0m
[  25% ] [90m[1mreimport[22m | after-td-174-chasecam.png[39m[0m
[  25% ] [90m[1mreimport[22m | td173-triptych.png[39m[0m
[  25% ] [90m[1mreimport[22m | traffic-under.png[39m[0m
[  25% ] [90m[1mreimport[22m | traffic-approach.png[39m[0m
[  25% ] [90m[1mreimport[22m | cop-overlap.png[39m[0m
[  26% ] [90m[1mreimport[22m | cop-approach.png[39m[0m
[  26% ] [90m[1mreimport[22m | settlement.png[39m[0m
[  26% ] [90m[1mreimport[22m | restored.png[39m[0m
[  26% ] [90m[1mreimport[22m | arrest.png[39m[0m
[  26% ] [90m[1mreimport[22m | settlement.png[39m[0m
[  26% ] [90m[1mreimport[22m | restored.png[39m[0m
[  26% ] [90m[1mreimport[22m | arrest.png[39m[0m
[  26% ] [90m[1mreimport[22m | settlement.png[39m[0m
[  26% ] [90m[1mreimport[22m | restored.png[39m[0m
[  26% ] [90m[1mreimport[22m | arrest.png[39m[0m
[  26% ] [90m[1mreimport[22m | settlement.png[39m[0m
[  26% ] [90m[1mreimport[22m | restored.png[39m[0m
[  26% ] [90m[1mreimport[22m | arrest.png[39m[0m
[  27% ] [90m[1mreimport[22m | settlement.png[39m[0m
[  27% ] [90m[1mreimport[22m | restored.png[39m[0m
[  27% ] [90m[1mreimport[22m | arrest.png[39m[0m
[  27% ] [90m[1mreimport[22m | settlement.png[39m[0m
[  27% ] [90m[1mreimport[22m | portrait-idle-collapsed.png[39m[0m
[  27% ] [90m[1mreimport[22m | landscape-to_dropoff-expanded.png[39m[0m
[  27% ] [90m[1mreimport[22m | landscape-to_dropoff-collapsed.png[39m[0m
[  27% ] [90m[1mreimport[22m | landscape-owner-gas-opens-map.png[39m[0m
[  27% ] [90m[1mreimport[22m | landscape-menu-tracking.png[39m[0m
[  27% ] [90m[1mreimport[22m | landscape-menu-success.png[39m[0m
[  27% ] [90m[1mreimport[22m | landscape-menu-failure.png[39m[0m
[  27% ] [90m[1mreimport[22m | landscape-menu-available.png[39m[0m
[  27% ] [90m[1mreimport[22m | landscape-idle-expanded.png[39m[0m
[  27% ] [90m[1mreimport[22m | landscape-idle-collapsed.png[39m[0m
[  28% ] [90m[1mreimport[22m | settlement.png[39m[0m
[  28% ] [90m[1mreimport[22m | restored.png[39m[0m
[  28% ] [90m[1mreimport[22m | arrest.png[39m[0m
[  28% ] [90m[1mreimport[22m | settlement.png[39m[0m
[  28% ] [90m[1mreimport[22m | restored.png[39m[0m
[  28% ] [90m[1mreimport[22m | arrest.png[39m[0m
[  28% ] [90m[1mreimport[22m | parallel-capture-notice.png[39m[0m
[  28% ] [90m[1mreimport[22m | portrait.png[39m[0m
[  28% ] [90m[1mreimport[22m | landscape.png[39m[0m
[  28% ] [90m[1mreimport[22m | portrait.png[39m[0m
[  28% ] [90m[1mreimport[22m | landscape.png[39m[0m
[  28% ] [90m[1mreimport[22m | wanted-cleared.png[39m[0m
[  28% ] [90m[1mreimport[22m | wanted-3.png[39m[0m
[  29% ] [90m[1mreimport[22m | wanted-2.png[39m[0m
[  29% ] [90m[1mreimport[22m | wanted-1.png[39m[0m
[  29% ] [90m[1mreimport[22m | trench-pursuit.png[39m[0m
[  29% ] [90m[1mreimport[22m | traffic-contact.png[39m[0m
[  29% ] [90m[1mreimport[22m | traffic-approach.png[39m[0m
[  29% ] [90m[1mreimport[22m | sidewalk-walkers.png[39m[0m
[  29% ] [90m[1mreimport[22m | released-start-bay.png[39m[0m
[  29% ] [90m[1mreimport[22m | moving-contact.png[39m[0m
[  29% ] [90m[1mreimport[22m | hud-portrait.png[39m[0m
[  29% ] [90m[1mreimport[22m | hud-landscape.png[39m[0m
[  29% ] [90m[1mreimport[22m | held-throttle-stop.png[39m[0m
[  29% ] [90m[1mreimport[22m | cop-contact.png[39m[0m
[  29% ] [90m[1mreimport[22m | cop-approach.png[39m[0m
[  30% ] [90m[1mreimport[22m | continuous-drive.png[39m[0m
[  30% ] [90m[1mreimport[22m | busted-gig-failure.png[39m[0m
[  30% ] [90m[1mreimport[22m | ui-results.png[39m[0m
[  30% ] [90m[1mreimport[22m | ui-pause.png[39m[0m
[  30% ] [90m[1mreimport[22m | ui-main-menu.png[39m[0m
[  30% ] [90m[1mreimport[22m | restored.png[39m[0m
[  30% ] [90m[1mreimport[22m | arrest.png[39m[0m
[  30% ] [90m[1mreimport[22m | settlement.png[39m[0m
[  30% ] [90m[1mreimport[22m | restored.png[39m[0m
[  30% ] [90m[1mreimport[22m | rejected-first-restored.png[39m[0m
[  30% ] [90m[1mreimport[22m | arrest.png[39m[0m
[  30% ] [90m[1mreimport[22m | settlement.png[39m[0m
[  30% ] [90m[1mreimport[22m | restored.png[39m[0m
[  31% ] [90m[1mreimport[22m | arrest.png[39m[0m
[  31% ] [90m[1mreimport[22m | hud-settlement.png[39m[0m
[  31% ] [90m[1mreimport[22m | hud-arrest.png[39m[0m
[  31% ] [90m[1mreimport[22m | drive-away.png[39m[0m
[  31% ] [90m[1mreimport[22m | hud-settlement.png[39m[0m
[  31% ] [90m[1mreimport[22m | hud-arrest.png[39m[0m
[  31% ] [90m[1mreimport[22m | drive-away.png[39m[0m
[  31% ] [90m[1mreimport[22m | settlement.png[39m[0m
[  31% ] [90m[1mreimport[22m | restored.png[39m[0m
[  31% ] [90m[1mreimport[22m | arrest.png[39m[0m
[  31% ] [90m[1mreimport[22m | settlement.png[39m[0m
[  31% ] [90m[1mreimport[22m | restored.png[39m[0m
[  31% ] [90m[1mreimport[22m | arrest.png[39m[0m
[  32% ] [90m[1mreimport[22m | 844x390-collapsed-false.png[39m[0m
[  32% ] [90m[1mreimport[22m | 390x844-collapsed-true.png[39m[0m
[  32% ] [90m[1mreimport[22m | 390x844-collapsed-false.png[39m[0m
[  32% ] [90m[1mreimport[22m | portrait-to_dropoff-expanded.png[39m[0m
[  32% ] [90m[1mreimport[22m | portrait-to_dropoff-collapsed.png[39m[0m
[  32% ] [90m[1mreimport[22m | portrait-menu-tracking.png[39m[0m
[  32% ] [90m[1mreimport[22m | portrait-menu-success.png[39m[0m
[  32% ] [90m[1mreimport[22m | portrait-menu-failure.png[39m[0m
[  32% ] [90m[1mreimport[22m | portrait-menu-available.png[39m[0m
[  32% ] [90m[1mreimport[22m | portrait-idle-expanded.png[39m[0m
[  32% ] [90m[1mreimport[22m | portrait-idle-collapsed.png[39m[0m
[  32% ] [90m[1mreimport[22m | landscape-to_dropoff-expanded.png[39m[0m
[  32% ] [90m[1mreimport[22m | landscape-to_dropoff-collapsed.png[39m[0m
[  33% ] [90m[1mreimport[22m | landscape-owner-gas-opens-map.png[39m[0m
[  33% ] [90m[1mreimport[22m | landscape-menu-tracking.png[39m[0m
[  33% ] [90m[1mreimport[22m | landscape-menu-success.png[39m[0m
[  33% ] [90m[1mreimport[22m | landscape-menu-failure.png[39m[0m
[  33% ] [90m[1mreimport[22m | landscape-menu-available.png[39m[0m
[  33% ] [90m[1mreimport[22m | landscape-idle-expanded.png[39m[0m
[  33% ] [90m[1mreimport[22m | landscape-idle-collapsed.png[39m[0m
[  33% ] [90m[1mreimport[22m | return-bay.png[39m[0m
[  33% ] [90m[1mreimport[22m | drive-away.png[39m[0m
[  33% ] [90m[1mreimport[22m | return-bay.png[39m[0m
[  33% ] [90m[1mreimport[22m | drive-away.png[39m[0m
[  33% ] [90m[1mreimport[22m | return-bay.png[39m[0m
[  33% ] [90m[1mreimport[22m | released.png[39m[0m
[  34% ] [90m[1mreimport[22m | first-drive-away.png[39m[0m
[  34% ] [90m[1mreimport[22m | drive-away.png[39m[0m
[  34% ] [90m[1mreimport[22m | return-bay.png[39m[0m
[  34% ] [90m[1mreimport[22m | released.png[39m[0m
[  34% ] [90m[1mreimport[22m | first-drive-away.png[39m[0m
[  34% ] [90m[1mreimport[22m | drive-away.png[39m[0m
[  34% ] [90m[1mreimport[22m | natural-before.jpg[39m[0m
[  34% ] [90m[1mreimport[22m | natural-after.jpg[39m[0m
[  34% ] [90m[1mreimport[22m | hud-portrait.jpg[39m[0m
[  34% ] [90m[1mreimport[22m | hud-landscape.jpg[39m[0m
[  34% ] [90m[1mreimport[22m | 844x390-collapsed-true.png[39m[0m
[  34% ] [90m[1mreimport[22m | 844x390-collapsed-false.png[39m[0m
[  34% ] [90m[1mreimport[22m | 390x844-collapsed-true.png[39m[0m
[  35% ] [90m[1mreimport[22m | 390x844-collapsed-false.png[39m[0m
[  35% ] [90m[1mreimport[22m | 844x390-collapsed-true.png[39m[0m
[  35% ] [90m[1mreimport[22m | landscape-to_dropoff-collapsed.png[39m[0m
[  35% ] [90m[1mreimport[22m | landscape-owner-gas-opens-map.png[39m[0m
[  35% ] [90m[1mreimport[22m | landscape-idle-expanded.png[39m[0m
[  35% ] [90m[1mreimport[22m | landscape-idle-collapsed.png[39m[0m
[  35% ] [90m[1mreimport[22m | portrait-hit_pedestrian.png[39m[0m
[  35% ] [90m[1mreimport[22m | landscape-hit_pedestrian.png[39m[0m
[  35% ] [90m[1mreimport[22m | 844x390-collapsed-true.png[39m[0m
[  35% ] [90m[1mreimport[22m | 844x390-collapsed-false.png[39m[0m
[  35% ] [90m[1mreimport[22m | 390x844-collapsed-true.png[39m[0m
[  35% ] [90m[1mreimport[22m | 390x844-collapsed-false.png[39m[0m
[  35% ] [90m[1mreimport[22m | 844x390-collapsed-true.png[39m[0m
[  36% ] [90m[1mreimport[22m | 844x390-collapsed-false.png[39m[0m
[  36% ] [90m[1mreimport[22m | 390x844-collapsed-true.png[39m[0m
[  36% ] [90m[1mreimport[22m | 390x844-collapsed-false.png[39m[0m
[  36% ] [90m[1mreimport[22m | portrait-to_dropoff-expanded.png[39m[0m
[  36% ] [90m[1mreimport[22m | portrait-to_dropoff-collapsed.png[39m[0m
[  36% ] [90m[1mreimport[22m | portrait-menu-tracking.png[39m[0m
[  36% ] [90m[1mreimport[22m | portrait-menu-success.png[39m[0m
[  36% ] [90m[1mreimport[22m | portrait-menu-failure.png[39m[0m
[  36% ] [90m[1mreimport[22m | portrait-menu-available.png[39m[0m
[  36% ] [90m[1mreimport[22m | portrait-idle-expanded.png[39m[0m
[  36% ] [90m[1mreimport[22m | settlement.png[39m[0m
[  36% ] [90m[1mreimport[22m | restored.png[39m[0m
[  36% ] [90m[1mreimport[22m | arrest.png[39m[0m
[  36% ] [90m[1mreimport[22m | settlement.png[39m[0m
[  37% ] [90m[1mreimport[22m | restored.png[39m[0m
[  37% ] [90m[1mreimport[22m | arrest.png[39m[0m
[  37% ] [90m[1mreimport[22m | settlement.png[39m[0m
[  37% ] [90m[1mreimport[22m | restored.png[39m[0m
[  37% ] [90m[1mreimport[22m | arrest.png[39m[0m
[  37% ] [90m[1mreimport[22m | settlement.png[39m[0m
[  37% ] [90m[1mreimport[22m | restored.png[39m[0m
[  37% ] [90m[1mreimport[22m | arrest.png[39m[0m
[  37% ] [90m[1mreimport[22m | released.png[39m[0m
[  37% ] [90m[1mreimport[22m | event-04-reset-request.png[39m[0m
[  37% ] [90m[1mreimport[22m | event-03-busted.png[39m[0m
[  37% ] [90m[1mreimport[22m | drive-away.png[39m[0m
[  37% ] [90m[1mreimport[22m | portrait-to_dropoff-expanded.png[39m[0m
[  38% ] [90m[1mreimport[22m | portrait-to_dropoff-collapsed.png[39m[0m
[  38% ] [90m[1mreimport[22m | portrait-idle-expanded.png[39m[0m
[  38% ] [90m[1mreimport[22m | portrait-idle-collapsed.png[39m[0m
[  38% ] [90m[1mreimport[22m | landscape-to_dropoff-expanded.png[39m[0m
[  38% ] [90m[1mreimport[22m | landscape-vehicle-low-range.png[39m[0m
[  38% ] [90m[1mreimport[22m | landscape-tow-quote.png[39m[0m
[  38% ] [90m[1mreimport[22m | landscape-salvage-quote.png[39m[0m
[  38% ] [90m[1mreimport[22m | landscape-run-over.png[39m[0m
[  38% ] [90m[1mreimport[22m | landscape-pedestrian-low-balance.png[39m[0m
[  38% ] [90m[1mreimport[22m | landscape-insufficient-home.png[39m[0m
[  38% ] [90m[1mreimport[22m | landscape-insufficient-fill.png[39m[0m
[  38% ] [90m[1mreimport[22m | landscape-idle.png[39m[0m
[  38% ] [90m[1mreimport[22m | landscape-gig-settled.png[39m[0m
[  39% ] [90m[1mreimport[22m | landscape-gig-pickup.png[39m[0m
[  39% ] [90m[1mreimport[22m | landscape-gig-active.png[39m[0m
[  39% ] [90m[1mreimport[22m | landscape-fill-quote.png[39m[0m
[  39% ] [90m[1mreimport[22m | landscape-cleared.png[39m[0m
[  39% ] [90m[1mreimport[22m | landscape-busted.png[39m[0m
[  39% ] [90m[1mreimport[22m | portrait-vehicle-low-range.png[39m[0m
[  39% ] [90m[1mreimport[22m | portrait-tow-quote.png[39m[0m
[  39% ] [90m[1mreimport[22m | portrait-salvage-quote.png[39m[0m
[  39% ] [90m[1mreimport[22m | portrait-run-over.png[39m[0m
[  39% ] [90m[1mreimport[22m | portrait-pedestrian-low-balance.png[39m[0m
[  39% ] [90m[1mreimport[22m | portrait-insufficient-home.png[39m[0m
[  39% ] [90m[1mreimport[22m | landscape-busted.png[39m[0m
[  39% ] [90m[1mreimport[22m | tab-quote.png[39m[0m
[  40% ] [90m[1mreimport[22m | tab-cancel.png[39m[0m
[  40% ] [90m[1mreimport[22m | quote.png[39m[0m
[  40% ] [90m[1mreimport[22m | portrait-safe.png[39m[0m
[  40% ] [90m[1mreimport[22m | landscape-safe.png[39m[0m
[  40% ] [90m[1mreimport[22m | escape.png[39m[0m
[  40% ] [90m[1mreimport[22m | portrait-vehicle-low-range.png[39m[0m
[  40% ] [90m[1mreimport[22m | portrait-tow-quote.png[39m[0m
[  40% ] [90m[1mreimport[22m | portrait-salvage-quote.png[39m[0m
[  40% ] [90m[1mreimport[22m | portrait-run-over.png[39m[0m
[  40% ] [90m[1mreimport[22m | portrait-pedestrian-low-balance.png[39m[0m
[  40% ] [90m[1mreimport[22m | portrait-insufficient-home.png[39m[0m
[  40% ] [90m[1mreimport[22m | portrait-insufficient-fill.png[39m[0m
[  40% ] [90m[1mreimport[22m | portrait-idle.png[39m[0m
[  41% ] [90m[1mreimport[22m | portrait-gig-settled.png[39m[0m
[  41% ] [90m[1mreimport[22m | portrait-gig-pickup.png[39m[0m
[  41% ] [90m[1mreimport[22m | portrait-gig-active.png[39m[0m
[  41% ] [90m[1mreimport[22m | portrait-fill-quote.png[39m[0m
[  41% ] [90m[1mreimport[22m | portrait-cleared.png[39m[0m
[  41% ] [90m[1mreimport[22m | portrait-busted.png[39m[0m
[  41% ] [90m[1mreimport[22m | landscape-busted.png[39m[0m
[  41% ] [90m[1mreimport[22m | portrait-vehicle-low-range.png[39m[0m
[  41% ] [90m[1mreimport[22m | portrait-tow-quote.png[39m[0m
[  41% ] [90m[1mreimport[22m | portrait-salvage-quote.png[39m[0m
[  41% ] [90m[1mreimport[22m | portrait-run-over.png[39m[0m
[  41% ] [90m[1mreimport[22m | portrait-pedestrian-low-balance.png[39m[0m
[  41% ] [90m[1mreimport[22m | portrait-insufficient-fill.png[39m[0m
[  42% ] [90m[1mreimport[22m | portrait-idle.png[39m[0m
[  42% ] [90m[1mreimport[22m | portrait-fill-quote.png[39m[0m
[  42% ] [90m[1mreimport[22m | portrait-cleared.png[39m[0m
[  42% ] [90m[1mreimport[22m | portrait-busted.png[39m[0m
[  42% ] [90m[1mreimport[22m | landscape-vehicle-low-range.png[39m[0m
[  42% ] [90m[1mreimport[22m | landscape-tow-quote.png[39m[0m
[  42% ] [90m[1mreimport[22m | landscape-salvage-quote.png[39m[0m
[  42% ] [90m[1mreimport[22m | landscape-run-over.png[39m[0m
[  42% ] [90m[1mreimport[22m | landscape-pedestrian-low-balance.png[39m[0m
[  42% ] [90m[1mreimport[22m | landscape-insufficient-fill.png[39m[0m
[  42% ] [90m[1mreimport[22m | landscape-idle.png[39m[0m
[  42% ] [90m[1mreimport[22m | landscape-fill-quote.png[39m[0m
[  42% ] [90m[1mreimport[22m | landscape-cleared.png[39m[0m
[  43% ] [90m[1mreimport[22m | portrait-insufficient-fill.png[39m[0m
[  43% ] [90m[1mreimport[22m | portrait-idle.png[39m[0m
[  43% ] [90m[1mreimport[22m | portrait-gig-settled.png[39m[0m
[  43% ] [90m[1mreimport[22m | portrait-gig-pickup.png[39m[0m
[  43% ] [90m[1mreimport[22m | portrait-gig-active.png[39m[0m
[  43% ] [90m[1mreimport[22m | portrait-fill-quote.png[39m[0m
[  43% ] [90m[1mreimport[22m | portrait-cleared.png[39m[0m
[  43% ] [90m[1mreimport[22m | portrait-busted.png[39m[0m
[  43% ] [90m[1mreimport[22m | landscape-vehicle-low-range.png[39m[0m
[  43% ] [90m[1mreimport[22m | landscape-tow-quote.png[39m[0m
[  43% ] [90m[1mreimport[22m | landscape-salvage-quote.png[39m[0m
[  43% ] [90m[1mreimport[22m | landscape-run-over.png[39m[0m
[  43% ] [90m[1mreimport[22m | landscape-pedestrian-low-balance.png[39m[0m
[  44% ] [90m[1mreimport[22m | landscape-insufficient-home.png[39m[0m
[  44% ] [90m[1mreimport[22m | landscape-insufficient-fill.png[39m[0m
[  44% ] [90m[1mreimport[22m | landscape-idle.png[39m[0m
[  44% ] [90m[1mreimport[22m | landscape-gig-settled.png[39m[0m
[  44% ] [90m[1mreimport[22m | landscape-gig-pickup.png[39m[0m
[  44% ] [90m[1mreimport[22m | landscape-gig-active.png[39m[0m
[  44% ] [90m[1mreimport[22m | landscape-fill-quote.png[39m[0m
[  44% ] [90m[1mreimport[22m | landscape-cleared.png[39m[0m
[  44% ] [90m[1mreimport[22m | koban_start-portrait.jpg[39m[0m
[  44% ] [90m[1mreimport[22m | koban_start-landscape.jpg[39m[0m
[  44% ] [90m[1mreimport[22m | jnr_station-portrait.jpg[39m[0m
[  44% ] [90m[1mreimport[22m | jnr_station-landscape.jpg[39m[0m
[  44% ] [90m[1mreimport[22m | commercial_arrival-portrait.jpg[39m[0m
[  45% ] [90m[1mreimport[22m | commercial_arrival-landscape.jpg[39m[0m
[  45% ] [90m[1mreimport[22m | bridge_midpoint-portrait.jpg[39m[0m
[  45% ] [90m[1mreimport[22m | bridge_midpoint-landscape.jpg[39m[0m
[  45% ] [90m[1mreimport[22m | td-207-2-staged-before-portrait.png[39m[0m
[  45% ] [90m[1mreimport[22m | td-207-2-staged-before-landscape.png[39m[0m
[  45% ] [90m[1mreimport[22m | td-207-1-drive-before-portrait.png[39m[0m
[  45% ] [90m[1mreimport[22m | td-207-1-drive-before-landscape.png[39m[0m
[  45% ] [90m[1mreimport[22m | td-207-3-expanded-after-portrait.png[39m[0m
[  45% ] [90m[1mreimport[22m | td-207-3-expanded-after-landscape.png[39m[0m
[  45% ] [90m[1mreimport[22m | td-207-2-staged-after-portrait.png[39m[0m
[  45% ] [90m[1mreimport[22m | td-207-2-staged-after-landscape.png[39m[0m
[  45% ] [90m[1mreimport[22m | td-207-1-drive-after-portrait.png[39m[0m
[  45% ] [90m[1mreimport[22m | td-207-1-drive-after-landscape.png[39m[0m
[  45% ] [90m[1mreimport[22m | station-plan.png[39m[0m
[  46% ] [90m[1mreimport[22m | portrait-range.png[39m[0m
[  46% ] [90m[1mreimport[22m | ui-lobby-join.png[39m[0m
[  46% ] [90m[1mreimport[22m | ui-lobby-host.png[39m[0m
[  46% ] [90m[1mreimport[22m | ui-loading.png[39m[0m
[  46% ] [90m[1mreimport[22m | ui-hud.png[39m[0m
[  46% ] [90m[1mreimport[22m | yellow-car-zoom.png[39m[0m
[  46% ] [90m[1mreimport[22m | pairs-before-vs-after-portrait.png[39m[0m
[  46% ] [90m[1mreimport[22m | pairs-before-vs-after-landscape.png[39m[0m
[  46% ] [90m[1mreimport[22m | cars-closeup-jnr_station.png[39m[0m
[  46% ] [90m[1mreimport[22m | cars-closeup-bridge_midpoint.png[39m[0m
[  46% ] [90m[1mreimport[22m | jnr_station-portrait.jpg[39m[0m
[  46% ] [90m[1mreimport[22m | bridge_midpoint-portrait.jpg[39m[0m
[  46% ] [90m[1mreimport[22m | jnr_station-portrait.jpg[39m[0m
[  47% ] [90m[1mreimport[22m | bridge_midpoint-portrait.jpg[39m[0m
[  47% ] [90m[1mreimport[22m | koban_start-portrait.jpg[39m[0m
[  47% ] [90m[1mreimport[22m | koban_start-landscape.jpg[39m[0m
[  47% ] [90m[1mreimport[22m | jnr_station-portrait.jpg[39m[0m
[  47% ] [90m[1mreimport[22m | jnr_station-landscape.jpg[39m[0m
[  47% ] [90m[1mreimport[22m | commercial_arrival-portrait.jpg[39m[0m
[  47% ] [90m[1mreimport[22m | commercial_arrival-landscape.jpg[39m[0m
[  47% ] [90m[1mreimport[22m | bridge_midpoint-portrait.jpg[39m[0m
[  47% ] [90m[1mreimport[22m | bridge_midpoint-landscape.jpg[39m[0m
[  47% ] [90m[1mreimport[22m | portrait-insufficient-fill.png[39m[0m
[  47% ] [90m[1mreimport[22m | portrait-idle.png[39m[0m
[  47% ] [90m[1mreimport[22m | portrait-gig-settled.png[39m[0m
[  47% ] [90m[1mreimport[22m | portrait-gig-pickup.png[39m[0m
[  48% ] [90m[1mreimport[22m | portrait-gig-active.png[39m[0m
[  48% ] [90m[1mreimport[22m | portrait-fill-quote.png[39m[0m
[  48% ] [90m[1mreimport[22m | portrait-cleared.png[39m[0m
[  48% ] [90m[1mreimport[22m | portrait-busted.png[39m[0m
[  48% ] [90m[1mreimport[22m | landscape-vehicle-low-range.png[39m[0m
[  48% ] [90m[1mreimport[22m | landscape-tow-quote.png[39m[0m
[  48% ] [90m[1mreimport[22m | landscape-salvage-quote.png[39m[0m
[  48% ] [90m[1mreimport[22m | landscape-run-over.png[39m[0m
[  48% ] [90m[1mreimport[22m | landscape-pedestrian-low-balance.png[39m[0m
[  48% ] [90m[1mreimport[22m | landscape-insufficient-home.png[39m[0m
[  48% ] [90m[1mreimport[22m | landscape-insufficient-fill.png[39m[0m
[  48% ] [90m[1mreimport[22m | landscape-idle.png[39m[0m
[  48% ] [90m[1mreimport[22m | landscape-gig-settled.png[39m[0m
[  49% ] [90m[1mreimport[22m | landscape-gig-pickup.png[39m[0m
[  49% ] [90m[1mreimport[22m | landscape-gig-active.png[39m[0m
[  49% ] [90m[1mreimport[22m | landscape-fill-quote.png[39m[0m
[  49% ] [90m[1mreimport[22m | landscape-cleared.png[39m[0m
[  49% ] [90m[1mreimport[22m | portrait-confirm.png[39m[0m
[  49% ] [90m[1mreimport[22m | landscape-second-paid.png[39m[0m
[  49% ] [90m[1mreimport[22m | landscape-reloaded.png[39m[0m
[  49% ] [90m[1mreimport[22m | landscape-paid.png[39m[0m
[  49% ] [90m[1mreimport[22m | landscape-confirm.png[39m[0m
[  49% ] [90m[1mreimport[22m | portrait-range.png[39m[0m
[  49% ] [90m[1mreimport[22m | portrait-confirm.png[39m[0m
[  49% ] [90m[1mreimport[22m | landscape-second-paid.png[39m[0m
[  49% ] [90m[1mreimport[22m | landscape-reloaded.png[39m[0m
[  50% ] [90m[1mreimport[22m | landscape-paid.png[39m[0m
[  50% ] [90m[1mreimport[22m | landscape-confirm.png[39m[0m
[  50% ] [90m[1mreimport[22m | web-portrait-contact.png[39m[0m
[  50% ] [90m[1mreimport[22m | web-landscape-contact.png[39m[0m
[  50% ] [90m[1mreimport[22m | before-contact.png[39m[0m
[  50% ] [90m[1mreimport[22m | after-contact.png[39m[0m
[  50% ] [90m[1mreimport[22m | portrait-vehicle-low-range.png[39m[0m
[  50% ] [90m[1mreimport[22m | portrait-tow-quote.png[39m[0m
[  50% ] [90m[1mreimport[22m | portrait-salvage-quote.png[39m[0m
[  50% ] [90m[1mreimport[22m | portrait-run-over.png[39m[0m
[  50% ] [90m[1mreimport[22m | portrait-pedestrian-low-balance.png[39m[0m
[  50% ] [90m[1mreimport[22m | portrait-insufficient-home.png[39m[0m
[  50% ] [90m[1mreimport[22m | before_aerial_1500m.png[39m[0m
[  51% ] [90m[1mreimport[22m | after_pov_2230m.png[39m[0m
[  51% ] [90m[1mreimport[22m | after_pov_1790m.png[39m[0m
[  51% ] [90m[1mreimport[22m | after_pov_1150m.png[39m[0m
[  51% ] [90m[1mreimport[22m | after_pov_0600m.png[39m[0m
[  51% ] [90m[1mreimport[22m | after_aerial_1500m.png[39m[0m
[  51% ] [90m[1mreimport[22m | td-094-criterion-1-before.png[39m[0m
[  51% ] [90m[1mreimport[22m | td-094-criterion-1-after.png[39m[0m
[  51% ] [90m[1mreimport[22m | input-overlay-giant-join.jpg[39m[0m
[  51% ] [90m[1mreimport[22m | input-overlay-giant-host.jpg[39m[0m
[  51% ] [90m[1mreimport[22m | guest-frozen-start-line.jpg[39m[0m
[  51% ] [90m[1mreimport[22m | taxi_emission.jpg[39m[0m
[  51% ] [90m[1mreimport[22m | taxi_albedo.jpg[39m[0m
[  51% ] [90m[1mreimport[22m | sedan_emission.jpg[39m[0m
[  52% ] [90m[1mreimport[22m | sedan_albedo.jpg[39m[0m
[  52% ] [90m[1mreimport[22m | kei_van_emission.jpg[39m[0m
[  52% ] [90m[1mreimport[22m | kei_van_albedo.jpg[39m[0m
[  52% ] [90m[1mreimport[22m | td-023-finish-gantry-triptych.png[39m[0m
[  52% ] [90m[1mreimport[22m | td-023-criterion-1-before.png[39m[0m
[  52% ] [90m[1mreimport[22m | td-023-criterion-1-after.png[39m[0m
[  52% ] [90m[1mreimport[22m | td-022-criterion-2-before.png[39m[0m
[  52% ] [90m[1mreimport[22m | td-022-criterion-2-after.png[39m[0m
[  52% ] [90m[1mreimport[22m | td-022-criterion-1-before.png[39m[0m
[  52% ] [90m[1mreimport[22m | td-022-criterion-1-after.png[39m[0m
[  52% ] [90m[1mreimport[22m | td-022-barrier-ch2150-aerial.png[39m[0m
[  52% ] [90m[1mreimport[22m | td-022-barrier-ch1745-aerial.png[39m[0m
[  52% ] [90m[1mreimport[22m | td-022-barrier-ch1032-aerial.png[39m[0m
[  53% ] [90m[1mreimport[22m | td-042-criterion-1-before.png[39m[0m
[  53% ] [90m[1mreimport[22m | td-042-criterion-1-after.png[39m[0m
[  53% ] [90m[1mreimport[22m | td-038-criterion-1-before.png[39m[0m
[  53% ] [90m[1mreimport[22m | td-038-criterion-1-after.png[39m[0m
[  53% ] [90m[1mreimport[22m | before_pov_2230m.png[39m[0m
[  53% ] [90m[1mreimport[22m | before_pov_1790m.png[39m[0m
[  53% ] [90m[1mreimport[22m | before_pov_1150m.png[39m[0m
[  53% ] [90m[1mreimport[22m | before_pov_0600m.png[39m[0m
[  53% ] [90m[1mreimport[22m | pachinko_front_emission.jpg[39m[0m
[  53% ] [90m[1mreimport[22m | pachinko_front_albedo.jpg[39m[0m
[  53% ] [90m[1mreimport[22m | kissaten_emission.jpg[39m[0m
[  53% ] [90m[1mreimport[22m | kissaten_albedo.jpg[39m[0m
[  53% ] [90m[1mreimport[22m | izakaya_emission.jpg[39m[0m
[  54% ] [90m[1mreimport[22m | izakaya_albedo.jpg[39m[0m
[  54% ] [90m[1mreimport[22m | velvet_rope_albedo.jpg[39m[0m
[  54% ] [90m[1mreimport[22m | tyre_wall_albedo.jpg[39m[0m
[  54% ] [90m[1mreimport[22m | tube_pedestal_emission.jpg[39m[0m
[  54% ] [90m[1mreimport[22m | tube_pedestal_albedo.jpg[39m[0m
[  54% ] [90m[1mreimport[22m | tally_aframe_albedo.jpg[39m[0m
[  54% ] [90m[1mreimport[22m | sol88_tower_emission.jpg[39m[0m
[  54% ] [90m[1mreimport[22m | sol88_tower_albedo.jpg[39m[0m
[  54% ] [90m[1mreimport[22m | slag_windrow_albedo.jpg[39m[0m
[  54% ] [90m[1mreimport[22m | lead_drums_albedo.jpg[39m[0m
[  54% ] [90m[1mreimport[22m | hawser_pallets_albedo.jpg[39m[0m
[  54% ] [90m[1mreimport[22m | hand_trucks_albedo.jpg[39m[0m
[  54% ] [90m[1mreimport[22m | kei_truck_emission.jpg[39m[0m
[  54% ] [90m[1mreimport[22m | kei_truck_albedo.jpg[39m[0m
[  55% ] [90m[1mreimport[22m | kei_trike_emission.jpg[39m[0m
[  55% ] [90m[1mreimport[22m | kei_trike_albedo.jpg[39m[0m
[  55% ] [90m[1mreimport[22m | bus_emission.jpg[39m[0m
[  55% ] [90m[1mreimport[22m | bus_albedo.jpg[39m[0m
[  55% ] [90m[1mreimport[22m | box_truck_emission.jpg[39m[0m
[  55% ] [90m[1mreimport[22m | box_truck_albedo.jpg[39m[0m
[  55% ] [90m[1mreimport[22m | yakkyoku_emission.jpg[39m[0m
[  55% ] [90m[1mreimport[22m | yakkyoku_albedo.jpg[39m[0m
[  55% ] [90m[1mreimport[22m | tabako_kiosk_emission.jpg[39m[0m
[  55% ] [90m[1mreimport[22m | tabako_kiosk_albedo.jpg[39m[0m
[  55% ] [90m[1mreimport[22m | sengyo_stall_emission.jpg[39m[0m
[  55% ] [90m[1mreimport[22m | sengyo_stall_albedo.jpg[39m[0m
[  55% ] [90m[1mreimport[22m | sakaya_emission.jpg[39m[0m
[  56% ] [90m[1mreimport[22m | sakaya_albedo.jpg[39m[0m
[  56% ] [90m[1mreimport[22m | ramen_window_emission.jpg[39m[0m
[  56% ] [90m[1mreimport[22m | ramen_window_albedo.jpg[39m[0m
[  56% ] [90m[1mreimport[22m | td-101-street-trees-1-after.png[39m[0m
[  56% ] [90m[1mreimport[22m | td-101-street-tree-zelkova-preview.png[39m[0m
[  56% ] [90m[1mreimport[22m | td-101-street-tree-plane-preview.png[39m[0m
[  56% ] [90m[1mreimport[22m | td-101-street-tree-ginkgo-preview.png[39m[0m
[  56% ] [90m[1mreimport[22m | render-shrub-v6.png[39m[0m
[  56% ] [90m[1mreimport[22m | render-cherry-tree-v3.png[39m[0m
[  56% ] [90m[1mreimport[22m | td-098-create-popup-before.jpg[39m[0m
[  56% ] [90m[1mreimport[22m | td-098-create-no-popup-after.png[39m[0m
[  56% ] [90m[1mreimport[22m | guest-start-line.png[39m[0m
[  56% ] [90m[1mreimport[22m | guest-start-line.png[39m[0m
[  57% ] [90m[1mreimport[22m | td-091-criterion-1-before.png[39m[0m
[  57% ] [90m[1mreimport[22m | td-091-criterion-1-after.png[39m[0m
[  57% ] [90m[1mreimport[22m | trailer-client-2-of-2.png[39m[0m
[  57% ] [90m[1mreimport[22m | leader-client-1-of-2.png[39m[0m
[  57% ] [90m[1mreimport[22m | td-089-criterion-1-lobby.png[39m[0m
[  57% ] [90m[1mreimport[22m | td-089-criterion-1-before.png[39m[0m
[  57% ] [90m[1mreimport[22m | td-089-criterion-1-after.png[39m[0m
[  57% ] [90m[1mreimport[22m | rejected-comparison-material.png[39m[0m
[  57% ] [90m[1mreimport[22m | after-rear-three-quarter.png[39m[0m
[  57% ] [90m[1mreimport[22m | after-chase.png[39m[0m
[  57% ] [90m[1mreimport[22m | td-103-criterion-4-before.png[39m[0m
[  57% ] [90m[1mreimport[22m | td-103-criterion-4-after.png[39m[0m
[  57% ] [90m[1mreimport[22m | td-103-criterion-3-before.png[39m[0m
[  58% ] [90m[1mreimport[22m | td-103-criterion-3-after.png[39m[0m
[  58% ] [90m[1mreimport[22m | td-103-criterion-2-before.png[39m[0m
[  58% ] [90m[1mreimport[22m | td-103-criterion-2-after.png[39m[0m
[  58% ] [90m[1mreimport[22m | td-103-criterion-1-before.png[39m[0m
[  58% ] [90m[1mreimport[22m | td-103-criterion-1-after.png[39m[0m
[  58% ] [90m[1mreimport[22m | game-fleet-after.png[39m[0m
[  58% ] [90m[1mreimport[22m | contact-sheet.png[39m[0m
[  58% ] [90m[1mreimport[22m | triptych-shrub-planter.png[39m[0m
[  58% ] [90m[1mreimport[22m | triptych-cherry-tree.png[39m[0m
[  58% ] [90m[1mreimport[22m | td-101-street-trees-2-before.png[39m[0m
[  58% ] [90m[1mreimport[22m | td-101-street-trees-2-after.png[39m[0m
[  58% ] [90m[1mreimport[22m | td-101-street-trees-1-before.png[39m[0m
[  58% ] [90m[1mreimport[22m | traffic-on-road.png[39m[0m
[  59% ] [90m[1mreimport[22m | td-076-criterion-2-before.png[39m[0m
[  59% ] [90m[1mreimport[22m | td-076-criterion-2-after.png[39m[0m
[  59% ] [90m[1mreimport[22m | td-076-criterion-1-before.png[39m[0m
[  59% ] [90m[1mreimport[22m | td-076-criterion-1-after.png[39m[0m
[  59% ] [90m[1mreimport[22m | td-049-criterion-1-side.png[39m[0m
[  59% ] [90m[1mreimport[22m | td-049-criterion-1-front.png[39m[0m
[  59% ] [90m[1mreimport[22m | td-049-criterion-1-before.png[39m[0m
[  59% ] [90m[1mreimport[22m | td-049-criterion-1-after.png[39m[0m
[  59% ] [90m[1mreimport[22m | td-029-app-boot-5-staged-build-near-end.png[39m[0m
[  59% ] [90m[1mreimport[22m | td-029-app-boot-4-staged-build-start.png[39m[0m
[  59% ] [90m[1mreimport[22m | td-029-app-boot-3-download-complete.png[39m[0m
[  59% ] [90m[1mreimport[22m | td-029-app-boot-2-downloading-mid.png[39m[0m
[  59% ] [90m[1mreimport[22m | td-029-app-boot-1-downloading.png[39m[0m
[  60% ] [90m[1mreimport[22m | td-023-reference-finish-gantry.jpg[39m[0m
[  60% ] [90m[1mreimport[22m | td-023-mock-finish-gantry.png[39m[0m
[  60% ] [90m[1mreimport[22m | td-023-gantry-preview.png[39m[0m
[  60% ] [90m[1mreimport[22m | td-087-criterion-2-before.png[39m[0m
[  60% ] [90m[1mreimport[22m | td-087-criterion-1-before.png[39m[0m
[  60% ] [90m[1mreimport[22m | td-085-criterion-2-before.png[39m[0m
[  60% ] [90m[1mreimport[22m | td-085-criterion-2-after.png[39m[0m
[  60% ] [90m[1mreimport[22m | td-085-criterion-1-before.png[39m[0m
[  60% ] [90m[1mreimport[22m | td-085-criterion-1-after.png[39m[0m
[  60% ] [90m[1mreimport[22m | live-deeplink-web.png[39m[0m
[  60% ] [90m[1mreimport[22m | td-084-criterion-4-before.png[39m[0m
[  60% ] [90m[1mreimport[22m | td-084-criterion-4-after.png[39m[0m
[  60% ] [90m[1mreimport[22m | td-084-criterion-1-before.png[39m[0m
[  61% ] [90m[1mreimport[22m | td-084-criterion-1-after.png[39m[0m
[  61% ] [90m[1mreimport[22m | 23050_35_elhb.jpg[39m[0m
[  61% ] [90m[1mreimport[22m | 23052_36_g1lh.jpg[39m[0m
[  61% ] [90m[1mreimport[22m | td-078-criterion-2-before.png[39m[0m
[  61% ] [90m[1mreimport[22m | td-078-criterion-2-after.png[39m[0m
[  61% ] [90m[1mreimport[22m | td-078-criterion-1-before.png[39m[0m
[  61% ] [90m[1mreimport[22m | td-078-criterion-1-after.png[39m[0m
[  61% ] [90m[1mreimport[22m | no-traffic-on-road.png[39m[0m
[  61% ] [90m[1mreimport[22m | sideA_emis.png[39m[0m
[  61% ] [90m[1mreimport[22m | sideA_diff.jpg[39m[0m
[  61% ] [90m[1mreimport[22m | podium_emis.png[39m[0m
[  61% ] [90m[1mreimport[22m | podium_diff.jpg[39m[0m
[  61% ] [90m[1mreimport[22m | plaster_diff.png[39m[0m
[  62% ] [90m[1mreimport[22m | paint_worn.png[39m[0m
[  62% ] [90m[1mreimport[22m | noren_sushi_emis.png[39m[0m
[  62% ] [90m[1mreimport[22m | noren_sushi_diff.png[39m[0m
[  62% ] [90m[1mreimport[22m | noren_sakaba_emis.png[39m[0m
[  62% ] [90m[1mreimport[22m | noren_sakaba_diff.png[39m[0m
[  62% ] [90m[1mreimport[22m | noren_ramen_emis.png[39m[0m
[  62% ] [90m[1mreimport[22m | noren_ramen_diff.png[39m[0m
[  62% ] [90m[1mreimport[22m | lattice_emis.png[39m[0m
[  62% ] [90m[1mreimport[22m | lattice_diff.png[39m[0m
[  62% ] [90m[1mreimport[22m | kawara_diff.png[39m[0m
[  62% ] [90m[1mreimport[22m | interior_c_emis.png[39m[0m
[  62% ] [90m[1mreimport[22m | interior_c_diff.png[39m[0m
[  62% ] [90m[1mreimport[22m | sign_karaoke_diff.png[39m[0m
[  63% ] [90m[1mreimport[22m | sign_izakaya_emis.png[39m[0m
[  63% ] [90m[1mreimport[22m | sign_izakaya_diff.png[39m[0m
[  63% ] [90m[1mreimport[22m | sign_honya_emis.png[39m[0m
[  63% ] [90m[1mreimport[22m | sign_honya_diff.png[39m[0m
[  63% ] [90m[1mreimport[22m | sign_game_emis.png[39m[0m
[  63% ] [90m[1mreimport[22m | sign_game_diff.png[39m[0m
[  63% ] [90m[1mreimport[22m | sign_cleaning_emis.png[39m[0m
[  63% ] [90m[1mreimport[22m | sign_cleaning_diff.png[39m[0m
[  63% ] [90m[1mreimport[22m | sign_cafe_emis.png[39m[0m
[  63% ] [90m[1mreimport[22m | sign_cafe_diff.png[39m[0m
[  63% ] [90m[1mreimport[22m | sign_biyouin_emis.png[39m[0m
[  63% ] [90m[1mreimport[22m | sign_biyouin_diff.png[39m[0m
[  63% ] [90m[1mreimport[22m | sidewalk_diff.jpg[39m[0m
[  63% ] [90m[1mreimport[22m | sideC_emis.png[39m[0m
[  64% ] [90m[1mreimport[22m | sideC_diff.jpg[39m[0m
[  64% ] [90m[1mreimport[22m | sideB_emis.png[39m[0m
[  64% ] [90m[1mreimport[22m | sideB_diff.jpg[39m[0m
[  64% ] [90m[1mreimport[22m | bridge_rail.png[39m[0m
[  64% ] [90m[1mreimport[22m | bb_uri_emis.png[39m[0m
[  64% ] [90m[1mreimport[22m | bb_uri_diff.jpg[39m[0m
[  64% ] [90m[1mreimport[22m | bb_open24_emis.png[39m[0m
[  64% ] [90m[1mreimport[22m | bb_open24_diff.jpg[39m[0m
[  64% ] [90m[1mreimport[22m | awning_diff.png[39m[0m
[  64% ] [90m[1mreimport[22m | asphalt_rough.png[39m[0m
[  64% ] [90m[1mreimport[22m | asphalt_diff.jpg[39m[0m
[  64% ] [90m[1mreimport[22m | sode_yakkyoku.png[39m[0m
[  64% ] [90m[1mreimport[22m | sode_tabako.png[39m[0m
[  65% ] [90m[1mreimport[22m | sode_sushi.png[39m[0m
[  65% ] [90m[1mreimport[22m | sode_soba.png[39m[0m
[  65% ] [90m[1mreimport[22m | sode_sakaya.png[39m[0m
[  65% ] [90m[1mreimport[22m | sode_pachinko.png[39m[0m
[  65% ] [90m[1mreimport[22m | sode_kissaten.png[39m[0m
[  65% ] [90m[1mreimport[22m | sode_izakaya.png[39m[0m
[  65% ] [90m[1mreimport[22m | enamel_atlas.png[39m[0m
[  65% ] [90m[1mreimport[22m | interior_b_emis.png[39m[0m
[  65% ] [90m[1mreimport[22m | interior_b_diff.png[39m[0m
[  65% ] [90m[1mreimport[22m | interior_a_emis.png[39m[0m
[  65% ] [90m[1mreimport[22m | interior_a_diff.png[39m[0m
[  65% ] [90m[1mreimport[22m | gantry_yellow.png[39m[0m
[  65% ] [90m[1mreimport[22m | gantry_topper.png[39m[0m
[  66% ] [90m[1mreimport[22m | gantry_C.png[39m[0m
[  66% ] [90m[1mreimport[22m | gantry_B.png[39m[0m
[  66% ] [90m[1mreimport[22m | gantry_A.png[39m[0m
[  66% ] [90m[1mreimport[22m | facC_emis.png[39m[0m
[  66% ] [90m[1mreimport[22m | facC_diff.jpg[39m[0m
[  66% ] [90m[1mreimport[22m | facB_emis.png[39m[0m
[  66% ] [90m[1mreimport[22m | facB_diff.jpg[39m[0m
[  66% ] [90m[1mreimport[22m | facA_emis.png[39m[0m
[  66% ] [90m[1mreimport[22m | facA_diff.jpg[39m[0m
[  66% ] [90m[1mreimport[22m | chochin_emis.png[39m[0m
[  66% ] [90m[1mreimport[22m | chochin_diff.png[39m[0m
[  66% ] [90m[1mreimport[22m | bridge_road.png[39m[0m
[  66% ] [90m[1mreimport[22m | tenjin_slab_albedo.jpg[39m[0m
[  67% ] [90m[1mreimport[22m | kotobuki_bay_emission.jpg[39m[0m
[  67% ] [90m[1mreimport[22m | kotobuki_bay_albedo.jpg[39m[0m
[  67% ] [90m[1mreimport[22m | kamome_hall_emission.jpg[39m[0m
[  67% ] [90m[1mreimport[22m | kamome_hall_albedo.jpg[39m[0m
[  67% ] [90m[1mreimport[22m | depots_goods_shed_emission.jpg[39m[0m
[  67% ] [90m[1mreimport[22m | depots_goods_shed_albedo.jpg[39m[0m
[  67% ] [90m[1mreimport[22m | daikoku_tally_office_emission.jpg[39m[0m
[  67% ] [90m[1mreimport[22m | daikoku_tally_office_albedo.jpg[39m[0m
[  67% ] [90m[1mreimport[22m | daikoku_container_20ft_rust_albedo.jpg[39m[0m
[  67% ] [90m[1mreimport[22m | daikoku_container_20ft_primer_albedo.jpg[39m[0m
[  67% ] [90m[1mreimport[22m | daikoku_container_20ft_beige_albedo.jpg[39m[0m
[  67% ] [90m[1mreimport[22m | chidori_terrace_emission.jpg[39m[0m
[  67% ] [90m[1mreimport[22m | chidori_terrace_albedo.jpg[39m[0m
[  68% ] [90m[1mreimport[22m | wood_diff.png[39m[0m
[  68% ] [90m[1mreimport[22m | truss_grime.png[39m[0m
[  68% ] [90m[1mreimport[22m | tower_deck_v2_b_em.png[39m[0m
[  68% ] [90m[1mreimport[22m | fish_crates_albedo.jpg[39m[0m
[  68% ] [90m[1mreimport[22m | drum_stove_emission.jpg[39m[0m
[  68% ] [90m[1mreimport[22m | drum_stove_albedo.jpg[39m[0m
[  68% ] [90m[1mreimport[22m | drum_barrier_albedo.jpg[39m[0m
[  68% ] [90m[1mreimport[22m | curve_mirror_albedo.jpg[39m[0m
[  68% ] [90m[1mreimport[22m | canister_pyramid_albedo.jpg[39m[0m
[  68% ] [90m[1mreimport[22m | beacon_pylon_emission.jpg[39m[0m
[  68% ] [90m[1mreimport[22m | beacon_pylon_albedo.jpg[39m[0m
[  68% ] [90m[1mreimport[22m | airlance_boom_albedo.jpg[39m[0m
[  68% ] [90m[1mreimport[22m | ped_vendor_emission.jpg[39m[0m
[  69% ] [90m[1mreimport[22m | ped_vendor_albedo.jpg[39m[0m
[  69% ] [90m[1mreimport[22m | ped_suited_worker_emission.jpg[39m[0m
[  69% ] [90m[1mreimport[22m | ped_suited_worker_albedo.jpg[39m[0m
[  69% ] [90m[1mreimport[22m | ped_patrol_officer_emission.jpg[39m[0m
[  69% ] [90m[1mreimport[22m | ped_patrol_officer_albedo.jpg[39m[0m
[  69% ] [90m[1mreimport[22m | ped_dock_worker_emission.jpg[39m[0m
[  69% ] [90m[1mreimport[22m | ped_dock_worker_albedo.jpg[39m[0m
[  69% ] [90m[1mreimport[22m | tenjin_slab_emission.jpg[39m[0m
[  69% ] [90m[1mreimport[22m | sign_soba_diff.png[39m[0m
[  69% ] [90m[1mreimport[22m | sign_snack_emis.png[39m[0m
[  69% ] [90m[1mreimport[22m | sign_snack_diff.png[39m[0m
[  69% ] [90m[1mreimport[22m | sign_shoten_emis.png[39m[0m
[  69% ] [90m[1mreimport[22m | sign_shoten_diff.png[39m[0m
[  70% ] [90m[1mreimport[22m | sign_shika_emis.png[39m[0m
[  70% ] [90m[1mreimport[22m | sign_shika_diff.png[39m[0m
[  70% ] [90m[1mreimport[22m | sign_saketen_emis.png[39m[0m
[  70% ] [90m[1mreimport[22m | sign_saketen_diff.png[39m[0m
[  70% ] [90m[1mreimport[22m | sign_sakaba_emis.png[39m[0m
[  70% ] [90m[1mreimport[22m | sign_sakaba_diff.png[39m[0m
[  70% ] [90m[1mreimport[22m | sign_ramen_emis.png[39m[0m
[  70% ] [90m[1mreimport[22m | sign_ramen_diff.png[39m[0m
[  70% ] [90m[1mreimport[22m | sign_pachinko_emis.png[39m[0m
[  70% ] [90m[1mreimport[22m | sign_pachinko_diff.png[39m[0m
[  70% ] [90m[1mreimport[22m | sign_kissaten_emis.png[39m[0m
[  70% ] [90m[1mreimport[22m | sign_kissaten_diff.png[39m[0m
[  70% ] [90m[1mreimport[22m | sign_karaoke_emis.png[39m[0m
[  71% ] [90m[1mreimport[22m | tower_deck_v2_b.png[39m[0m
[  71% ] [90m[1mreimport[22m | tower_deck_v2_a_em.png[39m[0m
[  71% ] [90m[1mreimport[22m | tower_deck_v2_a.png[39m[0m
[  71% ] [90m[1mreimport[22m | tower_deck2.png[39m[0m
[  71% ] [90m[1mreimport[22m | tower_deck1.png[39m[0m
[  71% ] [90m[1mreimport[22m | sign_yakkyoku_emis.png[39m[0m
[  71% ] [90m[1mreimport[22m | sign_yakkyoku_diff.png[39m[0m
[  71% ] [90m[1mreimport[22m | sign_yakiniku_emis.png[39m[0m
[  71% ] [90m[1mreimport[22m | sign_yakiniku_diff.png[39m[0m
[  71% ] [90m[1mreimport[22m | sign_udon_emis.png[39m[0m
[  71% ] [90m[1mreimport[22m | sign_udon_diff.png[39m[0m
[  71% ] [90m[1mreimport[22m | sign_teishoku_emis.png[39m[0m
[  71% ] [90m[1mreimport[22m | sign_teishoku_diff.png[39m[0m
[  72% ] [90m[1mreimport[22m | sign_tabako_emis.png[39m[0m
[  72% ] [90m[1mreimport[22m | sign_tabako_diff.png[39m[0m
[  72% ] [90m[1mreimport[22m | sign_sushi_emis.png[39m[0m
[  72% ] [90m[1mreimport[22m | sign_sushi_diff.png[39m[0m
[  72% ] [90m[1mreimport[22m | sign_soba_emis.png[39m[0m
[  72% ] [90m[1mreimport[22m | td137_ch1745.png[39m[0m
[  72% ] [90m[1mreimport[22m | td137_ch1032.png[39m[0m
[  72% ] [90m[1mreimport[22m | td137_ch0700.png[39m[0m
[  72% ] [90m[1mreimport[22m | td137_ch0493.png[39m[0m
[  72% ] [90m[1mreimport[22m | td137_ch2580.png[39m[0m
[  72% ] [90m[1mreimport[22m | td137_ch2500.png[39m[0m
[  72% ] [90m[1mreimport[22m | td137_ch2150.png[39m[0m
[  72% ] [90m[1mreimport[22m | td137_ch1745.png[39m[0m
[  72% ] [90m[1mreimport[22m | td137_ch1032.png[39m[0m
[  73% ] [90m[1mreimport[22m | td137_ch0700.png[39m[0m
[  73% ] [90m[1mreimport[22m | td137_ch0493.png[39m[0m
[  73% ] [90m[1mreimport[22m | td-135-criterion-1-before.png[39m[0m
[  73% ] [90m[1mreimport[22m | td-135-criterion-1-after.png[39m[0m
[  73% ] [90m[1mreimport[22m | phone-stutter-trace-before.png[39m[0m
[  73% ] [90m[1mreimport[22m | phone-stutter-trace-after.png[39m[0m
[  73% ] [90m[1mreimport[22m | before-sequence-contact-sheet.png[39m[0m
[  73% ] [90m[1mreimport[22m | after-sequence-contact-sheet.png[39m[0m
[  73% ] [90m[1mreimport[22m | frame-0060.png[39m[0m
[  73% ] [90m[1mreimport[22m | frame-0054.png[39m[0m
[  73% ] [90m[1mreimport[22m | frame-0048.png[39m[0m
[  73% ] [90m[1mreimport[22m | triptych-ch2150.png[39m[0m
[  73% ] [90m[1mreimport[22m | triptych-ch1745.png[39m[0m
[  74% ] [90m[1mreimport[22m | triptych-ch1032.png[39m[0m
[  74% ] [90m[1mreimport[22m | triptych-ch493.png[39m[0m
[  74% ] [90m[1mreimport[22m | before-after-ch2150-chase.png[39m[0m
[  74% ] [90m[1mreimport[22m | before-after-ch2150-aerial.png[39m[0m
[  74% ] [90m[1mreimport[22m | before-after-ch1745-chase.png[39m[0m
[  74% ] [90m[1mreimport[22m | before-after-ch1745-aerial.png[39m[0m
[  74% ] [90m[1mreimport[22m | before-after-ch1032-chase.png[39m[0m
[  74% ] [90m[1mreimport[22m | before-after-ch1032-aerial.png[39m[0m
[  74% ] [90m[1mreimport[22m | before-after-ch493-chase.png[39m[0m
[  74% ] [90m[1mreimport[22m | before-after-ch493-aerial.png[39m[0m
[  74% ] [90m[1mreimport[22m | ref-05-night-jct-crash-cushion.jpg[39m[0m
[  74% ] [90m[1mreimport[22m | ref-04-day-overhead-jct-signs.jpg[39m[0m
[  74% ] [90m[1mreimport[22m | ref-03-day-split-gore.jpg[39m[0m
[  75% ] [90m[1mreimport[22m | ref-02-day-aerial-jct.jpg[39m[0m
[  75% ] [90m[1mreimport[22m | ref-01-night-exit-gore.jpg[39m[0m
[  75% ] [90m[1mreimport[22m | td137_ch2580.png[39m[0m
[  75% ] [90m[1mreimport[22m | td137_ch2500.png[39m[0m
[  75% ] [90m[1mreimport[22m | td137_ch2150.png[39m[0m
[  75% ] [90m[1mreimport[22m | td-134-criterion-2-after.png[39m[0m
[  75% ] [90m[1mreimport[22m | td-134-criterion-1-before.png[39m[0m
[  75% ] [90m[1mreimport[22m | td-134-criterion-1-after.png[39m[0m
[  75% ] [90m[1mreimport[22m | td-133-criterion-4-before.png[39m[0m
[  75% ] [90m[1mreimport[22m | td-133-criterion-4-after.png[39m[0m
[  75% ] [90m[1mreimport[22m | td-133-criterion-2-before.png[39m[0m
[  75% ] [90m[1mreimport[22m | td-133-criterion-2-after.png[39m[0m
[  75% ] [90m[1mreimport[22m | td-133-criterion-1-before.png[39m[0m
[  76% ] [90m[1mreimport[22m | td-133-criterion-1-after.png[39m[0m
[  76% ] [90m[1mreimport[22m | td-132-criterion-1-before.png[39m[0m
[  76% ] [90m[1mreimport[22m | td-132-criterion-1-after.png[39m[0m
[  76% ] [90m[1mreimport[22m | td-127-criterion-1-host-before.png[39m[0m
[  76% ] [90m[1mreimport[22m | td-127-criterion-1-host-after.png[39m[0m
[  76% ] [90m[1mreimport[22m | td-127-criterion-1-guest-before.png[39m[0m
[  76% ] [90m[1mreimport[22m | td-127-criterion-1-guest-after.png[39m[0m
[  76% ] [90m[1mreimport[22m | td-126-reverify-4-gaveup-results.png[39m[0m
[  76% ] [90m[1mreimport[22m | td-126-reverify-3-recovered.png[39m[0m
[  76% ] [90m[1mreimport[22m | td-126-reverify-2-connection-lost.png[39m[0m
[  76% ] [90m[1mreimport[22m | td-126-reverify-1-healthy.png[39m[0m
[  76% ] [90m[1mreimport[22m | td-126-criterion-3-before.png[39m[0m
[  76% ] [90m[1mreimport[22m | frame-0042.png[39m[0m
[  77% ] [90m[1mreimport[22m | frame-0036.png[39m[0m
[  77% ] [90m[1mreimport[22m | frame-0030.png[39m[0m
[  77% ] [90m[1mreimport[22m | frame-0024.png[39m[0m
[  77% ] [90m[1mreimport[22m | frame-0018.png[39m[0m
[  77% ] [90m[1mreimport[22m | frame-0012.png[39m[0m
[  77% ] [90m[1mreimport[22m | frame-0006.png[39m[0m
[  77% ] [90m[1mreimport[22m | frame-0000.png[39m[0m
[  77% ] [90m[1mreimport[22m | frame-0060.png[39m[0m
[  77% ] [90m[1mreimport[22m | frame-0054.png[39m[0m
[  77% ] [90m[1mreimport[22m | frame-0048.png[39m[0m
[  77% ] [90m[1mreimport[22m | frame-0042.png[39m[0m
[  77% ] [90m[1mreimport[22m | frame-0036.png[39m[0m
[  77% ] [90m[1mreimport[22m | frame-0030.png[39m[0m
[  78% ] [90m[1mreimport[22m | frame-0024.png[39m[0m
[  78% ] [90m[1mreimport[22m | frame-0018.png[39m[0m
[  78% ] [90m[1mreimport[22m | frame-0012.png[39m[0m
[  78% ] [90m[1mreimport[22m | frame-0006.png[39m[0m
[  78% ] [90m[1mreimport[22m | frame-0000.png[39m[0m
[  78% ] [90m[1mreimport[22m | td-134-criterion-2-before.png[39m[0m
[  78% ] [90m[1mreimport[22m | td-149-criterion-3-after.png[39m[0m
[  78% ] [90m[1mreimport[22m | td-149-criterion-2-before.png[39m[0m
[  78% ] [90m[1mreimport[22m | td-149-criterion-2-after.png[39m[0m
[  78% ] [90m[1mreimport[22m | td-149-criterion-1-before.png[39m[0m
[  78% ] [90m[1mreimport[22m | td-149-criterion-1-after.png[39m[0m
[  78% ] [90m[1mreimport[22m | td-147-footprint.svg[39m[0m
[  78% ] [90m[1mreimport[22m | triptych-wagon.png[39m[0m
[  79% ] [90m[1mreimport[22m | triptych-van.png[39m[0m
[  79% ] [90m[1mreimport[22m | triptych-suv.png[39m[0m
[  79% ] [90m[1mreimport[22m | triptych-sedan.png[39m[0m
[  79% ] [90m[1mreimport[22m | triptych-pickup.png[39m[0m
[  79% ] [90m[1mreimport[22m | triptych-minivan.png[39m[0m
[  79% ] [90m[1mreimport[22m | triptych-luxury.png[39m[0m
[  79% ] [90m[1mreimport[22m | triptych-keicar.png[39m[0m
[  79% ] [90m[1mreimport[22m | triptych-hatchback.png[39m[0m
[  79% ] [90m[1mreimport[22m | triptych-coupe.png[39m[0m
[  79% ] [90m[1mreimport[22m | triptych-bus.png[39m[0m
[  79% ] [90m[1mreimport[22m | triptych-boxtruck.png[39m[0m
[  79% ] [90m[1mreimport[22m | td-140-results-triptych.png[39m[0m
[  79% ] [90m[1mreimport[22m | td-140-results-before-after.png[39m[0m
[  80% ] [90m[1mreimport[22m | hatchback-before.png[39m[0m
[  80% ] [90m[1mreimport[22m | hatchback-after.png[39m[0m
[  80% ] [90m[1mreimport[22m | coupe-before.png[39m[0m
[  80% ] [90m[1mreimport[22m | coupe-after.png[39m[0m
[  80% ] [90m[1mreimport[22m | bus-before.png[39m[0m
[  80% ] [90m[1mreimport[22m | bus-after.png[39m[0m
[  80% ] [90m[1mreimport[22m | boxtruck-before.png[39m[0m
[  80% ] [90m[1mreimport[22m | boxtruck-after.png[39m[0m
[  80% ] [90m[1mreimport[22m | triptych-c4-darkfront.png[39m[0m
[  80% ] [90m[1mreimport[22m | triptych-c3-rear34.png[39m[0m
[  80% ] [90m[1mreimport[22m | triptych-c2-side.png[39m[0m
[  80% ] [90m[1mreimport[22m | triptych-c1-front34.png[39m[0m
[  80% ] [90m[1mreimport[22m | mock-diagram.png[39m[0m
[  81% ] [90m[1mreimport[22m | td-152-headon-before-after.png[39m[0m
[  81% ] [90m[1mreimport[22m | warmup-coverage.png[39m[0m
[  81% ] [90m[1mreimport[22m | td-150-criterion-1-before.png[39m[0m
[  81% ] [90m[1mreimport[22m | td-150-criterion-1-after.png[39m[0m
[  81% ] [90m[1mreimport[22m | loading-art-v1.png[39m[0m
[  81% ] [90m[1mreimport[22m | td-149-wheel-spin-t2.png[39m[0m
[  81% ] [90m[1mreimport[22m | td-149-criterion-3-before.png[39m[0m
[  81% ] [90m[1mreimport[22m | ref-signs-shotengai.jpg[39m[0m
[  81% ] [90m[1mreimport[22m | ref-signs-downtown.jpg[39m[0m
[  81% ] [90m[1mreimport[22m | ref-gantry.jpg[39m[0m
[  81% ] [90m[1mreimport[22m | mock-tree.png[39m[0m
[  81% ] [90m[1mreimport[22m | mock-tokyo-tower.png[39m[0m
[  81% ] [90m[1mreimport[22m | mock-shotengai_storefront.png[39m[0m
[  81% ] [90m[1mreimport[22m | mock-gantry.png[39m[0m
[  82% ] [90m[1mreimport[22m | mock-downtown_facade.png[39m[0m
[  82% ] [90m[1mreimport[22m | reference_real_2.jpg[39m[0m
[  82% ] [90m[1mreimport[22m | reference_real_1.jpg[39m[0m
[  82% ] [90m[1mreimport[22m | mock-three-quarter.png[39m[0m
[  82% ] [90m[1mreimport[22m | mock-side.png[39m[0m
[  82% ] [90m[1mreimport[22m | mock-rear.png[39m[0m
[  82% ] [90m[1mreimport[22m | mock-front.png[39m[0m
[  82% ] [90m[1mreimport[22m | td-137-criterion-3-before.png[39m[0m
[  82% ] [90m[1mreimport[22m | td-137-criterion-3-after.png[39m[0m
[  82% ] [90m[1mreimport[22m | td-137-criterion-2-before.png[39m[0m
[  82% ] [90m[1mreimport[22m | td-137-criterion-2-after.png[39m[0m
[  82% ] [90m[1mreimport[22m | td-137-criterion-1-before.png[39m[0m
[  82% ] [90m[1mreimport[22m | td-137-criterion-1-after.png[39m[0m
[  83% ] [90m[1mreimport[22m | td-140-pause-triptych.png[39m[0m
[  83% ] [90m[1mreimport[22m | td-140-pause-before-after.png[39m[0m
[  83% ] [90m[1mreimport[22m | td-140-main-menu-triptych.png[39m[0m
[  83% ] [90m[1mreimport[22m | td-140-main-menu-before-after.png[39m[0m
[  83% ] [90m[1mreimport[22m | td-140-lobby-join-triptych.png[39m[0m
[  83% ] [90m[1mreimport[22m | td-140-lobby-join-before-after.png[39m[0m
[  83% ] [90m[1mreimport[22m | td-140-lobby-host-triptych.png[39m[0m
[  83% ] [90m[1mreimport[22m | td-140-lobby-host-before-after.png[39m[0m
[  83% ] [90m[1mreimport[22m | td-140-loading-triptych.png[39m[0m
[  83% ] [90m[1mreimport[22m | td-140-loading-before-after.png[39m[0m
[  83% ] [90m[1mreimport[22m | td-140-hud-triptych.png[39m[0m
[  83% ] [90m[1mreimport[22m | td-140-hud-before-after.png[39m[0m
[  83% ] [90m[1mreimport[22m | td-139-tree-triptych-final.png[39m[0m
[  84% ] [90m[1mreimport[22m | td-139-tower-triptych-final.png[39m[0m
[  84% ] [90m[1mreimport[22m | td-139-signs-shotengai-final.png[39m[0m
[  84% ] [90m[1mreimport[22m | td-139-signs-downtown-final.png[39m[0m
[  84% ] [90m[1mreimport[22m | td-139-gantry-triptych-final.png[39m[0m
[  84% ] [90m[1mreimport[22m | td-139-gantry-side-clearance.png[39m[0m
[  84% ] [90m[1mreimport[22m | ref-tree-night.jpg[39m[0m
[  84% ] [90m[1mreimport[22m | ref-tokyo-tower-night.jpg[39m[0m
[  84% ] [90m[1mreimport[22m | td-111-mock-3q.png[39m[0m
[  84% ] [90m[1mreimport[22m | td-111-c2-before-top.png[39m[0m
[  84% ] [90m[1mreimport[22m | td-111-c2-before-side.png[39m[0m
[  84% ] [90m[1mreimport[22m | td-111-c2-before-rear.png[39m[0m
[  84% ] [90m[1mreimport[22m | td-111-c2-before-rear-three-quarter.png[39m[0m
[  84% ] [90m[1mreimport[22m | td-111-c2-before-front.png[39m[0m
[  85% ] [90m[1mreimport[22m | td-111-c2-before-front-three-quarter.png[39m[0m
[  85% ] [90m[1mreimport[22m | td-111-c2-before-chase.png[39m[0m
[  85% ] [90m[1mreimport[22m | td-111-c2-after-top.png[39m[0m
[  85% ] [90m[1mreimport[22m | td-111-c2-after-top-clay.png[39m[0m
[  85% ] [90m[1mreimport[22m | td-111-c2-after-side.png[39m[0m
[  85% ] [90m[1mreimport[22m | td-111-c2-after-side-clay.png[39m[0m
[  85% ] [90m[1mreimport[22m | td-111-c2-after-rear.png[39m[0m
[  85% ] [90m[1mreimport[22m | td-111-c2-after-rear-three-quarter.png[39m[0m
[  85% ] [90m[1mreimport[22m | td-111-c2-after-rear-three-quarter-clay.png[39m[0m
[  85% ] [90m[1mreimport[22m | td-111-c2-after-rear-clay.png[39m[0m
[  85% ] [90m[1mreimport[22m | td-111-c2-after-front.png[39m[0m
[  85% ] [90m[1mreimport[22m | td-111-c2-after-front-three-quarter.png[39m[0m
[  85% ] [90m[1mreimport[22m | td-111-c2-after-front-three-quarter-clay.png[39m[0m
[  86% ] [90m[1mreimport[22m | td-111-c2-after-front-clay.png[39m[0m
[  86% ] [90m[1mreimport[22m | td-111-c2-after-chase.png[39m[0m
[  86% ] [90m[1mreimport[22m | td-111-c2-after-chase-clay.png[39m[0m
[  86% ] [90m[1mreimport[22m | godot-after-side.png[39m[0m
[  86% ] [90m[1mreimport[22m | godot-after-rear-three-quarter.png[39m[0m
[  86% ] [90m[1mreimport[22m | godot-after-front-three-quarter.png[39m[0m
[  86% ] [90m[1mreimport[22m | tokyo_tower-aaa-compare.png[39m[0m
[  86% ] [90m[1mreimport[22m | street_tree-aaa-compare.png[39m[0m
[  86% ] [90m[1mreimport[22m | street_lamp-aaa-compare.png[39m[0m
[  86% ] [90m[1mreimport[22m | signal_gantry-aaa-compare.png[39m[0m
[  86% ] [90m[1mreimport[22m | shotengai_storefront-aaa-compare.png[39m[0m
[  86% ] [90m[1mreimport[22m | scramble_crossing-aaa-compare.png[39m[0m
[  86% ] [90m[1mreimport[22m | port_crane-aaa-compare.png[39m[0m
[  87% ] [90m[1mreimport[22m | downtown_facade-aaa-compare.png[39m[0m
[  87% ] [90m[1mreimport[22m | bridge_suspension-aaa-compare.png[39m[0m
[  87% ] [90m[1mreimport[22m | local-route-contact-sheet.jpg[39m[0m
[  87% ] [90m[1mreimport[22m | after-top.png[39m[0m
[  87% ] [90m[1mreimport[22m | after-side.png[39m[0m
[  87% ] [90m[1mreimport[22m | after-rear.png[39m[0m
[  87% ] [90m[1mreimport[22m | after-rear-three-quarter.png[39m[0m
[  87% ] [90m[1mreimport[22m | after-front.png[39m[0m
[  87% ] [90m[1mreimport[22m | after-front-three-quarter.png[39m[0m
[  87% ] [90m[1mreimport[22m | after-chase.png[39m[0m
[  87% ] [90m[1mreimport[22m | after-top-clay.png[39m[0m
[  87% ] [90m[1mreimport[22m | after-side-clay.png[39m[0m
[  87% ] [90m[1mreimport[22m | after-rear-three-quarter-clay.png[39m[0m
[  88% ] [90m[1mreimport[22m | after-rear-clay.png[39m[0m
[  88% ] [90m[1mreimport[22m | after-front-three-quarter-clay.png[39m[0m
[  88% ] [90m[1mreimport[22m | after-front-clay.png[39m[0m
[  88% ] [90m[1mreimport[22m | after-chase-clay.png[39m[0m
[  88% ] [90m[1mreimport[22m | td-111-triptych-f3q-iter2.png[39m[0m
[  88% ] [90m[1mreimport[22m | td-109-criterion-2-side-before-clay.png[39m[0m
[  88% ] [90m[1mreimport[22m | td-109-criterion-2-side-after.png[39m[0m
[  88% ] [90m[1mreimport[22m | td-109-criterion-2-side-after-clay.png[39m[0m
[  88% ] [90m[1mreimport[22m | td-109-criterion-2-rear-three-quarter-before.png[39m[0m
[  88% ] [90m[1mreimport[22m | td-109-criterion-2-rear-three-quarter-before-clay.png[39m[0m
[  88% ] [90m[1mreimport[22m | td-109-criterion-2-rear-three-quarter-after.png[39m[0m
[  88% ] [90m[1mreimport[22m | td-109-criterion-2-rear-three-quarter-after-clay.png[39m[0m
[  88% ] [90m[1mreimport[22m | td-109-criterion-2-rear-before.png[39m[0m
[  89% ] [90m[1mreimport[22m | td-109-criterion-2-rear-before-clay.png[39m[0m
[  89% ] [90m[1mreimport[22m | td-109-criterion-2-rear-after.png[39m[0m
[  89% ] [90m[1mreimport[22m | td-109-criterion-2-rear-after-clay.png[39m[0m
[  89% ] [90m[1mreimport[22m | td-109-criterion-2-front-three-quarter-before.png[39m[0m
[  89% ] [90m[1mreimport[22m | td-109-criterion-2-front-three-quarter-before-clay.png[39m[0m
[  89% ] [90m[1mreimport[22m | td-109-criterion-2-front-three-quarter-after.png[39m[0m
[  89% ] [90m[1mreimport[22m | td-109-criterion-2-front-three-quarter-after-clay.png[39m[0m
[  89% ] [90m[1mreimport[22m | td-109-criterion-2-front-before.png[39m[0m
[  89% ] [90m[1mreimport[22m | td-109-criterion-2-front-before-clay.png[39m[0m
[  89% ] [90m[1mreimport[22m | td-109-criterion-2-front-after.png[39m[0m
[  89% ] [90m[1mreimport[22m | td-109-criterion-2-front-after-clay.png[39m[0m
[  89% ] [90m[1mreimport[22m | td-109-criterion-2-chase-before.png[39m[0m
[  89% ] [90m[1mreimport[22m | td-109-criterion-2-chase-before-clay.png[39m[0m
[  90% ] [90m[1mreimport[22m | td-109-criterion-2-chase-after.png[39m[0m
[  90% ] [90m[1mreimport[22m | td-109-criterion-2-chase-after-clay.png[39m[0m
[  90% ] [90m[1mreimport[22m | comparison-material.png[39m[0m
[  90% ] [90m[1mreimport[22m | comparison-clay.png[39m[0m
[  90% ] [90m[1mreimport[22m | td-111-triptych-f3q-iter1.png[39m[0m
[  90% ] [90m[1mreimport[22m | triptych-side.png[39m[0m
[  90% ] [90m[1mreimport[22m | triptych-front34.png[39m[0m
[  90% ] [90m[1mreimport[22m | td-110-criterion-2-side-before.png[39m[0m
[  90% ] [90m[1mreimport[22m | td-110-criterion-2-side-after.png[39m[0m
[  90% ] [90m[1mreimport[22m | td-110-criterion-2-side-after-clay.png[39m[0m
[  90% ] [90m[1mreimport[22m | td-110-criterion-2-rear-three-quarter-before.png[39m[0m
[  90% ] [90m[1mreimport[22m | td-110-criterion-2-rear-three-quarter-after.png[39m[0m
[  90% ] [90m[1mreimport[22m | td-110-criterion-2-rear-three-quarter-after-clay.png[39m[0m
[  90% ] [90m[1mreimport[22m | td-110-criterion-2-rear-before.png[39m[0m
[  91% ] [90m[1mreimport[22m | td-110-criterion-2-rear-after.png[39m[0m
[  91% ] [90m[1mreimport[22m | td-110-criterion-2-rear-after-clay.png[39m[0m
[  91% ] [90m[1mreimport[22m | td-110-criterion-2-front-three-quarter-before.png[39m[0m
[  91% ] [90m[1mreimport[22m | td-110-criterion-2-front-three-quarter-after.png[39m[0m
[  91% ] [90m[1mreimport[22m | td-110-criterion-2-front-three-quarter-after-clay.png[39m[0m
[  91% ] [90m[1mreimport[22m | td-110-criterion-2-front-before.png[39m[0m
[  91% ] [90m[1mreimport[22m | td-110-criterion-2-front-after.png[39m[0m
[  91% ] [90m[1mreimport[22m | td-110-criterion-2-front-after-clay.png[39m[0m
[  91% ] [90m[1mreimport[22m | td-110-criterion-2-chase-before.png[39m[0m
[  91% ] [90m[1mreimport[22m | td-110-criterion-2-chase-after.png[39m[0m
[  91% ] [90m[1mreimport[22m | td-110-criterion-2-chase-after-clay.png[39m[0m
[  91% ] [90m[1mreimport[22m | after-side.png[39m[0m
[  91% ] [90m[1mreimport[22m | td-109-criterion-3-runtime-before.png[39m[0m
[  92% ] [90m[1mreimport[22m | td-109-criterion-3-runtime-after.png[39m[0m
[  92% ] [90m[1mreimport[22m | td-109-criterion-2-side-before.png[39m[0m
[  92% ] [90m[1mreimport[22m | td-119-blueprint.jpg[39m[0m
[  92% ] [90m[1mreimport[22m | td-119-blueprint.svg[39m[0m
[  92% ] [90m[1mreimport[22m | td-119-criterion-2-after.png[39m[0m
[  92% ] [90m[1mreimport[22m | td-119-criterion-2-before.png[39m[0m
[  92% ] [90m[1mreimport[22m | td-119-criterion-3-after.png[39m[0m
[  92% ] [90m[1mreimport[22m | td-119-criterion-3-before.png[39m[0m
[  92% ] [90m[1mreimport[22m | td-119-mock-01-bridge-approach.jpg[39m[0m
[  92% ] [90m[1mreimport[22m | td-119-mock-02-shotengai.jpg[39m[0m
[  92% ] [90m[1mreimport[22m | td-119-mock-03-downtown.jpg[39m[0m
[  92% ] [90m[1mreimport[22m | td-119-mock-04-waterfront.jpg[39m[0m
[  92% ] [90m[1mreimport[22m | td-119-p3-bridge_suspension-preview.png[39m[0m
[  93% ] [90m[1mreimport[22m | td-119-p3-downtown_facade-preview.png[39m[0m
[  93% ] [90m[1mreimport[22m | td-119-p3-port_crane-preview.png[39m[0m
[  93% ] [90m[1mreimport[22m | gas_price_board.glb[39m[0m
[   0% ] [90m[1mimport[22m | Started Import Scene (104 steps)[39m[0m
[   0% ] [90m[1mimport[22m | Importing Scene...[39m[0m
[   1% ] [90m[1mimport[22m | Running Custom Script...[39m[0m
[  99% ] [90m[1mimport[22m | Saving...[39m[0m
[92m[ DONE ][39m [1mimport[22m
[0m
[  93% ] [90m[1mreimport[22m | tube_pedestal.glb[39m[0m
[   0% ] [90m[1mimport[22m | Started Import Scene (104 steps)[39m[0m
[   0% ] [90m[1mimport[22m | Importing Scene...[39m[0m
[   1% ] [90m[1mimport[22m | Running Custom Script...[39m[0m
[  99% ] [90m[1mimport[22m | Saving...[39m[0m
[92m[ DONE ][39m [1mimport[22m
[0m
[  93% ] [90m[1mreimport[22m | bridge_suspension.glb[39m[0m
[   0% ] [90m[1mimport[22m | Started Import Scene (104 steps)[39m[0m
[   0% ] [90m[1mimport[22m | Importing Scene...[39m[0m
[   1% ] [90m[1mimport[22m | Running Custom Script...[39m[0m
[  99% ] [90m[1mimport[22m | Saving...[39m[0m
[92m[ DONE ][39m [1mimport[22m
[0m
[  93% ] [90m[1mreimport[22m | tally_aframe.glb[39m[0m
[   0% ] [90m[1mimport[22m | Started Import Scene (104 steps)[39m[0m
[   0% ] [90m[1mimport[22m | Importing Scene...[39m[0m
[   1% ] [90m[1mimport[22m | Running Custom Script...[39m[0m
[  99% ] [90m[1mimport[22m | Saving...[39m[0m
[92m[ DONE ][39m [1mimport[22m
[0m
[  93% ] [90m[1mreimport[22m | bus.glb[39m[0m
[   0% ] [90m[1mimport[22m | Started Import Scene (104 steps)[39m[0m
[   0% ] [90m[1mimport[22m | Importing Scene...[39m[0m
[   1% ] [90m[1mimport[22m | Running Custom Script...[39m[0m
[  99% ] [90m[1mimport[22m | Saving...[39m[0m
[92m[ DONE ][39m [1mimport[22m
[0m
[  93% ] [90m[1mreimport[22m | port_crane.glb[39m[0m
[   0% ] [90m[1mimport[22m | Started Import Scene (104 steps)[39m[0m
[   0% ] [90m[1mimport[22m | Importing Scene...[39m[0m
[   1% ] [90m[1mimport[22m | Running Custom Script...[39m[0m
[  99% ] [90m[1mimport[22m | Saving...[39m[0m
[92m[ DONE ][39m [1mimport[22m
[0m
[  93% ] [90m[1mreimport[22m | sol88_tower.glb[39m[0m
[   0% ] [90m[1mimport[22m | Started Import Scene (104 steps)[39m[0m
[   0% ] [90m[1mimport[22m | Importing Scene...[39m[0m
[   1% ] [90m[1mimport[22m | Running Custom Script...[39m[0m
[  99% ] [90m[1mimport[22m | Saving...[39m[0m
[92m[ DONE ][39m [1mimport[22m
[0m
[  93% ] [90m[1mreimport[22m | signal_gantry.glb[39m[0m
[   0% ] [90m[1mimport[22m | Started Import Scene (104 steps)[39m[0m
[   0% ] [90m[1mimport[22m | Importing Scene...[39m[0m
[   1% ] [90m[1mimport[22m | Running Custom Script...[39m[0m
[  99% ] [90m[1mimport[22m | Saving...[39m[0m
[92m[ DONE ][39m [1mimport[22m
[0m
[  93% ] [90m[1mreimport[22m | slag_windrow.glb[39m[0m
[   0% ] [90m[1mimport[22m | Started Import Scene (104 steps)[39m[0m
[   0% ] [90m[1mimport[22m | Importing Scene...[39m[0m
[   1% ] [90m[1mimport[22m | Running Custom Script...[39m[0m
[  99% ] [90m[1mimport[22m | Saving...[39m[0m
[92m[ DONE ][39m [1mimport[22m
[0m
[  93% ] [90m[1mreimport[22m | kei_trike.glb[39m[0m
[   0% ] [90m[1mimport[22m | Started Import Scene (104 steps)[39m[0m
[   0% ] [90m[1mimport[22m | Importing Scene...[39m[0m
[   1% ] [90m[1mimport[22m | Running Custom Script...[39m[0m
[  99% ] [90m[1mimport[22m | Saving...[39m[0m
[92m[ DONE ][39m [1mimport[22m
[0m
[  93% ] [90m[1mreimport[22m | lead_drums.glb[39m[0m
[   0% ] [90m[1mimport[22m | Started Import Scene (104 steps)[39m[0m
[   0% ] [90m[1mimport[22m | Importing Scene...[39m[0m
[   1% ] [90m[1mimport[22m | Running Custom Script...[39m[0m
[  99% ] [90m[1mimport[22m | Saving...[39m[0m
[92m[ DONE ][39m [1mimport[22m
[0m
[  94% ] [90m[1mreimport[22m | street_lamp.glb[39m[0m
[   0% ] [90m[1mimport[22m | Started Import Scene (104 steps)[39m[0m
[   0% ] [90m[1mimport[22m | Importing Scene...[39m[0m
[   1% ] [90m[1mimport[22m | Running Custom Script...[39m[0m
[  99% ] [90m[1mimport[22m | Saving...[39m[0m
[92m[ DONE ][39m [1mimport[22m
[0m
[  94% ] [90m[1mreimport[22m | hawser_pallets.glb[39m[0m
[   0% ] [90m[1mimport[22m | Started Import Scene (104 steps)[39m[0m
[   0% ] [90m[1mimport[22m | Importing Scene...[39m[0m
[   1% ] [90m[1mimport[22m | Running Custom Script...[39m[0m
[  99% ] [90m[1mimport[22m | Saving...[39m[0m
[92m[ DONE ][39m [1mimport[22m
[0m
[  94% ] [90m[1mreimport[22m | street_tree.glb[39m[0m
[   0% ] [90m[1mimport[22m | Started Import Scene (104 steps)[39m[0m
[   0% ] [90m[1mimport[22m | Importing Scene...[39m[0m
[   1% ] [90m[1mimport[22m | Running Custom Script...[39m[0m
[  99% ] [90m[1mimport[22m | Saving...[39m[0m
[92m[ DONE ][39m [1mimport[22m
[0m
[  94% ] [90m[1mreimport[22m | hand_trucks.glb[39m[0m
[   0% ] [90m[1mimport[22m | Started Import Scene (104 steps)[39m[0m
[   0% ] [90m[1mimport[22m | Importing Scene...[39m[0m
[   1% ] [90m[1mimport[22m | Running Custom Script...[39m[0m
[  99% ] [90m[1mimport[22m | Saving...[39m[0m
[92m[ DONE ][39m [1mimport[22m
[0m
[  94% ] [90m[1mreimport[22m | kei_truck.glb[39m[0m
[   0% ] [90m[1mimport[22m | Started Import Scene (104 steps)[39m[0m
[   0% ] [90m[1mimport[22m | Importing Scene...[39m[0m
[   1% ] [90m[1mimport[22m | Running Custom Script...[39m[0m
[  99% ] [90m[1mimport[22m | Saving...[39m[0m
[92m[ DONE ][39m [1mimport[22m
[0m
[  94% ] [90m[1mreimport[22m | fish_crates.glb[39m[0m
[   0% ] [90m[1mimport[22m | Started Import Scene (104 steps)[39m[0m
[   0% ] [90m[1mimport[22m | Importing Scene...[39m[0m
[   1% ] [90m[1mimport[22m | Running Custom Script...[39m[0m
[  99% ] [90m[1mimport[22m | Saving...[39m[0m
[92m[ DONE ][39m [1mimport[22m
[0m
[  94% ] [90m[1mreimport[22m | jizo_hokora.glb[39m[0m
[   0% ] [90m[1mimport[22m | Started Import Scene (104 steps)[39m[0m
[   0% ] [90m[1mimport[22m | Importing Scene...[39m[0m
[   1% ] [90m[1mimport[22m | Running Custom Script...[39m[0m
[  99% ] [90m[1mimport[22m | Saving...[39m[0m
[92m[ DONE ][39m [1mimport[22m
[0m
[  94% ] [90m[1mreimport[22m | jizo_shed.glb[39m[0m
[   0% ] [90m[1mimport[22m | Started Import Scene (104 steps)[39m[0m
[   0% ] [90m[1mimport[22m | Importing Scene...[39m[0m
[   1% ] [90m[1mimport[22m | Running Custom Script...[39m[0m
[  99% ] [90m[1mimport[22m | Saving...[39m[0m
[92m[ DONE ][39m [1mimport[22m
[0m
[  94% ] [90m[1mreimport[22m | drum_stove.glb[39m[0m
[   0% ] [90m[1mimport[22m | Started Import Scene (104 steps)[39m[0m
[   0% ] [90m[1mimport[22m | Importing Scene...[39m[0m
[   1% ] [90m[1mimport[22m | Running Custom Script...[39m[0m
[  99% ] [90m[1mimport[22m | Saving...[39m[0m
[92m[ DONE ][39m [1mimport[22m
[0m
[  94% ] [90m[1mreimport[22m | kei_van.glb[39m[0m
[   0% ] [90m[1mimport[22m | Started Import Scene (104 steps)[39m[0m
[   0% ] [90m[1mimport[22m | Importing Scene...[39m[0m
[   1% ] [90m[1mimport[22m | Running Custom Script...[39m[0m
[  99% ] [90m[1mimport[22m | Saving...[39m[0m
[92m[ DONE ][39m [1mimport[22m
[0m
[  94% ] [90m[1mreimport[22m | drum_barrier.glb[39m[0m
[   0% ] [90m[1mimport[22m | Started Import Scene (104 steps)[39m[0m
[   0% ] [90m[1mimport[22m | Importing Scene...[39m[0m
[   1% ] [90m[1mimport[22m | Running Custom Script...[39m[0m
[  99% ] [90m[1mimport[22m | Saving...[39m[0m
[92m[ DONE ][39m [1mimport[22m
[0m
[  94% ] [90m[1mreimport[22m | gas_pump_island.glb[39m[0m
[   0% ] [90m[1mimport[22m | Started Import Scene (104 steps)[39m[0m
[   0% ] [90m[1mimport[22m | Importing Scene...[39m[0m
[   1% ] [90m[1mimport[22m | Running Custom Script...[39m[0m
[  99% ] [90m[1mimport[22m | Saving...[39m[0m
[92m[ DONE ][39m [1mimport[22m
[0m
[  94% ] [90m[1mreimport[22m | sakaya.glb[39m[0m
[   0% ] [90m[1mimport[22m | Started Import Scene (104 steps)[39m[0m
[   0% ] [90m[1mimport[22m | Importing Scene...[39m[0m
[   1% ] [90m[1mimport[22m | Running Custom Script...[39m[0m
[  99% ] [90m[1mimport[22m | Saving...[39m[0m
[92m[ DONE ][39m [1mimport[22m
[0m
[  95% ] [90m[1mreimport[22m | gas_pump_red.glb[39m[0m
[   0% ] [90m[1mimport[22m | Started Import Scene (104 steps)[39m[0m
[   0% ] [90m[1mimport[22m | Importing Scene...[39m[0m
[   1% ] [90m[1mimport[22m | Running Custom Script...[39m[0m
[  99% ] [90m[1mimport[22m | Saving...[39m[0m
[92m[ DONE ][39m [1mimport[22m
[0m
[  95% ] [90m[1mreimport[22m | sengyo_stall.glb[39m[0m
[   0% ] [90m[1mimport[22m | Started Import Scene (104 steps)[39m[0m
[   0% ] [90m[1mimport[22m | Importing Scene...[39m[0m
[   1% ] [90m[1mimport[22m | Running Custom Script...[39m[0m
[  99% ] [90m[1mimport[22m | Saving...[39m[0m
[92m[ DONE ][39m [1mimport[22m
[0m
[  95% ] [90m[1mreimport[22m | ramen_window.glb[39m[0m
[   0% ] [90m[1mimport[22m | Started Import Scene (104 steps)[39m[0m
[   0% ] [90m[1mimport[22m | Importing Scene...[39m[0m
[   1% ] [90m[1mimport[22m | Running Custom Script...[39m[0m
[  99% ] [90m[1mimport[22m | Saving...[39m[0m
[92m[ DONE ][39m [1mimport[22m
[0m
[  95% ] [90m[1mreimport[22m | jnr-canopy-edge.glb[39m[0m
[   0% ] [90m[1mimport[22m | Started Import Scene (104 steps)[39m[0m
[   0% ] [90m[1mimport[22m | Importing Scene...[39m[0m
[   1% ] [90m[1mimport[22m | Running Custom Script...[39m[0m
[  99% ] [90m[1mimport[22m | Saving...[39m[0m
[92m[ DONE ][39m [1mimport[22m
[0m
[  95% ] [90m[1mreimport[22m | jnr-country-halt.glb[39m[0m
[   0% ] [90m[1mimport[22m | Started Import Scene (104 steps)[39m[0m
[   0% ] [90m[1mimport[22m | Importing Scene...[39m[0m
[   1% ] [90m[1mimport[22m | Running Custom Script...[39m[0m
[  99% ] [90m[1mimport[22m | Saving...[39m[0m
[92m[ DONE ][39m [1mimport[22m
[0m
[  95% ] [90m[1mreimport[22m | pachinko_front.glb[39m[0m
[   0% ] [90m[1mimport[22m | Started Import Scene (104 steps)[39m[0m
[   0% ] [90m[1mimport[22m | Importing Scene...[39m[0m
[   1% ] [90m[1mimport[22m | Running Custom Script...[39m[0m
[  99% ] [90m[1mimport[22m | Saving...[39m[0m
[92m[ DONE ][39m [1mimport[22m
[0m
[  95% ] [90m[1mreimport[22m | tabako_kiosk.glb[39m[0m
[   0% ] [90m[1mimport[22m | Started Import Scene (104 steps)[39m[0m
[   0% ] [90m[1mimport[22m | Importing Scene...[39m[0m
[   1% ] [90m[1mimport[22m | Running Custom Script...[39m[0m
[  99% ] [90m[1mimport[22m | Saving...[39m[0m
[92m[ DONE ][39m [1mimport[22m
[0m
[  95% ] [90m[1mreimport[22m | street_tree_ginkgo.glb[39m[0m
[   0% ] [90m[1mimport[22m | Started Import Scene (104 steps)[39m[0m
[   0% ] [90m[1mimport[22m | Importing Scene...[39m[0m
[   1% ] [90m[1mimport[22m | Running Custom Script...[39m[0m
[  99% ] [90m[1mimport[22m | Saving...[39m[0m
[92m[ DONE ][39m [1mimport[22m
[0m
[  95% ] [90m[1mreimport[22m | street_tree_plane.glb[39m[0m
[   0% ] [90m[1mimport[22m | Started Import Scene (104 steps)[39m[0m
[   0% ] [90m[1mimport[22m | Importing Scene...[39m[0m
[   1% ] [90m[1mimport[22m | Running Custom Script...[39m[0m
[  99% ] [90m[1mimport[22m | Saving...[39m[0m
[92m[ DONE ][39m [1mimport[22m
[0m
[  95% ] [90m[1mreimport[22m | street_tree_zelkova.glb[39m[0m
[   0% ] [90m[1mimport[22m | Started Import Scene (104 steps)[39m[0m
[   0% ] [90m[1mimport[22m | Importing Scene...[39m[0m
[   1% ] [90m[1mimport[22m | Running Custom Script...[39m[0m
[  99% ] [90m[1mimport[22m | Saving...[39m[0m
[92m[ DONE ][39m [1mimport[22m
[0m
[  95% ] [90m[1mreimport[22m | jnr-platform-sign.glb[39m[0m
[   0% ] [90m[1mimport[22m | Started Import Scene (104 steps)[39m[0m
[   0% ] [90m[1mimport[22m | Importing Scene...[39m[0m
[   1% ] [90m[1mimport[22m | Running Custom Script...[39m[0m
[  99% ] [90m[1mimport[22m | Saving...[39m[0m
[92m[ DONE ][39m [1mimport[22m
[0m
[  95% ] [90m[1mreimport[22m | kissaten.glb[39m[0m
[   0% ] [90m[1mimport[22m | Started Import Scene (104 steps)[39m[0m
[   0% ] [90m[1mimport[22m | Importing Scene...[39m[0m
[   1% ] [90m[1mimport[22m | Running Custom Script...[39m[0m
[  99% ] [90m[1mimport[22m | Saving...[39m[0m
[92m[ DONE ][39m [1mimport[22m
[0m
[  95% ] [90m[1mreimport[22m | jnr-station-board.glb[39m[0m
[   0% ] [90m[1mimport[22m | Started Import Scene (104 steps)[39m[0m
[   0% ] [90m[1mimport[22m | Importing Scene...[39m[0m
[   1% ] [90m[1mimport[22m | Running Custom Script...[39m[0m
[  99% ] [90m[1mimport[22m | Saving...[39m[0m
[92m[ DONE ][39m [1mimport[22m
[0m
[  96% ] [90m[1mreimport[22m | yakkyoku.glb[39m[0m
[   0% ] [90m[1mimport[22m | Started Import Scene (104 steps)[39m[0m
[   0% ] [90m[1mimport[22m | Importing Scene...[39m[0m
[   1% ] [90m[1mimport[22m | Running Custom Script...[39m[0m
[  99% ] [90m[1mimport[22m | Saving...[39m[0m
[92m[ DONE ][39m [1mimport[22m
[0m
[  96% ] [90m[1mreimport[22m | izakaya.glb[39m[0m
[   0% ] [90m[1mimport[22m | Started Import Scene (104 steps)[39m[0m
[   0% ] [90m[1mimport[22m | Importing Scene...[39m[0m
[   1% ] [90m[1mimport[22m | Running Custom Script...[39m[0m
[  99% ] [90m[1mimport[22m | Saving...[39m[0m
[92m[ DONE ][39m [1mimport[22m
[0m
[  96% ] [90m[1mreimport[22m | jnr-ticket-gate.glb[39m[0m
[   0% ] [90m[1mimport[22m | Started Import Scene (104 steps)[39m[0m
[   0% ] [90m[1mimport[22m | Importing Scene...[39m[0m
[   1% ] [90m[1mimport[22m | Running Custom Script...[39m[0m
[  99% ] [90m[1mimport[22m | Saving...[39m[0m
[92m[ DONE ][39m [1mimport[22m
[0m
[  96% ] [90m[1mreimport[22m | velvet_rope.glb[39m[0m
[   0% ] [90m[1mimport[22m | Started Import Scene (104 steps)[39m[0m
[   0% ] [90m[1mimport[22m | Importing Scene...[39m[0m
[   1% ] [90m[1mimport[22m | Running Custom Script...[39m[0m
[  99% ] [90m[1mimport[22m | Saving...[39m[0m
[92m[ DONE ][39m [1mimport[22m
[0m
[  96% ] [90m[1mreimport[22m | gas_pump_blue.glb[39m[0m
[   0% ] [90m[1mimport[22m | Started Import Scene (104 steps)[39m[0m
[   0% ] [90m[1mimport[22m | Importing Scene...[39m[0m
[   1% ] [90m[1mimport[22m | Running Custom Script...[39m[0m
[  99% ] [90m[1mimport[22m | Saving...[39m[0m
[92m[ DONE ][39m [1mimport[22m
[0m
[  96% ] [90m[1mreimport[22m | tyre_wall.glb[39m[0m
[   0% ] [90m[1mimport[22m | Started Import Scene (104 steps)[39m[0m
[   0% ] [90m[1mimport[22m | Importing Scene...[39m[0m
[   1% ] [90m[1mimport[22m | Running Custom Script...[39m[0m
[  99% ] [90m[1mimport[22m | Saving...[39m[0m
[92m[ DONE ][39m [1mimport[22m
[0m
[  96% ] [90m[1mreimport[22m | box_truck.glb[39m[0m
[   0% ] [90m[1mimport[22m | Started Import Scene (104 steps)[39m[0m
[   0% ] [90m[1mimport[22m | Importing Scene...[39m[0m
[   1% ] [90m[1mimport[22m | Running Custom Script...[39m[0m
[  99% ] [90m[1mimport[22m | Saving...[39m[0m
[92m[ DONE ][39m [1mimport[22m
[0m
[  96% ] [90m[1mreimport[22m | fixture_character.fbx[39m[0m
[   0% ] [90m[1mimport[22m | Started Import Scene (104 steps)[39m[0m
[   0% ] [90m[1mimport[22m | Importing Scene...[39m[0m
[   1% ] [90m[1mimport[22m | Running Custom Script...[39m[0m
[  99% ] [90m[1mimport[22m | Saving...[39m[0m
[92m[ DONE ][39m [1mimport[22m
[0m
[  96% ] [90m[1mreimport[22m | att_transformer.glb[39m[0m
[   0% ] [90m[1mimport[22m | Started Import Scene (104 steps)[39m[0m
[   0% ] [90m[1mimport[22m | Importing Scene...[39m[0m
[   1% ] [90m[1mimport[22m | Running Custom Script...[39m[0m
[  99% ] [90m[1mimport[22m | Saving...[39m[0m
[92m[ DONE ][39m [1mimport[22m
[0m
[  96% ] [90m[1mreimport[22m | pole_bare.glb[39m[0m
[   0% ] [90m[1mimport[22m | Started Import Scene (104 steps)[39m[0m
[   0% ] [90m[1mimport[22m | Importing Scene...[39m[0m
[   1% ] [90m[1mimport[22m | Running Custom Script...[39m[0m
[  99% ] [90m[1mimport[22m | Saving...[39m[0m
[92m[ DONE ][39m [1mimport[22m
[0m
[  96% ] [90m[1mreimport[22m | tenjin_slab.glb[39m[0m
[   0% ] [90m[1mimport[22m | Started Import Scene (104 steps)[39m[0m
[   0% ] [90m[1mimport[22m | Importing Scene...[39m[0m
[   1% ] [90m[1mimport[22m | Running Custom Script...[39m[0m
[  99% ] [90m[1mimport[22m | Saving...[39m[0m
[92m[ DONE ][39m [1mimport[22m
[0m
[  96% ] [90m[1mreimport[22m | pole_corner.glb[39m[0m
[   0% ] [90m[1mimport[22m | Started Import Scene (104 steps)[39m[0m
[   0% ] [90m[1mimport[22m | Importing Scene...[39m[0m
[   1% ] [90m[1mimport[22m | Running Custom Script...[39m[0m
[  99% ] [90m[1mimport[22m | Saving...[39m[0m
[92m[ DONE ][39m [1mimport[22m
[0m
[  96% ] [90m[1mreimport[22m | pole_streetlight.glb[39m[0m
[   0% ] [90m[1mimport[22m | Started Import Scene (104 steps)[39m[0m
[   0% ] [90m[1mimport[22m | Importing Scene...[39m[0m
[   1% ] [90m[1mimport[22m | Running Custom Script...[39m[0m
[  99% ] [90m[1mimport[22m | Saving...[39m[0m
[92m[ DONE ][39m [1mimport[22m
[0m
[  97% ] [90m[1mreimport[22m | kotobuki_bay.glb[39m[0m
[   0% ] [90m[1mimport[22m | Started Import Scene (104 steps)[39m[0m
[   0% ] [90m[1mimport[22m | Importing Scene...[39m[0m
[   1% ] [90m[1mimport[22m | Running Custom Script...[39m[0m
[  99% ] [90m[1mimport[22m | Saving...[39m[0m
[92m[ DONE ][39m [1mimport[22m
[0m
[  97% ] [90m[1mreimport[22m | pole_transformer.glb[39m[0m
[   0% ] [90m[1mimport[22m | Started Import Scene (104 steps)[39m[0m
[   0% ] [90m[1mimport[22m | Importing Scene...[39m[0m
[   1% ] [90m[1mimport[22m | Running Custom Script...[39m[0m
[  99% ] [90m[1mimport[22m | Saving...[39m[0m
[92m[ DONE ][39m [1mimport[22m
[0m
[  97% ] [90m[1mreimport[22m | gas_aframe_sign.glb[39m[0m
[   0% ] [90m[1mimport[22m | Started Import Scene (104 steps)[39m[0m
[   0% ] [90m[1mimport[22m | Importing Scene...[39m[0m
[   1% ] [90m[1mimport[22m | Running Custom Script...[39m[0m
[  99% ] [90m[1mimport[22m | Saving...[39m[0m
[92m[ DONE ][39m [1mimport[22m
[0m
[  97% ] [90m[1mreimport[22m | kamome_hall.glb[39m[0m
[   0% ] [90m[1mimport[22m | Started Import Scene (104 steps)[39m[0m
[   0% ] [90m[1mimport[22m | Importing Scene...[39m[0m
[   1% ] [90m[1mimport[22m | Running Custom Script...[39m[0m
[  99% ] [90m[1mimport[22m | Saving...[39m[0m
[92m[ DONE ][39m [1mimport[22m
[0m
[  97% ] [90m[1mreimport[22m | gas_canopy_fascia_blue.glb[39m[0m
[   0% ] [90m[1mimport[22m | Started Import Scene (104 steps)[39m[0m
[   0% ] [90m[1mimport[22m | Importing Scene...[39m[0m
[   1% ] [90m[1mimport[22m | Running Custom Script...[39m[0m
[  99% ] [90m[1mimport[22m | Saving...[39m[0m
[92m[ DONE ][39m [1mimport[22m
[0m
[  97% ] [90m[1mreimport[22m | gas_canopy_fascia_red.glb[39m[0m
[   0% ] [90m[1mimport[22m | Started Import Scene (104 steps)[39m[0m
[   0% ] [90m[1mimport[22m | Importing Scene...[39m[0m
[   1% ] [90m[1mimport[22m | Running Custom Script...[39m[0m
[  99% ] [90m[1mimport[22m | Saving...[39m[0m
[92m[ DONE ][39m [1mimport[22m
[0m
[  97% ] [90m[1mreimport[22m | depots_goods_shed.glb[39m[0m
[   0% ] [90m[1mimport[22m | Started Import Scene (104 steps)[39m[0m
[   0% ] [90m[1mimport[22m | Importing Scene...[39m[0m
[   1% ] [90m[1mimport[22m | Running Custom Script...[39m[0m
[  99% ] [90m[1mimport[22m | Saving...[39m[0m
[92m[ DONE ][39m [1mimport[22m
[0m
[  97% ] [90m[1mreimport[22m | gas_canopy_roof.glb[39m[0m
[   0% ] [90m[1mimport[22m | Started Import Scene (104 steps)[39m[0m
[   0% ] [90m[1mimport[22m | Importing Scene...[39m[0m
[   1% ] [90m[1mimport[22m | Running Custom Script...[39m[0m
[  99% ] [90m[1mimport[22m | Saving...[39m[0m
[92m[ DONE ][39m [1mimport[22m
[0m
[  97% ] [90m[1mreimport[22m | gas_column.glb[39m[0m
[   0% ] [90m[1mimport[22m | Started Import Scene (104 steps)[39m[0m
[   0% ] [90m[1mimport[22m | Importing Scene...[39m[0m
[   1% ] [90m[1mimport[22m | Running Custom Script...[39m[0m
[  99% ] [90m[1mimport[22m | Saving...[39m[0m
[92m[ DONE ][39m [1mimport[22m
[0m
[  97% ] [90m[1mreimport[22m | daikoku_tally_office.glb[39m[0m
[   0% ] [90m[1mimport[22m | Started Import Scene (104 steps)[39m[0m
[   0% ] [90m[1mimport[22m | Importing Scene...[39m[0m
[   1% ] [90m[1mimport[22m | Running Custom Script...[39m[0m
[  99% ] [90m[1mimport[22m | Saving...[39m[0m
[92m[ DONE ][39m [1mimport[22m
[0m
[  97% ] [90m[1mreimport[22m | gas_enamel_plate_blue.glb[39m[0m
[   0% ] [90m[1mimport[22m | Started Import Scene (104 steps)[39m[0m
[   0% ] [90m[1mimport[22m | Importing Scene...[39m[0m
[   1% ] [90m[1mimport[22m | Running Custom Script...[39m[0m
[  99% ] [90m[1mimport[22m | Saving...[39m[0m
[92m[ DONE ][39m [1mimport[22m
[0m
[  97% ] [90m[1mreimport[22m | daikoku_container_20ft_rust.glb[39m[0m
[   0% ] [90m[1mimport[22m | Started Import Scene (104 steps)[39m[0m
[   0% ] [90m[1mimport[22m | Importing Scene...[39m[0m
[   1% ] [90m[1mimport[22m | Running Custom Script...[39m[0m
[  99% ] [90m[1mimport[22m | Saving...[39m[0m
[92m[ DONE ][39m [1mimport[22m
[0m
[  97% ] [90m[1mreimport[22m | gas_enamel_plate_red.glb[39m[0m
[   0% ] [90m[1mimport[22m | Started Import Scene (104 steps)[39m[0m
[   0% ] [90m[1mimport[22m | Importing Scene...[39m[0m
[   1% ] [90m[1mimport[22m | Running Custom Script...[39m[0m
[  99% ] [90m[1mimport[22m | Saving...[39m[0m
[92m[ DONE ][39m [1mimport[22m
[0m
[  98% ] [90m[1mreimport[22m | daikoku_container_20ft_primer.glb[39m[0m
[   0% ] [90m[1mimport[22m | Started Import Scene (104 steps)[39m[0m
[   0% ] [90m[1mimport[22m | Importing Scene...[39m[0m
[   1% ] [90m[1mimport[22m | Running Custom Script...[39m[0m
[  99% ] [90m[1mimport[22m | Saving...[39m[0m
[92m[ DONE ][39m [1mimport[22m
[0m
[  98% ] [90m[1mreimport[22m | gas_forecourt_pad.glb[39m[0m
[   0% ] [90m[1mimport[22m | Started Import Scene (104 steps)[39m[0m
[   0% ] [90m[1mimport[22m | Importing Scene...[39m[0m
[   1% ] [90m[1mimport[22m | Running Custom Script...[39m[0m
[  99% ] [90m[1mimport[22m | Saving...[39m[0m
[92m[ DONE ][39m [1mimport[22m
[0m
[  98% ] [90m[1mreimport[22m | daikoku_container_20ft_beige.glb[39m[0m
[   0% ] [90m[1mimport[22m | Started Import Scene (104 steps)[39m[0m
[   0% ] [90m[1mimport[22m | Importing Scene...[39m[0m
[   1% ] [90m[1mimport[22m | Running Custom Script...[39m[0m
[  99% ] [90m[1mimport[22m | Saving...[39m[0m
[92m[ DONE ][39m [1mimport[22m
[0m
[  98% ] [90m[1mreimport[22m | koban_brick.glb[39m[0m
[   0% ] [90m[1mimport[22m | Started Import Scene (104 steps)[39m[0m
[   0% ] [90m[1mimport[22m | Importing Scene...[39m[0m
[   1% ] [90m[1mimport[22m | Running Custom Script...[39m[0m
[  99% ] [90m[1mimport[22m | Saving...[39m[0m
[92m[ DONE ][39m [1mimport[22m
[0m
[  98% ] [90m[1mreimport[22m | curve_mirror.glb[39m[0m
[   0% ] [90m[1mimport[22m | Started Import Scene (104 steps)[39m[0m
[   0% ] [90m[1mimport[22m | Importing Scene...[39m[0m
[   1% ] [90m[1mimport[22m | Running Custom Script...[39m[0m
[  99% ] [90m[1mimport[22m | Saving...[39m[0m
[92m[ DONE ][39m [1mimport[22m
[0m
[  98% ] [90m[1mreimport[22m | koban_concrete.glb[39m[0m
[   0% ] [90m[1mimport[22m | Started Import Scene (104 steps)[39m[0m
[   0% ] [90m[1mimport[22m | Importing Scene...[39m[0m
[   1% ] [90m[1mimport[22m | Running Custom Script...[39m[0m
[  99% ] [90m[1mimport[22m | Saving...[39m[0m
[92m[ DONE ][39m [1mimport[22m
[0m
[  98% ] [90m[1mreimport[22m | canister_pyramid.glb[39m[0m
[   0% ] [90m[1mimport[22m | Started Import Scene (104 steps)[39m[0m
[   0% ] [90m[1mimport[22m | Importing Scene...[39m[0m
[   1% ] [90m[1mimport[22m | Running Custom Script...[39m[0m
[  99% ] [90m[1mimport[22m | Saving...[39m[0m
[92m[ DONE ][39m [1mimport[22m
[0m
[  98% ] [90m[1mreimport[22m | sedan.glb[39m[0m
[   0% ] [90m[1mimport[22m | Started Import Scene (104 steps)[39m[0m
[   0% ] [90m[1mimport[22m | Importing Scene...[39m[0m
[   1% ] [90m[1mimport[22m | Running Custom Script...[39m[0m
[  99% ] [90m[1mimport[22m | Saving...[39m[0m
[92m[ DONE ][39m [1mimport[22m
[0m
[  98% ] [90m[1mreimport[22m | sento.glb[39m[0m
[   0% ] [90m[1mimport[22m | Started Import Scene (104 steps)[39m[0m
[   0% ] [90m[1mimport[22m | Importing Scene...[39m[0m
[   1% ] [90m[1mimport[22m | Running Custom Script...[39m[0m
[  99% ] [90m[1mimport[22m | Saving...[39m[0m
[92m[ DONE ][39m [1mimport[22m
[0m
[  98% ] [90m[1mreimport[22m | beacon_pylon.glb[39m[0m
[   0% ] [90m[1mimport[22m | Started Import Scene (104 steps)[39m[0m
[   0% ] [90m[1mimport[22m | Importing Scene...[39m[0m
[   1% ] [90m[1mimport[22m | Running Custom Script...[39m[0m
[  99% ] [90m[1mimport[22m | Saving...[39m[0m
[92m[ DONE ][39m [1mimport[22m
[0m
[  98% ] [90m[1mreimport[22m | chidori_terrace.glb[39m[0m
[   0% ] [90m[1mimport[22m | Started Import Scene (104 steps)[39m[0m
[   0% ] [90m[1mimport[22m | Importing Scene...[39m[0m
[   1% ] [90m[1mimport[22m | Running Custom Script...[39m[0m
[  99% ] [90m[1mimport[22m | Saving...[39m[0m
[92m[ DONE ][39m [1mimport[22m
[0m
[  98% ] [90m[1mreimport[22m | airlance_boom.glb[39m[0m
[   0% ] [90m[1mimport[22m | Started Import Scene (104 steps)[39m[0m
[   0% ] [90m[1mimport[22m | Importing Scene...[39m[0m
[   1% ] [90m[1mimport[22m | Running Custom Script...[39m[0m
[  99% ] [90m[1mimport[22m | Saving...[39m[0m
[92m[ DONE ][39m [1mimport[22m
[0m
[  98% ] [90m[1mreimport[22m | taxi.glb[39m[0m
[   0% ] [90m[1mimport[22m | Started Import Scene (104 steps)[39m[0m
[   0% ] [90m[1mimport[22m | Importing Scene...[39m[0m
[   1% ] [90m[1mimport[22m | Running Custom Script...[39m[0m
[  99% ] [90m[1mimport[22m | Saving...[39m[0m
[92m[ DONE ][39m [1mimport[22m
[0m
[  99% ] [90m[1mreimport[22m | gas_kiosk.glb[39m[0m
[   0% ] [90m[1mimport[22m | Started Import Scene (104 steps)[39m[0m
[   0% ] [90m[1mimport[22m | Importing Scene...[39m[0m
[   1% ] [90m[1mimport[22m | Running Custom Script...[39m[0m
[  99% ] [90m[1mimport[22m | Saving...[39m[0m
[92m[ DONE ][39m [1mimport[22m
[0m
[  99% ] [90m[1mreimport[22m | ped_vendor.glb[39m[0m
[   0% ] [90m[1mimport[22m | Started Import Scene (104 steps)[39m[0m
[   0% ] [90m[1mimport[22m | Importing Scene...[39m[0m
[   1% ] [90m[1mimport[22m | Running Custom Script...[39m[0m
[  99% ] [90m[1mimport[22m | Saving...[39m[0m
[92m[ DONE ][39m [1mimport[22m
[0m
[  99% ] [90m[1mreimport[22m | gas_hose_boom.glb[39m[0m
[   0% ] [90m[1mimport[22m | Started Import Scene (104 steps)[39m[0m
[   0% ] [90m[1mimport[22m | Importing Scene...[39m[0m
[   1% ] [90m[1mimport[22m | Running Custom Script...[39m[0m
[  99% ] [90m[1mimport[22m | Saving...[39m[0m
[92m[ DONE ][39m [1mimport[22m
[0m
[  99% ] [90m[1mreimport[22m | att_crossarm_tier.glb[39m[0m
[   0% ] [90m[1mimport[22m | Started Import Scene (104 steps)[39m[0m
[   0% ] [90m[1mimport[22m | Importing Scene...[39m[0m
[   1% ] [90m[1mimport[22m | Running Custom Script...[39m[0m
[  99% ] [90m[1mimport[22m | Saving...[39m[0m
[92m[ DONE ][39m [1mimport[22m
[0m
[  99% ] [90m[1mreimport[22m | ped_suited_worker.glb[39m[0m
[   0% ] [90m[1mimport[22m | Started Import Scene (104 steps)[39m[0m
[   0% ] [90m[1mimport[22m | Importing Scene...[39m[0m
[   1% ] [90m[1mimport[22m | Running Custom Script...[39m[0m
[  99% ] [90m[1mimport[22m | Saving...[39m[0m
[92m[ DONE ][39m [1mimport[22m
[0m
[  99% ] [90m[1mreimport[22m | att_gooseneck.glb[39m[0m
[   0% ] [90m[1mimport[22m | Started Import Scene (104 steps)[39m[0m
[   0% ] [90m[1mimport[22m | Importing Scene...[39m[0m
[   1% ] [90m[1mimport[22m | Running Custom Script...[39m[0m
[  99% ] [90m[1mimport[22m | Saving...[39m[0m
[92m[ DONE ][39m [1mimport[22m
[0m
[  99% ] [90m[1mreimport[22m | att_horo_kanban.glb[39m[0m
[   0% ] [90m[1mimport[22m | Started Import Scene (104 steps)[39m[0m
[   0% ] [90m[1mimport[22m | Importing Scene...[39m[0m
[   1% ] [90m[1mimport[22m | Running Custom Script...[39m[0m
[  99% ] [90m[1mimport[22m | Saving...[39m[0m
[92m[ DONE ][39m [1mimport[22m
[0m
[  99% ] [90m[1mreimport[22m | ped_patrol_officer.glb[39m[0m
[   0% ] [90m[1mimport[22m | Started Import Scene (104 steps)[39m[0m
[   0% ] [90m[1mimport[22m | Importing Scene...[39m[0m
[   1% ] [90m[1mimport[22m | Running Custom Script...[39m[0m
[  99% ] [90m[1mimport[22m | Saving...[39m[0m
[92m[ DONE ][39m [1mimport[22m
[0m
[  99% ] [90m[1mreimport[22m | att_id_plate.glb[39m[0m
[   0% ] [90m[1mimport[22m | Started Import Scene (104 steps)[39m[0m
[   0% ] [90m[1mimport[22m | Importing Scene...[39m[0m
[   1% ] [90m[1mimport[22m | Running Custom Script...[39m[0m
[  99% ] [90m[1mimport[22m | Saving...[39m[0m
[92m[ DONE ][39m [1mimport[22m
[0m
[  99% ] [90m[1mreimport[22m | att_insulator.glb[39m[0m
[   0% ] [90m[1mimport[22m | Started Import Scene (104 steps)[39m[0m
[   0% ] [90m[1mimport[22m | Importing Scene...[39m[0m
[   1% ] [90m[1mimport[22m | Running Custom Script...[39m[0m
[  99% ] [90m[1mimport[22m | Saving...[39m[0m
[92m[ DONE ][39m [1mimport[22m
[0m
[  99% ] [90m[1mreimport[22m | ped_dock_worker.glb[39m[0m
[   0% ] [90m[1mimport[22m | Started Import Scene (104 steps)[39m[0m
[   0% ] [90m[1mimport[22m | Importing Scene...[39m[0m
[   1% ] [90m[1mimport[22m | Running Custom Script...[39m[0m
[  99% ] [90m[1mimport[22m | Saving...[39m[0m
[92m[ DONE ][39m [1mimport[22m
[0m
[  99% ] [90m[1mreimport[22m | fixture_walk_inplace.fbx[39m[0m
[   0% ] [90m[1mimport[22m | Started Import Scene (104 steps)[39m[0m
[   0% ] [90m[1mimport[22m | Importing Scene...[39m[0m
[   1% ] [90m[1mimport[22m | Running Custom Script...[39m[0m
td186 mixamo_post_import: dropped 1 non-bone track(s) from res://assets/td-186/peds/mixamo/fixture_walk_inplace.fbx
[  99% ] [90m[1mimport[22m | Saving...[39m[0m
[92m[ DONE ][39m [1mimport[22m
[0m
[  99% ] [90m[1mreimport[22m | Finalizing Asset Import...[39m[0m
[92m[ DONE ][39m [1mreimport[22m
[0m
[   0% ] [90m[1mreimport[22m | Started (Re)Importing Assets (1310 steps)[39m[0m
[   0% ] [90m[1mreimport[22m | Executing post-reimport operations...[39m[0m
[92m[ DONE ][39m [1mreimport[22m
[0m
[   0% ] [90m[1mloading_editor_layout[22m | Started Loading editor (5 steps)[39m[0m
[   0% ] [90m[1mloading_editor_layout[22m | Loading editor layout...[39m[0m
[  16% ] [90m[1mloading_editor_layout[22m | Loading docks...[39m[0m
[92m[ DONE ][39m [1mloading_editor_layout[22m
[0m
